id,run_id,repository_id,name,head_branch,head_sha,path,conclusion,workflow_id,actor_name,git_num_committers,repo_team_size_last_3_month,commit_message_issue_ref,gh_commits_on_files_touched,git_commit_attention,trigger_event,gh_pr_description_complexity,gh_num_pr_comments,pr_number,git_same_committer,gh_previous_build_result,git_commits,base_sha,gh_files_modified,gh_lines_added,gh_lines_deleted,gh_other_files,gh_hotspot_files_touched,gh_src_files,gh_src_churn,gh_files_type_modified,gh_test_churn,gh_files_entropy,gh_cross_module_changes,ast_class_added,ast_class_deleted,ast_class_modified,ast_class_changed,ast_met_added,ast_met_deleted,ast_met_changed,ast_met_sig_modified,ast_field_added,ast_field_deleted,ast_field_changed,ast_import_added,ast_import_deleted,ast_import_changed,src_ast_diff,test_ast_diff,gh_dependencies_churn,dependencies_count,gh_files_added,gh_files_deleted,gh_tests_added,gh_tests_deleted,gh_doc_files,gh_config_files,ast_met_body_modified,dockerfile_changed,docker_compose_changed,workflow_size,external_github_resource,test_frameworks,build_language,sloc_initial,test_lines_initial,test_lines_per_1000_sloc,tests_passed,tests_failed,tests_skipped,tests_total,tests_ran,repo_fail_rate_history,gh_committer_bayesian_trust_score_history,repo_fail_rate_recent,gh_committer_bayesian_trust_score_recent,git_committer_repo_exp,is_core_member,concurrent_jobs,committer_cross_project_exp,gh_committer_first_build,prev_build_same_files_touched,repo_ci_config_churn_nums,is_master
52600,8959433223,2700159,Java CI,master,2b81bbbd7177fdb514f60b601ca58a1e4b5c5c49,.github/workflows/ci.yaml,success,27918753,lizongbo,358,21,1.0,1.0,,pull_request,36,0,5888.0,1,failure,1,0467284aaa957cc3fcb96e76e4e95a176c5c46e8,1,73,2,0,0,1,3,1,72,0,0,2,0,1,3,0,0,0,10,0,0,0,14,0,14,1,1,0,18,2,0,72,0,0,0,1,0,0,41,0,['junit'],java-maven,465993,384044,824.141,51890,2,0,51892,1,0.0438048,0.528725,0.0262829,0.552635,33,0,4,0,0,1,0,1
52601,7793551640,2700159,Java CI,master,502a59df1f5f5da0f193796f29a560a3475db3b7,.github/workflows/ci.yaml,success,27918753,nyoungo,343,37,0.0,0.0,,pull_request,41,0,5730.0,1,success,3,e67b2f47112cd566827a5e6aa14fca96cd0fc789,6,82,12,0,0,3,26,1,68,0,0,1,0,6,7,0,0,0,140,0,0,0,4,0,4,1,1,0,18,1,0,57,11,0,0,3,0,0,41,0,['junit'],java-maven,462443,381141,824.19,51462,6,0,51468,1,0.0337922,0.759004,0.0175219,0.768043,1,0,4,0,0,1,0,1
52602,7777219967,2700159,Java CI,update-PG-cursor-output-in-pl-declaration,acf13f6d1afbcdea273ff6d6f5db2461d39e6815,.github/workflows/ci.yaml,success,27918753,ZhengguanLi,340,35,0.0,0.0,,pull_request,51,0,5728.0,1,failure,2,e67b2f47112cd566827a5e6aa14fca96cd0fc789,20,150,210,0,0,15,276,3,80,1,1,0,3,17,20,0,3,3,369,0,2,2,6,28,34,1,1,0,18,0,3,11,69,0,1,12,0,0,41,0,['junit'],java-maven,462362,381037,824.11,51476,4,0,51480,1,0.0350438,0.70177,0.0175219,0.708028,2,0,4,0,1,0,0,0
52603,9024868160,2700159,Java CI,pr/elseif-statement-parent-relation-update,fe4a37a626a7714b22aebd3ee59ee518c789125a,.github/workflows/ci.yaml,success,27918753,ZhengguanLi,359,22,0.0,1.0,,pull_request,110,0,5898.0,0,success,1,4ba135cc40eaab9f988047eced39356c0dbd49e9,1,2,2,0,0,1,4,1,0,0,0,0,0,1,1,0,0,0,8,0,0,0,0,0,0,1,0,0,18,0,0,0,0,0,0,1,0,0,41,0,['junit'],java-maven,466099,384133,824.145,51880,4,0,51884,1,0.0500626,0.696406,0.0212766,0.98227,9,0,4,0,1,0,0,0
52604,7987123756,2700159,Java CI,fix-webconsole,e5ba4de60fdd3c70b509ee319118943ff7e18d45,.github/workflows/ci.yaml,success,27918753,qxo,344,35,0.0,0.0,,pull_request,4,0,5742.0,0,success,6,8d5d448dcf2c973606e40f6133632511b8c8a300,77,363,1081,0,0,35,685,4,759,1,1,0,6,62,68,0,10,10,516,1,10,11,0,59,59,1,1,0,18,0,6,124,635,0,0,59,0,0,41,0,['junit'],java-maven,462491,381201,824.234,51576,4,0,51580,1,0.0513141,0.631966,0.0250313,0.763871,9,1,4,0,0,0,0,0
52605,7777237324,2700159,Java CI,update-oracle-and-pg-elsif-output,3a3d8f97baa05df19a310e9aa8bb26e1a1d3dea0,.github/workflows/ci.yaml,success,27918753,ZhengguanLi,344,39,0.0,0.0,,pull_request,113,0,5727.0,1,success,2,e67b2f47112cd566827a5e6aa14fca96cd0fc789,23,57,216,0,0,15,181,3,88,1,1,0,3,20,23,0,3,3,369,0,2,2,6,28,34,1,1,0,18,0,3,15,73,0,1,15,0,0,41,0,['junit'],java-maven,462277,381037,824.261,51462,6,0,51468,1,0.0350438,0.721652,0.0175219,0.727493,2,0,4,0,1,0,0,0
52606,7974721080,2700159,Java CI,fix-github-ci,681c717f10e6a38f558896ca33d404e864a27482,.github/workflows/ci.yaml,success,27918753,qxo,344,36,0.0,0.0,,pull_request,51,0,5737.0,1,failure,1,8d5d448dcf2c973606e40f6133632511b8c8a300,1,2,2,0,0,0,0,1,0,0,0,0,0,0,0,0,0,0,0,0,0,0,0,0,0,0,0,0,18,0,0,0,0,0,1,0,0,0,41,0,['junit'],java-maven,463054,381712,824.336,51562,6,0,51568,1,0.0375469,0.613267,0.0150188,0.740613,9,1,4,0,0,0,0,0
52607,7751007492,2700159,Java CI,master,319da9cb44579f96a55f97acfbbc48e33cd133b9,.github/workflows/ci.yaml,failure,27918753,zijing66,340,35,0.0,0.0,,pull_request,19,0,5713.0,0,failure,1,0a9754e531cd07758e515cf9cf8dee576c77ef3f,11,88,83,0,0,7,109,1,62,0,0,1,1,11,13,0,1,1,147,0,0,0,15,13,28,1,1,0,18,1,1,52,10,0,0,11,0,0,41,0,['junit'],java-maven,462312,381078,824.287,0,0,0,0,0,0.0262829,0.695512,0.0100125,0.707134,0,0,1,0,1,1,0,1
52608,7776961699,2700159,Java CI,update-SQL-while-loop-output,2dfebe72772e54c0ac3b7df15efa10ef9addcccb,.github/workflows/ci.yaml,success,27918753,ZhengguanLi,340,35,0.0,0.0,,pull_request,101,0,5726.0,1,success,1,e67b2f47112cd566827a5e6aa14fca96cd0fc789,24,173,216,0,0,17,214,3,171,1,1,3,3,19,25,0,3,3,451,0,2,2,24,28,52,1,1,0,18,1,3,100,71,0,1,13,0,0,41,0,['junit'],java-maven,462355,381124,824.31,51496,4,0,51500,1,0.0337922,0.73592,0.0162703,0.743221,2,0,4,0,1,0,0,0
52609,8792327960,2700159,Java CI,fix-table-alias-reset-empty-for-join-query,d59dd3f014c160900d305e65c4beade9d6af4e57,.github/workflows/ci.yaml,success,27918753,ZhengguanLi,353,18,0.0,0.0,,pull_request,169,0,5864.0,1,failure,4,cf165de09f6da8ad823156a9400ec50bfb25e726,2,33,2,0,0,1,8,1,27,0,0,0,0,2,2,1,0,1,14,0,0,0,0,0,0,1,1,0,18,0,0,27,0,0,0,0,0,0,41,0,['junit'],java-maven,464758,382846,823.753,51738,2,0,51740,1,0.0125156,0.709816,0.0100125,0.631813,3,0,4,0,1,0,0,0
52610,7982009201,2700159,Java CI,Oracle-REVERSE-FOR-Loop-support,5b716412d5bc7d52734bd46ef9a24b060e11dbd3,.github/workflows/ci.yaml,success,27918753,ZhengguanLi,343,34,0.0,0.0,,pull_request,56,0,5734.0,1,failure,6,8d5d448dcf2c973606e40f6133632511b8c8a300,66,301,1139,0,0,23,505,1,935,0,0,0,8,66,74,3,10,13,451,2,10,12,0,75,75,1,1,0,18,0,8,178,757,0,0,65,0,0,41,0,['junit'],java-maven,462416,381133,824.221,51596,4,0,51600,1,0.0513141,0.404218,0.0250313,0.343742,17,0,4,0,1,0,0,0
52611,9014071106,2700159,Java CI,master,269dc4871ddcb4e9ada981b7edbc43e921c7d90b,.github/workflows/ci.yaml,success,27918753,xuzhen1994,358,21,0.0,1.0,{'fix'},pull_request,90,0,5893.0,0,success,1,70c3bcf120982e246ff3913569523e42f1317e3b,36,272,482,0,1,23,379,5,371,1,1,1,5,29,35,0,8,8,298,3,3,6,32,50,82,1,1,0,18,1,5,75,296,0,1,21,0,0,41,0,['junit'],java-maven,466096,384044,823.959,0,0,0,0,0,0.0463079,0.96141,0.0212766,0.98227,0,0,1,0,1,1,0,1
52612,7890708254,2700159,Java CI,support-Oracle-declaration-NOT-NULL-constraint,e56a3fd9cd2240d01d75917638c9103fb2c2ed40,.github/workflows/ci.yaml,failure,27918753,ZhengguanLi,343,36,0.0,0.0,,pull_request,73,0,5733.0,1,failure,2,e67b2f47112cd566827a5e6aa14fca96cd0fc789,4,62,2,0,0,3,22,1,42,0,0,0,0,4,4,3,0,3,94,1,0,1,3,0,3,1,1,0,18,0,0,42,0,0,0,0,0,0,41,0,['junit'],java-maven,462433,381137,824.199,51496,4,0,51500,1,0.0337922,0.622686,0.00375469,0.664581,2,0,4,0,1,0,0,0
52613,7770047078,2700159,Java CI,update-nested-table-in-declaration-parsing,1aee7c4faf469d627cc12f062cd6e62d558116b5,.github/workflows/ci.yaml,success,27918753,ZhengguanLi,342,37,0.0,0.0,,pull_request,100,0,5714.0,0,success,8,7c5ca9b855eb186938a878ab5e871d3b9d63ca16,2,35,8,0,0,1,8,1,35,0,0,1,0,2,3,0,0,0,8,0,0,0,5,0,5,1,1,0,18,1,0,31,4,0,0,1,0,0,41,0,['junit'],java-maven,462302,381064,824.275,51476,4,0,51480,1,0.0312891,0.855444,0.0150188,0.865613,2,0,4,0,1,0,0,0
52614,7776355160,2700159,Java CI,fix-Oracle-select-for-update-of-output-and-PG-set,1fa1d04e1706d11d33f095dffd9c0d58be4e303a,.github/workflows/ci.yaml,success,27918753,ZhengguanLi,340,35,0.0,0.0,,pull_request,159,0,5725.0,1,failure,7,e67b2f47112cd566827a5e6aa14fca96cd0fc789,24,162,246,0,0,17,253,3,151,1,1,1,3,21,25,2,3,5,379,1,2,3,17,28,45,1,1,0,18,1,3,78,73,0,1,16,0,0,41,0,['junit'],java-maven,462319,381100,824.323,51484,4,0,51488,1,0.0337922,0.711913,0.0162703,0.719877,2,0,4,0,1,0,0,0
52615,9020596118,2700159,Java CI,master,b5745d4e1bc74d0d7593570dda4191caebbcdc6a,.github/workflows/ci.yaml,success,27918753,lizongbo,358,21,1.0,3.0,,pull_request,36,0,5897.0,1,failure,3,4ba135cc40eaab9f988047eced39356c0dbd49e9,3,84,2,0,1,3,48,1,38,0,0,1,0,3,4,5,0,5,11,2,0,2,8,0,8,1,1,0,18,1,0,38,0,0,0,0,0,0,41,0,['junit'],java-maven,466167,384171,824.106,51914,2,0,51916,1,0.0500626,0.517601,0.0225282,0.611076,38,0,4,0,0,1,0,1
52616,8939990684,2700159,Java CI,master,addb592f3db90374ca9d7db241248cd40aeb9550,.github/workflows/ci.yaml,success,27918753,lizongbo,357,21,0.0,0.0,,pull_request,36,0,5876.0,1,success,1,0c1332acdbbdc5984cb42d33a54816d8793a8be2,0,51,0,0,0,0,0,1,51,0,0,1,0,0,1,0,0,0,0,0,0,0,8,0,8,0,1,0,18,1,0,51,0,0,0,0,0,0,41,0,['junit'],java-maven,465169,383257,823.909,51798,2,0,51800,1,0.0300375,0.522363,0.0112641,0.568747,19,0,4,0,0,1,0,1
52617,9081610566,2700159,Java CI,master,00f35aec606bf756a983f5e67ec5d14d31598a3e,.github/workflows/ci.yaml,success,27918753,lizongbo,363,26,1.0,1.0,,pull_request,36,0,5913.0,1,success,1,a5d0bef82e59f85f1d139f859b2650c91ececf0b,1,36,1,0,1,1,2,1,35,0,0,1,0,1,2,0,0,0,76,0,0,0,8,0,8,1,1,0,18,1,0,35,0,0,0,0,0,0,41,0,['junit'],java-maven,467198,384632,823.274,51958,2,0,51960,1,0.0563204,0.527388,0.0112641,0.701618,45,0,4,0,0,1,0,1
52618,9019993361,2700159,Java CI,master,d4ce0fa3cb30716ddcfa5d95aa50776f6ace3161,.github/workflows/ci.yaml,success,27918753,lizongbo,358,21,1.0,1.0,,pull_request,39,0,5896.0,1,failure,1,e08e92ec2a86ab1291d6e3d03232e61d81e4f325,3,57,1,0,1,3,21,1,37,0,0,1,0,3,4,2,0,2,124,1,0,1,8,0,8,1,1,0,18,1,0,37,0,0,0,1,0,0,41,0,['junit'],java-maven,466099,384133,824.145,51906,2,0,51908,1,0.0475594,0.525915,0.0212766,0.607161,37,0,4,0,0,1,0,1
52619,7592378246,2700159,Java CI,fix-wall-deleteWhereAlwaysTrue,58121d6b2d10600950bcffd7c3b778be351d16dc,.github/workflows/ci.yaml,failure,27918753,qxo,339,34,,,,pull_request,0,0,,1,failure,0,,0,0,0,0,0,0,0,0,0,0,0,0,0,0,0,0,0,0,0,0,0,0,0,0,0,0,0,0,18,0,0,0,0,0,0,0,0,0,41,0,['junit'],java-maven,462017,380685,823.963,0,0,0,0,1,0.0162703,0.762973,0.00250313,0.748436,2,1,2,0,0,0,0,0
52620,7981564202,2700159,Java CI,Oracle-REVERSE-FOR-Loop-support,262e0de414b501f45ccefe516c05f339d10213c0,.github/workflows/ci.yaml,failure,27918753,ZhengguanLi,343,34,0.0,0.0,,pull_request,56,0,5734.0,1,failure,3,8d5d448dcf2c973606e40f6133632511b8c8a300,65,295,1130,0,0,22,490,1,935,0,0,0,8,65,73,3,10,13,439,2,10,12,0,75,75,1,1,0,18,0,8,178,757,0,0,64,0,0,41,0,['junit'],java-maven,462417,381133,824.219,51532,4,0,51552,1,0.048811,0.411482,0.0225282,0.346315,17,0,4,0,1,1,0,0
52621,7981544976,2700159,Java CI,Oracle-REVERSE-FOR-Loop-support,7af00420aad6461489d996a1e3857a5d0bcaff36,.github/workflows/ci.yaml,failure,27918753,ZhengguanLi,343,34,,,,pull_request,0,0,,1,failure,0,,0,0,0,0,0,0,0,0,0,0,0,0,0,0,0,0,0,0,0,0,0,0,0,0,0,0,0,0,18,0,0,0,0,0,0,0,0,0,41,0,['junit'],java-maven,462417,381133,824.219,51536,0,0,51552,1,0.0475594,0.425407,0.0212766,0.368351,17,0,4,0,1,1,0,0
52622,7981578412,2700159,Java CI,Oracle-REVERSE-FOR-Loop-support,f1b6f180f848fa60331a96c0d4178b8ae5c8ef46,.github/workflows/ci.yaml,failure,27918753,ZhengguanLi,343,34,0.0,0.0,,pull_request,56,0,5734.0,1,failure,4,8d5d448dcf2c973606e40f6133632511b8c8a300,65,297,1134,0,0,22,496,1,935,0,0,0,8,65,73,3,10,13,439,2,10,12,0,75,75,1,1,0,18,0,8,178,757,0,0,64,0,0,41,0,['junit'],java-maven,462417,381133,824.219,51536,0,0,51552,1,0.0500626,0.398428,0.0237797,0.326728,17,0,4,0,1,1,0,0
52623,8792306445,2700159,Java CI,fix-table-alias-reset-empty-for-join-query,5670e05030f3450a562619b9d9e9bdcc5c2bf171,.github/workflows/ci.yaml,failure,27918753,ZhengguanLi,353,18,0.0,0.0,,pull_request,169,0,5864.0,1,failure,3,cf165de09f6da8ad823156a9400ec50bfb25e726,2,33,2,0,0,1,8,1,27,0,0,0,0,2,2,1,0,1,14,0,0,0,0,0,0,1,1,0,18,0,0,27,0,0,0,0,0,0,41,0,['junit'],java-maven,464758,382846,823.753,0,0,0,0,1,0.0125156,0.687494,0.0100125,0.594994,3,0,4,0,1,1,0,0
52624,7890664455,2700159,Java CI,support-Oracle-declaration-NOT-NULL-constraint,921f2d9d157cab87d23c434f3ae8fac4477b19a9,.github/workflows/ci.yaml,failure,27918753,ZhengguanLi,343,36,0.0,0.0,,pull_request,73,0,5733.0,1,success,1,e67b2f47112cd566827a5e6aa14fca96cd0fc789,4,62,2,0,0,3,22,1,42,0,0,0,0,4,4,3,0,3,94,1,0,1,3,0,3,1,1,0,18,0,0,42,0,0,0,0,0,0,41,0,['junit'],java-maven,462433,381137,824.199,0,0,0,0,1,0.0325407,0.657628,0.00250313,0.748436,2,0,4,0,1,0,0,0
52625,7679702311,2700159,Java CI,fix-wall-deleteWhereAlwaysTrue,84707ed2936d1a2715b28275fe3f009acd9059a1,.github/workflows/ci.yaml,failure,27918753,qxo,340,35,,,,pull_request,0,0,,1,failure,0,,0,0,0,0,0,0,0,0,0,0,0,0,0,0,0,0,0,0,0,0,0,0,0,0,0,0,0,0,18,0,0,0,0,0,0,0,0,0,41,0,['junit'],java-maven,462432,381179,824.292,51336,160,0,51496,1,0.0212766,0.586074,0.00375469,0.725566,3,1,4,0,0,1,0,0
52626,7776193837,2700159,Java CI,fix-Oracle-select-for-update-of-output-and-PG-set,4b5c59ab32f761259ad68e6e25ac405b3e111dc7,.github/workflows/ci.yaml,failure,27918753,ZhengguanLi,341,36,0.0,0.0,,pull_request,159,0,5725.0,1,failure,6,e67b2f47112cd566827a5e6aa14fca96cd0fc789,23,155,248,0,0,16,248,3,151,1,1,1,3,20,24,2,3,5,376,1,2,3,17,28,45,1,1,0,18,1,3,78,73,0,1,15,0,0,41,0,['junit'],java-maven,462312,381100,824.335,51426,38,0,51464,1,0.0337922,0.683104,0.0162703,0.691865,2,0,4,0,1,1,0,0
52627,7974063283,2700159,Java CI,feat-browser-cache,e541d749175d857bf57ef29fc7a2b5d22e27ab1e,.github/workflows/ci.yaml,failure,27918753,qxo,344,36,0.0,0.0,,pull_request,6,0,5736.0,1,failure,1,8d5d448dcf2c973606e40f6133632511b8c8a300,2,4,0,0,0,2,4,1,0,0,0,0,0,2,2,0,0,0,16,0,0,0,0,0,0,1,0,0,18,0,0,0,0,0,0,0,0,0,41,0,['junit'],java-maven,463056,381712,824.332,51602,2,0,51604,1,0.0375469,0.587484,0.0150188,0.703558,9,1,4,0,0,0,0,0
52628,7685143529,2700159,Java CI,fix-wall-deleteWhereAlwaysTrue,94f1447b3567aeed67fae5a0746e21011f112827,.github/workflows/ci.yaml,failure,27918753,qxo,339,34,,,,pull_request,0,0,,1,failure,0,,0,0,0,0,0,0,0,0,0,0,0,0,0,0,0,0,0,0,0,0,0,0,0,0,0,0,0,0,18,0,0,0,0,0,0,0,0,0,41,0,['junit'],java-maven,462531,381284,824.343,0,0,0,0,1,0.0225282,0.56032,0.00375469,0.664581,3,1,4,0,0,0,0,0
52629,8792301249,2700159,Java CI,fix-table-alias-reset-empty-for-join-query,f6503dc94bcf6ea89dff63357b10f97b94b08d0f,.github/workflows/ci.yaml,failure,27918753,ZhengguanLi,353,18,0.0,0.0,,pull_request,169,0,5864.0,1,failure,2,cf165de09f6da8ad823156a9400ec50bfb25e726,2,33,2,0,0,1,8,1,27,0,0,0,0,2,2,1,0,1,14,0,0,0,0,0,0,1,1,0,18,0,0,27,0,0,0,0,0,0,41,0,['junit'],java-maven,464758,382846,823.753,0,0,0,0,1,0.0112641,0.745307,0.00876095,0.661799,3,0,4,0,1,1,0,0
52630,7980684952,2700159,Java CI,support-pg-get-result-status,e597578ae39b9132c38738ba861b300f846fac7a,.github/workflows/ci.yaml,failure,27918753,ZhengguanLi,344,35,0.0,0.0,,pull_request,90,0,5738.0,1,failure,3,8d5d448dcf2c973606e40f6133632511b8c8a300,6,130,2,0,0,7,103,1,29,0,0,2,0,6,8,2,0,2,120,0,0,0,9,0,9,1,1,0,18,2,0,29,0,0,0,0,0,0,41,0,['junit'],java-maven,463154,381741,824.22,0,0,0,0,1,0.0425532,0.471489,0.0162703,0.44715,17,0,4,0,1,1,0,0
52631,7773458970,2700159,Java CI,fix-Oracle-select-for-update-of-output-and-PG-set,11b7db4de0e0171891d1a45d4e8fde0d1feff220,.github/workflows/ci.yaml,failure,27918753,ZhengguanLi,340,35,0.0,0.0,,pull_request,159,0,5725.0,0,failure,5,e67b2f47112cd566827a5e6aa14fca96cd0fc789,21,152,244,0,0,16,249,3,143,1,1,1,3,18,22,2,3,5,376,1,2,3,17,28,45,1,1,0,18,1,3,74,69,0,1,13,0,0,41,0,['junit'],java-maven,462313,381100,824.333,51412,52,0,51464,1,0.0337922,0.759004,0.0162703,0.768739,2,0,4,0,1,0,0,0
52632,7777094013,2700159,Java CI,update-oracle-and-pg-elsif-output,6596d1dbda9d3e0bced7b668f716b16caca13f6c,.github/workflows/ci.yaml,failure,27918753,ZhengguanLi,340,35,0.0,0.0,,pull_request,113,0,5727.0,1,success,1,e67b2f47112cd566827a5e6aa14fca96cd0fc789,21,55,214,0,0,15,181,3,84,1,1,0,3,18,21,0,3,3,369,0,2,2,6,28,34,1,1,0,18,0,3,13,71,0,1,13,0,0,41,0,['junit'],java-maven,462277,381037,824.261,51438,18,0,51456,1,0.0350438,0.678829,0.0175219,0.685569,2,0,4,0,1,1,0,0
52633,7973863732,2700159,Java CI,feat-browser-cache,0004ad0e9da6887f8a61746ed51f5c9a5067a0da,.github/workflows/ci.yaml,failure,27918753,qxo,344,36,,,,pull_request,0,0,,0,failure,0,,0,0,0,0,0,0,0,0,0,0,0,0,0,0,0,0,0,0,0,0,0,0,0,0,0,0,0,0,18,0,0,0,0,0,0,0,0,0,41,0,['junit'],java-maven,463056,381712,824.332,0,0,0,0,1,0.0362954,0.629894,0.0137672,0.821861,9,1,4,0,0,0,0,0
52634,7890060614,2700159,Java CI,support-Oracle-drop-function,aab080fa1b9fa7bea91396ea21bae14fff4e9fb0,.github/workflows/ci.yaml,failure,27918753,ZhengguanLi,343,36,0.0,0.0,,pull_request,23,0,5732.0,0,success,1,e67b2f47112cd566827a5e6aa14fca96cd0fc789,1,113,0,0,0,1,7,1,106,0,0,2,0,1,3,0,0,0,8,0,0,0,16,0,16,1,1,0,18,2,0,106,0,0,0,0,0,0,41,0,['junit'],java-maven,462447,381201,824.313,51518,2,0,51520,1,0.0312891,0.677722,0.00125156,0.83229,2,0,4,0,1,0,0,0
52635,7980754615,2700159,Java CI,support-pg-get-result-status,a2e8cca9d490ba8e8c062396851ca5895f17a8d8,.github/workflows/ci.yaml,failure,27918753,ZhengguanLi,344,35,0.0,0.0,,pull_request,90,0,5738.0,1,failure,4,8d5d448dcf2c973606e40f6133632511b8c8a300,6,130,2,0,0,7,103,1,29,0,0,2,0,6,8,2,0,2,120,0,0,0,9,0,9,1,1,0,18,2,0,29,0,0,0,0,0,0,41,0,['junit'],java-maven,463154,381741,824.22,0,0,0,0,1,0.0438048,0.453114,0.0175219,0.409366,17,0,4,0,1,0,0,0
52636,9102842462,2700159,Java CI,pr/PGTypeCastExpr-clone-impl,20acccfcae9e8e0bd07559f5099ed9b44022fa2a,.github/workflows/ci.yaml,failure,27918753,ZhengguanLi,363,26,0.0,2.0,{'feat'},pull_request,34,0,5919.0,1,success,2,3c2e4d920b3868e174aebcfaba8960705c21b5bf,1,22,0,0,0,1,22,1,0,0,0,0,0,1,1,1,0,1,1,0,0,0,2,0,2,1,0,0,18,0,0,0,0,0,0,0,0,0,41,0,['junit'],java-maven,467260,384689,823.287,0,0,0,0,1,0.0588235,0.647059,0.0125156,0.867178,8,0,4,0,1,1,0,0
52637,7980797283,2700159,Java CI,support-pg-get-result-status,d4898730161f5b36ec577401ff983322edb5921b,.github/workflows/ci.yaml,failure,27918753,ZhengguanLi,344,35,0.0,0.0,,pull_request,90,0,5738.0,1,failure,5,8d5d448dcf2c973606e40f6133632511b8c8a300,6,129,2,0,0,7,102,1,29,0,0,2,0,6,8,2,0,2,120,0,0,0,9,0,9,1,1,0,18,2,0,29,0,0,0,0,0,0,41,0,['junit'],java-maven,463154,381741,824.22,51544,0,0,51552,1,0.0450563,0.436101,0.0187735,0.377395,17,0,4,0,1,0,0,0
52638,7981483888,2700159,Java CI,Oracle-REVERSE-FOR-Loop-support,525c06ba872820eb4d1d9e253fbdeb40e037d752,.github/workflows/ci.yaml,failure,27918753,ZhengguanLi,343,34,,,,pull_request,0,0,,1,success,0,,0,0,0,0,0,0,0,0,0,0,0,0,0,0,0,0,0,0,0,0,0,0,0,0,0,0,0,0,18,0,0,0,0,0,0,0,0,0,41,0,['junit'],java-maven,462417,381133,824.219,0,0,0,0,1,0.0463079,0.440292,0.020025,0.393325,17,0,4,0,1,1,0,0
52639,7374740337,2700159,Java CI,support_xmlserialize,67e786efdadb4e2ae78d8fcf621ad6d30a56e19e,.github/workflows/ci.yaml,failure,27918753,qxo,335,31,,,,pull_request,0,0,,1,success,0,,0,0,0,0,0,0,0,0,0,0,0,0,0,0,0,0,0,0,0,0,0,0,0,0,0,0,0,0,18,0,0,0,0,0,0,0,0,0,41,0,['junit'],java-maven,461437,380255,824.067,0,0,0,0,1,0.0876095,0.729106,0.00375469,0.854461,2,1,2,0,0,0,0,0
52640,8792285267,2700159,Java CI,fix-table-alias-reset-empty-for-join-query,3bf14712b07be67fc1fb1fe63b4ee04a8352b533,.github/workflows/ci.yaml,failure,27918753,ZhengguanLi,353,18,0.0,0.0,,pull_request,169,0,5864.0,1,success,1,cf165de09f6da8ad823156a9400ec50bfb25e726,2,31,2,0,0,1,8,1,25,0,0,0,0,2,2,1,0,1,14,0,0,0,0,0,0,1,1,0,18,0,0,25,0,0,0,0,0,0,41,0,['junit'],java-maven,464756,382844,823.753,0,0,0,0,1,0.0100125,0.813631,0.00750939,0.745307,3,0,4,0,1,0,0,0
52641,7978858584,2700159,Java CI,support-pg-get-result-status,31c2c6ee773a946e653f2a0feed576c300c541cf,.github/workflows/ci.yaml,failure,27918753,ZhengguanLi,344,36,,,,pull_request,0,0,,1,failure,0,,0,0,0,0,0,0,0,0,0,0,0,0,0,0,0,0,0,0,0,0,0,0,0,0,0,0,0,0,18,0,0,0,0,0,0,0,0,0,41,0,['junit'],java-maven,463120,381712,824.218,0,0,0,0,1,0.0400501,0.513033,0.0137672,0.547907,17,0,4,0,1,1,0,0
52642,7921020598,2700159,Java CI,Oracle-REVERSE-FOR-Loop-support,667fce3c8904128c4fd91e3fea38316b6078923c,.github/workflows/ci.yaml,failure,27918753,ZhengguanLi,343,35,0.0,0.0,,pull_request,56,0,5734.0,1,failure,1,8d5d448dcf2c973606e40f6133632511b8c8a300,64,285,1097,0,0,21,447,1,935,0,0,0,8,64,72,3,10,13,439,2,10,12,0,75,75,1,1,0,18,0,8,178,757,0,0,60,0,0,41,0,['junit'],java-maven,462436,381133,824.185,0,0,0,0,1,0.0350438,0.591239,0.00500626,0.597497,2,0,4,0,1,1,0,0
52643,7679202464,2700159,Java CI,fix-wall-deleteWhereAlwaysTrue,f966a582ed958cd7ad619118272d5b79aa8ca514,.github/workflows/ci.yaml,failure,27918753,qxo,340,35,,,,pull_request,0,0,,0,success,0,,0,0,0,0,0,0,0,0,0,0,0,0,0,0,0,0,0,0,0,0,0,0,0,0,0,0,0,0,18,0,0,0,0,0,0,0,0,0,41,0,['junit'],java-maven,462383,381121,824.254,51256,240,0,51496,1,0.020025,0.61428,0.00250313,0.798748,3,1,4,0,0,0,0,0
52644,7981982534,2700159,Java CI,Oracle-REVERSE-FOR-Loop-support,5bcb4b9043e55df074ffaf4b93f206fab1ef54c5,.github/workflows/ci.yaml,failure,27918753,ZhengguanLi,343,34,0.0,0.0,,pull_request,56,0,5734.0,1,failure,5,8d5d448dcf2c973606e40f6133632511b8c8a300,66,301,1139,0,0,23,505,1,935,0,0,0,8,66,74,3,10,13,451,2,10,12,0,75,75,1,1,0,18,0,8,178,757,0,0,65,0,0,41,0,['junit'],java-maven,462416,381133,824.221,0,0,0,0,1,0.0513141,0.386165,0.0250313,0.309202,17,0,4,0,1,0,0,0
52645,7978893000,2700159,Java CI,support-pg-get-result-status,f6a52014671d8666901b984887e5385fa9f68f7f,.github/workflows/ci.yaml,failure,27918753,ZhengguanLi,344,36,0.0,0.0,,pull_request,90,0,5738.0,1,failure,2,8d5d448dcf2c973606e40f6133632511b8c8a300,4,62,0,0,0,5,62,1,0,0,0,1,0,4,5,0,0,0,81,0,0,0,4,0,4,1,0,0,18,1,0,0,0,0,0,0,0,0,41,0,['junit'],java-maven,463104,381712,824.247,0,0,0,0,1,0.0413016,0.491396,0.0150188,0.492491,17,0,4,0,1,1,0,0
52646,7767969486,2700159,Java CI,filterChainFactorySPI,5549ab1be386aa088fe6410bd57d381bce46510c,.github/workflows/ci.yaml,success,27918753,qxo,340,35,,,,pull_request,0,0,,0,success,0,,0,0,0,0,0,0,0,0,0,0,0,0,0,0,0,0,0,0,0,0,0,0,0,0,0,0,0,0,18,0,0,0,0,0,0,0,0,0,41,0,['junit'],java-maven,462348,381042,824.145,51502,2,0,51504,1,0.0262829,0.559504,0.0100125,0.722722,4,1,4,0,0,0,0,0
52647,7940166514,2700159,Java CI,master,a31c51e254df5dcd76835fd94139163d321bfc64,.github/workflows/ci.yaml,failure,27918753,lizongbo,343,35,0.0,0.0,,push,23,0,5732.0,0,failure,2,e67b2f47112cd566827a5e6aa14fca96cd0fc789,1,113,0,0,0,1,7,1,106,0,0,2,0,1,3,0,0,0,8,0,0,0,16,0,16,1,1,0,18,2,0,106,0,0,0,0,0,0,41,0,['junit'],java-maven,462447,381201,824.313,51518,2,0,51520,1,0.0312891,0.713742,0.00750939,0.827075,3,0,4,0,0,1,0,1
52648,8051847049,2700159,Java CI,master,edebc5448d06e446368fd3b0be822da2b8b5cd0d,.github/workflows/ci.yaml,failure,27918753,lizongbo,344,32,0.0,0.0,,push,22,0,4983.0,1,failure,3,e0c97cf5f571516457afc9785a1c2a3a7795ea19,1,44,0,0,0,2,44,1,0,0,0,1,0,1,2,0,0,0,44,0,0,0,7,0,7,1,0,0,18,1,0,0,0,0,0,1,0,0,41,0,['junit'],java-maven,463341,381856,824.136,51604,4,0,51608,1,0.0525657,0.491787,0.0262829,0.548255,3,0,4,0,0,1,0,1
52649,9082893618,2700159,Java CI,master,cddd2cb4f93a5d5ea279d8360d9680321332c174,.github/workflows/ci.yaml,failure,27918753,lizongbo,363,26,1.0,1.0,,push,36,0,5913.0,1,success,1,a5d0bef82e59f85f1d139f859b2650c91ececf0b,1,36,1,0,1,1,2,1,35,0,0,1,0,1,2,0,0,0,76,0,0,0,8,0,8,1,1,0,18,1,0,35,0,0,0,0,0,0,41,0,['junit'],java-maven,467198,384632,823.274,51956,4,0,51960,1,0.057572,0.514965,0.0125156,0.676336,46,0,4,0,0,1,0,1
52650,7962733428,2700159,Java CI,master,8d5d448dcf2c973606e40f6133632511b8c8a300,.github/workflows/ci.yaml,failure,27918753,lizongbo,344,36,,,,pull_request,0,0,,0,failure,0,,0,0,0,0,0,0,0,0,0,0,0,0,0,0,0,0,0,0,0,0,0,0,0,0,0,0,0,0,18,0,0,0,0,0,0,0,0,0,41,0,['junit'],java-maven,463056,381712,824.332,0,0,0,0,1,0.0362954,0.629894,0.0137672,0.821861,9,1,4,0,0,0,0,1
52651,8028796112,2700159,Java CI,master,226c943bb1dd03c46cb3635af6ab57d629fc4801,.github/workflows/ci.yaml,failure,27918753,lizongbo,344,35,0.0,0.0,,push,51,0,5737.0,1,success,1,2d8b0a47557b527e2a79e99d84d0986e49639b41,1,2,2,0,0,0,0,1,0,0,0,0,0,0,0,0,0,0,0,0,0,0,0,0,0,0,0,0,18,0,0,0,0,0,1,0,0,0,41,0,['junit'],java-maven,463260,381856,824.28,51618,2,0,51620,1,0.0550688,0.553895,0.0262829,0.593429,3,0,4,0,0,1,0,1
52652,9035220019,2700159,Java CI,master,c81f364af76948e54d36c903c499667d97b4cba7,.github/workflows/ci.yaml,failure,27918753,lizongbo,359,22,1.0,1.0,,push,45,0,5903.0,1,success,1,86f4acf7ae8fd774aace7b4e8af553321e22c350,1,44,1,0,1,1,6,1,39,0,0,1,0,1,2,0,0,0,76,0,0,0,8,0,8,1,1,0,18,1,0,39,0,0,0,0,0,0,41,0,['junit'],java-maven,466199,384210,824.133,51910,2,0,51912,1,0.0525657,0.523475,0.0225282,0.572184,42,0,4,0,0,1,0,1
52653,8051792271,2700159,Java CI,master,e0c97cf5f571516457afc9785a1c2a3a7795ea19,.github/workflows/ci.yaml,failure,27918753,lizongbo,344,32,0.0,0.0,,push,18,0,4518.0,0,success,1,11efe6ed2a7d090d4d331e5dccf7ec37d7f89a1f,1,1,4,0,0,1,5,1,0,0,0,0,0,1,1,0,0,0,5,0,0,0,0,0,0,1,0,0,18,0,0,0,0,0,0,1,0,0,41,0,['junit'],java-maven,463301,381856,824.207,51592,4,0,51596,1,0.0513141,0.507853,0.0250313,0.580873,3,0,4,0,0,1,0,1
52654,8123128675,2700159,Java CI,master,04355434ae19daee327bf580f0fcbf48af408312,.github/workflows/ci.yaml,failure,27918753,lizongbo,345,28,0.0,0.0,,push,100,0,5714.0,1,success,8,04a00216963b79d522b0f1728b0739d3ca24a773,2,35,8,0,0,1,8,1,35,0,0,1,0,2,3,0,0,0,8,0,0,0,5,0,5,1,1,0,18,1,0,31,4,0,0,1,0,0,41,0,['junit'],java-maven,463361,381883,824.159,51592,4,0,51596,1,0.0500626,0.463226,0.00625782,0.580726,5,0,4,0,0,1,0,1
52655,9018331113,2700159,Java CI,master,e08e92ec2a86ab1291d6e3d03232e61d81e4f325,.github/workflows/ci.yaml,failure,27918753,lizongbo,358,21,0.0,1.0,,push,8,0,5886.0,1,success,1,c2e7e2bdac33b08c23b69c9404d873cd0602ab6a,1,13,35,0,0,1,48,1,0,0,0,0,0,1,1,0,0,0,44,0,0,0,0,0,0,1,0,0,18,0,0,0,0,0,0,2,0,0,41,0,['junit'],java-maven,466056,384096,824.141,51886,2,0,51888,1,0.0475594,0.518839,0.0212766,0.59734,37,0,4,0,0,1,0,1
52656,7768185184,2700159,Java CI,master,0779bde15efae2129ebfc683c0ebbfceb424a8ef,.github/workflows/ci.yaml,failure,27918753,lizongbo,340,35,0.0,0.0,,push,754,0,5719.0,1,success,1,365000da949e4dfccc7c78f1df2db2f5e2c095e4,3,1,69,0,0,3,26,1,44,0,0,0,1,3,4,0,0,0,140,0,0,0,0,4,4,1,1,0,18,0,1,0,44,0,0,0,0,0,41,0,['junit'],java-maven,462383,381095,824.198,51476,4,0,51480,1,0.0312891,0.771089,0.0137672,0.61009,11,0,4,0,0,1,0,1
52657,8949347485,2700159,Java CI,master,1c00d907c89daaec78db183a079e3304c5805207,.github/workflows/ci.yaml,failure,27918753,lizongbo,356,19,1.0,1.0,,push,36,0,5883.0,1,success,1,24962581e9ec7cc464f05816f1d4a3204ee41d98,8,273,31,0,1,7,158,1,146,0,0,1,0,8,9,5,0,5,170,2,0,2,12,0,12,1,1,0,18,1,0,142,4,0,0,6,0,0,41,0,['junit'],java-maven,465535,383543,823.876,51838,2,0,51840,1,0.0337922,0.56798,0.0162703,0.622458,25,0,4,0,0,1,0,1
52658,8881522619,2700159,Java CI,master,b3546cd5d0a92d963e0e6e408c17798d94abf971,.github/workflows/ci.yaml,failure,27918753,lizongbo,353,17,0.0,0.0,,push,96,0,5862.0,1,success,2,d23e3d2a5e707955ec89f40780225318dcc46981,2,21,1,0,0,1,5,1,17,0,0,0,0,2,2,1,0,1,12,0,0,0,0,0,0,1,1,0,18,0,0,17,0,0,0,1,0,0,41,0,['junit'],java-maven,464815,382908,823.786,51736,4,0,51740,1,0.020025,0.579161,0.0137672,0.495083,1,0,4,0,0,1,0,1
52659,7768181195,2700159,Java CI,revert-5717-master,298394ddeaf11c0f3427d69f3e0aa95076026036,.github/workflows/ci.yaml,failure,27918753,lizongbo,340,35,0.0,0.0,,push,754,0,5719.0,1,failure,1,365000da949e4dfccc7c78f1df2db2f5e2c095e4,3,1,69,0,0,3,26,1,44,0,0,0,1,3,4,0,0,0,140,0,0,0,0,4,4,1,1,0,18,0,1,0,44,0,0,0,0,0,41,0,['junit'],java-maven,462383,381095,824.198,51514,2,0,51516,1,0.0300375,0.785521,0.0125156,0.630675,10,0,4,0,0,0,0,0
52660,9035921157,2700159,Java CI,master,70c3bcf120982e246ff3913569523e42f1317e3b,.github/workflows/ci.yaml,failure,27918753,lizongbo,360,23,1.0,1.0,,push,36,0,5904.0,1,success,1,c81f364af76948e54d36c903c499667d97b4cba7,1,83,1,0,1,1,29,1,55,0,0,1,0,1,2,0,0,0,42,0,0,0,8,0,8,1,1,0,18,1,0,55,0,0,0,3,0,0,41,0,['junit'],java-maven,466268,384265,824.129,51930,2,0,51932,1,0.0538173,0.522775,0.0225282,0.572184,43,0,4,0,0,1,0,1
52661,7744525709,2700159,Java CI,master,0a9754e531cd07758e515cf9cf8dee576c77ef3f,.github/workflows/ci.yaml,failure,27918753,lizongbo,340,35,0.0,0.0,,push,4,0,5699.0,0,failure,2,7c5ca9b855eb186938a878ab5e871d3b9d63ca16,9,82,37,0,0,5,98,1,21,0,0,1,0,9,10,1,0,1,111,0,0,0,13,6,19,1,1,0,18,1,0,10,11,0,0,10,0,0,41,0,['junit'],java-maven,462296,381036,824.225,51488,4,0,51492,1,0.0250313,0.829857,0.00876095,0.869524,13,0,4,0,0,1,0,1
52662,8947696763,2700159,Java CI,master,24962581e9ec7cc464f05816f1d4a3204ee41d98,.github/workflows/ci.yaml,failure,27918753,lizongbo,356,19,1.0,1.0,,push,42,0,5881.0,1,success,1,0c432cb1ac20c6cb1979c666f12a5014e927a240,2,61,2,0,0,2,15,1,48,0,0,1,0,2,3,0,0,0,8,0,0,0,8,0,8,1,1,0,18,1,0,48,0,0,0,1,0,0,41,0,['junit'],java-maven,465322,383405,823.956,51814,2,0,51816,1,0.0325407,0.571006,0.0150188,0.63083,24,0,4,0,0,1,0,1
52663,9044999850,2700159,Java CI,master,b713c5ae4e14b3d43aa7e20f56764fd37f3e2af8,.github/workflows/ci.yaml,failure,27918753,lizongbo,359,22,0.0,1.0,,push,110,0,5898.0,0,success,1,70c3bcf120982e246ff3913569523e42f1317e3b,1,2,2,0,0,1,4,1,0,0,0,0,0,1,1,0,0,0,8,0,0,0,0,0,0,1,0,0,18,0,0,0,0,0,0,1,0,0,41,0,['junit'],java-maven,466268,384265,824.129,51904,4,0,51908,1,0.0550688,0.496279,0.0150188,0.604461,43,0,4,0,0,1,0,1
52664,9045017444,2700159,Java CI,master,5ab3bfa63414a00931ce2f3ae0ed39abbc4d2f80,.github/workflows/ci.yaml,failure,27918753,lizongbo,359,22,0.0,2.0,{'fix'},push,90,0,5893.0,1,failure,2,b713c5ae4e14b3d43aa7e20f56764fd37f3e2af8,8,147,24,0,1,8,167,4,0,1,0,1,0,5,6,0,0,0,21,3,0,3,32,12,44,1,0,0,18,1,0,0,0,0,1,2,0,0,41,0,['junit'],java-maven,466372,384265,823.945,51904,4,0,51908,1,0.0563204,0.489579,0.0162703,0.583402,43,0,4,0,0,1,0,1
52665,8007558172,2700159,Java CI,master,b9d25dff73eeddb81a7e7c9a4c3f51436b2e3902,.github/workflows/ci.yaml,failure,27918753,lizongbo,344,35,0.0,0.0,,push,90,0,5738.0,0,success,6,8d5d448dcf2c973606e40f6133632511b8c8a300,7,134,17,0,0,7,104,1,47,0,0,2,0,7,9,2,1,3,120,0,0,0,9,0,9,1,1,0,18,2,0,33,14,0,0,2,0,0,41,0,['junit'],java-maven,463147,381731,824.211,51590,2,0,51592,1,0.0525657,0.562042,0.0262829,0.616787,3,0,4,0,0,1,0,1
52666,7768070047,2700159,Java CI,master,6973968b1a1ab5056f5792dc1491b80689620e20,.github/workflows/ci.yaml,failure,27918753,lizongbo,340,35,0.0,0.0,,push,19,0,5713.0,0,success,1,22ee55f6249841996ab0720b010ba7b55462cc59,2,51,1,0,0,2,11,1,41,0,0,1,0,2,3,0,0,0,36,0,0,0,9,0,9,1,1,0,18,1,0,41,0,0,0,1,0,0,41,0,['junit'],java-maven,462383,381095,824.198,51488,4,0,51492,1,0.0275344,0.838482,0.0100125,0.772215,13,0,4,0,0,1,0,1
52667,8958161591,2700159,Java CI,master,05974bd3a79979f536260ef1e416a7c0b90d1ba0,.github/workflows/ci.yaml,failure,27918753,lizongbo,358,21,1.0,3.0,,push,36,0,5885.0,1,success,3,15b887e9ff1591b0e0f252aee7b55e74e9bd5792,6,282,7,0,1,3,11,1,278,0,0,1,0,6,7,0,0,0,127,0,0,0,7,0,7,1,1,0,18,1,0,275,3,0,0,4,0,0,41,0,['junit'],java-maven,465864,383906,824.073,51874,2,0,51876,1,0.0425532,0.521818,0.0250313,0.544639,32,0,4,0,0,1,0,1
52668,8028764443,2700159,Java CI,master,221db1330891148d1e5553654bb2c8cd6aecb6e7,.github/workflows/ci.yaml,failure,27918753,lizongbo,344,35,0.0,0.0,,push,101,0,5726.0,1,success,1,e4e44a1a5e63ce4cb9614477df1f23f68eece945,5,122,6,0,0,3,37,1,91,0,0,3,0,3,6,0,0,0,90,0,0,0,18,0,18,1,1,0,18,1,0,89,2,0,0,1,0,0,41,0,['junit'],java-maven,463227,381818,824.257,51584,4,0,51588,1,0.0538173,0.557697,0.0250313,0.604158,3,0,4,0,0,1,0,1
52669,8958759854,2700159,Java CI,master,0467284aaa957cc3fcb96e76e4e95a176c5c46e8,.github/workflows/ci.yaml,failure,27918753,lizongbo,358,21,1.0,1.0,,push,45,0,5887.0,1,success,1,05974bd3a79979f536260ef1e416a7c0b90d1ba0,3,100,2,0,0,3,36,1,66,0,0,1,0,3,4,2,0,2,32,1,0,1,11,0,11,1,1,0,18,1,0,66,0,0,0,1,0,0,41,0,['junit'],java-maven,465947,383972,824.068,51870,2,0,51872,1,0.0438048,0.521,0.0262829,0.542468,33,0,4,0,0,1,0,1
52670,7962488878,2700159,Java CI,master,40c8e07a97e1416fd7d2a4cc19f36aed25a7ffcd,.github/workflows/ci.yaml,failure,27918753,lizongbo,343,35,0.0,0.0,,push,9,0,5685.0,1,failure,2,20761b5ebb71877f4c258648a76a3e16a6819004,1,153,3,0,0,2,58,1,98,0,0,3,0,1,4,0,0,0,8,1,0,1,19,0,19,1,1,0,18,3,0,98,0,0,0,0,0,0,41,0,['junit'],java-maven,463003,381634,824.258,51566,2,0,51568,1,0.0337922,0.623372,0.0112641,0.661973,3,0,4,0,0,1,0,1
52671,7950371893,2700159,Java CI,master,b504562db1a9bde8b50e5fe725bb9e2dbee7a3b0,.github/workflows/ci.yaml,failure,27918753,lizongbo,343,35,0.0,0.0,,push,73,0,5733.0,1,failure,2,a31c51e254df5dcd76835fd94139163d321bfc64,4,62,2,0,0,3,22,1,42,0,0,0,0,4,4,3,0,3,94,1,0,1,3,0,3,1,1,0,18,0,0,42,0,0,0,0,0,0,41,0,['junit'],java-maven,462497,381243,824.315,51526,2,0,51528,1,0.0312891,0.686291,0.00876095,0.708028,3,0,4,0,0,1,0,1
52672,7962411677,2700159,Java CI,master,20761b5ebb71877f4c258648a76a3e16a6819004,.github/workflows/ci.yaml,failure,27918753,lizongbo,343,35,0.0,0.0,,push,6,0,5698.0,1,success,3,99f4087a4b843859b2860dcc8679e7e7e37248a7,39,438,142,0,0,6,127,1,453,0,0,1,0,39,40,3,0,3,202,7,1,8,22,0,22,1,1,0,18,1,0,350,103,0,0,46,0,0,41,0,['junit'],java-maven,462896,381536,824.237,51566,2,0,51568,1,0.0325407,0.647588,0.0100125,0.722722,3,0,4,0,0,1,0,1
52673,7978830036,2700159,Java CI,support-pg-get-result-status,69b73f1cc98043e0fdb141e40ca2a1dc38a372f5,.github/workflows/ci.yaml,failure,27918753,ZhengguanLi,344,36,0.0,0.0,,pull_request,90,0,5738.0,0,success,1,8d5d448dcf2c973606e40f6133632511b8c8a300,4,65,0,0,0,5,65,1,0,0,0,1,0,4,5,0,0,0,81,0,0,0,4,0,4,1,0,0,18,1,0,0,0,0,0,0,0,0,41,0,['junit'],java-maven,463106,381712,824.243,0,0,0,0,1,0.0387985,0.536637,0.0125156,0.617178,17,0,4,0,1,0,0,0
52674,9102864463,2700159,Java CI,pr/PGTypeCastExpr-clone-impl,bd6f38424ac488eeb654ee3828fd8e702ec6c4a4,.github/workflows/ci.yaml,failure,27918753,ZhengguanLi,363,26,0.0,3.0,{'feat'},pull_request,34,0,5919.0,1,failure,3,3c2e4d920b3868e174aebcfaba8960705c21b5bf,1,22,0,0,1,1,22,1,0,0,0,0,0,1,1,1,0,1,1,0,0,0,2,0,2,1,0,0,18,0,0,0,0,0,0,0,0,0,41,0,['junit'],java-maven,467260,384689,823.287,0,0,0,0,1,0.0600751,0.606227,0.0137672,0.770129,8,0,4,0,1,1,0,0
52675,7722596250,2700159,Java CI,update-nested-table-in-declaration-parsing,ffae103b33bf2c7155024da42c4efa12c6857508,.github/workflows/ci.yaml,failure,27918753,ZhengguanLi,340,35,0.0,0.0,,pull_request,100,0,5714.0,1,success,7,7c5ca9b855eb186938a878ab5e871d3b9d63ca16,1,31,4,0,0,1,8,1,27,0,0,1,0,1,2,0,0,0,8,0,0,0,5,0,5,1,1,0,18,1,0,27,0,0,0,0,0,0,41,0,['junit'],java-maven,462302,381064,824.275,0,0,0,0,0,0.0250313,0.839263,0.00750939,0.851779,0,0,1,0,1,1,0,0
52676,7921214995,2700159,Java CI,Oracle-REVERSE-FOR-Loop-support,103f2fe29c9cc9de8a96088a1b124c07dfbcdbf5,.github/workflows/ci.yaml,failure,27918753,ZhengguanLi,343,35,0.0,0.0,,pull_request,56,0,5734.0,1,failure,2,8d5d448dcf2c973606e40f6133632511b8c8a300,64,284,1097,0,0,21,446,1,935,0,0,0,8,64,72,3,10,13,439,2,10,12,0,75,75,1,1,0,18,0,8,178,757,0,0,60,0,0,41,0,['junit'],java-maven,462436,381133,824.185,51424,0,0,51464,1,0.0362954,0.562787,0.00625782,0.54261,2,0,4,0,1,1,0,0
52677,8788295737,2700159,Java CI,unary-operator-fix,1438c57aa420add8243c433d4c9dfa28ed50fc53,.github/workflows/ci.yaml,failure,27918753,ZhengguanLi,353,18,0.0,0.0,,pull_request,96,0,5862.0,0,success,1,cf165de09f6da8ad823156a9400ec50bfb25e726,2,21,1,0,0,1,5,1,17,0,0,0,0,2,2,1,0,1,12,0,0,0,0,0,0,1,1,0,18,0,0,17,0,0,0,1,0,0,41,0,['junit'],java-maven,464749,382836,823.748,51672,8,0,51680,1,0.00876095,0.884022,0.00625782,0.828119,3,0,4,0,1,0,0,0
52678,8941985343,2700159,Java CI,patch-1,f858c6056bba0d4e436046d7d0c128bad3f55eda,.github/workflows/ci.yaml,failure,27918753,rfvgtgfdv,356,20,0.0,2.0,"{'chore', 'feat'}",pull_request,9,0,5877.0,0,success,2,0c1332acdbbdc5984cb42d33a54816d8793a8be2,1,52,0,0,0,1,4,1,48,0,0,1,0,1,2,0,0,0,27,0,0,0,7,0,7,1,1,0,18,1,0,48,0,0,0,1,0,0,41,0,['junit'],java-maven,465163,383254,823.913,0,0,0,0,0,0.0300375,0.856227,0.0125156,0.867178,0,0,1,0,1,1,0,0
52679,8402859525,2700159,Java CI,fix-data-source-definition-overriding,fbb30d52a3508589d13e20ab132d95019f92c686,.github/workflows/ci.yaml,failure,27918753,dph5199278,348,19,0.0,0.0,,pull_request,143,0,5798.0,0,failure,1,b891cbabfc27661b3480ce69747ee5fe3e196e20,23,32,313,0,0,18,131,1,214,0,1,0,3,23,26,0,4,4,279,0,2,2,2,23,25,1,1,0,18,0,3,13,201,0,0,5,0,0,41,0,['junit'],java-maven,464315,382457,823.702,0,0,0,0,0,0.0175219,0.818732,0.00250313,0.831247,0,0,1,0,1,0,0,0
52680,8480658403,2700159,Java CI,fix/lateral-view,4ffe6e125e71d9fc0d112ae279fa007288071ac4,.github/workflows/ci.yaml,failure,27918753,XorSum,349,20,0.0,0.0,,pull_request,94,0,5817.0,0,success,1,920c53a71d3eb4934cc92a84683ff0e4ccf43132,2,43,11,0,0,2,18,1,36,0,0,1,0,2,3,0,0,0,98,0,0,0,4,0,4,1,1,0,18,1,0,36,0,0,0,0,0,0,41,0,['junit'],java-maven,464584,382681,823.707,0,0,0,0,0,0.0187735,0.817689,0.00876095,0.826033,0,0,1,0,1,0,0,0
52681,9034740556,2700159,Java CI,master,86f4acf7ae8fd774aace7b4e8af553321e22c350,.github/workflows/ci.yaml,success,27918753,lizongbo,359,22,1.0,3.0,,push,36,0,5897.0,0,failure,3,4ba135cc40eaab9f988047eced39356c0dbd49e9,3,84,2,0,1,3,48,1,38,0,0,1,0,3,4,5,0,5,11,2,0,2,8,0,8,1,1,0,18,1,0,38,0,0,0,0,0,0,41,0,['junit'],java-maven,466167,384171,824.106,51928,0,0,51928,1,0.0513141,0.524214,0.0225282,0.586855,41,0,4,0,0,1,0,1
52682,7678820227,2700159,Java CI,master,7c5ca9b855eb186938a878ab5e871d3b9d63ca16,.github/workflows/ci.yaml,success,27918753,lizongbo,340,35,0.0,0.0,,push,8,0,4520.0,1,success,1,7b7f81335397048f475919b3c065c72f3cf09b51,1,6,8,0,0,1,14,1,0,0,0,0,0,1,1,0,0,0,44,0,0,0,0,0,0,1,0,0,18,0,0,0,0,0,0,0,0,0,41,0,['junit'],java-maven,462277,381037,824.261,51528,0,0,51528,1,0.0187735,0.869388,0.00125156,0.999553,13,0,4,0,0,1,0,1
52683,9322122279,2700159,Java CI,master,ba1bd2fd044d1d4e41800afda55c9c1bd18a7e2b,.github/workflows/ci.yaml,success,27918753,lizongbo,367,26,1.0,1.0,,push,39,0,5957.0,1,success,1,74726b64e21c7201c2feebe457afd4fc5291093a,1,40,1,0,1,1,2,1,39,0,0,1,0,1,2,0,0,0,31,0,0,0,8,0,8,1,1,0,18,1,0,39,0,0,0,1,0,0,727,1,['junit'],java-maven,467657,385041,823.341,52032,0,0,52032,1,0.028786,0.699344,0.0,1.0,30,0,4,0,0,1,0,1
52684,9102776510,2700159,Java CI,pr/PGTypeCastExpr-clone-impl,55fd2909859f508b7021a4f1937e75b171579d01,.github/workflows/ci.yaml,success,27918753,ZhengguanLi,363,26,0.0,1.0,{'feat'},pull_request,34,0,5919.0,0,success,1,3c2e4d920b3868e174aebcfaba8960705c21b5bf,1,13,0,0,0,1,13,1,0,0,0,0,0,1,1,1,0,1,1,0,0,0,0,0,0,1,0,0,18,0,0,0,0,0,0,0,0,0,41,0,['junit'],java-maven,467253,384689,823.299,52000,0,0,52000,1,0.057572,0.693724,0.0112641,0.991954,8,0,4,0,1,1,0,0
52685,8709118243,2700159,Java CI,master,4916f86c89072f244324b1d1da728dd4cecb52cc,.github/workflows/ci.yaml,success,27918753,lizongbo,353,20,0.0,0.0,,pull_request,39,0,5848.0,0,success,1,c0f62d2f5b9e23c784daaac4ed9ec7e682534a27,2,57,0,0,0,2,7,1,50,0,0,1,0,2,3,0,0,0,23,0,0,0,5,0,5,1,1,0,18,1,0,50,0,0,0,0,0,0,41,0,['junit'],java-maven,464734,382819,823.738,51744,0,0,51744,1,0.0100125,0.831665,0.0,1.0,13,0,4,0,0,1,0,1
52686,7518128515,2700159,Java CI,usingUnfairLockByDefault,b105f6b28ae8276f1b8fd14ef5c19a26fd21d394,.github/workflows/ci.yaml,success,27918753,zrlw,338,33,,,,pull_request,0,0,,1,success,0,,0,0,0,0,0,0,0,0,0,0,0,0,0,0,0,0,0,0,0,0,0,0,0,0,0,0,0,0,18,0,0,0,0,0,0,0,0,0,41,0,['junit'],java-maven,462113,380862,824.175,12876,0,0,12876,1,0.0225282,0.875301,0.00625782,0.924767,11,1,2,0,0,0,0,0
52687,9484461308,2700159,Java CI,master,cc08a9cca8ed6fb641f36b2279e3e83a1bc3dcc1,.github/workflows/ci.yaml,success,27918753,lizongbo,368,25,1.0,2.0,,push,39,0,5973.0,1,success,2,b219209e621d9c550681fbcd72687fe25ab5bc55,3,4,1,0,1,3,5,1,0,0,0,0,0,3,3,0,0,0,64,1,0,1,0,0,0,1,0,0,18,0,0,0,0,0,0,1,0,0,727,1,['junit'],java-maven,467754,385122,823.343,52040,0,0,52040,1,0.00375469,0.962268,0.00125156,0.874218,7,0,4,0,0,0,0,1
52688,8653901225,2700159,Java CI,pr/set-parent-for-insert-update-clause,bb4e77b0ca16ea509118de918fb4ebc39849810d,.github/workflows/ci.yaml,success,27918753,ZhengguanLi,352,20,0.0,0.0,,pull_request,20,0,5839.0,0,success,1,34bd5f138d3038987fdc06d3099fe802accf5887,1,6,0,0,0,1,6,1,0,0,0,0,0,1,1,0,0,0,8,0,0,0,0,0,0,1,0,0,18,0,0,0,0,0,0,0,0,0,41,0,['junit'],java-maven,464658,382748,823.72,51736,0,0,51736,1,0.0112641,0.991954,0.00125156,0.999106,1,0,4,0,1,0,0,0
52689,9241795409,2700159,Java CI,fix-missing-metadata-and-wrong,2c1aacd87e39b8e9be429b10f4131bd267b9c3ee,.github/workflows/ci.yaml,success,27918753,ice2shell,366,26,,,,pull_request,0,0,,1,success,0,,0,0,0,0,0,0,0,0,0,0,0,0,0,0,0,0,0,0,0,0,0,0,0,0,0,0,0,0,18,0,0,0,0,0,0,0,0,0,220,1,['junit'],java-maven,467420,384828,823.302,52000,0,0,52000,1,0.0425532,0.973404,0.0,1.0,1,0,4,0,0,0,0,0
52690,7498209037,2700159,Java CI,usingThreadMap,db722d0402aa4dc6cf9027ae974abe11b3967405,.github/workflows/ci.yaml,success,27918753,zrlw,338,33,,,,pull_request,0,0,,1,success,0,,0,0,0,0,0,0,0,0,0,0,0,0,0,0,0,0,0,0,0,0,0,0,0,0,0,0,0,0,18,0,0,0,0,0,0,0,0,0,41,0,['junit'],java-maven,461976,380604,823.861,12886,0,0,12886,1,0.0312891,0.830074,0.00876095,0.9071,20,1,2,0,0,0,0,0
52691,7685184134,2700159,Java CI,fix-wall-deleteWhereAlwaysTrue,5c214f8bdc3ec5b166118e4b66be4e63eb8a1f9c,.github/workflows/ci.yaml,success,27918753,qxo,340,35,0.0,0.0,,pull_request,6,0,5698.0,1,success,3,7c5ca9b855eb186938a878ab5e871d3b9d63ca16,39,438,142,0,0,6,127,1,453,0,0,1,0,39,40,3,0,3,202,7,1,8,22,0,22,1,1,0,18,1,0,350,103,0,0,46,0,0,41,0,['junit'],java-maven,462531,381284,824.343,51568,0,0,51568,1,0.0237797,0.57235,0.00500626,0.664581,3,1,4,0,0,0,0,0
52692,8035959120,2700159,Java CI,master,11efe6ed2a7d090d4d331e5dccf7ec37d7f89a1f,.github/workflows/ci.yaml,success,27918753,wenshao,344,34,0.0,0.0,,push,4,0,5742.0,0,failure,6,226c943bb1dd03c46cb3635af6ab57d629fc4801,17,152,113,0,0,17,265,4,0,1,1,0,0,2,2,0,0,0,82,0,0,0,0,0,0,1,0,0,18,0,0,0,0,0,0,1,0,0,41,0,['junit'],java-maven,463304,381856,824.202,51632,0,0,51632,1,0.0525657,0.956195,0.0250313,0.979141,0,1,4,0,0,1,0,1
52693,8507592327,2700159,Java CI,master,bb6077d22e4b2bd85287b604936af1ed9069847e,.github/workflows/ci.yaml,success,27918753,wenshao,350,21,0.0,0.0,,push,3,0,5823.0,0,success,1,cc4b50c5270ef5532b6be26e16f2ac9361ce7654,2,5,5,0,0,0,0,2,0,1,0,0,0,0,0,0,0,0,0,0,0,0,0,0,0,0,0,0,18,0,0,0,0,2,0,0,0,0,41,0,['junit'],java-maven,464641,382748,823.75,51736,0,0,51736,1,0.0175219,0.991239,0.00125156,0.998957,3,1,4,0,0,1,0,1
52694,9306837049,2700159,Java CI,master,ec3b5c55c3a7efb78709be65f01a6993672a560e,.github/workflows/ci.yaml,success,27918753,lizongbo,366,25,1.0,1.0,,pull_request,42,0,5955.0,1,success,1,0f9c94dbc72634058c3f82501de4bee4313f2fcd,4,21,0,0,1,3,15,1,6,0,0,0,0,4,4,2,0,2,110,1,0,1,0,0,0,1,1,0,18,0,0,6,0,0,0,1,0,0,220,1,['junit'],java-maven,467628,385002,823.308,52024,0,0,52024,1,0.0312891,0.70616,0.0,1.0,48,0,4,0,0,1,0,1
52695,8771654658,2700159,Java CI,master,baf6d6e75df31eee63b4ac43c3a6cf05bbefabc2,.github/workflows/ci.yaml,success,27918753,theWangs,353,20,,,,pull_request,0,0,,1,failure,0,,0,0,0,0,0,0,0,0,0,0,0,0,0,0,0,0,0,0,0,0,0,0,0,0,0,0,0,0,18,0,0,0,0,0,0,0,0,0,41,0,['junit'],java-maven,464739,382819,823.729,51744,0,0,51744,1,0.00750939,0.870307,0.00500626,0.853567,1,0,4,0,1,1,0,1
52696,8950965824,2700159,Java CI,master,15b887e9ff1591b0e0f252aee7b55e74e9bd5792,.github/workflows/ci.yaml,success,27918753,lizongbo,358,21,1.0,4.0,,push,39,0,5884.0,1,success,4,9003085f558c134de5b7fe70ac4d54e75898eae6,2,107,331,0,1,2,243,1,195,0,1,1,2,2,5,0,0,0,76,0,0,0,7,31,38,1,1,0,18,1,2,93,102,0,0,1,0,0,41,0,['junit'],java-maven,465605,383634,823.947,51880,0,0,51880,1,0.0400501,0.532138,0.0225282,0.561214,29,0,4,0,0,1,0,1
52697,8822992336,2700159,Java CI,unary-operator-fix,e458578a95d04cf920960c726a6cb5e4fd021d79,.github/workflows/ci.yaml,success,27918753,ZhengguanLi,353,17,0.0,0.0,,pull_request,96,0,5862.0,0,failure,2,cf165de09f6da8ad823156a9400ec50bfb25e726,2,21,1,0,0,1,5,1,17,0,0,0,0,2,2,1,0,1,12,0,0,0,0,0,0,1,1,0,18,0,0,17,0,0,0,1,0,0,41,0,['junit'],java-maven,464749,382836,823.748,51768,0,0,51768,1,0.020025,0.726658,0.0175219,0.659366,4,0,4,0,1,0,0,0
52698,9243007756,2700159,Java CI,master,54bd63baa49916207aafbe478827d1dc310573f1,.github/workflows/ci.yaml,success,27918753,theWangs,366,26,0.0,2.0,{'fix'},pull_request,7,0,5945.0,0,success,2,409347f91b19a2bebaae40e3d9fb0e1c12649694,1,1,1,0,0,1,2,1,0,0,0,0,0,1,1,0,0,0,44,0,0,0,0,0,0,1,0,0,18,0,0,0,0,0,0,1,0,0,220,1,['junit'],java-maven,467378,384828,823.376,52000,0,0,52000,1,0.0425532,0.969605,0.0,1.0,1,0,4,0,1,1,0,1
52699,8283923814,2700159,Java CI,master,7cf57c3735ce4aac277c8105edf0bd1b37973be2,.github/workflows/ci.yaml,success,27918753,lizongbo,346,21,0.0,0.0,,push,36,0,5777.0,1,success,2,cd03e763555f43a3fccffc086445e780b1dda457,5,41,43,0,0,1,37,1,47,0,0,0,0,5,5,0,0,0,44,0,0,0,1,0,1,1,1,0,18,0,0,26,21,0,0,7,0,0,41,0,['junit'],java-maven,464098,382316,823.783,51680,0,0,51680,1,0.0425532,0.612494,0.00750939,0.798498,17,0,4,0,0,1,0,1
52700,9183428810,2700159,Java CI,pr/PGTypeCastExpr-clone-impl,139caf5529c9f94a11e41c6f67d4d364e662ec94,.github/workflows/ci.yaml,success,27918753,ZhengguanLi,363,24,0.0,8.0,{'feat'},pull_request,34,0,5919.0,1,success,8,3c2e4d920b3868e174aebcfaba8960705c21b5bf,4,177,4,0,0,4,42,1,139,0,0,3,0,4,7,1,0,1,28,0,0,0,18,0,18,1,1,0,18,3,0,139,0,0,0,0,0,0,41,0,['junit'],java-maven,467371,384828,823.389,52000,0,0,52000,1,0.0475594,0.850814,0.00250313,0.845191,8,0,4,0,1,0,0,0
52701,9244841349,2700159,Java CI,master,01c44d9e23082a0dfa2083cfa9afedbafec3e54e,.github/workflows/ci.yaml,success,27918753,lizongbo,366,26,0.0,3.0,"{'feat', 'fix'}",push,27,0,5943.0,0,success,3,409347f91b19a2bebaae40e3d9fb0e1c12649694,7,65,18,0,0,2,73,1,10,0,0,0,0,7,7,3,0,3,137,2,2,4,0,0,0,1,1,0,18,0,0,5,5,0,0,7,0,0,727,1,['junit'],java-maven,467395,384828,823.346,52000,0,0,52000,1,0.0425532,0.612657,0.0,1.0,46,0,4,0,0,1,0,1
52702,8669721718,2700159,Java CI,pr/improve-index-by-table-parsing-capability,c724605c5a069db603b6e48df78ca2d364a2b014,.github/workflows/ci.yaml,success,27918753,ZhengguanLi,352,20,0.0,0.0,,pull_request,112,0,5843.0,1,success,1,34bd5f138d3038987fdc06d3099fe802accf5887,2,30,6,0,0,1,15,1,21,0,0,0,0,2,2,1,0,1,8,0,0,0,0,0,0,1,1,0,18,0,0,21,0,0,0,0,0,0,41,0,['junit'],java-maven,464675,382769,823.735,51736,0,0,51736,1,0.0100125,0.993742,0.0,1.0,1,0,4,0,1,0,0,0
52703,7497994414,2700159,Java CI,usingThreadMap,c04c5cd54e99a61699d167a973085bc74be97a3e,.github/workflows/ci.yaml,success,27918753,zrlw,338,33,,,,pull_request,0,0,,1,success,0,,0,0,0,0,0,0,0,0,0,0,0,0,0,0,0,0,0,0,0,0,0,0,0,0,0,0,0,0,18,0,0,0,0,0,0,0,0,0,41,0,['junit'],java-maven,462000,380604,823.818,12886,0,0,12886,1,0.0312891,0.826459,0.00876095,0.902676,20,1,2,0,0,0,0,0
52704,8941547980,2700159,Java CI,master,16e7486799162d507abef8c2f337bfceb5ce70af,.github/workflows/ci.yaml,success,27918753,lizongbo,356,20,1.0,1.0,,pull_request,36,0,5878.0,1,success,1,a04b160df17b08045e8a8ed2f74f26d7e455a5d0,1,0,44,0,0,2,44,1,0,0,0,0,1,1,2,0,0,0,44,0,0,0,0,7,7,1,0,0,18,0,1,0,0,0,0,1,0,0,41,0,['junit'],java-maven,465129,383257,823.98,51824,0,0,51824,1,0.0300375,0.546245,0.0112641,0.606247,20,0,4,0,0,1,0,1
52705,7510392302,2700159,Java CI,usingThreadMap,8ae84f77f2d9fb215b2fe915fc01d11cf76328f5,.github/workflows/ci.yaml,success,27918753,zrlw,338,33,,,,pull_request,0,0,,1,success,0,,0,0,0,0,0,0,0,0,0,0,0,0,0,0,0,0,0,0,0,0,0,0,0,0,0,0,0,0,18,0,0,0,0,0,0,0,0,0,41,0,['junit'],java-maven,461880,380603,824.03,12886,0,0,12886,1,0.0275344,0.854333,0.00876095,0.914841,15,1,2,0,0,0,0,0
52706,9018310040,2700159,Java CI,master,c2e7e2bdac33b08c23b69c9404d873cd0602ab6a,.github/workflows/ci.yaml,success,27918753,lizongbo,358,21,1.0,3.0,,push,37,0,5890.0,0,success,3,c4ffc3649cbe0a9b96f02e1e1af67da4938b2e4e,23,178,87,0,1,10,63,2,202,1,0,1,0,19,20,1,0,1,216,0,0,0,6,0,6,1,1,0,18,1,0,127,75,0,0,13,0,0,41,0,['junit'],java-maven,466076,384096,824.106,51912,0,0,51912,1,0.0463079,0.526795,0.020025,0.612817,37,0,4,0,0,1,0,1
52707,7962728966,2700159,Java CI,master,3b96d40e076dc383b8b229ddad677f1eb3372147,.github/workflows/ci.yaml,success,27918753,lizongbo,343,35,0.0,0.0,,pull_request,5,0,5735.0,1,failure,1,40c8e07a97e1416fd7d2a4cc19f36aed25a7ffcd,2,17,10,0,0,1,8,1,19,0,0,0,0,2,2,2,0,2,44,0,0,0,0,0,0,1,1,0,18,0,0,17,2,0,0,2,0,0,41,0,['junit'],java-maven,463012,381649,824.275,51608,0,0,51608,1,0.0337922,0.636823,0.0112641,0.687975,3,0,4,0,0,1,0,1
52708,9239248353,2700159,Java CI,master,409347f91b19a2bebaae40e3d9fb0e1c12649694,.github/workflows/ci.yaml,success,27918753,wenshao,366,26,0.0,2.0,"{'chore', 'build'}",push,0,0,,1,success,2,822141b932c8c401b8fdd39d8feea82a884f34ff,7,7,7,0,0,7,14,2,0,1,1,0,0,1,1,0,0,0,0,0,0,0,0,0,0,1,0,0,18,0,0,0,0,0,0,0,0,0,727,1,['junit'],java-maven,467378,384828,823.376,52000,0,0,52000,1,0.0425532,0.973404,0.0,1.0,3,1,4,0,0,1,0,1
52709,8408913703,2700159,Java CI,master,bc380a53f88da8bee38a1d1463f403df3454fb25,.github/workflows/ci.yaml,success,27918753,lizongbo,348,19,0.0,0.0,,push,48,0,5799.0,1,success,1,1a9f216eb81832495f479aa8c7d619a9bd7f127e,3,77,2,0,0,3,17,1,62,0,0,1,0,3,4,0,0,0,29,0,0,0,8,0,8,1,1,0,18,1,0,62,0,0,0,0,0,0,41,0,['junit'],java-maven,464494,382588,823.666,51720,0,0,51720,1,0.0225282,0.677747,0.00750939,0.720136,30,0,4,0,0,1,0,1
52710,8215022027,2700159,Java CI,master,041959180456558f5f72bbd2a94c2295518ba791,.github/workflows/ci.yaml,success,27918753,lizongbo,346,26,0.0,0.0,,pull_request,36,0,5765.0,1,success,2,65f07c146bab23591123fa171d2a4044f0888b08,2,53,3,0,0,1,8,1,48,0,0,1,0,2,3,0,0,0,3,0,0,0,10,0,10,1,1,0,18,1,0,45,3,0,0,2,0,0,41,0,['junit'],java-maven,463442,381953,824.166,51648,0,0,51648,1,0.0387985,0.5602,0.0,1.0,4,0,4,0,0,1,0,1
52711,7890156371,2700159,Java CI,support-Oracle-drop-function,6a7b95a7771db532f9db3b1d7b8ad36a4669f4e0,.github/workflows/ci.yaml,success,27918753,ZhengguanLi,343,36,0.0,0.0,,pull_request,23,0,5732.0,1,failure,2,e67b2f47112cd566827a5e6aa14fca96cd0fc789,1,113,0,0,0,1,7,1,106,0,0,2,0,1,3,0,0,0,8,0,0,0,16,0,16,1,1,0,18,2,0,106,0,0,0,0,0,0,41,0,['junit'],java-maven,462447,381201,824.313,51544,0,0,51544,1,0.0312891,0.69668,0.00125156,0.856249,2,0,4,0,1,0,0,0
52712,7456046570,2700159,Java CI,usingThreadMap,5fa57ec40a5c0f900ed54b4eb8d05fcb693490a9,.github/workflows/ci.yaml,success,27918753,zrlw,338,33,,,,pull_request,0,0,,0,success,0,,0,0,0,0,0,0,0,0,0,0,0,0,0,0,0,0,0,0,0,0,0,0,0,0,0,0,0,0,18,0,0,0,0,0,0,0,0,0,41,0,['junit'],java-maven,461756,380564,824.167,12884,0,0,12884,1,0.0475594,0.835505,0.00625782,0.996871,29,1,2,0,0,0,0,0
52713,9244845171,2700159,Java CI,master,7453f860e1f1fd360781e8c8af825a17a29b8569,.github/workflows/ci.yaml,success,27918753,lizongbo,366,26,0.0,2.0,{'fix'},push,28,0,5944.0,1,success,2,01c44d9e23082a0dfa2083cfa9afedbafec3e54e,3,52,8,0,0,3,60,2,0,1,1,0,0,0,0,0,0,0,0,0,0,0,0,0,0,0,0,0,18,0,0,0,0,0,0,0,0,0,727,1,['junit'],java-maven,467437,384828,823.272,52000,0,0,52000,1,0.0425532,0.61756,0.0,1.0,46,0,4,0,0,1,0,1
52714,7614700301,2700159,Java CI,master,62c4f18d3382a28f657953eeac414af38b7cdbbd,.github/workflows/ci.yaml,success,27918753,lizongbo,339,34,,,,pull_request,0,0,,1,success,0,,0,0,0,0,0,0,0,0,0,0,0,0,0,0,0,0,0,0,0,0,0,0,0,0,0,0,0,0,18,0,0,0,0,0,0,0,0,0,41,0,['junit'],java-maven,462211,380974,824.243,12884,0,0,12884,1,0.020025,0.854282,0.00750939,0.997112,12,0,2,0,0,1,0,1
52715,8958713111,2700159,Java CI,master,1afb070c05bb35c1253f4320cb39adf002e25846,.github/workflows/ci.yaml,success,27918753,lizongbo,358,21,1.0,1.0,,pull_request,45,0,5887.0,0,success,1,05974bd3a79979f536260ef1e416a7c0b90d1ba0,3,100,2,0,0,3,36,1,66,0,0,1,0,3,4,2,0,2,32,1,0,1,11,0,11,1,1,0,18,1,0,66,0,0,0,1,0,0,41,0,['junit'],java-maven,465947,383972,824.068,51896,0,0,51896,1,0.0425532,0.529787,0.0250313,0.555229,32,0,4,0,0,1,0,1
52716,8881539848,2700159,Java CI,master,18d687281093d80e98254ae2fe6e56592df0d4d3,.github/workflows/ci.yaml,success,27918753,lizongbo,353,17,0.0,0.0,,push,17,0,5865.0,1,success,2,61f6d19090d03f57863b25eea0bd2768ad337d15,3,48,2,0,0,2,11,1,39,0,0,0,0,3,3,2,0,2,18,0,0,0,0,0,0,1,1,0,18,0,0,39,0,0,0,0,0,0,41,0,['junit'],java-maven,464854,382947,823.801,51792,0,0,51792,1,0.020025,0.611534,0.0137672,0.558198,1,0,4,0,0,1,0,1
52717,7510326246,2700159,Java CI,usingThreadMap,9c2ffe7af78352d4e417b6db65dbf496932b193b,.github/workflows/ci.yaml,success,27918753,zrlw,338,33,,,,pull_request,0,0,,0,success,0,,0,0,0,0,0,0,0,0,0,0,0,0,0,0,0,0,0,0,0,0,0,0,0,0,0,0,0,0,18,0,0,0,0,0,0,0,0,0,41,0,['junit'],java-maven,461880,380603,824.03,12886,0,0,12886,1,0.0275344,0.851299,0.00876095,0.911139,15,1,2,0,0,0,0,0
52718,8283736979,2700159,Java CI,master,03fa307d4f39c3e6ba6d01de99fa52083e9d3c57,.github/workflows/ci.yaml,success,27918753,lizongbo,346,21,0.0,0.0,,pull_request,36,0,5777.0,1,failure,2,cd03e763555f43a3fccffc086445e780b1dda457,5,41,43,0,0,1,37,1,47,0,0,0,0,5,5,0,0,0,44,0,0,0,1,0,1,1,1,0,18,0,0,26,21,0,0,7,0,0,41,0,['junit'],java-maven,464098,382316,823.783,51680,0,0,51680,1,0.0425532,0.60407,0.00750939,0.790102,15,0,4,0,0,1,0,1
52719,8383250248,2700159,Java CI,master,4a48c1a52ca68a4244803f4b9e3b452480111a96,.github/workflows/ci.yaml,success,27918753,wenshao,347,18,0.0,0.0,,push,28,0,5792.0,0,success,1,23f1bb883991542aa56734433d945a3584081352,4,41,1,0,0,3,23,1,19,0,0,0,0,4,4,3,0,3,30,1,0,1,0,0,0,1,1,0,18,0,0,19,0,0,0,0,0,0,41,0,['junit'],java-maven,464234,382398,823.718,51696,0,0,51696,1,0.0175219,0.991239,0.00125156,0.999305,3,1,4,0,0,1,0,1
52720,9241803072,2700159,Java CI,fix-missing-metadata-and-wrong,e0523b108a0711420762653d7e3e2c01740f6ea2,.github/workflows/ci.yaml,success,27918753,ice2shell,366,26,0.0,2.0,{'fix'},pull_request,28,0,5944.0,1,success,2,409347f91b19a2bebaae40e3d9fb0e1c12649694,3,52,8,0,0,3,60,2,0,1,1,0,0,0,0,0,0,0,0,0,0,0,0,0,0,0,0,0,18,0,0,0,0,0,0,0,0,0,220,1,['junit'],java-maven,467420,384828,823.302,52000,0,0,52000,1,0.0425532,0.976359,0.0,1.0,1,0,4,0,0,0,0,0
52721,8305230118,2700159,Java CI,master,38e2090fe62b80310ad08a985c4ac124ba778861,.github/workflows/ci.yaml,success,27918753,lizongbo,346,19,0.0,0.0,,push,9,0,5778.0,1,success,2,7cf57c3735ce4aac277c8105edf0bd1b37973be2,3,114,29,0,0,3,80,1,63,0,0,1,0,3,4,1,0,1,26,0,0,0,7,0,7,1,1,0,18,1,0,63,0,0,0,1,0,0,41,0,['junit'],java-maven,464161,382379,823.807,51688,0,0,51688,1,0.0413016,0.61587,0.00876095,0.78415,19,0,4,0,0,1,0,1
52722,8681794585,2700159,Java CI,master,d1c14e091b9e0838dd87cd700a22240d9376db01,.github/workflows/ci.yaml,success,27918753,mek1986,353,21,,,,pull_request,0,0,,0,success,0,,0,0,0,0,0,0,0,0,0,0,0,0,0,0,0,0,0,0,0,0,0,0,0,0,0,0,0,0,18,0,0,0,0,0,0,0,0,0,41,0,['junit'],java-maven,464664,382769,823.754,51736,0,0,51736,1,0.0100125,0.992848,0.0,1.0,1,0,4,0,1,0,0,1
52723,9020406822,2700159,Java CI,master,4ba135cc40eaab9f988047eced39356c0dbd49e9,.github/workflows/ci.yaml,success,27918753,lizongbo,358,21,1.0,1.0,,push,39,0,5896.0,1,success,1,e08e92ec2a86ab1291d6e3d03232e61d81e4f325,3,57,1,0,1,3,21,1,37,0,0,1,0,3,4,2,0,2,124,1,0,1,8,0,8,1,1,0,18,1,0,37,0,0,0,1,0,0,41,0,['junit'],java-maven,466099,384133,824.145,51920,0,0,51920,1,0.0475594,0.525915,0.020025,0.631704,38,0,4,0,0,1,0,1
52724,8403435198,2700159,Java CI,master,a29d95cc1bf4a6f6f3224031a85165cd6add9d8a,.github/workflows/ci.yaml,success,27918753,lizongbo,348,19,0.0,0.0,,pull_request,37,0,5796.0,1,failure,6,fa195c09a326fb9ebfe870617f11da37928899c7,17,158,23,0,0,12,86,1,95,0,0,1,0,17,18,2,0,2,246,1,0,1,8,0,8,1,1,0,18,1,0,82,13,0,0,5,0,0,41,0,['junit'],java-maven,464434,382526,823.639,51712,0,0,51712,1,0.0225282,0.657178,0.00750939,0.664164,28,0,4,0,0,1,0,1
52725,8950853802,2700159,Java CI,master,bedd73b286ba52a0abf65ac35cec62df4b964b36,.github/workflows/ci.yaml,success,27918753,lizongbo,357,20,1.0,4.0,,pull_request,39,0,5884.0,1,failure,4,9003085f558c134de5b7fe70ac4d54e75898eae6,2,107,331,0,1,2,243,1,195,0,1,1,2,2,5,0,0,0,76,0,0,0,7,31,38,1,1,0,18,1,2,93,102,0,0,1,0,0,41,0,['junit'],java-maven,465605,383634,823.947,51880,0,0,51880,1,0.0400501,0.523632,0.0225282,0.549667,25,0,4,0,0,1,0,1
52726,8881534309,2700159,Java CI,master,61f6d19090d03f57863b25eea0bd2768ad337d15,.github/workflows/ci.yaml,success,27918753,lizongbo,353,17,0.0,0.0,,push,36,0,5867.0,1,failure,1,b3546cd5d0a92d963e0e6e408c17798d94abf971,1,2,2,0,0,1,4,1,0,0,0,0,0,0,0,0,0,0,0,0,0,0,0,0,0,0,0,0,18,0,0,0,0,0,0,0,0,0,41,0,['junit'],java-maven,464815,382908,823.786,51776,0,0,51776,1,0.020025,0.595995,0.0137672,0.528744,1,0,4,0,0,1,0,1
52727,8941798913,2700159,Java CI,master,b5d8cba5e7920d0e487976a108c4d36cbf9707b5,.github/workflows/ci.yaml,success,27918753,lizongbo,356,20,1.0,1.0,,push,36,0,5878.0,1,success,1,a04b160df17b08045e8a8ed2f74f26d7e455a5d0,1,0,44,0,0,2,44,1,0,0,0,0,1,1,2,0,0,0,44,0,0,0,0,7,7,1,0,0,18,0,1,0,0,0,0,1,0,0,41,0,['junit'],java-maven,465129,383257,823.98,51824,0,0,51824,1,0.0300375,0.557312,0.0112641,0.622653,21,0,4,0,0,1,0,1
52728,8252374618,2700159,Java CI,master,f2d625884a3916614e7b4f378b6e8c4edd495e9a,.github/workflows/ci.yaml,success,27918753,lizongbo,346,24,0.0,0.0,,pull_request,6,0,5772.0,1,failure,2,098c227b25f9bc7d6457ab64c2223b9c27c9b444,1,262,6,0,0,2,71,2,197,1,0,7,0,1,8,3,0,3,111,0,0,0,39,0,39,1,1,0,18,8,0,197,0,0,0,0,0,0,41,0,['junit'],java-maven,464104,382311,823.761,51680,0,0,51680,1,0.0438048,0.599558,0.00500626,0.808332,13,0,4,0,0,1,0,1
52729,7767195638,2700159,Java CI,master,22ee55f6249841996ab0720b010ba7b55462cc59,.github/workflows/ci.yaml,success,27918753,lizongbo,340,35,0.0,0.0,,push,14,0,5715.0,1,success,2,36f9ad98b56116ad9a2d264b23be038d8511eb2b,3,43,0,0,0,3,25,1,18,0,0,1,0,3,4,2,0,2,30,1,0,1,5,0,5,1,1,0,18,1,0,18,0,0,0,1,0,0,41,0,['junit'],java-maven,462348,381054,824.171,51528,0,0,51528,1,0.0262829,0.861313,0.0112641,0.86796,13,0,4,0,0,1,0,1
52730,9273920010,2700159,Java CI,master,cef3629c80c36b23598645b00e24a0ef863782e8,.github/workflows/ci.yaml,success,27918753,lizongbo,366,25,1.0,1.0,,pull_request,36,0,5949.0,1,success,1,a61ac5905fffe7f0f177f4aba3383c71498116e7,5,93,19,0,1,2,17,1,95,0,0,1,0,5,6,0,0,0,99,0,0,0,8,0,8,1,1,0,18,1,0,81,14,0,0,3,0,0,220,1,['junit'],java-maven,467501,384895,823.303,52008,0,0,52008,1,0.0387985,0.632514,0.0,1.0,46,0,4,0,0,1,0,1
52731,9182549141,2700159,Java CI,pr/PGTypeCastExpr-clone-impl,1a9c89085183e6f9ca5afa1b6978581a3869aab3,.github/workflows/ci.yaml,success,27918753,ZhengguanLi,363,24,0.0,7.0,{'feat'},pull_request,34,0,5919.0,1,success,7,3c2e4d920b3868e174aebcfaba8960705c21b5bf,4,38,4,0,1,4,42,1,0,0,0,0,0,4,4,1,0,1,28,0,0,0,2,0,2,1,0,0,18,0,0,0,0,0,0,0,0,0,41,0,['junit'],java-maven,467270,384689,823.269,52000,0,0,52000,1,0.0475594,0.840157,0.00250313,0.83229,8,0,4,0,1,1,0,0
52732,8220585648,2700159,Java CI,master,c39813e2a2cac7930f66c295b06976b8b69437f3,.github/workflows/ci.yaml,success,27918753,lizongbo,346,26,0.0,0.0,,pull_request,42,0,5766.0,1,success,5,223eacf14d26cf57e7f62741ea9745d78df50390,10,595,7,0,0,15,483,1,119,0,0,6,0,10,16,16,0,16,229,7,0,7,22,0,22,1,1,0,18,6,0,119,0,0,0,3,0,0,41,0,['junit'],java-maven,463861,382072,823.678,51656,0,0,51656,1,0.0425532,0.549645,0.00375469,0.784373,6,0,4,0,0,1,0,1
52733,8881559652,2700159,Java CI,master,957bbab0e068a4cbe2707d85db08302ba1684a5e,.github/workflows/ci.yaml,success,27918753,lizongbo,353,17,0.0,0.0,,push,41,0,5871.0,1,success,1,18d687281093d80e98254ae2fe6e56592df0d4d3,1,1,1,0,0,1,2,1,0,0,0,0,0,1,1,0,0,0,26,0,0,0,0,0,0,1,0,0,18,0,0,0,0,0,0,0,0,0,41,0,['junit'],java-maven,464854,382947,823.801,51792,0,0,51792,1,0.020025,0.625921,0.0137672,0.584186,1,0,4,0,0,1,0,1
52734,7678791226,2700159,Java CI,master,7b7f81335397048f475919b3c065c72f3cf09b51,.github/workflows/ci.yaml,success,27918753,lizongbo,340,35,0.0,0.0,,push,16,0,5711.0,0,success,1,1634b0b94e35b860d8785731758193e3ec0ab932,1,4,4,0,0,0,0,1,0,0,0,0,0,0,0,0,0,0,0,0,0,0,0,0,0,0,0,0,18,0,0,0,0,0,1,0,0,0,41,0,['junit'],java-maven,462278,381037,824.259,51528,0,0,51528,1,0.0187735,0.865951,0.00125156,0.999519,13,0,4,0,0,1,0,1
52735,7502968144,2700159,Java CI,feat-spi-monitor-auth,3b10caa63eb7e2a9e11d7c0776f046293818719a,.github/workflows/ci.yaml,success,27918753,qxo,338,33,0.0,0.0,,pull_request,9,0,5685.0,0,success,1,c58b9f2039ab5564617cc0236a998e1e15020e9b,331,2622,10120,1,0,245,7757,9,4955,0,1,2,58,312,372,10,107,117,2611,27,34,61,147,583,730,1,1,0,18,2,61,407,4548,0,2,150,0,0,32,0,['junit'],java-maven,456087,376415,825.314,12876,0,0,12876,1,0.0300375,0.820818,0.00876095,0.992699,4,1,2,0,0,1,0,0
52736,8052002531,2700159,Java CI,master,22b3f2eaefcd6fb516a9260e0d692b8f8fbdfe16,.github/workflows/ci.yaml,failure,27918753,lizongbo,344,32,0.0,0.0,,pull_request,39,0,5749.0,1,failure,2,edebc5448d06e446368fd3b0be822da2b8b5cd0d,1,0,5,0,0,1,5,1,0,0,0,0,0,1,1,0,0,0,56,0,0,0,0,1,1,1,0,0,18,0,0,0,0,0,0,0,0,0,41,0,['junit'],java-maven,463336,381856,824.145,51606,2,0,51608,1,0.0550688,0.46249,0.028786,0.466109,3,0,4,0,0,1,0,1
52737,7456046607,2700159,Java CI,usingThreadMap,5fa57ec40a5c0f900ed54b4eb8d05fcb693490a9,.github/workflows/ci.yaml,success,27918753,zrlw,338,33,,,,pull_request,0,0,,1,success,0,,0,0,0,0,0,0,0,0,0,0,0,0,0,0,0,0,0,0,0,0,0,0,0,0,0,0,0,0,18,0,0,0,0,0,0,0,0,0,41,0,['junit'],java-maven,461756,380564,824.167,12884,0,0,12884,1,0.0475594,0.83916,0.00625782,0.997156,29,1,2,0,0,0,0,0
52738,7510588236,2700159,Java CI,usingThreadMap,86881fdea007f1b0b8b7c44718e0f14a4e453f77,.github/workflows/ci.yaml,success,27918753,zrlw,338,33,,,,pull_request,0,0,,1,success,0,,0,0,0,0,0,0,0,0,0,0,0,0,0,0,0,0,0,0,0,0,0,0,0,0,0,0,0,0,18,0,0,0,0,0,0,0,0,0,41,0,['junit'],java-maven,461885,380603,824.021,12886,0,0,12886,1,0.0275344,0.860046,0.00876095,0.921392,15,1,2,0,0,0,0,0
52739,8469350048,2700159,Java CI,master,920c53a71d3eb4934cc92a84683ff0e4ccf43132,.github/workflows/ci.yaml,success,27918753,lizongbo,348,19,0.0,0.0,,push,143,0,5798.0,0,success,3,b891cbabfc27661b3480ce69747ee5fe3e196e20,2,10,2,0,0,2,12,1,0,0,1,0,0,2,2,0,0,0,0,0,0,0,2,0,2,1,0,0,18,0,0,0,0,0,0,0,0,0,41,0,['junit'],java-maven,464558,382645,823.675,51728,0,0,51728,1,0.0175219,0.748175,0.00750939,0.748123,29,0,4,0,0,1,0,1
52740,8947350010,2700159,Java CI,master,50de16a8dbc6e266711323ee6de81f534cb39ea9,.github/workflows/ci.yaml,success,27918753,lizongbo,356,19,1.0,2.0,,push,36,0,5879.0,1,success,2,b5d8cba5e7920d0e487976a108c4d36cbf9707b5,2,147,1,0,1,2,96,1,52,0,0,1,0,2,3,1,0,1,79,0,0,0,14,0,14,1,1,0,18,1,0,52,0,0,0,0,0,0,41,0,['junit'],java-maven,465248,383309,823.881,51832,0,0,51832,1,0.0312891,0.564626,0.0137672,0.62708,23,0,4,0,0,1,0,1
52741,8590196613,2700159,Java CI,master,27a5a26a7c58ae5b20284202f9dc92dca6af69e5,.github/workflows/ci.yaml,success,27918753,lizongbo,351,21,0.0,0.0,,push,6,0,5828.0,0,success,1,bb6077d22e4b2bd85287b604936af1ed9069847e,4,8,0,0,0,4,8,1,0,0,0,0,0,4,4,0,0,0,67,1,0,1,0,0,0,1,0,0,18,0,0,0,0,0,0,1,0,0,41,0,['junit'],java-maven,464647,382748,823.739,51736,0,0,51736,1,0.0150188,0.781754,0.00125156,0.998957,21,0,4,0,0,0,0,1
52742,7768184877,2700159,Java CI,revert-5717-master,298394ddeaf11c0f3427d69f3e0aa95076026036,.github/workflows/ci.yaml,success,27918753,lizongbo,340,35,0.0,0.0,,pull_request,754,0,5719.0,1,failure,1,365000da949e4dfccc7c78f1df2db2f5e2c095e4,3,1,69,0,0,3,26,1,44,0,0,0,1,3,4,0,0,0,140,0,0,0,0,4,4,1,1,0,18,0,1,0,44,0,0,0,0,0,41,0,['junit'],java-maven,462383,381095,824.198,51528,0,0,51528,1,0.0300375,0.791021,0.0125156,0.661452,10,0,4,0,0,0,0,0
52743,8949290224,2700159,Java CI,master,c35be221477a3b88e619259bced3fa46cc179b16,.github/workflows/ci.yaml,success,27918753,lizongbo,356,19,1.0,1.0,,pull_request,36,0,5883.0,1,failure,1,24962581e9ec7cc464f05816f1d4a3204ee41d98,8,273,31,0,0,7,158,1,146,0,0,1,0,8,9,5,0,5,170,2,0,2,12,0,12,1,1,0,18,1,0,142,4,0,0,6,0,0,41,0,['junit'],java-maven,465535,383543,823.876,51864,0,0,51864,1,0.0325407,0.579944,0.0150188,0.642739,24,0,4,0,0,1,0,1
52744,7768226671,2700159,Java CI,master,29efe2d121a1c9b8ae2573c769ecf49a79443836,.github/workflows/ci.yaml,failure,27918753,lizongbo,340,35,0.0,0.0,,pull_request,23,0,5720.0,1,failure,1,0779bde15efae2129ebfc683c0ebbfceb424a8ef,3,9,9,0,0,2,14,2,0,1,1,0,0,0,0,0,0,0,0,0,0,0,0,0,0,0,0,0,18,0,0,0,0,0,1,0,0,0,41,0,['junit'],java-maven,462383,381095,824.198,51514,2,0,51516,1,0.0325407,0.745932,0.0150188,0.566065,11,0,4,0,0,1,0,1
52745,7980993661,2700159,Java CI,support-pg-get-result-status,ec179314e2a842e0883b47681754cdd3d9e27ccd,.github/workflows/ci.yaml,success,27918753,ZhengguanLi,343,34,0.0,0.0,,pull_request,90,0,5738.0,1,failure,6,8d5d448dcf2c973606e40f6133632511b8c8a300,7,134,17,0,0,7,104,1,47,0,0,2,0,7,9,2,1,3,120,0,0,0,9,0,9,1,1,0,18,2,0,33,14,0,0,2,0,0,41,0,['junit'],java-maven,463147,381731,824.211,51616,0,0,51616,1,0.0450563,0.45624,0.0187735,0.421867,17,0,4,0,1,0,0,0
52746,9045173221,2700159,Java CI,master,ef2f26d65000231a900f1a6399dad67447a8ea0f,.github/workflows/ci.yaml,success,27918753,lizongbo,359,22,1.0,2.0,,push,40,0,5902.0,1,failure,2,5ab3bfa63414a00931ce2f3ae0ed39abbc4d2f80,1,87,0,0,0,1,1,1,86,0,0,1,0,1,2,0,0,0,0,0,0,0,7,0,7,1,1,0,18,1,0,86,0,0,0,0,0,0,41,0,['junit'],java-maven,466423,384351,824.04,51960,0,0,51960,1,0.0563204,0.496295,0.0162703,0.597288,43,0,4,0,0,1,0,1
52747,7768226783,2700159,Java CI,master,e67b2f47112cd566827a5e6aa14fca96cd0fc789,.github/workflows/ci.yaml,success,27918753,lizongbo,341,36,0.0,0.0,,push,23,0,5720.0,1,failure,1,0779bde15efae2129ebfc683c0ebbfceb424a8ef,3,9,9,0,0,2,14,2,0,1,1,0,0,0,0,0,0,0,0,0,0,0,0,0,0,0,0,0,18,0,0,0,0,0,1,0,0,0,41,0,['junit'],java-maven,462383,381095,824.198,51528,0,0,51528,1,0.0325407,0.752129,0.0150188,0.594994,12,0,4,0,0,1,0,1
52748,8305566449,2700159,Java CI,master,20f7d54ad1489c382b5859addc30f6f1207e6b45,.github/workflows/ci.yaml,success,27918753,wenshao,346,19,0.0,0.0,,push,0,0,,0,success,1,38e2090fe62b80310ad08a985c4ac124ba778861,3,41,4,0,0,3,45,1,0,0,0,0,0,3,3,2,0,2,79,1,0,1,2,0,2,1,0,0,18,0,0,0,0,0,0,3,0,0,41,0,['junit'],java-maven,464194,382379,823.748,51688,0,0,51688,1,0.0413016,0.970499,0.00876095,0.992699,1,1,4,0,0,1,0,1
52749,8213070637,2700159,Java CI,master,65f07c146bab23591123fa171d2a4044f0888b08,.github/workflows/ci.yaml,success,27918753,lizongbo,346,26,0.0,0.0,,push,8,0,5764.0,1,success,1,04355434ae19daee327bf580f0fcbf48af408312,2,52,0,0,0,2,24,1,28,0,0,1,0,2,3,2,0,2,20,0,0,0,8,0,8,1,1,0,18,1,0,28,0,0,0,0,0,0,41,0,['junit'],java-maven,463402,381911,824.146,51640,0,0,51640,1,0.0387985,0.545035,0.00125156,0.888194,4,0,4,0,0,1,0,1
52750,8052748449,2700159,Java CI,master,d338d6e3c5bb7ff796b1ecbd5ebeca324decdf34,.github/workflows/ci.yaml,success,27918753,lizongbo,344,32,0.0,0.0,,push,39,0,5749.0,1,failure,2,edebc5448d06e446368fd3b0be822da2b8b5cd0d,1,0,5,0,0,1,5,1,0,0,0,0,0,1,1,0,0,0,56,0,0,0,0,1,1,1,0,0,18,0,0,0,0,0,0,0,0,0,41,0,['junit'],java-maven,463336,381856,824.145,51632,0,0,51632,1,0.0550688,0.477847,0.0250313,0.52499,5,0,4,0,0,1,0,1
52751,8939530848,2700159,Java CI,master,0c1332acdbbdc5984cb42d33a54816d8793a8be2,.github/workflows/ci.yaml,success,27918753,lizongbo,356,20,0.0,0.0,,push,37,0,5855.0,1,success,18,957bbab0e068a4cbe2707d85db08302ba1684a5e,120,3005,2708,0,0,12,386,2,5327,0,0,1,0,118,119,5,2,7,219,1,1,2,24,0,24,1,1,0,18,1,0,2793,2534,0,0,132,0,0,41,0,['junit'],java-maven,465133,383206,823.863,51816,0,0,51816,1,0.0300375,0.509454,0.0112641,0.547184,19,0,4,0,0,1,0,1
52752,9244849312,2700159,Java CI,master,a61ac5905fffe7f0f177f4aba3383c71498116e7,.github/workflows/ci.yaml,success,27918753,lizongbo,366,26,0.0,1.0,{'fix'},push,7,0,5945.0,1,success,1,7453f860e1f1fd360781e8c8af825a17a29b8569,1,1,1,0,0,1,2,1,0,0,0,0,0,1,1,0,0,0,44,0,0,0,0,0,0,1,0,0,18,0,0,0,0,0,0,1,0,0,727,1,['junit'],java-maven,467437,384828,823.272,52000,0,0,52000,1,0.0425532,0.62234,0.0,1.0,46,0,4,0,0,1,0,1
52753,7408525346,2700159,Java CI,usingThreadMap,6567fe2436c4e9e53831c22f21adb2a79c1dd256,.github/workflows/ci.yaml,success,27918753,zrlw,335,31,,,,pull_request,0,0,,0,failure,0,,0,0,0,0,0,0,0,0,0,0,0,0,0,0,0,0,0,0,0,0,0,0,0,0,0,0,0,0,18,0,0,0,0,0,0,0,0,0,41,0,['junit'],java-maven,461315,380101,823.951,12876,0,0,12876,1,0.0738423,0.81629,0.00250313,0.998212,38,1,2,0,0,0,0,0
52754,7484836843,2700159,Java CI,usingThreadMap,66e3cdd53caa20738655acdffbf67e7e250bd7d8,.github/workflows/ci.yaml,success,27918753,zrlw,338,33,,,,pull_request,0,0,,1,success,0,,0,0,0,0,0,0,0,0,0,0,0,0,0,0,0,0,0,0,0,0,0,0,0,0,0,0,0,0,18,0,0,0,0,0,0,0,0,0,41,0,['junit'],java-maven,461991,380604,823.834,12886,0,0,12886,1,0.0350438,0.80885,0.0100125,0.879408,26,1,2,0,0,0,0,0
52755,9052891592,2700159,Java CI,master,37d051219356025cfa09a4d5ddfdc5abd1721ec4,.github/workflows/ci.yaml,success,27918753,lizongbo,363,26,1.0,1.0,,pull_request,36,0,5906.0,1,success,1,ef2f26d65000231a900f1a6399dad67447a8ea0f,6,894,74,0,1,7,757,1,211,0,0,2,0,6,8,7,0,7,128,0,0,0,32,2,34,1,1,0,18,2,0,211,0,0,0,1,0,0,41,0,['junit'],java-maven,467140,384562,823.226,51968,0,0,51968,1,0.0563204,0.502836,0.0125156,0.622393,43,0,4,0,0,1,0,1
52756,7613991734,2700159,Java CI,master,0884b37ec9d525951d0537ca3904578cb081b5db,.github/workflows/ci.yaml,success,27918753,lizongbo,339,34,0.0,0.0,,push,10,0,5703.0,1,success,2,2833431dc2f26808012792bdf747f77685fbceb9,1,42,2,0,0,1,4,1,40,0,0,1,0,1,2,0,0,0,23,0,0,0,4,0,4,1,1,0,18,1,0,40,0,0,0,0,0,0,41,0,['junit'],java-maven,462173,380946,824.25,12878,0,0,12878,1,0.020025,0.849996,0.00750939,0.996871,12,0,2,0,0,1,0,1
52757,7499441717,2700159,Java CI,usingThreadMap,9b6e54f19dce678c56fd2cb05836b3cceb23cc5e,.github/workflows/ci.yaml,success,27918753,zrlw,312,0,,,,pull_request,0,0,,1,success,0,,0,0,0,0,0,0,0,0,0,0,0,0,0,0,0,0,0,0,0,0,0,0,0,0,0,0,0,0,18,0,0,0,0,0,0,0,0,0,41,0,['junit'],java-maven,461919,380604,823.963,12886,0,0,12886,1,0.0300375,0.847868,0.00876095,0.911139,20,0,2,0,0,0,0,0
52758,9147966739,2700159,Java CI,master,23721f195d816d7065897ad9eb305a07f45ec027,.github/workflows/ci.yaml,success,27918753,theWangs,363,26,0.0,1.0,{'fix'},pull_request,3,0,5929.0,0,success,1,3c2e4d920b3868e174aebcfaba8960705c21b5bf,1,3,1,0,0,1,4,1,0,0,0,0,0,1,1,0,0,0,44,0,0,0,0,0,0,1,0,0,18,0,0,0,0,0,0,1,0,0,41,0,['junit'],java-maven,467244,384689,823.315,52000,0,0,52000,1,0.0550688,0.954109,0.00375469,0.996871,0,0,4,0,1,1,0,1
52759,9321979106,2700159,Java CI,master,c9767c0b092155d00684151d158c7ef3669e54fe,.github/workflows/ci.yaml,success,27918753,lizongbo,366,25,1.0,1.0,,pull_request,39,0,5957.0,1,success,1,74726b64e21c7201c2feebe457afd4fc5291093a,1,40,1,0,0,1,2,1,39,0,0,1,0,1,2,0,0,0,31,0,0,0,8,0,8,1,1,0,18,1,0,39,0,0,0,1,0,0,220,1,['junit'],java-maven,467657,385041,823.341,52032,0,0,52032,1,0.028786,0.694789,0.0,1.0,29,0,4,0,0,1,0,1
52760,7636472598,2700159,Java CI,fixConnectionProperties,f1c0939d41ce2ca374ec2bd2a150afb8d6bb33fa,.github/workflows/ci.yaml,success,27918753,zrlw,340,35,0.0,0.0,,pull_request,49,0,5706.0,1,success,1,0884b37ec9d525951d0537ca3904578cb081b5db,3,49,30,0,0,2,69,1,10,0,0,0,0,3,3,2,1,3,143,1,1,2,1,0,1,1,1,0,18,0,0,10,0,0,0,2,0,0,41,0,['junit'],java-maven,462187,380956,824.246,12880,0,0,12880,1,0.0187735,0.940175,0.00750939,0.994636,3,1,2,0,0,0,0,0
52761,7613977206,2700159,Java CI,master,2833431dc2f26808012792bdf747f77685fbceb9,.github/workflows/ci.yaml,success,27918753,lizongbo,339,34,0.0,0.0,,push,38,0,5691.0,1,success,1,6ec6c006993824ad9a068e3444d770969c4cc410,1,24,15,0,0,1,39,1,0,0,0,0,0,1,1,0,0,0,44,0,0,0,0,0,0,1,0,0,18,0,0,0,0,0,0,0,0,0,41,0,['junit'],java-maven,462158,380906,824.19,12878,0,0,12878,1,0.020025,0.845451,0.00750939,0.996587,12,0,2,0,0,1,0,1
52762,7962730028,2700159,Java CI,master,0f193e005d7f7aac72961199e3b7f1547c470fac,.github/workflows/ci.yaml,success,27918753,lizongbo,343,35,0.0,0.0,,push,5,0,5735.0,1,success,1,40c8e07a97e1416fd7d2a4cc19f36aed25a7ffcd,2,17,10,0,0,1,8,1,19,0,0,0,0,2,2,2,0,2,44,0,0,0,0,0,0,1,1,0,18,0,0,17,2,0,0,2,0,0,41,0,['junit'],java-maven,463012,381649,824.275,51608,0,0,51608,1,0.0337922,0.649346,0.0112641,0.710263,4,0,4,0,0,1,0,1
52763,8937739292,2700159,Java CI,master,2185b0aa0dc31bbb9a43232d6ed37b9b4ab29b12,.github/workflows/ci.yaml,success,27918753,lizongbo,356,20,0.0,0.0,,pull_request,37,0,5855.0,1,failure,18,957bbab0e068a4cbe2707d85db08302ba1684a5e,120,3005,2708,0,0,12,386,2,5327,0,0,1,0,118,119,5,2,7,219,1,1,2,24,0,24,1,1,0,18,1,0,2793,2534,0,0,132,0,0,41,0,['junit'],java-maven,465133,383206,823.863,51816,0,0,51816,1,0.0300375,0.495828,0.0112641,0.523352,1,0,4,0,0,1,0,1
52764,7573659700,2700159,Java CI,master,2408cd5b88d89d249216a336d1fb8409c7a2f8cd,.github/workflows/ci.yaml,success,27918753,lizongbo,339,34,0.0,0.0,,pull_request,37,0,5695.0,0,success,1,ed00cabc48aa329371bec3b6e5a692510d1f1bb2,2,61,2,0,0,2,19,1,44,0,0,1,0,2,3,0,0,0,23,0,0,0,10,0,10,1,1,0,18,1,0,44,0,0,0,1,0,0,41,0,['junit'],java-maven,461910,380601,823.972,12878,0,0,12878,1,0.0150188,0.810153,0.0,1.0,13,0,2,0,0,1,0,1
52765,8942351280,2700159,Java CI,master,4117e4974a57ff345afd273dd9beb8da2cfecb71,.github/workflows/ci.yaml,success,27918753,lizongbo,356,20,1.0,2.0,,pull_request,36,0,5879.0,0,success,2,b5d8cba5e7920d0e487976a108c4d36cbf9707b5,2,147,1,0,0,2,96,1,52,0,0,1,0,2,3,1,0,1,79,0,0,0,14,0,14,1,1,0,18,1,0,52,0,0,0,0,0,0,41,0,['junit'],java-maven,465248,383309,823.881,51832,0,0,51832,1,0.0312891,0.554501,0.0137672,0.612737,21,0,4,0,0,1,0,1
52766,7488782615,2700159,Java CI,usingThreadMap,ad24a80f1b437094054595375d561cbcdfe1847f,.github/workflows/ci.yaml,success,27918753,zrlw,338,33,,,,pull_request,0,0,,1,success,0,,0,0,0,0,0,0,0,0,0,0,0,0,0,0,0,0,0,0,0,0,0,0,0,0,0,0,0,0,18,0,0,0,0,0,0,0,0,0,41,0,['junit'],java-maven,462001,380604,823.816,12886,0,0,12886,1,0.0350438,0.812751,0.00876095,0.89781,26,1,2,0,0,0,0,0
52767,7613964116,2700159,Java CI,master,6ec6c006993824ad9a068e3444d770969c4cc410,.github/workflows/ci.yaml,success,27918753,lizongbo,339,34,0.0,0.0,,push,17,0,5688.0,1,success,1,74e0520c0f1c3e304876365121be9da7728520b3,5,355,98,0,0,4,142,2,311,1,1,3,0,3,6,0,0,0,142,0,0,0,75,0,75,1,1,0,18,3,0,308,3,0,0,1,0,0,41,0,['junit'],java-maven,462150,380906,824.204,12878,0,0,12878,1,0.020025,0.840621,0.00750939,0.996245,12,0,2,0,0,1,0,1
52768,7613947305,2700159,Java CI,master,74e0520c0f1c3e304876365121be9da7728520b3,.github/workflows/ci.yaml,success,27918753,lizongbo,339,34,0.0,0.0,,push,18,0,5694.0,0,success,1,b1ac216f4fc6e9b6e58eed86c4e247a1180cf978,2,2,2,0,0,2,4,1,0,0,1,0,0,0,0,0,0,0,0,0,0,0,0,0,0,0,0,0,18,0,0,0,0,0,0,0,0,0,41,0,['junit'],java-maven,461910,380601,823.972,12878,0,0,12878,1,0.020025,0.83548,0.00750939,0.995828,12,0,2,0,0,1,0,1
52769,8958460145,2700159,Java CI,master,f21e7f53a2ade328ef8ddba7e6b73f37463c02bb,.github/workflows/ci.yaml,success,27918753,mek1986,358,21,0.0,1.0,,pull_request,8,0,5886.0,0,failure,1,05974bd3a79979f536260ef1e416a7c0b90d1ba0,1,13,35,0,0,1,48,1,0,0,0,0,0,1,1,0,0,0,44,0,0,0,0,0,0,1,0,0,18,0,0,0,0,0,0,2,0,0,41,0,['junit'],java-maven,465844,383906,824.109,51888,0,0,51888,1,0.0425532,0.973404,0.0250313,0.982121,0,0,4,0,1,1,0,1
52770,9195426791,2700159,Java CI,master,a340e0b800c3877a95a63428f14a53c5fe5469c1,.github/workflows/ci.yaml,success,27918753,lizongbo,363,24,0.0,1.0,{'chore'},push,6,0,5926.0,1,success,1,8a1e75f899bce2f427f52841f2950d1a842b4ff4,1,0,1,0,0,1,1,1,0,0,0,0,0,1,1,0,0,0,44,0,0,0,0,0,0,1,0,0,18,0,0,0,0,0,0,0,0,0,727,1,['junit'],java-maven,467373,384828,823.385,52000,0,0,52000,1,0.0450563,0.58149,0.00250313,0.998436,46,0,4,0,0,1,0,1
52771,8408858187,2700159,Java CI,master,3dd61cd9860e681444782f792e063a890340d0b8,.github/workflows/ci.yaml,success,27918753,lizongbo,348,19,0.0,0.0,,pull_request,48,0,5799.0,1,success,1,1a9f216eb81832495f479aa8c7d619a9bd7f127e,3,77,2,0,0,3,17,1,62,0,0,1,0,3,4,0,0,0,29,0,0,0,8,0,8,1,1,0,18,1,0,62,0,0,0,0,0,0,41,0,['junit'],java-maven,464494,382588,823.666,51720,0,0,51720,1,0.0225282,0.671171,0.00750939,0.703674,29,0,4,0,0,1,0,1
52772,9005826540,2700159,Java CI,master,9a80feac9fe4c7cc7e215ba6a9989ec950d0882c,.github/workflows/ci.yaml,success,27918753,lizongbo,358,21,1.0,3.0,,pull_request,37,0,5890.0,1,failure,3,c4ffc3649cbe0a9b96f02e1e1af67da4938b2e4e,23,178,87,0,1,10,63,2,202,1,0,1,0,19,20,1,0,1,216,0,0,0,6,0,6,1,1,0,18,1,0,127,75,0,0,13,0,0,41,0,['junit'],java-maven,466076,384096,824.106,51912,0,0,51912,1,0.0463079,0.519515,0.0225282,0.572184,34,0,4,0,0,1,0,1
52773,9211249337,2700159,Java CI,master,9b45ad168bd416b06b94d155ae2aeeb533f7c005,.github/workflows/ci.yaml,success,27918753,lizongbo,363,24,0.0,1.0,{'fix'},push,44,0,5938.0,0,success,1,a8d20a204aef87749314a6e25681c91ad73835dc,5,12,4,0,0,5,16,1,0,0,0,0,0,5,5,1,0,1,74,0,0,0,0,0,0,1,0,0,18,0,0,0,0,0,0,0,0,0,41,0,['junit'],java-maven,467378,384828,823.376,52000,0,0,52000,1,0.0425532,0.607626,0.0,1.0,46,0,4,0,0,1,0,1
52774,8881507243,2700159,Java CI,master,d23e3d2a5e707955ec89f40780225318dcc46981,.github/workflows/ci.yaml,success,27918753,lizongbo,353,17,0.0,0.0,,push,169,0,5864.0,0,success,4,c0d96da3f21363e84667087402ee659c39d50f3b,2,33,2,0,0,1,8,1,27,0,0,0,0,2,2,1,0,1,14,0,0,0,0,0,0,1,1,0,18,0,0,27,0,0,0,0,0,0,41,0,['junit'],java-maven,464800,382891,823.776,51768,0,0,51768,1,0.0187735,0.604614,0.0125156,0.533648,1,0,4,0,0,1,0,1
52775,9340084696,2700159,Java CI,master,b219209e621d9c550681fbcd72687fe25ab5bc55,.github/workflows/ci.yaml,success,27918753,lizongbo,366,23,1.0,1.0,,push,39,0,5961.0,1,success,1,eda229e59c3406a5b17fe7f1bc0f82f811526b46,3,76,3,0,1,2,40,1,39,0,0,1,0,3,4,5,0,5,78,1,0,1,8,0,8,1,1,0,18,1,0,38,1,0,0,1,0,0,727,1,['junit'],java-maven,467752,385122,823.347,52040,0,0,52040,1,0.0162703,0.798373,0.0,1.0,18,0,4,0,0,1,0,1
52776,8951367189,2700159,Java CI,druid2,5f40b159b97c8c6d713defb7ea20fe2b0b30f390,.github/workflows/ci.yaml,success,27918753,mek1986,357,20,,,,pull_request,0,0,,0,success,0,,0,0,0,0,0,0,0,0,0,0,0,0,0,0,0,0,0,0,0,0,0,0,0,0,0,0,0,0,18,0,0,0,0,0,0,0,0,0,41,0,['junit'],java-maven,465585,383634,823.983,51880,0,0,51880,1,0.0400501,0.971393,0.0225282,0.981227,0,0,4,0,1,0,0,0
52777,9321426262,2700159,Java CI,master,74726b64e21c7201c2feebe457afd4fc5291093a,.github/workflows/ci.yaml,success,27918753,lizongbo,366,25,1.0,1.0,,push,42,0,5955.0,0,success,1,0f9c94dbc72634058c3f82501de4bee4313f2fcd,4,21,0,0,1,3,15,1,6,0,0,0,0,4,4,2,0,2,110,1,0,1,0,0,0,1,1,0,18,0,0,6,0,0,0,1,0,0,727,1,['junit'],java-maven,467628,385002,823.308,52024,0,0,52024,1,0.0300375,0.684326,0.0,1.0,29,0,4,0,0,1,0,1
52778,8533187415,2700159,Java CI,master,73a95ed2b765bccc7e8131aaa43ebd9dc6cced54,.github/workflows/ci.yaml,success,27918753,mek1986,348,19,,,,pull_request,0,0,,0,success,0,,0,0,0,0,0,0,0,0,0,0,0,0,0,0,0,0,0,0,0,0,0,0,0,0,0,0,0,0,18,0,0,0,0,0,0,0,0,0,41,0,['junit'],java-maven,464620,382748,823.787,51736,0,0,51736,1,0.0175219,0.985398,0.00125156,0.998957,1,0,4,0,1,1,0,1
52779,7525260142,2700159,Java CI,master,0ccac578070f2d07f0681948f766687113fa1367,.github/workflows/ci.yaml,success,27918753,wenshao,338,33,0.0,0.0,,push,0,0,,0,success,2,c58b9f2039ab5564617cc0236a998e1e15020e9b,7,7,7,0,0,7,14,2,0,1,1,0,0,1,1,0,0,0,0,0,0,0,0,0,0,1,0,0,18,0,0,0,0,0,0,0,0,0,41,0,['junit'],java-maven,461873,380557,823.943,12876,0,0,12876,1,0.0225282,0.981227,0.00500626,0.995828,2,1,2,0,0,1,0,1
52780,8028794929,2700159,Java CI,master,2d8b0a47557b527e2a79e99d84d0986e49639b41,.github/workflows/ci.yaml,success,27918753,lizongbo,344,35,0.0,0.0,,push,56,0,5734.0,1,failure,6,221db1330891148d1e5553654bb2c8cd6aecb6e7,8,90,58,0,0,7,78,1,70,0,0,0,0,8,8,3,0,3,31,1,0,1,0,0,0,1,1,0,18,0,0,54,16,0,0,7,0,0,41,0,['junit'],java-maven,463260,381856,824.28,51632,0,0,51632,1,0.0538173,0.571965,0.0250313,0.624992,3,0,4,0,0,1,0,1
52781,8820209951,2700159,Java CI,master,c0d96da3f21363e84667087402ee659c39d50f3b,.github/workflows/ci.yaml,success,27918753,lizongbo,353,17,0.0,0.0,,push,36,0,5863.0,1,failure,1,cf165de09f6da8ad823156a9400ec50bfb25e726,1,54,0,0,0,1,9,1,45,0,0,1,0,1,2,0,0,0,42,0,0,0,6,0,6,1,1,0,18,1,0,45,0,0,0,0,0,0,41,0,['junit'],java-maven,464776,382864,823.76,51760,0,0,51760,1,0.0175219,0.704683,0.0150188,0.455762,2,0,4,0,0,1,0,1
52782,7962109196,2700159,Java CI,master,9568500fc0f7c06cf8acbecb4b4f43ebde3cce7b,.github/workflows/ci.yaml,success,27918753,lizongbo,343,35,0.0,0.0,,push,113,0,5727.0,1,success,2,ef9a6b9ae528dde6652c7a3b7c3ead3f638b4ef0,5,6,6,0,0,2,4,1,8,0,0,0,0,5,5,0,0,0,11,0,0,0,0,0,0,1,1,0,18,0,0,4,4,0,0,3,0,0,41,0,['junit'],java-maven,462582,381243,824.163,51552,0,0,51552,1,0.0312891,0.708698,0.00876095,0.772911,3,0,4,0,0,1,0,1
52783,8393829732,2700159,Java CI,master,fa195c09a326fb9ebfe870617f11da37928899c7,.github/workflows/ci.yaml,success,27918753,lizongbo,348,19,0.0,0.0,,push,45,0,5795.0,1,success,2,4a48c1a52ca68a4244803f4b9e3b452480111a96,3,115,8,0,0,3,37,2,59,1,1,1,0,3,4,2,0,2,125,1,0,1,7,0,7,1,1,0,18,2,0,59,0,1,0,1,0,0,41,0,['junit'],java-maven,464313,382457,823.705,51704,0,0,51704,1,0.0175219,0.702554,0.00125156,0.928124,22,0,4,0,0,1,0,1
52784,9066419021,2700159,Java CI,master,a5d0bef82e59f85f1d139f859b2650c91ececf0b,.github/workflows/ci.yaml,success,27918753,lizongbo,363,26,1.0,1.0,,push,39,0,5910.0,1,success,1,94b7d8e3150050978035c8bdbfdb6eeb14fa3de5,5,45,5,0,1,4,13,1,37,0,0,1,0,5,6,0,0,0,131,0,0,0,8,0,8,1,1,0,18,1,0,36,1,0,0,2,0,0,41,0,['junit'],java-maven,467172,384597,823.245,51976,0,0,51976,1,0.0563204,0.52148,0.0125156,0.664349,45,0,4,0,0,1,0,1
52785,8958061740,2700159,Java CI,master,dc56e510dc91662114e597ee2923202010893a39,.github/workflows/ci.yaml,success,27918753,lizongbo,358,21,1.0,3.0,,pull_request,36,0,5885.0,1,failure,3,15b887e9ff1591b0e0f252aee7b55e74e9bd5792,6,282,7,0,1,3,11,1,278,0,0,1,0,6,7,0,0,0,127,0,0,0,7,0,7,1,1,0,18,1,0,275,3,0,0,4,0,0,41,0,['junit'],java-maven,465864,383906,824.073,51888,0,0,51888,1,0.0413016,0.530922,0.0237797,0.558076,29,0,4,0,0,1,0,1
52786,7432999016,2700159,Java CI,master,1b7af9455341651dcc45f0a98f4835ceb6f874e5,.github/workflows/ci.yaml,success,27918753,lizongbo,336,32,0.0,0.0,,pull_request,29,0,5674.0,1,failure,2,e0f1781ace4312abd96ee547e4cf46e10788a5d6,3,46,4,0,0,2,7,2,43,1,0,1,0,2,3,0,0,0,91,0,0,0,6,0,6,1,1,0,18,1,0,42,1,0,0,0,0,0,41,0,['junit'],java-maven,461480,380304,824.096,12870,0,0,12870,1,0.0750939,0.785546,0.00500626,0.873436,34,0,2,0,0,1,0,1
52787,8360286934,2700159,Java CI,master,23f1bb883991542aa56734433d945a3584081352,.github/workflows/ci.yaml,success,27918753,lizongbo,347,19,0.0,0.0,,push,3,0,5787.0,0,success,1,eca44c19d217d5a37ccca85e002c824589bcf0a8,1,8,0,0,0,1,8,1,0,0,0,0,0,1,1,1,0,1,7,0,0,0,0,0,0,1,0,0,18,0,0,0,0,0,0,0,0,0,41,0,['junit'],java-maven,464201,382379,823.736,51688,0,0,51688,1,0.0187735,0.672236,0.00250313,0.856249,19,0,4,0,0,1,0,1
52788,8252514059,2700159,Java CI,master,cd03e763555f43a3fccffc086445e780b1dda457,.github/workflows/ci.yaml,success,27918753,lizongbo,349,25,0.0,0.0,,push,6,0,5772.0,1,success,2,098c227b25f9bc7d6457ab64c2223b9c27c9b444,1,262,6,0,0,2,71,2,197,1,0,7,0,1,8,3,0,3,111,0,0,0,39,0,39,1,1,0,18,8,0,197,0,0,0,0,0,0,41,0,['junit'],java-maven,464104,382311,823.761,51680,0,0,51680,1,0.0438048,0.608659,0.00500626,0.817044,15,0,4,0,0,1,0,1
52789,7432990765,2700159,Java CI,master,10ce94cd80b690775853792708b648d52db92666,.github/workflows/ci.yaml,failure,27918753,lizongbo,336,32,0.0,0.0,,pull_request,29,0,5674.0,1,success,1,e0f1781ace4312abd96ee547e4cf46e10788a5d6,2,45,3,0,0,2,7,1,41,0,0,1,0,2,3,0,0,0,91,0,0,0,6,0,6,1,1,0,18,1,0,41,0,0,0,0,0,0,41,0,['junit'],java-maven,461480,380304,824.096,12844,2,0,12846,1,0.0750939,0.78356,0.00500626,0.864998,34,0,2,0,0,1,0,1
52790,9102882899,2700159,Java CI,pr/PGTypeCastExpr-clone-impl,0eb0cf8d73e979d25bf073df5ad3ddc190f24465,.github/workflows/ci.yaml,success,27918753,ZhengguanLi,363,26,0.0,4.0,{'feat'},pull_request,34,0,5919.0,1,failure,4,3c2e4d920b3868e174aebcfaba8960705c21b5bf,1,22,0,0,1,1,22,1,0,0,0,0,0,1,1,1,0,1,1,0,0,0,2,0,2,1,0,0,18,0,0,0,0,0,0,0,0,0,41,0,['junit'],java-maven,467260,384689,823.287,52000,0,0,52000,1,0.0600751,0.62939,0.0137672,0.793116,8,0,4,0,1,1,0,0
52791,7385721909,2700159,Java CI,support_xmlserialize,54aa5e6ea794faff064d2e3cfbf2b037038cf503,.github/workflows/ci.yaml,success,27918753,qxo,335,31,0.0,0.0,,pull_request,46,0,5658.0,1,success,1,460c5ceb359f3cd949f26d60898e53b5d4853cc0,3,188,0,0,0,3,73,1,115,0,0,2,0,3,5,4,0,4,133,2,0,2,14,0,14,1,1,0,18,2,0,115,0,0,0,0,0,0,41,0,['junit'],java-maven,461440,380255,824.062,12868,0,0,12868,1,0.0876095,0.778359,0.00125156,0.888194,2,1,2,0,0,0,0,0
52792,7483796336,2700159,Java CI,usingThreadMap,b5a38cbe134a0905e24100b5774e15b615e8cdba,.github/workflows/ci.yaml,success,27918753,zrlw,338,33,,,,pull_request,0,0,,0,success,0,,0,0,0,0,0,0,0,0,0,0,0,0,0,0,0,0,0,0,0,0,0,0,0,0,0,0,0,0,18,0,0,0,0,0,0,0,0,0,41,0,['junit'],java-maven,461795,380564,824.097,12886,0,0,12886,1,0.0350438,0.80885,0.0100125,0.871871,26,1,2,0,0,0,0,0
52793,8624086081,2700159,Java CI,pr/merge-statement-insert-update-visit-order,43d3f8bd31807cb171a8fd32528fdcb9325baee9,.github/workflows/ci.yaml,success,27918753,ZhengguanLi,352,20,0.0,0.0,,pull_request,17,0,5836.0,0,success,1,27a5a26a7c58ae5b20284202f9dc92dca6af69e5,1,7,2,0,0,1,9,1,0,0,0,0,0,1,1,0,0,0,8,0,0,0,0,0,0,1,0,0,18,0,0,0,0,0,0,0,0,0,41,0,['junit'],java-maven,464652,382748,823.73,51736,0,0,51736,1,0.0137672,0.988527,0.00125156,0.998957,0,0,4,0,1,0,0,0
52794,9065568869,2700159,Java CI,master,94b7d8e3150050978035c8bdbfdb6eeb14fa3de5,.github/workflows/ci.yaml,success,27918753,lizongbo,363,26,1.0,1.0,,push,36,0,5906.0,1,success,1,ef2f26d65000231a900f1a6399dad67447a8ea0f,6,894,74,0,1,7,757,1,211,0,0,2,0,6,8,7,0,7,128,0,0,0,32,2,34,1,1,0,18,2,0,211,0,0,0,1,0,0,41,0,['junit'],java-maven,467140,384562,823.226,51968,0,0,51968,1,0.0563204,0.50921,0.0125156,0.637497,44,0,4,0,0,1,0,1
52795,7432709332,2700159,Java CI,master,09244e1a409a8cc203d9bcf75ec36635d146fa16,.github/workflows/ci.yaml,success,27918753,lizongbo,336,32,0.0,0.0,,pull_request,91,0,5671.0,1,failure,3,8c125eb08a304844c98d8a662f6d4801f7b007fc,3,5,6,0,0,3,11,2,0,1,1,0,0,2,2,0,0,0,0,0,0,0,0,2,2,1,0,0,18,0,0,0,0,0,0,0,0,0,41,0,['junit'],java-maven,461433,380257,824.078,12868,0,0,12868,1,0.0738423,0.784911,0.00375469,0.907384,30,0,2,0,0,1,0,1
52796,8959528471,2700159,Java CI,master,c4ffc3649cbe0a9b96f02e1e1af67da4938b2e4e,.github/workflows/ci.yaml,success,27918753,lizongbo,358,21,1.0,1.0,,push,36,0,5888.0,1,success,1,0467284aaa957cc3fcb96e76e4e95a176c5c46e8,1,73,2,0,0,1,3,1,72,0,0,2,0,1,3,0,0,0,10,0,0,0,14,0,14,1,1,0,18,2,0,72,0,0,0,1,0,0,41,0,['junit'],java-maven,465993,384044,824.141,51904,0,0,51904,1,0.0438048,0.536206,0.0262829,0.562361,34,0,4,0,0,1,0,1
52797,7612173503,2700159,Java CI,fixNPE,c34a7c059d741196c49697bff93dcaadd06d5044,.github/workflows/ci.yaml,success,27918753,ruansheng8,339,34,0.0,0.0,,pull_request,10,0,5703.0,0,success,1,b1ac216f4fc6e9b6e58eed86c4e247a1180cf978,1,26,2,0,0,1,4,1,24,0,0,1,0,1,2,0,0,0,23,0,0,0,4,0,4,1,1,0,18,1,0,24,0,0,0,0,0,0,41,0,['junit'],java-maven,461925,380625,823.997,12878,0,0,12878,1,0.020025,0.983312,0.00750939,0.993742,0,0,2,0,1,0,0,0
52798,9104981633,2700159,Java CI,pr/PGTypeCastExpr-clone-impl,b82b1264dc70c091e31c2a256a12526715500682,.github/workflows/ci.yaml,success,27918753,ZhengguanLi,363,26,0.0,5.0,{'feat'},pull_request,34,0,5919.0,1,success,5,3c2e4d920b3868e174aebcfaba8960705c21b5bf,2,23,2,0,1,2,25,1,0,0,0,0,0,2,2,1,0,1,4,0,0,0,2,0,2,1,0,0,18,0,0,0,0,0,0,0,0,0,41,0,['junit'],java-maven,467260,384689,823.287,52000,0,0,52000,1,0.0600751,0.649979,0.0137672,0.811924,8,0,4,0,1,1,0,0
52799,7635678196,2700159,Java CI,fixConnectionProperties,f8ab83084abda933f9340a5f9660c6e08941d38c,.github/workflows/ci.yaml,success,27918753,zrlw,340,35,,,,pull_request,0,0,,0,success,0,,0,0,0,0,0,0,0,0,0,0,0,0,0,0,0,0,0,0,0,0,0,0,0,0,0,0,0,0,18,0,0,0,0,0,0,0,0,0,41,0,['junit'],java-maven,462188,380957,824.247,12880,0,0,12880,1,0.0187735,0.938416,0.00750939,0.993742,3,1,2,0,0,0,0,0
52800,7459438786,2700159,Java CI,usingThreadMap,bfc41cacf4d8a75a838ed5132cd3712dc7cf2e6d,.github/workflows/ci.yaml,success,27918753,zrlw,338,33,,,,pull_request,0,0,,1,failure,0,,0,0,0,0,0,0,0,0,0,0,0,0,0,0,0,0,0,0,0,0,0,0,0,0,0,0,0,0,18,0,0,0,0,0,0,0,0,0,41,0,['junit'],java-maven,461755,380564,824.169,12884,0,0,12884,1,0.0475594,0.807546,0.00876095,0.854014,29,1,2,0,0,0,0,0
52801,8306879503,2700159,Java CI,master,eca44c19d217d5a37ccca85e002c824589bcf0a8,.github/workflows/ci.yaml,success,27918753,wenshao,346,19,0.0,0.0,,push,0,0,,1,success,2,b4385dde3b3bd0a42ac8b5fa992eb2eb6558e241,7,7,7,0,0,7,14,2,0,1,1,0,0,1,1,0,0,0,0,0,0,0,0,0,0,1,0,0,18,0,0,0,0,0,0,0,0,0,41,0,['junit'],java-maven,464194,382379,823.748,51688,0,0,51688,1,0.0400501,0.97775,0.00876095,0.994524,3,1,4,0,0,1,0,1
52802,9083048984,2700159,Java CI,master,3c2e4d920b3868e174aebcfaba8960705c21b5bf,.github/workflows/ci.yaml,success,27918753,lizongbo,363,26,1.0,1.0,,push,38,0,5914.0,1,success,1,cddd2cb4f93a5d5ea279d8360d9680321332c174,1,63,9,0,1,1,15,1,57,0,0,1,0,1,2,0,0,0,42,0,0,0,9,0,9,1,1,0,18,1,0,57,0,0,0,1,0,0,41,0,['junit'],java-maven,467241,384689,823.32,52000,0,0,52000,1,0.057572,0.526652,0.0125156,0.697914,47,0,4,0,0,1,0,1
52803,8709538622,2700159,Java CI,master,cf165de09f6da8ad823156a9400ec50bfb25e726,.github/workflows/ci.yaml,success,27918753,lizongbo,353,20,0.0,0.0,,push,39,0,5848.0,1,success,1,c0f62d2f5b9e23c784daaac4ed9ec7e682534a27,2,57,0,0,0,2,7,1,50,0,0,1,0,2,3,0,0,0,23,0,0,0,5,0,5,1,1,0,18,1,0,50,0,0,0,0,0,0,41,0,['junit'],java-maven,464734,382819,823.738,51744,0,0,51744,1,0.0100125,0.837095,0.0,1.0,14,0,4,0,0,1,0,1
52804,8672084844,2700159,Java CI,master,c0f62d2f5b9e23c784daaac4ed9ec7e682534a27,.github/workflows/ci.yaml,success,27918753,lizongbo,352,20,0.0,0.0,,push,112,0,5843.0,1,success,1,d2a324951835ac78a1c9639bc6d97e75f111185a,2,30,6,0,0,1,15,1,21,0,0,0,0,2,2,1,0,1,8,0,0,0,0,0,0,1,1,0,18,0,0,21,0,0,0,0,0,0,41,0,['junit'],java-maven,464685,382769,823.717,51736,0,0,51736,1,0.0100125,0.82586,0.0,1.0,13,0,4,0,0,1,0,1
52805,8299844518,2700159,Java CI,master,c9db77e65365c4742841edd0fdfbedc17ea20435,.github/workflows/ci.yaml,success,27918753,lizongbo,346,19,0.0,0.0,,pull_request,9,0,5778.0,1,failure,2,7cf57c3735ce4aac277c8105edf0bd1b37973be2,3,114,29,0,0,3,80,1,63,0,0,1,0,3,4,1,0,1,26,0,0,0,7,0,7,1,1,0,18,1,0,63,0,0,0,1,0,0,41,0,['junit'],java-maven,464161,382379,823.807,51688,0,0,51688,1,0.0413016,0.60803,0.00876095,0.776155,17,0,4,0,0,1,0,1
52806,7488355337,2700159,Java CI,usingThreadMap,2a1476ef30fb3cc059c73bc7d05ee58f4dac471a,.github/workflows/ci.yaml,success,27918753,zrlw,338,33,,,,pull_request,0,0,,1,success,0,,0,0,0,0,0,0,0,0,0,0,0,0,0,0,0,0,0,0,0,0,0,0,0,0,0,0,0,0,18,0,0,0,0,0,0,0,0,0,41,0,['junit'],java-maven,461991,380604,823.834,12886,0,0,12886,1,0.0350438,0.804783,0.00876095,0.886455,26,1,2,0,0,1,0,0
52807,8222435065,2700159,Java CI,master,8c8013c8399dea109497bdcc019445a604f0827f,.github/workflows/ci.yaml,success,27918753,lizongbo,346,26,0.0,0.0,,pull_request,42,0,5768.0,1,success,1,8562eac31725a9f2171c9f5e838f3a8778148c7f,1,3,0,0,0,1,3,1,0,0,0,0,0,1,1,0,0,0,111,0,0,0,0,0,0,1,0,0,18,0,0,0,0,0,0,1,0,0,41,0,['junit'],java-maven,463864,382072,823.672,51656,0,0,51656,1,0.0425532,0.573348,0.00375469,0.811327,11,0,4,0,0,1,0,1
52808,9338655132,2700159,Java CI,master,eda229e59c3406a5b17fe7f1bc0f82f811526b46,.github/workflows/ci.yaml,success,27918753,lizongbo,366,23,0.0,2.0,{'chore'},push,25,0,5956.0,0,success,2,ba1bd2fd044d1d4e41800afda55c9c1bd18a7e2b,1,44,0,0,0,0,0,1,44,0,0,1,0,1,2,1,0,1,17,0,0,0,8,0,8,0,1,0,18,1,0,44,0,0,0,0,0,0,727,1,['junit'],java-maven,467694,385085,823.37,52032,0,0,52032,1,0.0175219,0.786777,0.0,1.0,19,0,4,0,0,1,0,1
52809,8007599322,2700159,Java CI,master,e4e44a1a5e63ce4cb9614477df1f23f68eece945,.github/workflows/ci.yaml,success,27918753,lizongbo,344,35,0.0,0.0,,push,6,0,5736.0,1,failure,1,b9d25dff73eeddb81a7e7c9a4c3f51436b2e3902,2,4,0,0,0,2,4,1,0,0,0,0,0,2,2,0,0,0,16,0,0,0,0,0,0,1,0,0,18,0,0,0,0,0,0,0,0,0,41,0,['junit'],java-maven,463149,381731,824.208,51616,0,0,51616,1,0.0525657,0.577144,0.0262829,0.639329,3,0,4,0,0,1,0,1
52810,8220557813,2700159,Java CI,master,37dbdfe4b25bde0e6a1f2358dc0e4fcaf26529a0,.github/workflows/ci.yaml,success,27918753,lizongbo,346,26,0.0,0.0,,pull_request,42,0,5766.0,1,failure,4,223eacf14d26cf57e7f62741ea9745d78df50390,10,591,7,0,0,15,479,1,119,0,0,6,0,10,16,15,0,15,229,7,0,7,22,0,22,1,1,0,18,6,0,119,0,0,0,2,0,0,41,0,['junit'],java-maven,463857,382072,823.685,51656,0,0,51656,1,0.0425532,0.536778,0.00375469,0.767787,6,0,4,0,0,1,0,1
52811,7767133650,2700159,Java CI,master,36f9ad98b56116ad9a2d264b23be038d8511eb2b,.github/workflows/ci.yaml,success,27918753,lizongbo,340,35,0.0,0.0,,push,8,0,5697.0,0,failure,1,0a9754e531cd07758e515cf9cf8dee576c77ef3f,3,25,4,0,0,3,29,1,0,0,0,0,0,3,3,0,0,0,192,1,0,1,1,0,1,1,0,0,18,0,0,0,0,0,0,0,0,0,41,0,['junit'],java-maven,462311,381036,824.198,51528,0,0,51528,1,0.0262829,0.857461,0.0112641,0.849097,13,0,4,0,0,1,0,1
52812,8393696624,2700159,Java CI,master,c2203d451457ba9b2a9d47bf747cabfd184133d8,.github/workflows/ci.yaml,success,27918753,lizongbo,348,19,0.0,0.0,,pull_request,45,0,5795.0,1,success,2,4a48c1a52ca68a4244803f4b9e3b452480111a96,3,115,8,0,0,3,37,2,59,1,1,1,0,3,4,2,0,2,125,1,0,1,7,0,7,1,1,0,18,2,0,59,0,1,0,1,0,0,41,0,['junit'],java-maven,464313,382457,823.705,51704,0,0,51704,1,0.0175219,0.695637,0.00125156,0.922596,21,0,4,0,0,1,0,1
52813,9469792856,2700159,Java CI,master,edf1b70494ba5937693939e303ff285664c67daf,.github/workflows/ci.yaml,success,27918753,lizongbo,368,25,1.0,2.0,,pull_request,39,0,5973.0,1,failure,2,b219209e621d9c550681fbcd72687fe25ab5bc55,3,4,1,0,0,3,5,1,0,0,0,0,0,3,3,0,0,0,64,1,0,1,0,0,0,1,0,0,18,0,0,0,0,0,0,1,0,0,220,1,['junit'],java-maven,467754,385122,823.343,52040,0,0,52040,1,0.00375469,0.960816,0.00125156,0.856249,5,0,4,0,0,0,0,1
52814,7643194122,2700159,Java CI,master,1634b0b94e35b860d8785731758193e3ec0ab932,.github/workflows/ci.yaml,success,27918753,lizongbo,340,35,0.0,0.0,,push,49,0,5707.0,1,success,1,21b55b4ca6568b132f0b347a4f852fc61ee735ac,3,74,1,0,0,3,19,1,56,0,0,1,0,3,4,0,0,0,26,0,0,0,7,0,7,1,1,0,18,1,0,56,0,0,0,1,0,0,41,0,['junit'],java-maven,462278,381037,824.259,12888,0,0,12888,1,0.0187735,0.862328,0.00750939,0.997318,13,0,2,0,0,1,0,1
52815,8123049982,2700159,Java CI,master,04a00216963b79d522b0f1728b0739d3ca24a773,.github/workflows/ci.yaml,success,27918753,lizongbo,345,28,0.0,0.0,,push,10,0,4519.0,1,success,1,d338d6e3c5bb7ff796b1ecbd5ebeca324decdf34,1,1,1,0,0,1,2,1,0,0,0,0,0,1,1,0,0,0,4,0,0,0,0,0,0,1,0,0,18,0,0,0,0,0,0,1,0,0,41,0,['junit'],java-maven,463336,381856,824.145,51632,0,0,51632,1,0.048811,0.492822,0.00500626,0.634088,5,0,4,0,0,1,0,1
52816,7411991529,2700159,Java CI,master,0383fd70d6326266ee7e13f97d693b9fc18e11ae,.github/workflows/ci.yaml,success,27918753,lizongbo,335,31,0.0,0.0,,push,46,0,5658.0,1,success,1,16dfab3f1965266a47ceb3c3dad5cbb8ffa10f02,3,188,0,0,0,3,73,1,115,0,0,2,0,3,5,4,0,4,133,2,0,2,14,0,14,1,1,0,18,2,0,115,0,0,0,0,0,0,41,0,['junit'],java-maven,461421,380255,824.096,12868,0,0,12868,1,0.0738423,0.790498,0.00250313,0.998436,30,0,2,0,0,1,0,1
52817,7643095274,2700159,Java CI,master,51c7062e7073f12eee99295d7762a3de40b0b772,.github/workflows/ci.yaml,success,27918753,lizongbo,340,35,0.0,0.0,,pull_request,49,0,5707.0,0,success,1,21b55b4ca6568b132f0b347a4f852fc61ee735ac,3,74,1,0,0,3,19,1,56,0,0,1,0,3,4,0,0,0,26,0,0,0,7,0,7,1,1,0,18,1,0,56,0,0,0,1,0,0,41,0,['junit'],java-maven,462278,381037,824.259,12888,0,0,12888,1,0.0187735,0.858504,0.00750939,0.997112,12,0,2,0,0,1,0,1
52818,8408782631,2700159,Java CI,master,1a9f216eb81832495f479aa8c7d619a9bd7f127e,.github/workflows/ci.yaml,success,27918753,lizongbo,348,19,0.0,0.0,,push,37,0,5796.0,1,success,6,fa195c09a326fb9ebfe870617f11da37928899c7,17,158,23,0,0,12,86,1,95,0,0,1,0,17,18,2,0,2,246,1,0,1,8,0,8,1,1,0,18,1,0,82,13,0,0,5,0,0,41,0,['junit'],java-maven,464434,382526,823.639,51712,0,0,51712,1,0.0225282,0.66432,0.00750939,0.685153,29,0,4,0,0,1,0,1
52819,9035737515,2700159,Java CI,master,035b73e0a7c9ab0af37f9f8bac07c79ebcdbbcdd,.github/workflows/ci.yaml,success,27918753,lizongbo,359,22,1.0,1.0,,pull_request,36,0,5904.0,1,failure,1,c81f364af76948e54d36c903c499667d97b4cba7,1,83,1,0,1,1,29,1,55,0,0,1,0,1,2,0,0,0,42,0,0,0,8,0,8,1,1,0,18,1,0,55,0,0,0,3,0,0,41,0,['junit'],java-maven,466268,384265,824.129,51944,0,0,51944,1,0.0525657,0.529829,0.0212766,0.587016,42,0,4,0,0,1,0,1
52820,8489669626,2700159,Java CI,master,cc4b50c5270ef5532b6be26e16f2ac9361ce7654,.github/workflows/ci.yaml,success,27918753,lizongbo,349,20,0.0,0.0,,push,94,0,5817.0,0,success,2,4ed2471840f6ca650a247c51a83e53d76088cdeb,2,42,11,0,0,2,17,1,36,0,0,1,0,2,3,0,0,0,98,0,0,0,3,0,3,1,1,0,18,1,0,36,0,0,0,0,0,0,41,0,['junit'],java-maven,464641,382748,823.75,51736,0,0,51736,1,0.0187735,0.762865,0.00750939,0.787498,30,0,4,0,0,1,0,1
52821,8439451641,2700159,Java CI,master,b891cbabfc27661b3480ce69747ee5fe3e196e20,.github/workflows/ci.yaml,success,27918753,lizongbo,349,20,0.0,0.0,,push,48,0,5804.0,1,success,1,bc380a53f88da8bee38a1d1463f403df3454fb25,3,76,3,0,0,3,22,1,57,0,0,1,0,3,4,2,0,2,28,1,0,1,7,0,7,1,1,0,18,1,0,57,0,0,0,0,0,0,41,0,['junit'],java-maven,464552,382645,823.686,51728,0,0,51728,1,0.0175219,0.742817,0.00750939,0.748123,29,0,4,0,0,1,0,1
52822,9178345404,2700159,Java CI,pr/PGTypeCastExpr-clone-impl,456622b03db519d0b4adf9d19c04045228cee824,.github/workflows/ci.yaml,success,27918753,ZhengguanLi,363,24,0.0,6.0,{'feat'},pull_request,34,0,5919.0,0,success,6,3c2e4d920b3868e174aebcfaba8960705c21b5bf,3,37,2,0,1,3,39,1,0,0,0,0,0,3,3,1,0,1,16,0,0,0,2,0,2,1,0,0,18,0,0,0,0,0,0,0,0,0,41,0,['junit'],java-maven,467271,384689,823.267,52000,0,0,52000,1,0.048811,0.82738,0.00250313,0.817044,8,0,4,0,1,1,0,0
52823,9239161253,2700159,Java CI,1.2.23,988c4c6c5ed94aeb9d46eef727a92a6b7caf47b4,.github/workflows/ci.yaml,success,27918753,wenshao,366,26,0.0,0.0,,push,0,0,,1,success,1,822141b932c8c401b8fdd39d8feea82a884f34ff,6,6,6,0,0,6,12,1,0,0,1,0,0,0,0,0,0,0,0,0,0,0,0,0,0,0,0,0,18,0,0,0,0,0,0,0,0,0,220,1,['junit'],java-maven,467378,384828,823.376,52000,0,0,52000,1,0.0425532,0.969605,0.0,1.0,2,1,4,0,0,0,0,0
52824,7432840940,2700159,Java CI,master,e0f1781ace4312abd96ee547e4cf46e10788a5d6,.github/workflows/ci.yaml,success,27918753,lizongbo,336,32,0.0,0.0,,push,5,0,5673.0,1,success,1,cb777d1cf5789c20211c1ca963c9bc02b76a8b6d,2,18,0,0,0,1,12,1,6,0,0,0,0,2,2,0,0,0,4,2,0,2,0,0,0,1,1,0,18,0,0,6,0,0,0,1,0,0,41,0,['junit'],java-maven,461449,380263,824.063,12868,0,0,12868,1,0.0738423,0.790942,0.00375469,0.92723,34,0,2,0,0,1,0,1
52825,9290207207,2700159,Java CI,master,7a12c54f37ddbe94067b10cb1d6b83fa93f9ab07,.github/workflows/ci.yaml,success,27918753,lizongbo,366,25,1.0,1.0,,pull_request,39,0,5950.0,1,success,1,61107736d141476c430b9c2c8c0e2160addb5b69,2,123,2,0,1,2,24,1,101,0,0,1,0,2,3,0,0,0,51,0,0,0,10,0,10,1,1,0,18,1,0,101,0,0,0,0,0,0,220,1,['junit'],java-maven,467609,384996,823.329,52024,0,0,52024,1,0.0362954,0.65971,0.0,1.0,47,0,4,0,0,1,0,1
52826,9238843310,2700159,Java CI,master,822141b932c8c401b8fdd39d8feea82a884f34ff,.github/workflows/ci.yaml,success,27918753,wenshao,366,26,0.0,1.0,{'fix'},push,0,0,,0,success,1,9b45ad168bd416b06b94d155ae2aeeb533f7c005,1,2,2,0,0,1,4,1,0,0,0,0,0,1,1,0,0,0,16,0,0,0,0,0,0,1,0,0,18,0,0,0,0,0,0,0,0,0,727,1,['junit'],java-maven,467378,384828,823.376,52000,0,0,52000,1,0.0425532,0.964539,0.0,1.0,1,1,4,0,0,1,0,1
52827,8393654426,2700159,Java CI,master,087094ed63e651093612d6407c6fc14a239f03e7,.github/workflows/ci.yaml,success,27918753,lizongbo,348,19,0.0,0.0,,pull_request,45,0,5795.0,0,success,1,4a48c1a52ca68a4244803f4b9e3b452480111a96,3,88,8,0,0,3,37,1,59,0,0,1,0,3,4,2,0,2,125,1,0,1,7,0,7,1,1,0,18,1,0,59,0,0,0,1,0,0,41,0,['junit'],java-maven,464288,382457,823.75,51704,0,0,51704,1,0.0175219,0.68839,0.00125156,0.916145,20,0,4,0,0,1,0,1
52828,9065972041,2700159,Java CI,master,b7e7a4d34bc5990e78a73ac40089f2f6917b848a,.github/workflows/ci.yaml,success,27918753,lizongbo,363,26,1.0,1.0,,pull_request,39,0,5910.0,1,success,1,94b7d8e3150050978035c8bdbfdb6eeb14fa3de5,5,45,5,0,1,4,13,1,37,0,0,1,0,5,6,0,0,0,131,0,0,0,8,0,8,1,1,0,18,1,0,36,1,0,0,2,0,0,41,0,['junit'],java-maven,467172,384597,823.245,51976,0,0,51976,1,0.0563204,0.515423,0.0125156,0.651439,44,0,4,0,0,1,0,1
52829,9339806317,2700159,Java CI,master,43c0d610c17f4320e590c238911d6b3ebffe4007,.github/workflows/ci.yaml,success,27918753,lizongbo,366,23,1.0,1.0,,pull_request,39,0,5961.0,1,success,1,eda229e59c3406a5b17fe7f1bc0f82f811526b46,3,76,3,0,1,2,40,1,39,0,0,1,0,3,4,5,0,5,78,1,0,1,8,0,8,1,1,0,18,1,0,38,1,0,0,1,0,0,220,1,['junit'],java-maven,467752,385122,823.347,52040,0,0,52040,1,0.0162703,0.794258,0.0,1.0,17,0,4,0,0,1,0,1
52830,8222436323,2700159,Java CI,master,701a656649c609060232d9bb063747f0da913eb7,.github/workflows/ci.yaml,success,27918753,lizongbo,346,26,0.0,0.0,,push,42,0,5768.0,1,success,1,8562eac31725a9f2171c9f5e838f3a8778148c7f,1,3,0,0,0,1,3,1,0,0,0,0,0,1,1,0,0,0,111,0,0,0,0,0,0,1,0,0,18,0,0,0,0,0,0,1,0,0,41,0,['junit'],java-maven,463864,382072,823.672,51656,0,0,51656,1,0.0425532,0.584288,0.00375469,0.822425,12,0,4,0,0,1,0,1
52831,9290480875,2700159,Java CI,master,0f9c94dbc72634058c3f82501de4bee4313f2fcd,.github/workflows/ci.yaml,success,27918753,lizongbo,366,25,1.0,1.0,,push,39,0,5950.0,1,success,1,61107736d141476c430b9c2c8c0e2160addb5b69,2,123,2,0,1,2,24,1,101,0,0,1,0,2,3,0,0,0,51,0,0,0,10,0,10,1,1,0,18,1,0,101,0,0,0,0,0,0,727,1,['junit'],java-maven,467609,384996,823.329,52024,0,0,52024,1,0.0350438,0.673308,0.0,1.0,48,0,4,0,0,1,0,1
52832,9035089089,2700159,Java CI,master,8f47e07867752b0000be741f888d2f8b52b933ad,.github/workflows/ci.yaml,success,27918753,lizongbo,359,22,1.0,1.0,,pull_request,45,0,5903.0,1,success,1,86f4acf7ae8fd774aace7b4e8af553321e22c350,1,44,1,0,1,1,6,1,39,0,0,1,0,1,2,0,0,0,76,0,0,0,8,0,8,1,1,0,18,1,0,39,0,0,0,0,0,0,41,0,['junit'],java-maven,466199,384210,824.133,51936,0,0,51936,1,0.0513141,0.530732,0.0225282,0.586855,41,0,4,0,0,1,0,1
52833,9194728803,2700159,Java CI,master,a89d5bd6fc6d4e58dea8c690cd3d48cf6010664f,.github/workflows/ci.yaml,success,27918753,lizongbo,363,24,0.0,8.0,{'feat'},push,34,0,5919.0,0,success,8,3c2e4d920b3868e174aebcfaba8960705c21b5bf,4,177,4,0,0,4,42,1,139,0,0,3,0,4,7,1,0,1,28,0,0,0,18,0,18,1,1,0,18,3,0,139,0,0,0,0,0,0,727,1,['junit'],java-maven,467371,384828,823.389,52000,0,0,52000,1,0.0463079,0.568422,0.00250313,0.997914,46,0,4,0,0,1,0,1
52834,7962105348,2700159,Java CI,master,ef9a6b9ae528dde6652c7a3b7c3ead3f638b4ef0,.github/workflows/ci.yaml,success,27918753,lizongbo,343,35,0.0,0.0,,push,51,0,5728.0,1,failure,2,b504562db1a9bde8b50e5fe725bb9e2dbee7a3b0,1,99,0,0,0,1,99,1,0,0,0,0,0,1,1,0,0,0,5,0,0,0,0,0,0,1,0,0,18,0,0,0,0,0,0,0,0,0,41,0,['junit'],java-maven,462582,381243,824.163,51552,0,0,51552,1,0.0312891,0.697909,0.00876095,0.744524,3,0,4,0,0,1,0,1
52835,7638545820,2700159,Java CI,master,21b55b4ca6568b132f0b347a4f852fc61ee735ac,.github/workflows/ci.yaml,success,27918753,wenshao,340,35,0.0,0.0,,push,49,0,5706.0,0,success,4,0884b37ec9d525951d0537ca3904578cb081b5db,3,95,40,0,0,2,100,1,35,0,0,0,0,3,3,5,1,6,143,1,1,2,1,0,1,1,1,0,18,0,0,35,0,0,0,2,0,0,41,0,['junit'],java-maven,462221,380981,824.24,12886,0,0,12886,1,0.0187735,0.98659,0.00750939,0.993742,2,1,2,0,0,1,0,1
52836,9195433949,2700159,Java CI,master,a8d20a204aef87749314a6e25681c91ad73835dc,.github/workflows/ci.yaml,success,27918753,lizongbo,363,24,0.0,1.0,,push,31,0,5931.0,1,success,1,a340e0b800c3877a95a63428f14a53c5fe5469c1,1,4,0,0,0,1,4,1,0,0,0,0,0,1,1,0,0,0,11,0,0,0,0,0,0,1,0,0,18,0,0,0,0,0,0,1,0,0,727,1,['junit'],java-maven,467374,384828,823.383,52000,0,0,52000,1,0.0450563,0.586855,0.00250313,0.998609,46,0,4,0,0,1,0,1
52837,7450169531,2700159,Java CI,master,af82ef8814eefe82600f3ed44043fd4e9485c9b8,.github/workflows/ci.yaml,success,27918753,lizongbo,336,31,0.0,0.0,,push,40,0,5675.0,1,success,2,39cde02442d0b27fa54b2a2b858c6a140416b59a,4,60,15,0,0,2,6,1,69,0,0,1,0,4,5,2,2,4,132,1,1,2,9,1,10,1,1,0,18,1,0,55,14,0,0,1,0,0,41,0,['junit'],java-maven,461517,380345,824.119,12872,0,0,12872,1,0.0463079,0.903838,0.00500626,0.848748,29,0,2,0,0,1,0,1
52838,7637292084,2700159,Java CI,fixConnectionProperties,87e0c8b3be47974070eeb78cdc45ae04dd97fef8,.github/workflows/ci.yaml,success,27918753,zrlw,340,35,0.0,0.0,,pull_request,49,0,5706.0,1,success,3,0884b37ec9d525951d0537ca3904578cb081b5db,3,79,40,0,0,2,100,1,19,0,0,0,0,3,3,3,1,4,143,1,1,2,1,0,1,1,1,0,18,0,0,19,0,0,0,2,0,0,41,0,['junit'],java-maven,462207,380965,824.23,12882,0,0,12882,1,0.0187735,0.943409,0.00750939,0.995828,3,1,2,0,0,1,0,0
52839,8791243390,2700159,Java CI,Name-keyword-in-Oracle-XMLELEMENT-function,2dbcc9d93125108ebaa0d4bd08657813c66cf2b7,.github/workflows/ci.yaml,success,27918753,ZhengguanLi,353,18,0.0,0.0,,pull_request,36,0,5863.0,1,failure,1,cf165de09f6da8ad823156a9400ec50bfb25e726,1,54,0,0,0,1,9,1,45,0,0,1,0,1,2,0,0,0,42,0,0,0,6,0,6,1,1,0,18,1,0,45,0,0,0,0,0,0,41,0,['junit'],java-maven,464776,382864,823.76,51760,0,0,51760,1,0.00876095,0.89562,0.00625782,0.852673,3,0,4,0,1,0,0,0
52840,7670690107,2700159,Java CI,chore-github-action-build,cf3cf6bfe3f415b916731dc2d7f5a385a8576866,.github/workflows/ci.yaml,success,27918753,qxo,340,35,0.0,0.0,,pull_request,16,0,5711.0,0,success,1,1634b0b94e35b860d8785731758193e3ec0ab932,1,4,4,0,0,0,0,1,0,0,0,0,0,0,0,0,0,0,0,0,0,0,0,0,0,0,0,0,18,0,0,0,0,0,1,0,0,0,41,0,['junit'],java-maven,462278,381037,824.259,51528,0,0,51528,1,0.0187735,0.645307,0.00750939,0.597497,2,1,4,0,0,0,0,0
52841,7450346032,2700159,Java CI,master,c126b968a0287296e5890cbdf87da8f957eca526,.github/workflows/ci.yaml,success,27918753,lizongbo,336,31,0.0,0.0,,pull_request,2,0,5678.0,1,failure,1,ef981f4b0f8f6b6a450b26ccce629a7ea59cb5e0,1,0,0,0,0,0,0,1,0,0,0,1,0,0,1,0,0,0,0,0,0,0,2,0,2,0,1,0,18,0,0,0,0,0,0,0,0,0,41,0,['junit'],java-maven,461676,380517,824.208,12874,0,0,12874,1,0.0475594,0.893356,0.00625782,0.824727,28,0,2,0,0,1,0,1
52842,8672081799,2700159,Java CI,master,d2a324951835ac78a1c9639bc6d97e75f111185a,.github/workflows/ci.yaml,success,27918753,lizongbo,352,20,0.0,0.0,,push,9,0,5838.0,1,success,1,c933dd837e841824981a46639b8487aa3d1e70c0,3,5,0,0,0,3,5,1,0,0,0,0,0,3,3,0,0,0,64,1,0,1,0,0,0,1,0,0,18,0,0,0,0,0,0,1,0,0,41,0,['junit'],java-maven,464662,382748,823.713,51736,0,0,51736,1,0.0100125,0.819641,0.0,1.0,13,0,4,0,0,0,0,1
52843,7448332185,2700159,Java CI,master,0dbe7b381a12da1ada3b35ddb8d167d63f642ece,.github/workflows/ci.yaml,success,27918753,lizongbo,336,31,0.0,0.0,,pull_request,40,0,5675.0,0,success,2,39cde02442d0b27fa54b2a2b858c6a140416b59a,4,60,15,0,0,2,6,1,69,0,0,1,0,4,5,2,2,4,132,1,1,2,9,1,10,1,1,0,18,1,0,55,14,0,0,1,0,0,41,0,['junit'],java-maven,461517,380345,824.119,12872,0,0,12872,1,0.0463079,0.903838,0.00500626,0.840788,27,0,2,0,0,1,0,1
52844,7385193002,2700159,Java CI,fixInitedLatch,c278c733d9b7dfdd17a78f10cf89ba435d51e0b8,.github/workflows/ci.yaml,success,27918753,zrlw,335,31,0.0,0.0,,pull_request,44,0,5661.0,0,failure,1,460c5ceb359f3cd949f26d60898e53b5d4853cc0,2,21,6,0,0,1,25,1,2,0,0,0,0,2,2,0,0,0,42,0,1,1,0,0,0,1,1,0,18,0,0,2,0,0,0,4,0,0,41,0,['junit'],java-maven,461315,380142,824.04,12868,0,0,12868,1,0.0876095,0.716138,0.00125156,0.998957,45,1,2,0,0,0,0,0
52845,8672080693,2700159,Java CI,master,c933dd837e841824981a46639b8487aa3d1e70c0,.github/workflows/ci.yaml,success,27918753,lizongbo,352,20,0.0,0.0,,push,20,0,5839.0,0,success,1,34bd5f138d3038987fdc06d3099fe802accf5887,1,6,0,0,0,1,6,1,0,0,0,0,0,1,1,0,0,0,8,0,0,0,0,0,0,1,0,0,18,0,0,0,0,0,0,0,0,0,41,0,['junit'],java-maven,464658,382748,823.72,51736,0,0,51736,1,0.0100125,0.812961,0.0,1.0,13,0,4,0,0,1,0,1
52846,7488568172,2700159,Java CI,usingThreadMap,d9f8acf2630c79a78547d8ce3acb1d0b7044bf17,.github/workflows/ci.yaml,success,27918753,zrlw,338,33,,,,pull_request,0,0,,1,success,0,,0,0,0,0,0,0,0,0,0,0,0,0,0,0,0,0,0,0,0,0,0,0,0,0,0,0,0,0,18,0,0,0,0,0,0,0,0,0,41,0,['junit'],java-maven,461992,380604,823.832,12886,0,0,12886,1,0.0350438,0.80885,0.00876095,0.892431,26,1,2,0,0,0,0,0
52847,7599962016,2700159,Java CI,feat-monitor-with-3rd-ds,1dbbb1c4e53b767beda76a0450dc7659cdadf67c,.github/workflows/ci.yaml,success,27918753,qxo,339,34,0.0,0.0,,pull_request,4,0,5699.0,1,failure,1,7c5ca9b855eb186938a878ab5e871d3b9d63ca16,21,252,636,0,0,14,420,4,460,1,1,1,5,16,22,2,5,7,204,1,1,2,13,91,104,1,1,0,18,1,5,13,447,0,1,14,0,0,41,0,['junit'],java-maven,461931,380603,823.939,12878,0,0,12878,1,0.0212766,0.62598,0.00750939,0.568747,2,1,2,0,0,0,0,0
52848,7573976483,2700159,Java CI,master,b1ac216f4fc6e9b6e58eed86c4e247a1180cf978,.github/workflows/ci.yaml,success,27918753,lizongbo,339,34,0.0,0.0,,push,37,0,5695.0,1,success,1,ed00cabc48aa329371bec3b6e5a692510d1f1bb2,2,61,2,0,0,2,19,1,44,0,0,1,0,2,3,0,0,0,23,0,0,0,10,0,10,1,1,0,18,1,0,44,0,0,0,1,0,0,41,0,['junit'],java-maven,461910,380601,823.972,12878,0,0,12878,1,0.0137672,0.831039,0.0,1.0,12,0,2,0,0,1,0,1
52849,8222509791,2700159,Java CI,master,d7c12e6c4245cbac11b73b489ea79d7189fa18f5,.github/workflows/ci.yaml,success,27918753,lizongbo,346,26,0.0,0.0,,pull_request,7,0,5769.0,1,success,1,701a656649c609060232d9bb063747f0da913eb7,2,52,1,0,0,2,11,1,42,0,0,1,0,2,3,0,0,0,5,0,0,0,8,0,8,1,1,0,18,1,0,42,0,0,0,1,0,0,41,0,['junit'],java-maven,463903,382114,823.694,51664,0,0,51664,1,0.0425532,0.594681,0.00375469,0.83229,12,0,4,0,0,1,0,1
52850,8482156848,2700159,Java CI,master,5c63a6ebcfb691a744a115eda7939fffee854920,.github/workflows/ci.yaml,success,27918753,lizongbo,349,20,0.0,0.0,,pull_request,36,0,5818.0,0,failure,1,920c53a71d3eb4934cc92a84683ff0e4ccf43132,2,75,6,0,0,2,14,1,67,0,0,1,0,2,3,0,0,0,16,0,0,0,10,0,10,1,1,0,18,1,0,67,0,0,0,1,0,0,41,0,['junit'],java-maven,464616,382712,823.717,51736,0,0,51736,1,0.0187735,0.753186,0.00876095,0.759819,29,0,4,0,0,1,0,1
52851,8439304868,2700159,Java CI,master,72719f8e6e35d5488841beb94e113b4668d1e39d,.github/workflows/ci.yaml,success,27918753,lizongbo,348,19,0.0,0.0,,pull_request,48,0,5804.0,1,success,1,bc380a53f88da8bee38a1d1463f403df3454fb25,3,76,3,0,0,3,22,1,57,0,0,1,0,3,4,2,0,2,28,1,0,1,7,0,7,1,1,0,18,1,0,57,0,0,0,0,0,0,41,0,['junit'],java-maven,464552,382645,823.686,51728,0,0,51728,1,0.0175219,0.737226,0.00750939,0.734866,28,0,4,0,0,1,0,1
52852,9241486862,2700159,Java CI,fix-typo-deprecated-wallconfig,48bd0dd529546ada055c10ea7eea23314f41bbe8,.github/workflows/ci.yaml,success,27918753,ice2shell,366,26,0.0,3.0,"{'feat', 'fix'}",pull_request,27,0,5943.0,0,success,3,409347f91b19a2bebaae40e3d9fb0e1c12649694,7,65,18,0,0,2,73,1,10,0,0,0,0,7,7,3,0,3,137,2,2,4,0,0,0,1,1,0,18,0,0,5,5,0,0,7,0,0,220,1,['junit'],java-maven,467395,384828,823.346,52000,0,0,52000,1,0.0425532,0.969605,0.0,1.0,1,0,4,0,0,0,0,0
52853,8305851825,2700159,Java CI,master,fdbc6ab727ba88d7e9594d95046c55b1edfcf9c8,.github/workflows/ci.yaml,success,27918753,lizongbo,346,19,0.0,0.0,,pull_request,3,0,5779.0,0,success,1,20f7d54ad1489c382b5859addc30f6f1207e6b45,4,5,41,1,0,3,45,2,0,1,1,0,0,3,3,0,2,2,79,0,1,1,0,2,2,1,0,0,18,0,0,0,0,0,0,3,0,0,41,0,['junit'],java-maven,464161,382379,823.807,51688,0,0,51688,1,0.0413016,0.623402,0.00876095,0.791593,19,0,4,0,0,1,0,1
52854,9082911117,2700159,Java CI,master,4155fed4cfa1260e0b7f7bbc3d6d71b662737ebe,.github/workflows/ci.yaml,success,27918753,lizongbo,363,26,1.0,1.0,,pull_request,38,0,5914.0,1,failure,1,cddd2cb4f93a5d5ea279d8360d9680321332c174,1,63,9,0,1,1,15,1,57,0,0,1,0,1,2,0,0,0,42,0,0,0,9,0,9,1,1,0,18,1,0,57,0,0,0,1,0,0,41,0,['junit'],java-maven,467241,384689,823.32,52000,0,0,52000,1,0.057572,0.52088,0.0125156,0.687497,46,0,4,0,0,1,0,1
52855,8650117197,2700159,Java CI,master,34bd5f138d3038987fdc06d3099fe802accf5887,.github/workflows/ci.yaml,success,27918753,lizongbo,352,20,0.0,0.0,,push,17,0,5836.0,0,success,1,27a5a26a7c58ae5b20284202f9dc92dca6af69e5,1,7,2,0,0,1,9,1,0,0,0,0,0,1,1,0,0,0,8,0,0,0,0,0,0,1,0,0,18,0,0,0,0,0,0,0,0,0,41,0,['junit'],java-maven,464652,382748,823.73,51736,0,0,51736,1,0.0112641,0.804635,0.00125156,0.999106,16,0,4,0,0,1,0,1
52856,7544890705,2700159,Java CI,master,ed00cabc48aa329371bec3b6e5a692510d1f1bb2,.github/workflows/ci.yaml,success,27918753,lizongbo,338,33,0.0,0.0,,push,38,0,5692.0,0,success,1,0ccac578070f2d07f0681948f766687113fa1367,2,2,14,0,0,2,16,1,0,0,1,0,0,2,2,0,2,2,4,0,0,0,0,2,2,1,0,0,18,0,0,0,0,0,0,0,0,0,41,0,['junit'],java-maven,461863,380557,823.961,12876,0,0,12876,1,0.0162703,0.847966,0.00125156,0.888194,18,0,2,0,0,1,0,1
52857,7510450105,2700159,Java CI,usingThreadMap,49c6bb657ff1842a399f566eed7f16cd87294bc5,.github/workflows/ci.yaml,success,27918753,zrlw,338,33,,,,pull_request,0,0,,1,success,0,,0,0,0,0,0,0,0,0,0,0,0,0,0,0,0,0,0,0,0,0,0,0,0,0,0,0,0,0,18,0,0,0,0,0,0,0,0,0,41,0,['junit'],java-maven,461880,380603,824.03,12886,0,0,12886,1,0.0275344,0.857247,0.00876095,0.918248,15,1,2,0,0,0,0,0
52858,8306879474,2700159,Java CI,1.2.22,e24a876a122edd4c30e62072895c8d501af1cc17,.github/workflows/ci.yaml,success,27918753,wenshao,346,19,0.0,0.0,,push,0,0,,0,success,1,b4385dde3b3bd0a42ac8b5fa992eb2eb6558e241,6,6,6,0,0,6,12,1,0,0,1,0,0,0,0,0,0,0,0,0,0,0,0,0,0,0,0,0,18,0,0,0,0,0,0,0,0,0,41,0,['junit'],java-maven,464194,382379,823.748,51688,0,0,51688,1,0.0400501,0.97775,0.00876095,0.994524,3,1,4,0,0,0,0,0
52859,7685170746,2700159,Java CI,feat-monitor-with-3rd-ds,ba016730066c967d7777eb1d365c72033d39cd3e,.github/workflows/ci.yaml,success,27918753,qxo,340,35,0.0,0.0,,pull_request,4,0,5699.0,1,failure,2,7c5ca9b855eb186938a878ab5e871d3b9d63ca16,21,252,639,0,0,14,420,4,463,1,1,1,5,16,22,2,5,7,204,1,1,2,13,93,106,1,1,0,18,1,5,13,450,0,1,14,0,0,41,0,['junit'],java-maven,461929,380600,823.936,51528,0,0,51528,1,0.0237797,0.555244,0.00500626,0.634088,3,1,4,0,0,0,0,0
52860,8947554218,2700159,Java CI,master,6ed2dfb3da050eb2652432715106c0c7f369e00a,.github/workflows/ci.yaml,success,27918753,lizongbo,356,19,1.0,1.0,,pull_request,42,0,5881.0,1,success,1,0c432cb1ac20c6cb1979c666f12a5014e927a240,2,61,2,0,0,2,15,1,48,0,0,1,0,2,3,0,0,0,8,0,0,0,8,0,8,1,1,0,18,1,0,48,0,0,0,1,0,0,41,0,['junit'],java-maven,465322,383405,823.956,51840,0,0,51840,1,0.0312891,0.583556,0.0137672,0.652799,23,0,4,0,0,1,0,1
52861,7419865317,2700159,Java CI,usingThreadMap,864f37fa1933c0726e2b3fbfc982672069259151,.github/workflows/ci.yaml,success,27918753,zrlw,336,32,,,,pull_request,0,0,,0,success,0,,0,0,0,0,0,0,0,0,0,0,0,0,0,0,0,0,0,0,0,0,0,0,0,0,0,0,0,0,18,0,0,0,0,0,0,0,0,0,41,0,['junit'],java-maven,461443,380217,823.974,12876,0,0,12876,1,0.0738423,0.819823,0.00250313,0.998609,39,1,2,0,0,1,0,0
52862,8213008844,2700159,Java CI,master,08eff8654d146a8d906050a44333de310ef8ff56,.github/workflows/ci.yaml,success,27918753,lizongbo,346,26,0.0,0.0,,pull_request,8,0,5764.0,1,failure,1,04355434ae19daee327bf580f0fcbf48af408312,2,52,0,0,0,2,24,1,28,0,0,1,0,2,3,2,0,2,20,0,0,0,8,0,8,1,1,0,18,1,0,28,0,0,0,0,0,0,41,0,['junit'],java-maven,463402,381911,824.146,51640,0,0,51640,1,0.0387985,0.528786,0.00125156,0.874218,3,0,4,0,0,1,0,1
52863,9274047376,2700159,Java CI,master,61107736d141476c430b9c2c8c0e2160addb5b69,.github/workflows/ci.yaml,success,27918753,lizongbo,366,25,1.0,1.0,,push,36,0,5949.0,1,success,1,a61ac5905fffe7f0f177f4aba3383c71498116e7,5,93,19,0,1,2,17,1,95,0,0,1,0,5,6,0,0,0,99,0,0,0,8,0,8,1,1,0,18,1,0,81,14,0,0,3,0,0,727,1,['junit'],java-maven,467501,384895,823.303,52008,0,0,52008,1,0.0387985,0.637413,0.0,1.0,47,0,4,0,0,1,0,1
52864,7399313423,2700159,Java CI,master,b5258bab491e6dc2200a31f44d200c5a11599c07,.github/workflows/ci.yaml,success,27918753,lizongbo,335,31,0.0,0.0,,push,25,0,5657.0,0,success,1,460c5ceb359f3cd949f26d60898e53b5d4853cc0,1,2,1,1,0,0,0,1,0,0,0,0,0,0,0,0,0,0,0,0,0,0,0,0,0,0,0,0,18,0,0,0,0,0,0,0,0,0,41,0,['junit'],java-maven,461304,380140,824.055,12868,0,0,12868,1,0.0851064,0.787866,0.00125156,0.998957,30,0,2,0,0,1,0,1
52865,7469300014,2700159,Java CI,usingThreadMap,ca25c4ab79d7771bc1138194c061965416fbc303,.github/workflows/ci.yaml,success,27918753,zrlw,338,33,,,,pull_request,0,0,,0,success,0,,0,0,0,0,0,0,0,0,0,0,0,0,0,0,0,0,0,0,0,0,0,0,0,0,0,0,0,0,18,0,0,0,0,0,0,0,0,0,41,0,['junit'],java-maven,461755,380564,824.169,12884,0,0,12884,1,0.0475594,0.811474,0.0100125,0.853567,27,1,2,0,0,0,0,0
52866,7497706695,2700159,Java CI,usingThreadMap,9fccf53e67a2dc31dfcaefa1b47f77c91c31e5e9,.github/workflows/ci.yaml,success,27918753,zrlw,338,33,,,,pull_request,0,0,,1,success,0,,0,0,0,0,0,0,0,0,0,0,0,0,0,0,0,0,0,0,0,0,0,0,0,0,0,0,0,0,18,0,0,0,0,0,0,0,0,0,41,0,['junit'],java-maven,462000,380604,823.818,12886,0,0,12886,1,0.0312891,0.822686,0.00876095,0.89781,20,1,2,0,0,0,0,0
52867,7527958330,2700159,Java CI,usingUnfairLockByDefault,63d294b6ba86ef7f1ea3f1ba8b3b481a86b33a66,.github/workflows/ci.yaml,success,27918753,zrlw,338,33,0.0,0.0,,pull_request,17,0,5688.0,0,success,1,0ccac578070f2d07f0681948f766687113fa1367,10,362,105,0,0,9,156,2,311,1,1,3,0,4,7,0,0,0,142,0,0,0,75,0,75,1,1,0,18,3,0,308,3,0,0,1,0,0,41,0,['junit'],java-maven,462113,380862,824.175,12876,0,0,12876,1,0.0225282,0.875301,0.00500626,0.927677,5,1,2,0,0,0,0,0
52868,7637350570,2700159,Java CI,fixConnectionProperties,c06c8f4d3b3b81c45cc33eb8b58043afbb2a909e,.github/workflows/ci.yaml,success,27918753,zrlw,340,35,0.0,0.0,,pull_request,49,0,5706.0,1,success,4,0884b37ec9d525951d0537ca3904578cb081b5db,3,95,40,0,0,2,100,1,35,0,0,0,0,3,3,5,1,6,143,1,1,2,1,0,1,1,1,0,18,0,0,35,0,0,0,2,0,0,41,0,['junit'],java-maven,462221,380981,824.24,12886,0,0,12886,1,0.0187735,0.944898,0.00750939,0.996245,3,1,2,0,0,0,0,0
52869,7411997868,2700159,Java CI,master,8c125eb08a304844c98d8a662f6d4801f7b007fc,.github/workflows/ci.yaml,success,27918753,lizongbo,335,31,0.0,0.0,,push,44,0,5661.0,1,success,1,0383fd70d6326266ee7e13f97d693b9fc18e11ae,2,21,6,0,0,1,25,1,2,0,0,0,0,2,2,0,0,0,42,0,1,1,0,0,0,1,1,0,18,0,0,2,0,0,0,4,0,0,41,0,['junit'],java-maven,461432,380257,824.08,12868,0,0,12868,1,0.0738423,0.792532,0.00250313,0.998609,30,0,2,0,0,1,0,1
52870,8941439948,2700159,Java CI,master,a04b160df17b08045e8a8ed2f74f26d7e455a5d0,.github/workflows/ci.yaml,success,27918753,lizongbo,356,20,1.0,1.0,,push,36,0,5876.0,0,success,1,0c1332acdbbdc5984cb42d33a54816d8793a8be2,0,51,0,0,0,0,0,1,51,0,0,1,0,0,1,0,0,0,0,0,0,0,8,0,8,0,1,0,18,1,0,51,0,0,0,0,0,0,41,0,['junit'],java-maven,465169,383257,823.909,51824,0,0,51824,1,0.0300375,0.534611,0.0112641,0.588349,20,0,4,0,0,1,0,1
52871,8305852354,2700159,Java CI,master,b4385dde3b3bd0a42ac8b5fa992eb2eb6558e241,.github/workflows/ci.yaml,success,27918753,lizongbo,346,19,0.0,0.0,,push,3,0,5779.0,1,success,1,20f7d54ad1489c382b5859addc30f6f1207e6b45,1,1,0,1,0,0,0,1,0,0,0,0,0,0,0,0,0,0,0,0,0,0,0,0,0,0,0,0,18,0,0,0,0,0,0,0,0,0,41,0,['junit'],java-maven,464194,382379,823.748,51688,0,0,51688,1,0.0413016,0.630644,0.00876095,0.79854,20,0,4,0,0,1,0,1
52872,7529908496,2700159,Java CI,fixEmptySignal,505bbe01f9afeac24b92b6508cb5c4200dbb590e,.github/workflows/ci.yaml,success,27918753,zrlw,338,33,0.0,0.0,,pull_request,38,0,5691.0,1,success,1,0ccac578070f2d07f0681948f766687113fa1367,1,24,15,0,0,1,39,1,0,0,0,0,0,1,1,0,0,0,43,0,0,0,0,0,0,1,0,0,18,0,0,0,0,0,0,0,0,0,41,0,['junit'],java-maven,461881,380557,823.929,12876,0,0,12876,1,0.0212766,0.899844,0.00500626,0.930171,5,1,2,0,0,0,0,0
52873,7636907689,2700159,Java CI,fixConnectionProperties,e84bf88dbf20c2fad46a67cf5124992f87fe7a1d,.github/workflows/ci.yaml,success,27918753,zrlw,340,35,0.0,0.0,,pull_request,49,0,5706.0,1,success,2,0884b37ec9d525951d0537ca3904578cb081b5db,3,58,30,0,0,2,69,1,19,0,0,0,0,3,3,3,1,4,143,1,1,2,1,0,1,1,1,0,18,0,0,19,0,0,0,2,0,0,41,0,['junit'],java-maven,462195,380965,824.252,12882,0,0,12882,1,0.0187735,0.941837,0.00750939,0.995307,3,1,2,0,0,0,0,0
52874,8947364663,2700159,Java CI,master,0c432cb1ac20c6cb1979c666f12a5014e927a240,.github/workflows/ci.yaml,success,27918753,lizongbo,356,19,0.0,2.0,"{'chore', 'feat'}",push,9,0,5877.0,1,success,2,50de16a8dbc6e266711323ee6de81f534cb39ea9,1,52,0,0,0,1,4,1,48,0,0,1,0,1,2,0,0,0,27,0,0,0,7,0,7,1,1,0,18,1,0,48,0,0,0,1,0,0,41,0,['junit'],java-maven,465278,383357,823.931,51832,0,0,51832,1,0.0312891,0.574301,0.0137672,0.640399,23,0,4,0,0,1,0,1
52875,7411978867,2700159,Java CI,master,16dfab3f1965266a47ceb3c3dad5cbb8ffa10f02,.github/workflows/ci.yaml,success,27918753,lizongbo,335,31,0.0,0.0,,push,3,0,5647.0,0,success,3,b5258bab491e6dc2200a31f44d200c5a11599c07,2,42,62,0,0,3,104,1,0,0,0,1,0,2,3,0,2,2,4,0,4,4,7,9,16,1,0,0,18,1,0,0,0,0,0,0,0,0,41,0,['junit'],java-maven,461285,380140,824.089,12868,0,0,12868,1,0.0738423,0.788424,0.00250313,0.998212,30,0,2,0,0,1,0,1
52876,7385662447,2700159,Java CI,support_xmlserialize,937804a03d242e6deb2ab9ac2e9ac874f20008ea,.github/workflows/ci.yaml,success,27918753,qxo,335,31,,,,pull_request,0,0,,0,success,0,,0,0,0,0,0,0,0,0,0,0,0,0,0,0,0,0,0,0,0,0,0,0,0,0,0,0,0,0,18,0,0,0,0,0,0,0,0,0,41,0,['junit'],java-maven,461437,380255,824.067,12868,0,0,12868,1,0.0876095,0.756195,0.00125156,0.874218,2,1,2,0,0,0,0,0
52877,7793507177,2700159,Java CI,master,502a59df1f5f5da0f193796f29a560a3475db3b7,.github/workflows/ci.yaml,success,27918753,nyoungo,344,38,0.0,0.0,,pull_request,41,0,5730.0,0,success,3,e67b2f47112cd566827a5e6aa14fca96cd0fc789,6,82,12,0,0,3,26,1,68,0,0,1,0,6,7,0,0,0,140,0,0,0,4,0,4,1,1,0,18,1,0,57,11,0,0,3,0,0,41,0,['junit'],java-maven,462443,381141,824.19,51528,0,0,51528,1,0.0337922,0.72888,0.0175219,0.739049,1,0,4,0,0,1,0,1
52878,7450400322,2700159,Java CI,master,6815c4b77378f6cf416590e5ca5a44046744d0a3,.github/workflows/ci.yaml,success,27918753,lizongbo,336,31,0.0,0.0,,push,2,0,5678.0,1,success,1,ef981f4b0f8f6b6a450b26ccce629a7ea59cb5e0,1,0,0,0,0,0,0,1,0,0,0,1,0,0,1,0,0,0,0,0,0,0,2,0,2,0,1,0,18,0,0,0,0,0,0,0,0,0,41,0,['junit'],java-maven,461676,380517,824.208,12874,0,0,12874,1,0.0475594,0.894456,0.00625782,0.83203,29,0,2,0,0,1,0,1
52879,8215071053,2700159,Java CI,master,223eacf14d26cf57e7f62741ea9745d78df50390,.github/workflows/ci.yaml,success,27918753,lizongbo,346,26,0.0,0.0,,push,36,0,5765.0,1,success,2,65f07c146bab23591123fa171d2a4044f0888b08,2,53,3,0,0,1,8,1,48,0,0,1,0,2,3,0,0,0,3,0,0,0,10,0,10,1,1,0,18,1,0,45,3,0,0,2,0,0,41,0,['junit'],java-maven,463442,381953,824.166,51648,0,0,51648,1,0.0387985,0.574387,0.0,1.0,6,0,4,0,0,1,0,1
52880,7411299827,2700159,Java CI,usingThreadMap,8f98a1a522502fdcaf4501261cccc1c059d33fa8,.github/workflows/ci.yaml,success,27918753,zrlw,335,31,,,,pull_request,0,0,,1,success,0,,0,0,0,0,0,0,0,0,0,0,0,0,0,0,0,0,0,0,0,0,0,0,0,0,0,0,0,0,18,0,0,0,0,0,0,0,0,0,41,0,['junit'],java-maven,461333,380101,823.919,12876,0,0,12876,1,0.0738423,0.819823,0.00250313,0.998436,38,1,2,0,0,0,0,0
52881,7612190214,2700159,Java CI,fixNPE,67b584058cfc1f13edf4dea00a3e235af6ea0468,.github/workflows/ci.yaml,success,27918753,ruansheng8,339,34,0.0,0.0,,pull_request,10,0,5703.0,1,success,2,b1ac216f4fc6e9b6e58eed86c4e247a1180cf978,1,42,2,0,0,1,4,1,40,0,0,1,0,1,2,0,0,0,23,0,0,0,4,0,4,1,1,0,18,1,0,40,0,0,0,0,0,0,41,0,['junit'],java-maven,461925,380641,824.032,12878,0,0,12878,1,0.020025,0.985696,0.00750939,0.994636,0,0,2,0,1,0,0,0
52882,7592484359,2700159,Java CI,fix-wall-deleteWhereAlwaysTrue,9d624b4a510bb4fb1c136af2c9bde48b5d1375be,.github/workflows/ci.yaml,failure,27918753,qxo,339,34,,,,pull_request,0,0,,1,failure,0,,0,0,0,0,0,0,0,0,0,0,0,0,0,0,0,0,0,0,0,0,0,0,0,0,0,0,0,0,18,0,0,0,0,0,0,0,0,0,41,0,['junit'],java-maven,462016,380685,823.965,12804,60,0,12864,1,0.0187735,0.660409,0.00500626,0.597497,2,1,2,0,0,0,0,0
52883,7599844296,2700159,Java CI,feat-spi-monitor-auth,29953e9bb256b7f1c7623e602515e36829b8a9c5,.github/workflows/ci.yaml,success,27918753,qxo,339,34,0.0,0.0,,pull_request,9,0,5685.0,1,failure,2,c58b9f2039ab5564617cc0236a998e1e15020e9b,331,2720,10120,1,0,245,7757,9,5053,0,1,4,58,312,374,10,107,117,2611,27,34,61,163,583,746,1,1,0,18,4,61,505,4548,0,2,150,0,0,32,0,['junit'],java-maven,456172,376513,825.375,12878,0,0,12878,1,0.020025,0.641169,0.00625782,0.580726,2,1,2,0,0,0,0,0
52884,7432823253,2700159,Java CI,master,8861fb6e33822bce5dd7cb91aa2e58743946217f,.github/workflows/ci.yaml,success,27918753,lizongbo,336,32,0.0,0.0,,pull_request,5,0,5673.0,1,success,1,cb777d1cf5789c20211c1ca963c9bc02b76a8b6d,2,18,0,0,0,1,12,1,6,0,0,0,0,2,2,0,0,0,4,2,0,2,0,0,0,1,1,0,18,0,0,6,0,0,0,1,0,0,41,0,['junit'],java-maven,461449,380263,824.063,12868,0,0,12868,1,0.0738423,0.78897,0.00375469,0.921633,33,0,2,0,0,1,0,1
52885,7464627759,2700159,Java CI,master,57a205146509604aebe1fc2ed9d68cb557f28cd0,.github/workflows/ci.yaml,success,27918753,lizongbo,338,33,0.0,0.0,,pull_request,37,0,5683.0,1,failure,2,6815c4b77378f6cf416590e5ca5a44046744d0a3,7,245,3,0,0,7,206,1,42,0,0,2,0,7,9,6,0,6,123,1,0,1,9,0,9,1,1,0,18,2,0,41,1,0,0,1,0,0,41,0,['junit'],java-maven,461873,380557,823.943,12876,0,0,12876,1,0.0475594,0.883661,0.0100125,0.805767,27,0,2,0,0,1,0,1
52886,7962314920,2700159,Java CI,master,99f4087a4b843859b2860dcc8679e7e7e37248a7,.github/workflows/ci.yaml,success,27918753,lizongbo,343,35,0.0,0.0,,push,41,0,5730.0,1,success,3,9568500fc0f7c06cf8acbecb4b4f43ebde3cce7b,6,82,12,0,0,3,26,1,68,0,0,1,0,6,7,0,0,0,140,0,0,0,4,0,4,1,1,0,18,1,0,57,11,0,0,3,0,0,41,0,['junit'],java-maven,462642,381289,824.156,51552,0,0,51552,1,0.0312891,0.718743,0.00876095,0.79562,3,0,4,0,0,1,0,1
52887,7487073242,2700159,Java CI,usingThreadMap,a565e98ff3f948741e94988520fff520fbfa3b4c,.github/workflows/ci.yaml,success,27918753,zrlw,338,33,,,,pull_request,0,0,,1,success,0,,0,0,0,0,0,0,0,0,0,0,0,0,0,0,0,0,0,0,0,0,0,0,0,0,0,0,0,0,18,0,0,0,0,0,0,0,0,0,41,0,['junit'],java-maven,461991,380604,823.834,12886,0,0,12886,1,0.0350438,0.804783,0.00876095,0.886455,26,1,2,0,0,0,0,0
52888,9194737383,2700159,Java CI,master,8a1e75f899bce2f427f52841f2950d1a842b4ff4,.github/workflows/ci.yaml,success,27918753,lizongbo,363,24,0.0,1.0,{'fix'},push,3,0,5929.0,1,success,1,a89d5bd6fc6d4e58dea8c690cd3d48cf6010664f,1,3,1,0,0,1,4,1,0,0,0,0,0,1,1,0,0,0,44,0,0,0,0,0,0,1,0,0,18,0,0,0,0,0,0,1,0,0,727,1,['junit'],java-maven,467374,384828,823.383,52000,0,0,52000,1,0.0463079,0.573955,0.00250313,0.998212,46,0,4,0,0,1,0,1
52889,7476410784,2700159,Java CI,usingThreadMap,8636998ab667c98dd941eb74a0b017cc7a459309,.github/workflows/ci.yaml,success,27918753,zrlw,338,33,,,,pull_request,0,0,,1,success,0,,0,0,0,0,0,0,0,0,0,0,0,0,0,0,0,0,0,0,0,0,0,0,0,0,0,0,0,0,18,0,0,0,0,0,0,0,0,0,41,0,['junit'],java-maven,461755,380564,824.169,12884,0,0,12884,1,0.0425532,0.808067,0.0100125,0.863329,27,1,2,0,0,0,0,0
52890,8482241776,2700159,Java CI,master,4ed2471840f6ca650a247c51a83e53d76088cdeb,.github/workflows/ci.yaml,success,27918753,lizongbo,349,20,0.0,0.0,,push,36,0,5818.0,1,success,1,920c53a71d3eb4934cc92a84683ff0e4ccf43132,2,75,6,0,0,2,14,1,67,0,0,1,0,2,3,0,0,0,16,0,0,0,10,0,10,1,1,0,18,1,0,67,0,0,0,1,0,0,41,0,['junit'],java-maven,464616,382712,823.717,51736,0,0,51736,1,0.0187735,0.758123,0.00876095,0.770736,30,0,4,0,0,1,0,1
52891,7432759070,2700159,Java CI,master,cb777d1cf5789c20211c1ca963c9bc02b76a8b6d,.github/workflows/ci.yaml,success,27918753,lizongbo,336,32,0.0,0.0,,push,91,0,5671.0,1,success,3,8c125eb08a304844c98d8a662f6d4801f7b007fc,3,5,6,0,0,3,11,2,0,1,1,0,0,2,2,0,0,0,0,0,0,0,0,2,2,1,0,0,18,0,0,0,0,0,0,0,0,0,41,0,['junit'],java-maven,461433,380257,824.078,12868,0,0,12868,1,0.0738423,0.78696,0.00375469,0.915102,33,0,2,0,0,1,0,1
52892,7477092560,2700159,Java CI,master,c58b9f2039ab5564617cc0236a998e1e15020e9b,.github/workflows/ci.yaml,success,27918753,lizongbo,338,33,0.0,0.0,,push,37,0,5683.0,0,success,2,6815c4b77378f6cf416590e5ca5a44046744d0a3,7,245,3,0,0,7,206,1,42,0,0,2,0,7,9,6,0,6,123,1,0,1,9,0,9,1,1,0,18,2,0,41,1,0,0,1,0,0,41,0,['junit'],java-maven,461873,380557,823.943,12876,0,0,12876,1,0.0400501,0.88539,0.0100125,0.812961,29,0,2,0,0,1,0,1
52893,8234286074,2700159,Java CI,master,098c227b25f9bc7d6457ab64c2223b9c27c9b444,.github/workflows/ci.yaml,success,27918753,lizongbo,346,25,0.0,0.0,,push,7,0,5769.0,1,success,1,701a656649c609060232d9bb063747f0da913eb7,2,52,1,0,0,2,11,1,42,0,0,1,0,2,3,0,0,0,5,0,0,0,8,0,8,1,1,0,18,1,0,42,0,0,0,1,0,0,41,0,['junit'],java-maven,463903,382114,823.694,51664,0,0,51664,1,0.0425532,0.604567,0.00375469,0.841117,13,0,4,0,0,1,0,1
52894,7371527789,2700159,Java CI,gitignore-.vscode,1c9eb033e3fec8d267cfdba3fd3b033214f93970,.github/workflows/ci.yaml,success,27918753,qxo,335,31,0.0,0.0,,pull_request,25,0,5657.0,0,success,1,460c5ceb359f3cd949f26d60898e53b5d4853cc0,1,2,1,1,0,0,0,1,0,0,0,0,0,0,0,0,0,0,0,0,0,0,0,0,0,0,0,0,18,0,0,0,0,0,0,0,0,0,41,0,['junit'],java-maven,461304,380140,824.055,12868,0,0,12868,1,0.0863579,0.821026,0.00250313,0.997914,2,1,2,0,0,0,0,0
52895,7450173118,2700159,Java CI,master,615ea704f53bddbbbc351c32be4ff8087ca4e6e7,.github/workflows/ci.yaml,success,27918753,lizongbo,336,31,0.0,0.0,,push,12,0,5676.0,1,success,1,af82ef8814eefe82600f3ed44043fd4e9485c9b8,4,52,0,0,0,3,33,1,19,0,0,0,0,4,4,4,0,4,40,1,0,1,0,0,0,1,1,0,18,0,0,19,0,0,0,1,0,0,41,0,['junit'],java-maven,461558,380364,824.087,12874,0,0,12874,1,0.0463079,0.90483,0.00500626,0.855951,29,0,2,0,0,1,0,1
52896,7433025052,2700159,Java CI,master,39cde02442d0b27fa54b2a2b858c6a140416b59a,.github/workflows/ci.yaml,success,27918753,lizongbo,336,32,0.0,0.0,,push,29,0,5674.0,1,success,2,e0f1781ace4312abd96ee547e4cf46e10788a5d6,3,46,4,0,0,2,7,2,43,1,0,1,0,2,3,0,0,0,91,0,0,0,6,0,6,1,1,0,18,1,0,42,1,0,0,0,0,0,41,0,['junit'],java-maven,461480,380304,824.096,12870,0,0,12870,1,0.0750939,0.787496,0.00500626,0.880881,36,0,2,0,0,1,0,1
52897,8220750361,2700159,Java CI,master,8562eac31725a9f2171c9f5e838f3a8778148c7f,.github/workflows/ci.yaml,success,27918753,lizongbo,346,26,0.0,0.0,,push,42,0,5766.0,1,success,5,223eacf14d26cf57e7f62741ea9745d78df50390,10,595,7,0,0,15,483,1,119,0,0,6,0,10,16,16,0,16,229,7,0,7,22,0,22,1,1,0,18,6,0,119,0,0,0,3,0,0,41,0,['junit'],java-maven,463861,382072,823.678,51656,0,0,51656,1,0.0425532,0.561817,0.00375469,0.798748,11,0,4,0,0,1,0,1
52898,7591502488,2700159,Java CI,perf-less-sys-properties,c672f28a231bf52578ba7add685a6b4923909381,.github/workflows/ci.yaml,success,27918753,qxo,339,34,0.0,0.0,,pull_request,8,0,5697.0,0,success,1,b1ac216f4fc6e9b6e58eed86c4e247a1180cf978,3,25,4,0,0,3,29,1,0,0,0,0,0,3,3,0,0,0,192,1,0,1,1,0,1,1,0,0,18,0,0,0,0,0,0,0,0,0,41,0,['junit'],java-maven,461925,380601,823.945,12878,0,0,12878,1,0.0137672,0.902833,0.0,1.0,2,1,2,0,0,0,0,0
52899,8451314865,2700159,Java CI,fix-data-source-definition-overriding,ca3d99e27fedc52c902dee59f1e6450ce4195cde,.github/workflows/ci.yaml,success,27918753,dph5199278,348,19,0.0,0.0,,pull_request,143,0,5798.0,0,success,3,b891cbabfc27661b3480ce69747ee5fe3e196e20,2,10,2,0,0,2,12,1,0,0,1,0,0,2,2,0,0,0,0,0,0,0,2,0,2,1,0,0,18,0,0,0,0,0,0,0,0,0,41,0,['junit'],java-maven,464558,382645,823.675,0,0,0,0,0,0.0175219,0.844627,0.00750939,0.851779,0,0,1,0,1,0,0,0
52900,8942255475,2700159,Java CI,patch-2,300d344c3cb023fe733da2841c366be036647c67,.github/workflows/ci.yaml,success,27918753,rfvgtgfdv,356,20,,,,pull_request,0,0,,0,failure,0,,0,0,0,0,0,0,0,0,0,0,0,0,0,0,0,0,0,0,0,0,0,0,0,0,0,0,0,0,18,0,0,0,0,0,0,0,0,0,41,0,['junit'],java-maven,465155,383305,824.037,0,0,0,0,0,0.0312891,0.871506,0.0137672,0.88124,0,0,1,0,1,0,0,0
52901,8940872408,2700159,Java CI,master,96f680bf0c3b1c24ca8a2fdb685fb6dcd560753a,.github/workflows/ci.yaml,success,27918753,rfvgtgfdv,356,20,,,,pull_request,0,0,,0,success,0,,0,0,0,0,0,0,0,0,0,0,0,0,0,0,0,0,0,0,0,0,0,0,0,0,0,0,0,0,18,0,0,0,0,0,0,0,0,0,41,0,['junit'],java-maven,465137,383206,823.856,0,0,0,0,0,0.0300375,0.835687,0.0112641,0.990613,0,0,1,0,1,0,0,1
52902,9156921892,2700159,Java CI,fix-issue-5930,a62c93796f1d368d0b938f0ab11073b2983729d2,.github/workflows/ci.yaml,success,27918753,Alt-er,363,24,0.0,1.0,,pull_request,31,0,5931.0,0,success,1,3c2e4d920b3868e174aebcfaba8960705c21b5bf,1,4,0,0,0,1,4,1,0,0,0,0,0,1,1,0,0,0,11,0,0,0,0,0,0,1,0,0,18,0,0,0,0,0,0,1,0,0,41,0,['junit'],java-maven,467242,384689,823.319,0,0,0,0,0,0.0550688,0.954109,0.00375469,0.996871,0,0,1,0,1,0,0,0
52903,8941291739,2700159,Java CI,patch-1,e1dd04954fa9f060dd1ae88a325e44b0cb510c94,.github/workflows/ci.yaml,success,27918753,rfvgtgfdv,356,20,0.0,0.0,,pull_request,9,0,5877.0,1,success,1,0c1332acdbbdc5984cb42d33a54816d8793a8be2,1,4,0,0,0,1,4,1,0,0,0,0,0,1,1,0,0,0,27,0,0,0,0,0,0,1,0,0,18,0,0,0,0,0,0,1,0,0,41,0,['junit'],java-maven,465137,383206,823.856,0,0,0,0,0,0.0300375,0.856227,0.0112641,0.991954,0,0,1,0,1,1,0,0
52904,8359124212,2700159,Java CI,master,cffe7dea8375e97dd6a105fc3bff5212b58b3421,.github/workflows/ci.yaml,success,27918753,Zero5269,346,18,0.0,0.0,,pull_request,3,0,5787.0,0,success,1,eca44c19d217d5a37ccca85e002c824589bcf0a8,1,8,0,0,0,1,8,1,0,0,0,0,0,1,1,1,0,1,7,0,0,0,0,0,0,1,0,0,18,0,0,0,0,0,0,0,0,0,41,0,['junit'],java-maven,464201,382379,823.736,0,0,0,0,0,0.0187735,0.984355,0.00250313,0.997914,0,0,1,0,1,1,0,1
52905,9128348032,2700159,Java CI,patch-1,2ceecd6dd4b2f9592e74e98ebe63408df1c25ca8,.github/workflows/ci.yaml,success,27918753,im47cn,363,26,0.0,1.0,{'chore'},pull_request,6,0,5926.0,0,success,1,3c2e4d920b3868e174aebcfaba8960705c21b5bf,1,0,1,0,1,1,1,1,0,0,0,0,0,1,1,0,0,0,44,0,0,0,0,0,0,1,0,0,18,0,0,0,0,0,0,0,0,0,41,0,['junit'],java-maven,467240,384689,823.322,0,0,0,0,0,0.0600751,0.949937,0.00876095,0.992699,0,0,1,0,1,0,0,0
52906,7566701623,2700159,Java CI,master,57877dbb660c7d4362984478f38ce08f18c1f304,.github/workflows/ci.yaml,success,27918753,moon6967,339,34,0.0,0.0,,pull_request,18,0,5694.0,0,success,1,ed00cabc48aa329371bec3b6e5a692510d1f1bb2,2,2,2,0,0,2,4,1,0,0,1,0,0,0,0,0,0,0,0,0,0,0,0,0,0,0,0,0,18,0,0,0,0,0,0,0,0,0,41,0,['junit'],java-maven,461863,380557,823.961,0,0,0,0,0,0.0150188,0.987484,0.0,1.0,0,0,1,0,1,1,0,1
52907,9030519816,2700159,Java CI,master,1e365709497d04f3f1a4d79bd078bed5ac4d1638,.github/workflows/ci.yaml,failure,27918753,xuzhen1994,359,22,0.0,2.0,{'fix'},pull_request,90,0,5893.0,0,success,2,70c3bcf120982e246ff3913569523e42f1317e3b,36,274,483,0,1,23,382,5,371,1,1,1,5,29,35,0,8,8,298,3,3,6,32,50,82,1,1,0,18,1,5,75,296,0,1,21,0,0,41,0,['junit'],java-maven,466097,384044,823.957,0,0,0,0,0,0.0513141,0.82049,0.0225282,0.841051,0,0,1,0,1,1,0,1
52908,7707990931,2700159,Java CI,master,79e24077866fc6f61a460b116123a1d3700d4407,.github/workflows/ci.yaml,failure,27918753,zijing66,340,35,,,,pull_request,0,0,,0,success,0,,0,0,0,0,0,0,0,0,0,0,0,0,0,0,0,0,0,0,0,0,0,0,0,0,0,0,0,0,18,0,0,0,0,0,0,0,0,0,41,0,['junit'],java-maven,462313,381078,824.286,0,0,0,0,0,0.0237797,0.813517,0.00625782,0.828119,0,0,1,0,1,1,0,1
52909,9200265516,2700159,Java CI,fix-typo,3aebad49df1f76666cd4311b451a48d8928dac85,.github/workflows/ci.yaml,success,27918753,ice2shell,365,26,0.0,1.0,{'fix'},push,44,0,5938.0,0,success,1,a8d20a204aef87749314a6e25681c91ad73835dc,5,12,4,0,0,5,16,1,0,0,0,0,0,5,5,1,0,1,74,0,0,0,0,0,0,1,0,0,18,0,0,0,0,0,0,0,0,0,727,1,['junit'],java-maven,467378,384828,823.376,52000,0,0,52000,1,0.0425532,0.607626,0.0,1.0,46,0,4,0,0,1,0,0
52910,9040926408,2700159,Java CI,master,9183af65dc7d0b466067d084c950636c9da21316,.github/workflows/ci.yaml,success,27918753,tengfeiwang1,359,22,1.0,2.0,,pull_request,40,0,5902.0,0,success,2,70c3bcf120982e246ff3913569523e42f1317e3b,1,87,0,0,0,1,1,1,86,0,0,1,0,1,2,0,0,0,0,0,0,0,7,0,7,1,1,0,18,1,0,86,0,0,0,0,0,0,41,0,['junit'],java-maven,466319,384351,824.223,0,0,0,0,0,0.0538173,0.961559,0.0212766,0.984802,0,0,1,0,1,1,0,1
52911,8489037851,2700159,Java CI,fix/lateral-view,5f4062685e215b0332e6de9b777885fcd9eb2cc6,.github/workflows/ci.yaml,success,27918753,XorSum,349,20,0.0,0.0,,pull_request,94,0,5817.0,0,success,2,920c53a71d3eb4934cc92a84683ff0e4ccf43132,2,42,11,0,0,2,17,1,36,0,0,1,0,2,3,0,0,0,98,0,0,0,3,0,3,1,1,0,18,1,0,36,0,0,0,0,0,0,41,0,['junit'],java-maven,464583,382681,823.709,0,0,0,0,0,0.0187735,0.843733,0.00750939,0.851779,0,0,1,0,1,0,0,0
52912,7592544568,2700159,Java CI,fix-wall-deleteWhereAlwaysTrue,6393f022c4b4ec64a586d4da5408bd707aed778c,.github/workflows/ci.yaml,failure,27918753,qxo,312,1,,,,pull_request,0,0,,1,failure,0,,0,0,0,0,0,0,0,0,0,0,0,0,0,0,0,0,0,0,0,0,0,0,0,0,0,0,0,0,18,0,0,0,0,0,0,0,0,0,41,0,['junit'],java-maven,462016,380685,823.965,12804,60,0,12864,1,0.020025,0.618742,0.00625782,0.54261,2,0,2,0,0,0,0,0
52913,8798301761,2700159,Java CI,fix_oracle_window_dialect,0afce983d82241bc45504c43eb05a9597202c212,.github/workflows/ci.yaml,success,27918753,bantao,353,18,0.0,0.0,,pull_request,17,0,5865.0,0,success,2,cf165de09f6da8ad823156a9400ec50bfb25e726,3,48,2,0,0,2,11,1,39,0,0,0,0,3,3,2,0,2,18,0,0,0,0,0,0,1,1,0,18,0,0,39,0,0,0,0,0,0,41,0,['junit'],java-maven,464773,382858,823.753,0,0,0,0,0,0.0125156,0.98957,0.0100125,0.991656,0,0,1,0,1,0,0,0
52914,8371117641,2700159,Java CI,master,06ddd6fcb5063c391943d6ca9109cfcf75e83574,.github/workflows/ci.yaml,success,27918753,lin848497337,347,18,,,,pull_request,0,0,,0,success,0,,0,0,0,0,0,0,0,0,0,0,0,0,0,0,0,0,0,0,0,0,0,0,0,0,0,0,0,0,18,0,0,0,0,0,0,0,0,0,41,0,['junit'],java-maven,464234,382398,823.718,0,0,0,0,0,0.0187735,0.984355,0.00250313,0.997914,0,0,1,0,1,1,0,1
52915,7543931551,2700159,Java CI,fix5687,d5fc86fbd0aafef35530afd63b1800a4ea0edb6e,.github/workflows/ci.yaml,success,27918753,whq4123,338,33,0.0,0.0,,pull_request,38,0,5692.0,0,success,1,0ccac578070f2d07f0681948f766687113fa1367,2,2,14,0,0,2,16,1,0,0,1,0,0,2,2,0,2,2,4,0,0,0,0,2,2,1,0,0,18,0,0,0,0,0,0,0,0,0,41,0,['junit'],java-maven,461863,380557,823.961,0,0,0,0,0,0.0175219,0.985398,0.00125156,0.998957,0,0,1,0,1,0,0,0
52916,9311838916,2700159,Java CI,master,6f400c7d751e7289bc43bcb980060fc5e727c7ad,.github/workflows/ci.yaml,success,27918753,ly1546644813,366,25,1.0,1.0,,push,42,0,5955.0,0,success,1,0f9c94dbc72634058c3f82501de4bee4313f2fcd,4,21,0,0,1,3,15,1,6,0,0,0,0,4,4,2,0,2,110,1,0,1,0,0,0,1,1,0,18,0,0,6,0,0,0,1,0,0,727,1,['junit'],java-maven,467628,385002,823.308,52024,0,0,52024,1,0.0300375,0.684326,0.0,1.0,29,0,4,0,0,1,0,1
52917,8645734041,2700159,Java CI,master,397a391b17b77f79566d0b33a5e2c2969b2a4800,.github/workflows/ci.yaml,success,27918753,cqliulingbo,352,20,0.0,0.0,,pull_request,9,0,5838.0,0,success,1,27a5a26a7c58ae5b20284202f9dc92dca6af69e5,3,5,0,0,0,3,5,1,0,0,0,0,0,3,3,0,0,0,64,1,0,1,0,0,0,1,0,0,18,0,0,0,0,0,0,1,0,0,41,0,['junit'],java-maven,464651,382748,823.732,0,0,0,0,0,0.0125156,0.98957,0.00125156,0.998957,0,0,1,0,1,0,0,1
52918,7722536927,2700159,Java CI,support-index-by-assoc-array-type,c4f68452460c04ffac29f6b38ecb44c54d450773,.github/workflows/ci.yaml,success,27918753,ZhengguanLi,341,36,0.0,0.0,,pull_request,14,0,5715.0,0,failure,2,7c5ca9b855eb186938a878ab5e871d3b9d63ca16,3,43,0,0,0,3,25,1,18,0,0,1,0,3,4,2,0,2,30,1,0,1,5,0,5,1,1,0,18,1,0,18,0,0,0,1,0,0,41,0,['junit'],java-maven,462314,381055,824.234,0,0,0,0,0,0.0237797,0.980184,0.00625782,0.994785,0,0,1,0,1,0,0,0
52919,8813452876,2700159,Java CI,master,dd0373c3ef2482e0364f54ee137b60830b68d0b1,.github/workflows/ci.yaml,success,27918753,littlebananafish,353,17,0.0,0.0,,pull_request,36,0,5867.0,0,failure,1,cf165de09f6da8ad823156a9400ec50bfb25e726,1,2,2,0,0,1,4,1,0,0,0,0,0,0,0,0,0,0,0,0,0,0,0,0,0,0,0,0,18,0,0,0,0,0,0,0,0,0,41,0,['junit'],java-maven,464734,382819,823.738,0,0,0,0,0,0.0150188,0.987484,0.0125156,0.98957,0,0,1,0,1,1,0,1
52920,9039881829,2700159,Java CI,master,38577e43adcca820173ba828da40d6f34e6fdc50,.github/workflows/ci.yaml,success,27918753,xuzhen1994,361,24,0.0,2.0,{'fix'},pull_request,90,0,5893.0,0,failure,2,70c3bcf120982e246ff3913569523e42f1317e3b,8,147,24,0,1,8,167,4,0,1,0,1,0,5,6,0,0,0,21,3,0,3,32,12,44,1,0,0,18,1,0,0,0,0,1,2,0,0,41,0,['junit'],java-maven,466372,384265,823.945,0,0,0,0,0,0.0538173,0.841364,0.0225282,0.86092,0,0,1,0,0,1,0,1
52921,7256356546,2700159,Java CI,master,ead80e0e271490c4cd8099177daeb86d79d852fc,.github/workflows/ci.yaml,success,27918753,HaloLab001,334,30,,,,pull_request,0,0,,0,success,0,,0,0,0,0,0,0,0,0,0,0,0,0,0,0,0,0,0,0,0,0,0,0,0,0,0,0,0,0,18,0,0,0,0,0,0,0,0,0,32,0,['junit'],java-maven,453988,375205,826.465,0,0,0,0,0,0.148936,0.875886,0.0337922,0.97184,0,0,1,0,1,0,0,1
52922,8377340992,2700159,Java CI,master,c8ec92175cd302c89e94ee096ac7601943302036,.github/workflows/ci.yaml,success,27918753,lin848497337,347,18,0.0,0.0,,pull_request,28,0,5792.0,1,success,1,23f1bb883991542aa56734433d945a3584081352,4,41,1,0,0,3,23,1,19,0,0,0,0,4,4,3,0,3,30,1,0,1,0,0,0,1,1,0,18,0,0,19,0,0,0,0,0,0,41,0,['junit'],java-maven,464234,382398,823.718,0,0,0,0,0,0.0187735,0.98659,0.00250313,0.998212,0,0,1,0,1,1,0,1
52923,8589115878,2700159,Java CI,master,e57997a7cbb4349f82eed76cdc075675613e60d9,.github/workflows/ci.yaml,success,27918753,theWangs,351,21,0.0,0.0,,pull_request,6,0,5828.0,0,failure,1,bb6077d22e4b2bd85287b604936af1ed9069847e,4,8,0,0,0,4,8,1,0,0,0,0,0,4,4,0,0,0,67,1,0,1,0,0,0,1,0,0,18,0,0,0,0,0,0,1,0,0,41,0,['junit'],java-maven,464647,382748,823.739,0,0,0,0,0,0.0150188,0.987484,0.00125156,0.998957,0,0,1,0,1,0,0,1
52924,9331386752,2700159,Java CI,master,a2a74eaf94d64edc2343ea72d991c0786a838e0d,.github/workflows/ci.yaml,success,27918753,ly1546644813,366,23,0.0,2.0,{'chore'},pull_request,25,0,5956.0,0,success,2,0f9c94dbc72634058c3f82501de4bee4313f2fcd,1,44,0,0,0,0,0,1,44,0,0,1,0,1,2,1,0,1,17,0,0,0,8,0,8,0,1,0,18,1,0,44,0,0,0,0,0,0,220,1,['junit'],java-maven,467646,385040,823.358,52032,0,0,52032,1,0.020025,0.985696,0.0,1.0,0,0,4,0,1,1,0,1
52925,7334146655,2700159,Java CI,master,07ff2d84a3acf2f6266b4480f44feb46836d0f5d,.github/workflows/ci.yaml,success,27918753,ray-lsr,335,31,0.0,0.0,,pull_request,3,0,5647.0,1,failure,3,460c5ceb359f3cd949f26d60898e53b5d4853cc0,2,42,62,0,0,3,104,1,0,0,0,1,0,2,3,0,2,2,4,0,4,4,7,9,16,1,0,0,18,1,0,0,0,0,0,0,0,0,41,0,['junit'],java-maven,461285,380140,824.089,0,0,0,0,0,0.100125,0.687422,0.00500626,0.746871,0,0,1,0,1,1,0,1
52926,8866898106,2700159,Java CI,fix-bug-5866,32a991befad2efdb8616b38f0b4b5b96eec103e3,.github/workflows/ci.yaml,success,27918753,FanJiaRui,353,17,0.0,0.0,,pull_request,41,0,5871.0,0,success,1,c0d96da3f21363e84667087402ee659c39d50f3b,2,1,55,0,0,2,11,1,45,0,0,0,1,2,3,0,0,0,68,0,0,0,0,6,6,1,1,0,18,0,1,0,45,0,0,0,0,0,41,0,['junit'],java-maven,464734,382819,823.738,0,0,0,0,0,0.0187735,0.984355,0.0125156,0.98957,0,0,1,0,1,0,0,0
52927,9029012823,2700159,Java CI,master,a9b26421a02cc6eb11b7926c2f461d97c8271729,.github/workflows/ci.yaml,success,27918753,tengfeiwang1,359,22,0.0,1.0,,pull_request,40,0,5902.0,0,success,1,70c3bcf120982e246ff3913569523e42f1317e3b,6,5,211,0,1,6,84,1,132,0,0,0,3,6,9,0,5,5,129,0,2,2,0,24,24,1,1,0,18,0,3,0,132,0,0,3,0,0,41,0,['junit'],java-maven,466100,384133,824.143,0,0,0,0,0,0.0500626,0.958281,0.0212766,0.98227,0,0,1,0,1,1,0,1
52928,7442533145,2700159,Java CI,master,a5a4fc39b9c08afbb5406515b4d009a357732a22,.github/workflows/ci.yaml,success,27918753,chaolidai,336,32,0.0,0.0,,pull_request,12,0,5676.0,0,failure,1,39cde02442d0b27fa54b2a2b858c6a140416b59a,4,52,0,0,0,3,33,1,19,0,0,0,0,4,4,4,0,4,40,1,0,1,0,0,0,1,1,0,18,0,0,19,0,0,0,1,0,0,41,0,['junit'],java-maven,461521,380323,824.064,0,0,0,0,0,0.057572,0.839018,0.00625782,0.871089,0,0,1,0,1,1,0,1
52929,7417239591,2700159,Java CI,master,ca7cd7f0aa65c0270da1c9fbe4b3a926c9a4e08f,.github/workflows/ci.yaml,success,27918753,chaolidai,336,32,,,,pull_request,0,0,,0,success,0,,0,0,0,0,0,0,0,0,0,0,0,0,0,0,0,0,0,0,0,0,0,0,0,0,0,0,0,0,18,0,0,0,0,0,0,0,0,0,41,0,['junit'],java-maven,461459,380257,824.032,0,0,0,0,0,0.0738423,0.804398,0.00250313,0.855355,0,0,1,0,1,1,0,1
52930,8950552069,2700159,Java CI,master,b99ff6bf7d8db39b054d48cc101f3879e966e635,.github/workflows/ci.yaml,failure,27918753,lizongbo,357,20,1.0,1.0,,pull_request,39,0,5884.0,1,failure,1,9003085f558c134de5b7fe70ac4d54e75898eae6,1,105,326,0,1,2,240,1,191,0,1,1,2,1,4,0,0,0,76,0,0,0,7,31,38,1,1,0,18,1,2,91,100,0,0,0,0,0,41,0,['junit'],java-maven,465608,383634,823.942,0,0,0,0,1,0.0350438,0.556496,0.0175219,0.603406,25,0,4,0,0,1,0,1
52931,8942215996,2700159,Java CI,master,ff64babfc4b54e3e6a3979436497b431ad64e13d,.github/workflows/ci.yaml,failure,27918753,lizongbo,356,20,1.0,1.0,,pull_request,36,0,5879.0,0,failure,1,b5d8cba5e7920d0e487976a108c4d36cbf9707b5,2,148,1,0,0,2,97,1,52,0,0,1,0,2,3,1,0,1,79,0,0,0,14,0,14,1,1,0,18,1,0,52,0,0,0,0,0,0,41,0,['junit'],java-maven,465248,383309,823.881,0,0,0,0,1,0.0312891,0.543894,0.0137672,0.597247,21,0,4,0,0,1,0,1
52932,8051999624,2700159,Java CI,master,0d003312f34ca391d96acbf0d8dd7c2316008985,.github/workflows/ci.yaml,failure,27918753,lizongbo,344,32,0.0,0.0,,pull_request,39,0,5749.0,1,failure,1,edebc5448d06e446368fd3b0be822da2b8b5cd0d,1,0,4,0,0,1,4,1,0,0,0,0,0,1,1,0,0,0,56,0,0,0,0,0,0,1,0,0,18,0,0,0,0,0,0,0,0,0,41,0,['junit'],java-maven,463337,381856,824.143,0,0,0,0,1,0.0538173,0.476694,0.0275344,0.492352,3,0,4,0,0,1,0,1
52933,8820141819,2700159,Java CI,master,b6653b67d25d406e1a4388ec8218b96320fde2b5,.github/workflows/ci.yaml,failure,27918753,lizongbo,353,17,0.0,0.0,,pull_request,37,0,5855.0,1,failure,9,957bbab0e068a4cbe2707d85db08302ba1684a5e,53,315,371,0,0,9,115,3,571,0,0,1,1,51,53,1,4,5,198,0,0,0,8,6,14,1,1,0,18,1,1,260,311,0,0,49,0,0,41,0,['junit'],java-maven,464800,382896,823.787,51086,594,0,51680,1,0.0175219,0.691843,0.0150188,0.410409,2,0,4,0,0,1,0,1
52934,8803960937,2700159,Java CI,master,ad9f12610935a43fa0026078696ab8992239f3c6,.github/workflows/ci.yaml,failure,27918753,lizongbo,353,18,0.0,0.0,,pull_request,37,0,5855.0,0,success,6,957bbab0e068a4cbe2707d85db08302ba1684a5e,37,192,269,0,0,9,106,3,355,0,0,1,1,35,37,1,4,5,197,0,0,0,8,6,14,1,1,0,18,1,1,143,212,0,0,28,0,0,41,0,['junit'],java-maven,464780,382878,823.783,50840,840,0,51680,1,0.0137672,0.796558,0.0112641,0.594368,2,0,4,0,0,1,0,1
52935,8924321171,2700159,Java CI,master,1fc6555c24f2a34eecab91d4aa93418ef103c5ea,.github/workflows/ci.yaml,failure,27918753,lizongbo,356,20,0.0,0.0,,pull_request,37,0,5855.0,1,failure,15,957bbab0e068a4cbe2707d85db08302ba1684a5e,96,767,547,0,0,11,313,2,1001,0,0,1,0,95,96,3,2,5,210,1,1,2,18,0,18,1,1,0,18,1,0,602,399,0,0,111,0,0,41,0,['junit'],java-maven,465054,383150,823.883,51496,232,0,51728,1,0.0275344,0.51098,0.00876095,0.559762,1,0,4,0,0,1,0,1
52936,8819659313,2700159,Java CI,master,3ee5f2dd349a743a7fa3668066e7ab812f16a62f,.github/workflows/ci.yaml,failure,27918753,lizongbo,353,17,0.0,0.0,,pull_request,37,0,5855.0,0,success,8,957bbab0e068a4cbe2707d85db08302ba1684a5e,46,288,350,0,0,9,115,3,523,0,0,1,1,44,46,1,4,5,198,0,0,0,8,6,14,1,1,0,18,1,1,233,290,0,0,42,0,0,41,0,['junit'],java-maven,464794,382890,823.784,51032,648,0,51680,1,0.0162703,0.723575,0.0137672,0.448288,2,0,4,0,0,1,0,1
52937,8973199157,2700159,Java CI,master,3e9796e8ebb7b9c47c0497ecd9dda3e7487bb361,.github/workflows/ci.yaml,failure,27918753,lizongbo,358,21,1.0,1.0,,pull_request,37,0,5890.0,1,success,1,c4ffc3649cbe0a9b96f02e1e1af67da4938b2e4e,12,126,59,0,1,6,28,2,157,1,0,1,0,10,11,0,0,0,127,0,0,0,4,0,4,1,1,0,18,1,0,103,54,0,0,5,0,0,41,0,['junit'],java-maven,466050,384093,824.146,51734,106,0,51840,1,0.0450563,0.520234,0.0237797,0.547028,34,0,4,0,0,1,0,1
52938,8950634347,2700159,Java CI,master,fd335386cbd44342c20b0793db64a7266f93a7bf,.github/workflows/ci.yaml,failure,27918753,lizongbo,357,20,1.0,2.0,,pull_request,39,0,5884.0,1,failure,2,9003085f558c134de5b7fe70ac4d54e75898eae6,1,105,19,0,1,1,33,1,91,0,0,1,0,1,2,0,0,0,76,0,0,0,7,0,7,1,1,0,18,1,0,91,0,0,0,0,0,0,41,0,['junit'],java-maven,465801,383734,823.815,0,0,0,0,1,0.0387985,0.524642,0.0212766,0.5526,25,0,4,0,0,1,0,1
52939,9020435420,2700159,Java CI,master,6e6d0d3319e47d7b61bbf8f3fe35f3a4741093e5,.github/workflows/ci.yaml,failure,27918753,lizongbo,358,21,1.0,1.0,,pull_request,36,0,5897.0,1,success,1,4ba135cc40eaab9f988047eced39356c0dbd49e9,3,88,1,0,1,3,49,1,40,0,0,1,0,3,4,5,0,5,11,2,0,2,8,0,8,1,1,0,18,1,0,40,0,0,0,0,0,0,41,0,['junit'],java-maven,466166,384173,824.112,0,0,0,0,1,0.048811,0.518202,0.0212766,0.616515,38,0,4,0,0,1,0,1
52940,9005803431,2700159,Java CI,master,c985edbfb595a82b78cf241ac7fd950d4c69d88e,.github/workflows/ci.yaml,failure,27918753,lizongbo,358,21,1.0,2.0,,pull_request,37,0,5890.0,1,failure,2,c4ffc3649cbe0a9b96f02e1e1af67da4938b2e4e,23,179,86,0,1,10,63,2,202,1,0,1,0,19,20,1,0,1,216,0,0,0,6,0,6,1,1,0,18,1,0,127,75,0,0,13,0,0,41,0,['junit'],java-maven,466076,384096,824.106,0,0,0,0,1,0.0463079,0.512007,0.0225282,0.561214,34,0,4,0,0,1,0,1
52941,8907845638,2700159,Java CI,master,a703f002319658fcf90272d291f326a8279e35f5,.github/workflows/ci.yaml,failure,27918753,lizongbo,356,20,0.0,0.0,,pull_request,37,0,5855.0,1,failure,13,957bbab0e068a4cbe2707d85db08302ba1684a5e,76,511,335,0,0,11,213,2,633,0,0,1,0,75,76,3,2,5,210,1,1,2,14,0,14,1,1,0,18,1,0,377,256,0,0,84,0,0,41,0,['junit'],java-maven,465006,383068,823.792,51264,464,0,51728,1,0.0250313,0.54435,0.0112641,0.523352,1,0,4,0,0,1,0,1
52942,7768081855,2700159,Java CI,master,365000da949e4dfccc7c78f1df2db2f5e2c095e4,.github/workflows/ci.yaml,failure,27918753,lizongbo,340,35,0.0,0.0,,push,37,0,5717.0,1,failure,1,6973968b1a1ab5056f5792dc1491b80689620e20,3,69,1,0,0,3,26,1,44,0,0,1,0,3,4,0,0,0,140,0,0,0,4,0,4,1,1,0,18,1,0,44,0,0,0,0,0,0,41,0,['junit'],java-maven,462441,381139,824.189,0,0,0,0,1,0.028786,0.816822,0.0112641,0.694368,13,0,4,0,0,1,0,1
52943,8766457203,2700159,Java CI,master,b5f6f154c68ea77f88f5c02a6e92270f1f8ad7cd,.github/workflows/ci.yaml,failure,27918753,lizongbo,353,20,0.0,0.0,,pull_request,37,0,5855.0,1,failure,4,957bbab0e068a4cbe2707d85db08302ba1684a5e,27,164,241,0,0,9,100,3,305,0,0,1,1,25,27,1,4,5,196,0,0,0,8,6,14,1,1,0,18,1,1,118,187,0,0,17,0,0,41,0,['junit'],java-maven,464782,382878,823.78,50792,888,0,51680,1,0.00876095,0.813192,0.00250313,0.776387,9,0,4,0,0,1,0,1
52944,7771199257,2700159,Java CI,master,8aa63b974ad2ee5306fe4c09e0bfb1f2d37e2cd2,.github/workflows/ci.yaml,failure,27918753,nyoungo,340,35,0.0,0.0,,pull_request,41,0,5730.0,0,success,2,e67b2f47112cd566827a5e6aa14fca96cd0fc789,3,69,1,0,0,3,26,1,44,0,0,1,0,3,4,0,0,0,140,0,0,0,4,0,4,1,1,0,18,1,0,44,0,0,0,0,0,0,41,0,['junit'],java-maven,462441,381139,824.189,51432,24,0,51456,1,0.0325407,0.691042,0.0162703,0.702664,1,0,4,0,1,1,0,1
52945,8252263351,2700159,Java CI,master,2a16a3fd128f3e37d4afaa38db1bf2e9e2231a49,.github/workflows/ci.yaml,failure,27918753,lizongbo,346,24,0.0,0.0,,pull_request,6,0,5772.0,1,success,1,098c227b25f9bc7d6457ab64c2223b9c27c9b444,1,263,6,0,0,2,72,2,197,1,0,7,0,1,8,3,0,3,111,0,0,0,39,0,39,1,1,0,18,8,0,197,0,0,0,0,0,0,41,0,['junit'],java-maven,464104,382311,823.761,0,0,0,0,1,0.0438048,0.590023,0.00500626,0.798748,13,0,4,0,0,1,0,1
52946,8820886922,2700159,Java CI,master,d0b6e9bcb4ca5d1a44e1a6d34a362cfc56251c79,.github/workflows/ci.yaml,failure,27918753,lizongbo,353,17,0.0,0.0,,pull_request,37,0,5855.0,1,failure,10,957bbab0e068a4cbe2707d85db08302ba1684a5e,59,369,336,0,0,10,142,3,563,0,0,1,0,57,58,3,4,7,203,1,0,1,8,0,8,1,1,0,18,1,0,279,284,0,0,59,0,0,41,0,['junit'],java-maven,464873,382942,823.756,0,0,0,0,1,0.020025,0.649995,0.0175219,0.394159,2,0,4,0,0,1,0,1
52947,8927809512,2700159,Java CI,master,5a57103bbc10fce357a7669f50faf004bc1c6baa,.github/workflows/ci.yaml,failure,27918753,lizongbo,356,20,0.0,0.0,,pull_request,37,0,5855.0,1,failure,17,957bbab0e068a4cbe2707d85db08302ba1684a5e,115,1347,1066,0,0,11,359,2,2054,0,0,1,0,113,114,4,2,6,211,1,1,2,24,0,24,1,1,0,18,1,0,1153,901,0,0,128,0,0,41,0,['junit'],java-maven,465117,383199,823.877,51670,66,0,51736,1,0.0300375,0.481423,0.0112641,0.496871,1,0,4,0,0,1,0,1
52948,7458420891,2700159,Java CI,usingThreadMap,e8375863435dd95e896afac666844ed8c9c7b837,.github/workflows/ci.yaml,failure,27918753,zrlw,338,33,,,,pull_request,0,0,,1,success,0,,0,0,0,0,0,0,0,0,0,0,0,0,0,0,0,0,0,0,0,0,0,0,0,0,0,0,0,0,18,0,0,0,0,0,0,0,0,0,41,0,['junit'],java-maven,461756,380564,824.167,0,0,0,0,1,0.048811,0.820781,0.00750939,0.913538,29,1,2,0,0,0,0,0
52949,7599952386,2700159,Java CI,feat-monitor-with-3rd-ds,aeb9e1fa9656646ef8c0e1e98e5473a039815765,.github/workflows/ci.yaml,failure,27918753,qxo,339,34,,,,pull_request,0,0,,1,success,0,,0,0,0,0,0,0,0,0,0,0,0,0,0,0,0,0,0,0,0,0,0,0,0,0,0,0,0,0,18,0,0,0,0,0,0,0,0,0,41,0,['junit'],java-maven,461931,380603,823.939,0,0,0,0,1,0.0212766,0.605201,0.00750939,0.535573,2,1,2,0,0,0,0,0
52950,8283734851,2700159,Java CI,master,7e7422f45d920e23c5db919b45cba6d590ab3ae5,.github/workflows/ci.yaml,failure,27918753,lizongbo,346,21,0.0,0.0,,pull_request,36,0,5777.0,0,failure,1,cd03e763555f43a3fccffc086445e780b1dda457,1,15,22,0,0,1,37,1,0,0,0,0,0,1,1,0,0,0,44,0,0,0,0,0,0,1,0,0,18,0,0,0,0,0,0,0,0,0,41,0,['junit'],java-maven,464098,382311,823.772,51440,168,0,51608,1,0.0425532,0.595272,0.00750939,0.780976,15,0,4,0,0,1,0,1
52951,8220536287,2700159,Java CI,master,841a102f25ed83f499fe8d292d776767a68abebe,.github/workflows/ci.yaml,failure,27918753,lizongbo,346,26,0.0,0.0,,pull_request,42,0,5766.0,1,failure,3,223eacf14d26cf57e7f62741ea9745d78df50390,10,599,7,0,0,15,487,1,119,0,0,6,0,10,16,15,0,15,229,7,0,7,22,0,22,1,1,0,18,6,0,119,0,0,0,2,0,0,41,0,['junit'],java-maven,463857,382072,823.685,0,0,0,0,1,0.0425532,0.523154,0.00375469,0.748436,6,0,4,0,0,1,0,1
52952,8403340114,2700159,Java CI,master,431d02e8fff038ff4fa64a3045c96cf2b0e6c068,.github/workflows/ci.yaml,failure,27918753,lizongbo,348,19,0.0,0.0,,pull_request,37,0,5796.0,1,failure,3,fa195c09a326fb9ebfe870617f11da37928899c7,12,143,7,0,0,11,78,1,72,0,0,1,0,12,13,2,0,2,230,1,0,1,8,0,8,1,1,0,18,1,0,70,2,0,0,2,0,0,41,0,['junit'],java-maven,464428,382525,823.648,0,0,0,0,1,0.020025,0.679543,0.00500626,0.747914,25,0,4,0,0,1,0,1
52953,8804541480,2700159,Java CI,master,4f3591d06dd22b177ea9513446b509d4befbae58,.github/workflows/ci.yaml,failure,27918753,lizongbo,353,18,0.0,0.0,,pull_request,37,0,5855.0,1,failure,7,957bbab0e068a4cbe2707d85db08302ba1684a5e,44,258,323,0,0,9,112,3,469,0,0,1,1,42,44,1,4,5,198,0,0,0,8,6,14,1,1,0,18,1,1,206,263,0,0,38,0,0,41,0,['junit'],java-maven,464791,382890,823.79,50960,712,0,51680,1,0.0150188,0.758329,0.0125156,0.493742,2,0,4,0,0,1,0,1
52954,8771602531,2700159,Java CI,master,68ac37bfa562dbe468fc886a794c33b369721ff5,.github/workflows/ci.yaml,failure,27918753,theWangs,353,20,,,,pull_request,0,0,,0,failure,0,,0,0,0,0,0,0,0,0,0,0,0,0,0,0,0,0,0,0,0,0,0,0,0,0,0,0,0,0,18,0,0,0,0,0,0,0,0,0,41,0,['junit'],java-maven,464739,382819,823.729,0,0,0,0,1,0.00750939,0.851779,0.00500626,0.829161,1,0,4,0,1,1,0,1
52955,8882627058,2700159,Java CI,master,b1e203614d744cc842907dd87747f4d5e36843e7,.github/workflows/ci.yaml,failure,27918753,lizongbo,353,17,0.0,0.0,,pull_request,37,0,5855.0,1,failure,11,957bbab0e068a4cbe2707d85db08302ba1684a5e,61,403,264,0,0,8,135,2,532,0,0,1,0,60,61,3,2,5,181,1,1,2,10,0,10,1,1,0,18,1,0,315,217,0,0,66,0,0,41,0,['junit'],java-maven,464969,383045,823.808,51136,592,0,51728,1,0.0225282,0.582323,0.0162703,0.522034,1,0,4,0,0,1,0,1
52956,8766451117,2700159,Java CI,master,18c57cca367b4afefd33c2487e452254adcd9d1f,.github/workflows/ci.yaml,failure,27918753,lizongbo,353,20,0.0,0.0,,pull_request,37,0,5855.0,1,success,3,957bbab0e068a4cbe2707d85db08302ba1684a5e,17,134,211,0,0,9,96,2,249,0,0,1,1,16,18,1,4,5,196,0,0,0,8,6,14,1,1,0,18,1,1,90,159,0,0,7,0,0,41,0,['junit'],java-maven,464782,382878,823.78,50710,970,0,51680,1,0.00750939,0.84471,0.00125156,0.874218,9,0,4,0,0,1,0,1
52957,8299841507,2700159,Java CI,master,2ada35059d3a6bcff8b6c955d73a6678c042cb07,.github/workflows/ci.yaml,failure,27918753,lizongbo,346,19,0.0,0.0,,pull_request,9,0,5778.0,1,success,1,7cf57c3735ce4aac277c8105edf0bd1b37973be2,3,114,29,0,0,3,80,1,63,0,0,1,0,3,4,1,0,1,26,0,0,0,7,0,7,1,1,0,18,1,0,63,0,0,0,1,0,0,41,0,['junit'],java-maven,464161,382379,823.807,0,0,0,0,1,0.0413016,0.599864,0.00876095,0.767546,17,0,4,0,0,1,0,1
52958,7450243567,2700159,Java CI,master,ef981f4b0f8f6b6a450b26ccce629a7ea59cb5e0,.github/workflows/ci.yaml,failure,27918753,lizongbo,336,31,0.0,0.0,,push,101,0,3286.0,1,success,1,615ea704f53bddbbbc351c32be4ff8087ca4e6e7,0,153,0,0,0,0,0,1,153,0,0,1,0,0,1,0,0,0,0,0,0,0,2,0,2,0,1,0,18,1,0,153,0,0,0,0,0,0,41,0,['junit'],java-maven,461676,380517,824.208,0,0,0,0,1,0.0475594,0.894456,0.00625782,0.81676,29,0,2,0,0,1,0,1
52959,8766785899,2700159,Java CI,master,44dc2652a1fce73fc0db2f550663c70a7ff531f5,.github/workflows/ci.yaml,failure,27918753,lizongbo,353,20,0.0,0.0,,pull_request,37,0,5855.0,1,failure,5,957bbab0e068a4cbe2707d85db08302ba1684a5e,32,179,256,0,0,9,100,3,335,0,0,1,1,30,32,1,4,5,196,0,0,0,8,6,14,1,1,0,18,1,1,133,202,0,0,23,0,0,41,0,['junit'],java-maven,464782,382878,823.78,50838,842,0,51680,1,0.00625782,0.873696,0.00375469,0.698123,5,0,4,0,0,1,0,1
52960,7592358224,2700159,Java CI,fix-wall-deleteWhereAlwaysTrue,465925b9c4bc7da178952ae65dc520323dbed940,.github/workflows/ci.yaml,failure,27918753,qxo,339,34,,,,pull_request,0,0,,1,success,0,,0,0,0,0,0,0,0,0,0,0,0,0,0,0,0,0,0,0,0,0,0,0,0,0,0,0,0,0,18,0,0,0,0,0,0,0,0,0,41,0,['junit'],java-maven,462017,380685,823.963,0,0,0,0,1,0.0150188,0.827075,0.00125156,0.856249,2,1,2,0,0,0,0,0
52961,7464598625,2700159,Java CI,master,4f281d80b92b8cd9603fa0c098d9d82ccde80945,.github/workflows/ci.yaml,failure,27918753,lizongbo,338,33,0.0,0.0,,pull_request,37,0,5683.0,0,success,1,6815c4b77378f6cf416590e5ca5a44046744d0a3,7,270,3,0,0,7,231,1,42,0,0,2,0,7,9,6,0,6,123,1,0,1,9,0,9,1,1,0,18,2,0,41,1,0,0,1,0,0,41,0,['junit'],java-maven,461876,380557,823.938,0,0,0,0,1,0.0475594,0.882324,0.0100125,0.797997,27,0,2,0,0,1,0,1
52962,8950581310,2700159,Java CI,master,9003085f558c134de5b7fe70ac4d54e75898eae6,.github/workflows/ci.yaml,failure,27918753,lizongbo,357,20,0.0,4.0,{'chore'},push,3,0,2425.0,1,failure,4,1c00d907c89daaec78db183a079e3304c5805207,0,310,0,0,0,1,210,1,100,0,0,2,0,0,2,0,0,0,0,0,0,0,31,0,31,1,1,0,18,2,0,100,0,0,0,0,0,0,41,0,['junit'],java-maven,465731,383643,823.744,0,0,0,0,1,0.0362954,0.545461,0.0187735,0.585474,25,0,4,0,0,1,0,1
52963,9020479373,2700159,Java CI,master,aa762167c9ad8107b6d555ce2672bf6f68e8b8ab,.github/workflows/ci.yaml,failure,27918753,lizongbo,358,21,1.0,2.0,,pull_request,36,0,5897.0,1,failure,2,4ba135cc40eaab9f988047eced39356c0dbd49e9,3,86,1,0,1,3,49,1,38,0,0,1,0,3,4,5,0,5,11,2,0,2,8,0,8,1,1,0,18,1,0,38,0,0,0,0,0,0,41,0,['junit'],java-maven,466167,384171,824.106,0,0,0,0,1,0.0500626,0.51071,0.0225282,0.602032,38,0,4,0,0,1,0,1
52964,8820883640,2700159,Java CI,master,e89e14ca9d024b9cd127942dca5c6da94b5a253e,.github/workflows/ci.yaml,failure,27918753,lizongbo,353,17,0.0,0.0,,pull_request,37,0,5855.0,1,success,10,957bbab0e068a4cbe2707d85db08302ba1684a5e,59,369,390,0,0,10,151,3,608,0,0,1,1,57,59,3,4,7,203,1,0,1,8,6,14,1,1,0,18,1,1,279,329,0,0,59,0,0,41,0,['junit'],java-maven,464831,382897,823.734,0,0,0,0,1,0.0187735,0.676245,0.0162703,0.422761,2,0,4,0,0,1,0,1
52965,8403117320,2700159,Java CI,master,716e42bf773522f3ee736c4a3e9f67321ad481cd,.github/workflows/ci.yaml,failure,27918753,lizongbo,348,19,0.0,0.0,,pull_request,37,0,5796.0,0,failure,2,fa195c09a326fb9ebfe870617f11da37928899c7,11,140,5,0,0,11,78,1,67,0,0,1,0,11,12,2,0,2,230,1,0,1,8,0,8,1,1,0,18,1,0,67,0,0,0,1,0,0,41,0,['junit'],java-maven,464429,382524,823.644,0,0,0,0,1,0.0187735,0.695491,0.00375469,0.816475,24,0,4,0,0,1,0,1
52966,9469700357,2700159,Java CI,master,85f7f3e6b32d8d8b9d489cdb5cd1bd6a5988d50f,.github/workflows/ci.yaml,failure,27918753,lizongbo,368,25,1.0,1.0,,pull_request,39,0,5973.0,1,success,1,b219209e621d9c550681fbcd72687fe25ab5bc55,3,5,1,0,0,3,6,1,0,0,0,0,0,3,3,0,0,0,64,1,0,1,0,0,0,1,0,0,18,0,0,0,0,0,0,1,0,0,220,1,['junit'],java-maven,467754,385122,823.343,0,0,0,0,1,0.00375469,0.959249,0.00125156,0.83229,5,0,4,0,0,0,0,1
52967,8950619200,2700159,Java CI,master,2b619215fcd2688b6a78e4448752bfd3d7a4267c,.github/workflows/ci.yaml,failure,27918753,lizongbo,357,20,1.0,2.0,,pull_request,39,0,5884.0,1,failure,2,9003085f558c134de5b7fe70ac4d54e75898eae6,1,105,329,0,1,2,243,1,191,0,1,1,2,1,4,0,0,0,76,0,0,0,7,31,38,1,1,0,18,1,2,91,100,0,0,0,0,0,41,0,['junit'],java-maven,465605,383634,823.947,0,0,0,0,1,0.0375469,0.534851,0.020025,0.568568,25,0,4,0,0,1,0,1
52968,8881626912,2700159,Java CI,master,1bf7ba0e1ea179782c1ab22ae002ad9d7933971a,.github/workflows/ci.yaml,failure,27918753,lizongbo,353,17,0.0,0.0,,pull_request,37,0,5855.0,1,success,10,957bbab0e068a4cbe2707d85db08302ba1684a5e,52,361,231,0,0,5,112,2,480,0,0,1,0,51,52,3,0,3,145,1,0,1,8,0,8,1,1,0,18,1,0,279,201,0,0,58,0,0,41,0,['junit'],java-maven,464951,383025,823.797,0,0,0,0,1,0.0212766,0.603343,0.0150188,0.551384,1,0,4,0,0,1,0,1
52969,8216151688,2700159,Java CI,master,48b0a73d88a90eae38beb6aa0e20ae149b5362f9,.github/workflows/ci.yaml,failure,27918753,lizongbo,346,26,0.0,0.0,,pull_request,42,0,5766.0,1,failure,2,223eacf14d26cf57e7f62741ea9745d78df50390,9,291,5,0,0,11,203,1,93,0,0,3,0,9,12,9,0,9,225,4,0,4,12,0,12,1,1,0,18,3,0,93,0,0,0,1,0,0,41,0,['junit'],java-maven,463635,382046,824.023,51576,0,0,51584,1,0.0413016,0.539197,0.00250313,0.817044,6,0,4,0,0,1,0,1
52970,8926937164,2700159,Java CI,master,b81243fa64b1598c986125b94ec40ea3b580cf6b,.github/workflows/ci.yaml,failure,27918753,lizongbo,356,20,0.0,0.0,,pull_request,37,0,5855.0,1,failure,16,957bbab0e068a4cbe2707d85db08302ba1684a5e,106,1207,927,0,0,11,355,2,1779,0,0,1,0,104,105,4,2,6,210,1,1,2,24,0,24,1,1,0,18,1,0,1015,764,0,0,120,0,0,41,0,['junit'],java-maven,465116,383198,823.876,51568,168,0,51736,1,0.028786,0.495767,0.0100125,0.526467,1,0,4,0,0,1,0,1
52971,8403357669,2700159,Java CI,master,b4777a1329508067220f925a40c7d715636f8f7f,.github/workflows/ci.yaml,failure,27918753,lizongbo,348,19,0.0,0.0,,pull_request,37,0,5796.0,1,failure,4,fa195c09a326fb9ebfe870617f11da37928899c7,16,153,15,0,0,12,87,1,81,0,0,1,0,16,17,2,0,2,246,1,0,1,8,0,8,1,1,0,18,1,0,75,6,0,0,4,0,0,41,0,['junit'],java-maven,464434,382526,823.639,0,0,0,0,1,0.0212766,0.664303,0.00625782,0.689901,26,0,4,0,0,1,0,1
52972,8912566159,2700159,Java CI,master,371ffa15872c02269d37ef90362849f7366e6e74,.github/workflows/ci.yaml,failure,27918753,lizongbo,356,20,0.0,0.0,,pull_request,37,0,5855.0,1,failure,14,957bbab0e068a4cbe2707d85db08302ba1684a5e,85,671,438,0,0,11,287,2,822,0,0,1,0,84,85,3,2,5,210,1,1,2,15,0,15,1,1,0,18,1,0,505,317,0,0,96,0,0,41,0,['junit'],java-maven,465066,383135,823.829,51376,352,0,51728,1,0.0262829,0.527143,0.0100125,0.526467,1,0,4,0,0,1,0,1
52973,8958050804,2700159,Java CI,master,433fffbc4f54600911aac5800f8abe64587ac711,.github/workflows/ci.yaml,failure,27918753,lizongbo,358,21,1.0,2.0,,pull_request,36,0,5885.0,0,success,2,15b887e9ff1591b0e0f252aee7b55e74e9bd5792,7,283,7,0,1,4,12,1,278,0,0,1,0,7,8,0,0,0,150,0,0,0,8,0,8,1,1,0,18,1,0,275,3,0,0,4,0,0,41,0,['junit'],java-maven,465865,383906,824.071,0,0,0,0,1,0.0413016,0.522693,0.0237797,0.547028,29,0,4,0,0,1,0,1
52974,8216137783,2700159,Java CI,master,101907edd9711d8cb051dd5a843d2fc0fa552598,.github/workflows/ci.yaml,failure,27918753,lizongbo,346,26,0.0,0.0,,pull_request,42,0,5766.0,1,success,1,223eacf14d26cf57e7f62741ea9745d78df50390,9,292,5,0,0,11,204,1,93,0,0,3,0,9,12,9,0,9,225,4,0,4,12,0,12,1,1,0,18,3,0,93,0,0,0,1,0,0,41,0,['junit'],java-maven,463635,382046,824.023,0,0,0,0,1,0.0400501,0.556242,0.00125156,0.899374,6,0,4,0,0,1,0,1
52975,7685167276,2700159,Java CI,feat-monitor-with-3rd-ds,1a8453bb4cf2e0c944b3365ffd482351e36b63af,.github/workflows/ci.yaml,failure,27918753,qxo,339,34,,,,pull_request,0,0,,1,failure,0,,0,0,0,0,0,0,0,0,0,0,0,0,0,0,0,0,0,0,0,0,0,0,0,0,0,0,0,0,18,0,0,0,0,0,0,0,0,0,41,0,['junit'],java-maven,461931,380603,823.939,0,0,0,0,1,0.0237797,0.536713,0.00500626,0.597497,3,1,4,0,0,0,0,0
52976,7459172439,2700159,Java CI,usingThreadMap,68d470f3b3a71fa2eb5fe16a1aac745f0bcf462b,.github/workflows/ci.yaml,failure,27918753,zrlw,338,33,,,,pull_request,0,0,,1,failure,0,,0,0,0,0,0,0,0,0,0,0,0,0,0,0,0,0,0,0,0,0,0,0,0,0,0,0,0,0,18,0,0,0,0,0,0,0,0,0,41,0,['junit'],java-maven,461755,380564,824.169,0,0,0,0,1,0.0475594,0.803451,0.00876095,0.842784,29,1,2,0,0,0,0,0
52977,8403421455,2700159,Java CI,master,f27864c161a654883e5829e72f21911ffadaa0c4,.github/workflows/ci.yaml,failure,27918753,lizongbo,348,19,0.0,0.0,,pull_request,37,0,5796.0,1,failure,5,fa195c09a326fb9ebfe870617f11da37928899c7,17,160,22,0,0,12,87,1,95,0,0,1,0,17,18,2,0,2,246,1,0,1,8,0,8,1,1,0,18,1,0,82,13,0,0,5,0,0,41,0,['junit'],java-maven,464434,382526,823.639,0,0,0,0,1,0.0225282,0.649725,0.00750939,0.640175,27,0,4,0,0,1,0,1
52978,8905487659,2700159,Java CI,master,db8447c12cc6b9595b631452e1953548b312d408,.github/workflows/ci.yaml,failure,27918753,lizongbo,356,20,0.0,0.0,,pull_request,37,0,5855.0,1,failure,12,957bbab0e068a4cbe2707d85db08302ba1684a5e,71,444,300,0,0,11,183,2,561,0,0,1,0,70,71,3,2,5,209,1,1,2,14,0,14,1,1,0,18,1,0,333,228,0,0,76,0,0,41,0,['junit'],java-maven,464973,383052,823.816,51272,456,0,51728,1,0.0237797,0.562703,0.0100125,0.552774,1,0,4,0,0,1,0,1
52979,7439582733,2700159,Java CI,master,4a5b29e4c6c2c7f96f84714fb5efffae7526ad8c,.github/workflows/ci.yaml,failure,27918753,lizongbo,336,32,0.0,0.0,,pull_request,40,0,5675.0,1,success,1,39cde02442d0b27fa54b2a2b858c6a140416b59a,4,60,13,0,0,2,6,1,67,0,0,1,0,4,5,2,2,4,132,1,1,2,9,1,10,1,1,0,18,1,0,55,12,0,0,1,0,0,41,0,['junit'],java-maven,461517,380347,824.123,0,0,0,0,1,0.057572,0.902233,0.00625782,0.831595,27,0,2,0,0,1,0,1
52980,8260766452,2700159,Java CI,master,097c974c26af7cbe62eb2cff0fa54a1884a5970c,.github/workflows/ci.yaml,failure,27918753,patience00,346,23,,,,pull_request,0,0,,0,success,0,,0,0,0,0,0,0,0,0,0,0,0,0,0,0,0,0,0,0,0,0,0,0,0,0,0,0,0,0,18,0,0,0,0,0,0,0,0,0,41,0,['junit'],java-maven,465389,383236,823.475,0,0,0,0,1,0.0413016,0.798915,0.00625782,0.828119,0,0,4,0,1,1,0,1
52981,8394083480,2700159,Java CI,master,e8645529f549308e3881a5940f094e9e7dbfdb8e,.github/workflows/ci.yaml,failure,27918753,lizongbo,348,19,0.0,0.0,,pull_request,37,0,5796.0,1,success,1,fa195c09a326fb9ebfe870617f11da37928899c7,1,3,0,0,0,1,3,1,0,0,0,0,0,1,1,0,0,0,44,0,0,0,0,0,0,1,0,0,18,0,0,0,0,0,0,0,0,0,41,0,['junit'],java-maven,464316,382457,823.7,51624,0,0,51632,1,0.0187735,0.686803,0.00125156,0.922596,23,0,4,0,0,1,0,1
52982,8572682442,2700159,Java CI,master,025582c3bcb8514426b4e428ec2fe47210a520f4,.github/workflows/ci.yaml,failure,27918753,rfvgtgfdv,351,21,,,,pull_request,0,0,,0,success,0,,0,0,0,0,0,0,0,0,0,0,0,0,0,0,0,0,0,0,0,0,0,0,0,0,0,0,0,0,18,0,0,0,0,0,0,0,0,0,41,0,['junit'],java-maven,464498,382588,823.659,0,0,0,0,0,0.0187735,0.817689,0.00125156,0.83229,0,0,1,0,1,1,0,1
52983,7430096752,2700159,Java CI,master,90d94639a8fc43d146cee9a37ac0e196e40570f9,.github/workflows/ci.yaml,failure,27918753,lizongbo,336,32,0.0,0.0,,pull_request,91,0,5671.0,0,success,2,8c125eb08a304844c98d8a662f6d4801f7b007fc,3,5,2,0,0,3,7,2,0,1,1,0,0,2,2,0,0,0,0,0,0,0,0,0,0,1,0,0,18,0,0,0,0,0,0,0,0,0,41,0,['junit'],java-maven,461435,380257,824.075,12844,0,0,12844,1,0.0738423,0.782823,0.00375469,0.898123,30,0,2,0,0,1,0,1
52984,8950667850,2700159,Java CI,master,b649bff71116949f85e3827620feb24dc8657f37,.github/workflows/ci.yaml,failure,27918753,lizongbo,357,20,1.0,3.0,,pull_request,39,0,5884.0,1,failure,3,9003085f558c134de5b7fe70ac4d54e75898eae6,1,105,329,0,1,2,243,1,191,0,1,1,2,1,4,0,0,0,76,0,0,0,7,31,38,1,1,0,18,1,2,91,100,0,0,0,0,0,41,0,['junit'],java-maven,465605,383634,823.947,51798,10,0,51808,1,0.0400501,0.51481,0.0225282,0.537496,25,0,4,0,0,1,0,1
52985,7752264376,2700159,Java CI,master,39ac939561264d6f9d1fca6cb210a3ad7f717383,.github/workflows/ci.yaml,failure,27918753,nyoungo,340,35,0.0,0.0,,pull_request,37,0,5717.0,0,failure,1,0a9754e531cd07758e515cf9cf8dee576c77ef3f,3,69,1,0,0,3,26,1,44,0,0,1,0,3,4,0,0,0,140,0,0,0,4,0,4,1,1,0,18,1,0,44,0,0,0,0,0,0,41,0,['junit'],java-maven,462354,381080,824.217,0,0,0,0,0,0.0275344,0.810388,0.0112641,0.823947,0,0,1,0,1,1,0,1
52986,7325745616,2700159,Java CI,master,ca2bd30ec9dacffff8aa9ff2091bd71765e5370e,.github/workflows/ci.yaml,failure,27918753,ray-lsr,336,32,0.0,0.0,,pull_request,3,0,5647.0,1,failure,2,460c5ceb359f3cd949f26d60898e53b5d4853cc0,2,44,64,0,0,3,108,1,0,0,0,1,0,2,3,0,2,2,4,0,4,4,7,9,16,1,0,0,18,1,0,0,0,0,0,0,0,0,41,0,['junit'],java-maven,461285,380140,824.089,0,0,0,0,0,0.100125,0.642768,0.00625782,0.709816,0,0,1,0,1,1,0,1
52987,7319876685,2700159,Java CI,master,3894683068f2a11036684e3d3be0f8e9daecbcfd,.github/workflows/ci.yaml,failure,27918753,ray-lsr,335,31,0.0,0.0,,pull_request,3,0,5647.0,0,success,1,460c5ceb359f3cd949f26d60898e53b5d4853cc0,2,42,64,0,0,3,106,1,0,0,0,1,0,2,3,0,2,2,4,0,4,4,7,9,16,1,0,0,18,1,0,0,0,0,0,0,0,0,41,0,['junit'],java-maven,461282,380140,824.095,0,0,0,0,0,0.101377,0.748853,0.0100125,0.82499,0,0,1,0,1,1,0,1
52988,7406316821,2700159,Java CI,master,ab102d85c5e502273f5de4a2671d3f8d30d9637e,.github/workflows/ci.yaml,failure,27918753,chaolidai,335,31,,,,pull_request,0,0,,0,success,0,,0,0,0,0,0,0,0,0,0,0,0,0,0,0,0,0,0,0,0,0,0,0,0,0,0,0,0,0,18,0,0,0,0,0,0,0,0,0,41,0,['junit'],java-maven,461331,380140,824.007,0,0,0,0,0,0.0750939,0.770755,0.00250313,0.831247,0,0,1,0,1,1,0,1
52989,7115751688,2700159,Java CI,master,4e9867c603445810320eb1eed7062681fd0f6689,.github/workflows/ci.yaml,action_required,27918753,yangcom01,329,23,,,,pull_request,0,0,,0,success,0,,0,0,0,0,0,0,0,0,0,0,0,0,0,0,0,0,0,0,0,0,0,0,0,0,0,0,0,0,18,0,0,0,0,0,0,0,0,0,36,0,['junit'],java-maven,459405,378747,824.429,0,0,0,0,0,0.0863579,0.928035,0.0150188,0.987484,0,0,1,0,1,0,0,1
52990,7205515828,2700159,Java CI,master,50b84b58c56725333ae1047adf0937890fff118c,.github/workflows/ci.yaml,action_required,27918753,leoloel,332,26,0.0,0.0,,pull_request,11,0,5600.0,0,success,1,c9c32bac6cd1082f8c1ceccfb70263e030146319,1,2,2,0,0,1,4,1,0,0,0,0,0,1,1,0,0,0,42,0,0,0,0,0,0,1,0,0,18,0,0,0,0,0,0,0,0,0,41,0,['junit'],java-maven,460139,379229,824.162,0,0,0,0,0,0.140175,0.883187,0.048811,0.959324,0,0,1,0,1,1,0,1
52991,7284933820,2700159,Java CI,master,e9bce14e43dfcf9beecf84b69d1b46a157ea44c8,.github/workflows/ci.yaml,action_required,27918753,helloichen,334,30,0.0,0.0,,pull_request,15,0,5638.0,0,success,6,554012ec9e7c824366b5cd7d94cd6b4b29b3fa02,3,103,2,0,0,2,78,1,27,0,0,0,0,3,3,6,0,6,59,0,0,0,10,0,10,1,1,0,18,0,0,27,0,0,0,0,0,0,41,0,['junit'],java-maven,461029,379908,824.044,0,0,0,0,0,0.12015,0.914178,0.020025,0.985696,0,0,1,0,1,1,0,1
52992,7272696748,2700159,Java CI,master,4727d4cb9987e00291cb91f38ed14431a48cf453,.github/workflows/ci.yaml,action_required,27918753,helloichen,334,30,0.0,0.0,,pull_request,15,0,5638.0,0,success,4,554012ec9e7c824366b5cd7d94cd6b4b29b3fa02,2,76,3,0,0,2,79,1,0,0,0,0,0,2,2,3,0,3,59,0,0,0,7,0,7,1,0,0,18,0,0,0,0,0,0,0,0,0,41,0,['junit'],java-maven,461006,379881,824.026,0,0,0,0,0,0.135169,0.887359,0.0325407,0.972883,0,0,1,0,1,1,0,1
52993,7114271668,2700159,Java CI,master,b5f30e1fde582aaf444b3a0681980f725b2e46c4,.github/workflows/ci.yaml,action_required,27918753,xuziyang,329,23,0.0,0.0,,pull_request,4,0,5558.0,0,success,1,53123b961b99782c84dcfe9a1ec146812dd45022,1,2,2,0,0,1,4,1,0,0,0,0,0,1,1,0,0,0,97,0,0,0,0,0,0,1,0,0,18,0,0,0,0,0,0,0,0,0,36,0,['junit'],java-maven,459420,378747,824.403,0,0,0,0,0,0.0863579,0.928035,0.0150188,0.987484,0,0,1,0,1,1,0,1
52994,7219593709,2700159,Java CI,lock-request-clause,3ad2a3631e3ff759ad2b3c0339394faca38f7e82,.github/workflows/ci.yaml,action_required,27918753,SteedTamer,333,27,0.0,0.0,,pull_request,46,0,5607.0,0,success,4,a9b33667aaacffc2995f9656169477ff5a6533db,3,118,0,0,0,3,54,1,64,0,0,1,0,3,4,3,0,3,10,1,0,1,9,0,9,1,1,0,18,1,0,64,0,0,0,0,0,0,41,0,['junit'],java-maven,460613,379577,824.069,0,0,0,0,0,0.142678,0.881101,0.0525657,0.956195,0,0,1,0,1,0,0,0
52995,7258646784,2700159,Java CI,supportWindowsNewlineAndCheckEndToken,6e953dc8c04fac55b473d5f401e956b4338d76be,.github/workflows/ci.yaml,success,27918753,zrlw,334,30,,,,pull_request,0,0,,0,success,0,,0,0,0,0,0,0,0,0,0,0,0,0,0,0,0,0,0,0,0,0,0,0,0,0,0,0,0,0,18,0,0,0,0,0,0,0,0,0,41,0,['junit'],java-maven,460995,379902,824.091,12856,0,0,12856,1,0.145181,0.629441,0.0337922,0.81856,73,1,2,0,0,0,0,0
52996,6942393433,2700159,Java CI,fixCIrunon,3c11f94304491f13be1b35f8aaf161bc43df6c34,.github/workflows/ci.yaml,failure,27918753,zrlw,315,6,,,,pull_request,0,0,,1,failure,0,,0,0,0,0,0,0,0,0,0,0,0,0,0,0,0,0,0,0,0,0,0,0,0,0,0,0,0,0,18,0,0,0,0,0,0,0,0,0,31,0,['junit'],java-maven,456783,376795,824.888,5322,0,0,5322,1,0.0237797,0.34865,0.0212766,0.349544,0,0,1,0,0,1,0,0
52997,7001016009,2700159,Java CI,optimizeKeepAlive,20fd0582508ddf00866e4828a0f775cb26cd3a74,.github/workflows/ci.yaml,success,27918753,zrlw,319,11,,,,pull_request,0,0,,1,success,0,,0,0,0,0,0,0,0,0,0,0,0,0,0,0,0,0,0,0,0,0,0,0,0,0,0,0,0,0,18,0,0,0,0,0,0,0,0,0,36,0,['junit'],java-maven,457636,377635,825.186,25488,0,0,25488,1,0.0675845,0.342218,0.0550688,0.353463,8,1,2,0,0,0,0,0
52998,7233351755,2700159,Java CI,keepConnectionUnderlyingTransactionIsolation,9c8f3923a50932e0a63ecb961f295a11df2aa6a5,.github/workflows/ci.yaml,success,27918753,zrlw,334,29,0.0,0.0,,pull_request,115,0,5614.0,1,failure,1,94281b0dc5d52a0efd80f15c7cab46df4fe69205,3,145,1,0,0,2,12,1,134,0,0,1,0,3,4,2,0,2,109,1,0,1,6,0,6,1,1,0,18,1,0,134,0,0,0,3,0,0,41,0,['junit'],java-maven,460948,379850,824.063,12846,0,0,12846,1,0.147685,0.586386,0.0588235,0.782961,64,1,2,0,0,0,0,0
52999,7088877067,2700159,Java CI,master,f0095e7b224c02490ba657e744ab9be13ff793f2,.github/workflows/ci.yaml,success,27918753,lizongbo,328,22,0.0,0.0,,push,79,0,5548.0,0,success,2,878756402d0a69c72a51935e6950a75316ffa764,1,120,33,0,0,1,45,1,108,0,0,2,0,1,3,0,0,0,42,0,0,0,19,0,19,1,1,0,18,2,0,108,0,0,0,0,0,0,36,0,['junit'],java-maven,459311,378624,824.33,25548,0,0,25548,1,0.0838548,0.640893,0.0137672,0.858864,26,0,2,0,0,1,0,1
53000,6995751206,2700159,Java CI,wallprovider,eab1f14c2b27929665e9d7da754fca7bf8b7722a,.github/workflows/ci.yaml,success,27918753,shenjianeng,318,10,0.0,0.0,,pull_request,51,0,5521.0,1,failure,4,44aef39c28aefd377fc15884bcf9b4f3b7fd9ccf,188,1900,4945,0,0,167,4824,4,2021,0,1,2,31,187,220,6,36,42,1789,10,12,22,108,296,404,1,1,0,18,2,33,299,1722,0,0,67,0,0,36,0,['junit'],java-maven,457511,377616,825.37,25480,0,0,25480,1,0.0625782,0.557259,0.0513141,0.52213,4,0,2,0,0,1,0,0
53001,7164970919,2700159,Java CI,master,077f1c5c57db2584c03f3b0f1ac565587c0326d3,.github/workflows/ci.yaml,failure,27918753,xuziyang,330,24,,,,pull_request,0,0,,0,failure,0,,0,0,0,0,0,0,0,0,0,0,0,0,0,0,0,0,0,0,0,0,0,0,0,0,0,0,0,0,18,0,0,0,0,0,0,0,0,0,36,0,['junit'],java-maven,459845,378970,824.126,0,0,0,0,1,0.118899,0.740551,0.0375469,0.781227,1,0,2,0,0,1,0,1
53002,7169775751,2700159,Java CI,master,9f605e1ceb170220285d30f74e37ab52d12129a8,.github/workflows/ci.yaml,success,27918753,lizongbo,330,24,0.0,0.0,,push,81,0,5578.0,0,success,3,7663056fefc2010a393589c2bed347be6d0b2fe3,121,487,697,0,0,107,1132,1,52,0,0,0,0,121,121,0,0,0,1166,0,0,0,0,46,46,1,1,0,18,0,0,26,26,0,0,22,0,0,36,0,['junit'],java-maven,459637,378970,824.498,25580,0,0,25580,1,0.12766,0.572228,0.0463079,0.492764,38,0,2,0,0,1,0,1
53003,7182329163,2700159,Java CI,wallprovider,6668aafb0fc325779e1ed31a9485c04a3eec7c8f,.github/workflows/ci.yaml,success,27918753,shenjianeng,331,25,0.0,0.0,,pull_request,51,0,5521.0,1,success,12,44aef39c28aefd377fc15884bcf9b4f3b7fd9ccf,3,745,253,0,0,2,929,1,69,0,0,2,0,3,5,2,0,2,29,4,4,8,17,3,20,1,1,0,18,2,0,65,4,0,0,8,0,0,36,0,['junit'],java-maven,460073,379101,824.002,25596,0,0,25596,1,0.130163,0.652236,0.048811,0.812995,7,1,2,0,0,0,0,0
53004,7251212325,2700159,Java CI,revert-5629-fix4ignoreWhere,156156f07c1986f99954ccb01beba14239d731a7,.github/workflows/ci.yaml,success,27918753,lizongbo,334,29,0.0,0.0,,pull_request,48,0,5630.0,1,success,1,57dbdb3e1aa3e9675023f2137a841ecf54a40150,1,25,101,0,0,1,63,1,63,0,0,0,1,1,2,0,1,1,32,0,1,1,0,9,9,1,1,0,18,0,1,0,63,0,0,0,0,0,41,0,['junit'],java-maven,460953,379881,824.121,12854,0,0,12854,1,0.148936,0.728369,0.0337922,0.931656,45,0,2,0,0,0,0,0
53005,7077176390,2700159,Java CI,master,f16825861be6c0c9d3ab0e69eb178e6c72b9cd04,.github/workflows/ci.yaml,success,27918753,lizongbo,326,20,0.0,0.0,,push,34,0,4843.0,1,success,1,7dde7af52a0b13180de6d4c18a76c0ed00c47d46,1,13,5,0,0,1,18,1,0,0,0,0,0,1,1,1,0,1,41,0,0,0,0,0,0,1,0,0,18,0,0,0,0,0,0,1,0,0,36,0,['junit'],java-maven,459182,378429,824.137,25544,0,0,25544,1,0.0838548,0.624319,0.0212766,0.815764,25,0,2,0,0,1,0,1
53006,7074225914,2700159,Java CI,fixShrinkWithOnFatalError,39690393cf8f6055481426309c833a9c49c47166,.github/workflows/ci.yaml,success,27918753,zrlw,326,20,0.0,0.0,,pull_request,96,0,5543.0,1,success,6,e2302fffbf11b9237cc11646e7b82aad101c7151,2,19,11,0,0,1,27,1,3,0,0,0,0,2,2,0,0,0,41,0,0,0,0,0,0,1,1,0,18,0,0,3,0,0,0,1,0,0,36,0,['junit'],java-maven,459150,378390,824.11,25544,0,0,25544,1,0.0826033,0.4834,0.0262829,0.745893,16,1,2,0,0,0,0,0
53007,7071225111,2700159,Java CI,master,9eb5f7247dac371474fe92fe96988c0c516bdff9,.github/workflows/ci.yaml,failure,27918753,lizongbo,322,16,0.0,0.0,,push,23,0,5027.0,1,failure,1,cabbe7fbc50e140aee56a974b42d17161d46a073,3,106,1,0,0,3,103,1,4,0,0,1,0,3,4,1,0,1,117,0,0,0,3,0,3,1,1,0,18,1,0,4,0,0,0,0,0,0,36,0,['junit'],java-maven,459117,378355,824.093,0,0,0,0,1,0.0801001,0.593325,0.0237797,0.797358,24,0,2,0,0,1,0,1
53008,7027286674,2700159,Java CI,optimizeCreateDirect,2a394848b121dbe3c9dfa4cde7317965f8bbbf65,.github/workflows/ci.yaml,success,27918753,zrlw,320,13,0.0,0.0,,pull_request,58,0,5530.0,1,failure,5,cf606b4c5dd9fcbbb380298ab603f3629c53d776,1,63,55,0,0,1,118,1,0,0,0,0,0,1,1,0,0,0,41,2,0,2,0,0,0,1,0,0,18,0,0,0,0,0,0,2,0,0,36,0,['junit'],java-maven,457997,377855,825.016,25500,0,0,25500,1,0.0713392,0.436518,0.0413016,0.573984,8,1,2,0,0,0,0,0
53009,7148761842,2700159,Java CI,optimizeShrink,e54bb77f7ebd5356a43763b20feac069b669c8f1,.github/workflows/ci.yaml,success,27918753,zrlw,330,24,0.0,0.0,,pull_request,98,0,5570.0,1,success,1,d3e5c9aaa1f40cef376c0eef0ade0ca72dc4a659,1,7,7,0,0,1,14,1,0,0,0,0,0,1,1,0,0,0,42,0,1,1,0,0,0,1,0,0,18,0,0,0,0,0,0,1,0,0,36,0,['junit'],java-maven,459595,378774,824.147,25564,0,0,25564,1,0.100125,0.539766,0.0237797,0.656389,41,1,2,0,0,0,0,0
53010,7197000931,2700159,Java CI,master,3613021adae8572ab2c3d835f454a8f516f69abb,.github/workflows/ci.yaml,failure,27918753,xuziyang,332,26,,,,pull_request,0,0,,1,failure,0,,0,0,0,0,0,0,0,0,0,0,0,0,0,0,0,0,0,0,0,0,0,0,0,0,0,0,0,0,18,0,0,0,0,0,0,0,0,0,41,0,['junit'],java-maven,460124,379102,823.913,0,0,0,0,1,0.135169,0.452966,0.0538173,0.447121,4,0,2,0,0,1,0,1
53011,7224223546,2700159,Java CI,master,4efdf6fd27936920f76e2d14b8e8b77e9b610019,.github/workflows/ci.yaml,success,27918753,lizongbo,333,27,0.0,0.0,,push,57,0,5604.0,1,success,1,1026c18f1fe566e0c1ba23d6c2eefb68a5d2eb9a,1,23,3,0,0,1,7,1,19,0,0,1,0,1,2,0,0,0,7,0,0,0,5,0,5,1,1,0,18,1,0,19,0,0,0,0,0,0,41,0,['junit'],java-maven,460552,379532,824.081,12818,0,0,12818,1,0.142678,0.679731,0.0525657,0.698837,40,0,2,0,0,1,0,1
53012,7174578718,2700159,Java CI,supportJacoco,5f3a7b7121374629e8fbc4352e9dc9b9ee0f83ee,.github/workflows/ci.yaml,success,27918753,zrlw,330,24,0.0,0.0,,pull_request,18,0,5583.0,0,success,1,44aef39c28aefd377fc15884bcf9b4f3b7fd9ccf,1,10,2,0,0,0,0,2,0,1,1,0,0,0,0,0,0,0,0,0,0,0,0,0,0,0,0,0,18,1,0,0,0,0,2,0,0,0,40,0,['junit'],java-maven,459744,379040,824.459,12802,0,0,12802,1,0.12766,0.541524,0.0463079,0.632457,46,1,2,0,0,0,0,0
53013,7224260314,2700159,Java CI,master,d59a7d0a4ef90005598a5196f73faba224987c41,.github/workflows/ci.yaml,failure,27918753,lizongbo,333,27,0.0,0.0,,push,46,0,5607.0,1,failure,4,d59a7d0a4ef90005598a5196f73faba224987c41,3,118,0,0,0,3,54,1,64,0,0,1,0,3,4,3,0,3,10,1,0,1,9,0,9,1,1,0,18,1,0,64,0,0,0,0,0,0,41,0,['junit'],java-maven,460642,379596,824.059,12800,8,0,12808,1,0.145181,0.668842,0.0550688,0.673655,40,0,2,0,0,1,0,1
53014,6996838542,2700159,Java CI,master,9e2f59aeff441a33a7e3449bd2bb50a132761099,.github/workflows/ci.yaml,success,27918753,lizongbo,318,10,0.0,0.0,,push,43,0,5523.0,1,success,1,73e4b255d6d2b4e2526ebe487b88d64e5cbf438f,7,182,0,0,0,8,102,1,80,0,0,2,0,7,9,4,0,4,47,1,0,1,20,0,20,1,1,0,18,2,0,80,0,0,0,1,0,0,36,0,['junit'],java-maven,457639,377635,825.181,25488,0,0,25488,1,0.0625782,0.417397,0.0513141,0.469737,17,0,2,0,0,1,0,1
53015,7211591170,2700159,Java CI,master,3dfb396a880c14d0ef6fe076ad5f532bce0b74cd,.github/workflows/ci.yaml,success,27918753,lizongbo,332,26,0.0,0.0,,push,12,0,5602.0,1,success,2,cf80abd1deae4408831cde769d4e78f2f92150cf,2,68,27,0,0,1,51,1,44,0,0,0,0,2,2,1,1,2,9,0,0,0,10,4,14,1,1,0,18,0,0,44,0,0,0,0,0,0,41,0,['junit'],java-maven,460525,379513,824.088,12816,0,0,12816,1,0.141427,0.671842,0.048811,0.681489,41,0,2,0,0,1,0,1
53016,7239675253,2700159,Java CI,master,ce910d3561f62448fc04a065ba7131b85da0c351,.github/workflows/ci.yaml,success,27918753,lizongbo,334,29,0.0,0.0,,push,38,0,5623.0,1,success,5,c1e1166a94e3bd5a9076fb874661837e5e310bff,4,154,355,0,0,2,412,1,97,0,0,0,2,4,6,2,1,3,44,1,0,1,0,6,6,1,1,0,18,0,2,4,93,0,0,15,0,0,41,0,['junit'],java-maven,460870,379819,824.135,12848,0,0,12848,1,0.147685,0.719045,0.0425532,0.914545,45,0,2,0,0,1,0,1
53017,7077386189,2700159,Java CI,master,0603aedf9a4423d80ba423c82008f7676b0dc7b4,.github/workflows/ci.yaml,success,27918753,lizongbo,326,20,0.0,0.0,,pull_request,41,0,5545.0,1,success,1,f16825861be6c0c9d3ab0e69eb178e6c72b9cd04,1,98,3,0,0,1,14,1,87,0,0,1,0,1,2,0,0,0,42,0,0,0,1,0,1,1,1,0,18,1,0,87,0,0,0,0,0,0,36,0,['junit'],java-maven,459257,378516,824.192,25544,0,0,25544,1,0.0838548,0.630011,0.0212766,0.819858,25,0,2,0,0,1,0,1
53018,7224475369,2700159,Java CI,master,2b88444588625f40d5aec53c0dfa3685e08cf930,.github/workflows/ci.yaml,success,27918753,lizongbo,333,27,0.0,0.0,,push,40,0,5609.0,1,success,1,f4accbcacc521515aea02a1ebd59e110e791c686,5,77,1,0,0,4,35,1,43,0,0,0,0,5,5,5,0,5,92,1,0,1,2,0,2,1,1,0,18,0,0,43,0,0,0,0,0,0,41,0,['junit'],java-maven,460698,379639,824.052,12822,0,0,12822,1,0.145181,0.676543,0.0550688,0.690248,41,0,2,0,0,1,0,1
53019,7000282222,2700159,Java CI,optimizeKeepAlive,66e42f02c5d3da39a02542a91fdff56692f39a0f,.github/workflows/ci.yaml,success,27918753,zrlw,319,11,,,,pull_request,0,0,,1,success,0,,0,0,0,0,0,0,0,0,0,0,0,0,0,0,0,0,0,0,0,0,0,0,0,0,0,0,0,0,18,0,0,0,0,0,0,0,0,0,36,0,['junit'],java-maven,457642,377635,825.176,25488,0,0,25488,1,0.0650814,0.302331,0.0525657,0.314102,8,1,2,0,0,0,0,0
53020,7236585711,2700159,Java CI,fixMySqlAlias,b7b67a4cf0b3b2e08df4d522b784ab26054d1a8c,.github/workflows/ci.yaml,success,27918753,zrlw,334,29,0.0,0.0,,pull_request,551,0,5619.0,1,success,1,94281b0dc5d52a0efd80f15c7cab46df4fe69205,2,66,2,0,0,1,10,1,58,0,0,0,0,2,2,1,0,1,11,0,0,0,0,0,0,1,1,0,18,0,0,58,0,0,0,1,0,0,41,0,['junit'],java-maven,460895,379774,823.992,12836,0,0,12836,1,0.147685,0.603912,0.0588235,0.814879,64,1,2,0,0,0,0,0
53021,7239673859,2700159,Java CI,revert-5592-master,553c31435f4231492c90884af304ed916f411818,.github/workflows/ci.yaml,success,27918753,lizongbo,334,29,0.0,0.0,,push,38,0,5623.0,1,success,1,d3dc74a525dcd5c43de9e8eb98846648775e4da7,1,150,252,0,0,2,402,1,0,0,0,0,1,1,2,2,1,3,42,1,0,1,0,2,2,1,0,0,18,0,1,0,0,0,0,12,0,0,41,0,['junit'],java-maven,460870,379819,824.135,12848,0,0,12848,1,0.147685,0.715116,0.0425532,0.911648,40,0,2,0,0,0,0,0
53022,7170291738,2700159,Java CI,master,0a56fd099155e0858636ee15c74a164b970d62ff,.github/workflows/ci.yaml,success,27918753,lizongbo,330,24,0.0,0.0,,pull_request,3,0,5582.0,1,success,1,9f605e1ceb170220285d30f74e37ab52d12129a8,3,155,4,0,0,3,89,1,70,0,0,1,0,3,4,3,0,3,34,0,0,0,5,0,5,1,1,0,18,1,0,70,0,0,0,1,0,0,36,0,['junit'],java-maven,459737,379040,824.471,25592,0,0,25592,1,0.12766,0.576684,0.0463079,0.458949,38,0,2,0,0,1,0,1
53023,7114453276,2700159,Java CI,fixTestConnectionOnMysql,f9e935f6dfa29abc557ff556faa599d04ccf72e1,.github/workflows/ci.yaml,success,27918753,zrlw,329,23,0.0,0.0,,pull_request,94,0,5560.0,0,success,5,53123b961b99782c84dcfe9a1ec146812dd45022,7,33,120,0,0,5,120,1,33,0,0,0,1,7,8,0,0,0,168,0,2,2,0,11,11,1,1,0,18,0,1,3,30,0,0,4,0,0,36,0,['junit'],java-maven,459335,378720,824.496,25564,0,0,25564,1,0.0863579,0.531819,0.0150188,0.769314,29,1,2,0,0,1,0,0
53024,6940850242,2700159,Java CI,fixCIrunon,751e2041bef9a4b834627a810855c268c7a49d98,.github/workflows/ci.yaml,failure,27918753,zrlw,315,6,,,,pull_request,0,0,,1,failure,0,,0,0,0,0,0,0,0,0,0,0,0,0,0,0,0,0,0,0,0,0,0,0,0,0,0,0,0,0,18,0,0,0,0,0,0,0,0,0,31,0,['junit'],java-maven,456783,376795,824.888,0,0,0,0,1,0.0212766,0.407801,0.0187735,0.408844,0,0,2,0,0,1,0,0
53025,7157262815,2700159,Java CI,master,9a05baab9d4e4eeccb14d004ee8b8eeb81e84f0d,.github/workflows/ci.yaml,failure,27918753,lizongbo,330,24,0.0,0.0,,pull_request,44,0,5572.0,1,failure,2,cb1a43eed9f04a17c8ec37336087759bb9de31ee,2,60,15,0,0,2,26,1,49,0,0,1,0,2,3,0,0,0,10,0,0,0,12,0,12,1,1,0,18,1,0,49,0,0,0,0,0,0,36,0,['junit'],java-maven,459712,378849,824.101,25572,0,0,25572,1,0.102628,0.64442,0.0212766,0.803601,30,0,2,0,0,1,0,1
53026,7000009746,2700159,Java CI,optimizeKeepAlive,790429415a657c5f12477852b5811ba3e56542b3,.github/workflows/ci.yaml,failure,27918753,zrlw,319,11,,,,pull_request,0,0,,0,success,0,,0,0,0,0,0,0,0,0,0,0,0,0,0,0,0,0,0,0,0,0,0,0,0,0,0,0,0,0,18,0,0,0,0,0,0,0,0,0,36,0,['junit'],java-maven,457640,377635,825.179,24356,1096,0,25488,1,0.0638298,0.264857,0.0513141,0.276551,8,1,2,0,0,0,0,0
53027,7232745703,2700159,Java CI,fixStatViewFilter,dcbc86fc4d1832f88fbed394e16f3257396ea808,.github/workflows/ci.yaml,success,27918753,zrlw,334,29,0.0,0.0,,pull_request,55,0,5613.0,1,success,1,4e6fc3960453675f3ca563f9c5ae23e1ff6c7878,2,2,0,0,0,2,2,1,0,0,0,0,0,2,2,0,0,0,4,0,0,0,0,0,0,1,0,0,18,0,0,0,0,0,0,0,0,0,41,0,['junit'],java-maven,460714,379639,824.023,12822,0,0,12822,1,0.146433,0.587999,0.057572,0.804153,60,1,2,0,0,0,0,0
53028,7049367615,2700159,Java CI,master,79ec47689be59bb4c49b7cf5337bff045804059f,.github/workflows/ci.yaml,success,27918753,lizongbo,321,15,0.0,0.0,,push,26,0,5537.0,1,success,1,4193857bcca72aea0b7db7d49b598851e13ae717,2,2,2,0,0,1,2,1,2,0,0,0,0,2,2,0,0,0,13,0,0,0,0,0,0,1,1,0,18,0,0,1,1,0,0,1,0,0,36,0,['junit'],java-maven,458109,377953,825.029,25504,0,0,25504,1,0.0750939,0.514194,0.0237797,0.693367,20,0,2,0,0,1,0,1
53029,7076122336,2700159,Java CI,fixShrinkWithOnFatalError,f8057f01d6cfd9fe3b34a4f22eab48aeb43d5ce6,.github/workflows/ci.yaml,success,27918753,zrlw,326,20,0.0,0.0,,pull_request,96,0,5543.0,1,success,10,e2302fffbf11b9237cc11646e7b82aad101c7151,3,46,23,0,0,2,66,1,3,0,0,0,0,3,3,0,0,0,138,0,0,0,0,0,0,1,1,0,18,0,0,3,0,0,0,1,0,0,36,0,['junit'],java-maven,459160,378390,824.092,25544,0,0,25544,1,0.0838548,0.509679,0.0237797,0.753543,16,1,2,0,0,0,0,0
53030,7120051909,2700159,Java CI,fixTestConnectionOnMysql,41c11d6943076aa7d7d01319376e9dbd3d757503,.github/workflows/ci.yaml,failure,27918753,zrlw,330,25,,,,pull_request,0,0,,1,failure,0,,0,0,0,0,0,0,0,0,0,0,0,0,0,0,0,0,0,0,0,0,0,0,0,0,0,0,0,0,18,0,0,0,0,0,0,0,0,0,36,0,['junit'],java-maven,459271,378747,824.67,0,0,0,0,1,0.0901126,0.528865,0.0187735,0.710933,36,1,2,0,0,0,0,0
53031,7114583056,2700159,Java CI,revert-5558-master,69b9579716712e39f14a71ef53aebded83d77fbf,.github/workflows/ci.yaml,success,27918753,kimmking,329,23,0.0,0.0,,push,0,0,,0,success,1,35c5de30b9323ca2fe07b85c4006284ceb01760f,1,2,2,0,0,1,4,1,0,0,0,0,0,1,1,0,0,0,97,0,0,0,0,0,0,1,0,0,18,0,0,0,0,0,0,0,0,0,36,0,['junit'],java-maven,459420,378747,824.403,25564,0,0,25564,1,0.0863579,0.938316,0.0150188,0.989272,0,1,2,0,0,0,0,0
53032,7122281142,2700159,Java CI,fixTestConnectionOnMysql,7b3a2980d55ae7337098324817fb6af0a997f2ab,.github/workflows/ci.yaml,success,27918753,zrlw,330,25,,,,pull_request,0,0,,1,success,0,,0,0,0,0,0,0,0,0,0,0,0,0,0,0,0,0,0,0,0,0,0,0,0,0,0,0,0,0,18,0,0,0,0,0,0,0,0,0,36,0,['junit'],java-maven,459268,378748,824.678,25564,0,0,25564,1,0.0938673,0.52014,0.0225282,0.663253,36,1,2,0,0,1,0,0
53033,7018757124,2700159,Java CI,optimizeCreateDirect,1e0441f06700a99221602b2403e0aa36c5688954,.github/workflows/ci.yaml,success,27918753,zrlw,320,13,0.0,0.0,,pull_request,58,0,5530.0,1,success,3,cf606b4c5dd9fcbbb380298ab603f3629c53d776,1,37,29,0,0,1,66,1,0,0,0,0,0,1,1,0,0,0,41,1,0,1,1,0,1,1,0,0,18,0,0,0,0,0,0,0,0,0,36,0,['junit'],java-maven,457997,377855,825.016,25500,0,0,25500,1,0.0700876,0.433711,0.0450563,0.568931,8,1,2,0,0,0,0,0
53034,7089675649,2700159,Java CI,master,d0288e27e7522d1e900848c9c277b73c276086fc,.github/workflows/ci.yaml,success,27918753,lizongbo,328,22,0.0,0.0,,pull_request,60,0,5552.0,1,success,2,e0d1850861bff199623598f89b4ea30e71a3e23c,2,10,0,0,0,2,10,2,0,1,0,0,0,1,1,0,0,0,2,0,0,0,1,0,1,1,0,0,18,0,0,0,0,0,0,0,0,0,36,0,['junit'],java-maven,459395,378720,824.389,25564,0,0,25564,1,0.0838548,0.660843,0.0137672,0.865137,27,0,2,0,0,1,0,1
53035,7205316653,2700159,Java CI,fixNotFullTimeoutRetryProcess,cde133530393b8fd44e1c74a5b6350a50ad23d18,.github/workflows/ci.yaml,success,27918753,zrlw,332,26,0.0,0.0,,pull_request,49,0,5598.0,0,success,1,c9c32bac6cd1082f8c1ceccfb70263e030146319,1,1,1,0,0,1,2,1,0,0,0,0,0,1,1,0,0,0,42,0,0,0,0,0,0,1,0,0,18,0,0,0,0,0,0,0,0,0,41,0,['junit'],java-maven,460139,379229,824.162,12810,0,0,12810,1,0.140175,0.572991,0.048811,0.864831,49,1,2,0,0,0,0,0
53036,7173740409,2700159,Java CI,master,3c2bc71fb7ae1580c10c411005583f981c4f0c3a,.github/workflows/ci.yaml,success,27918753,xuziyang,330,24,0.0,0.0,,pull_request,7,0,5579.0,0,success,2,44aef39c28aefd377fc15884bcf9b4f3b7fd9ccf,24,132,99,0,0,24,231,1,0,0,0,0,0,24,24,0,0,0,475,0,0,0,0,0,0,1,0,0,18,0,0,0,0,0,0,0,0,0,36,0,['junit'],java-maven,459739,379040,824.468,25592,0,0,25592,1,0.12766,0.545353,0.0463079,0.566761,1,0,2,0,0,1,0,1
53037,7175241490,2700159,Java CI,master,a60d5ca94fc64ea797984dd0b5bc53126fa3ac31,.github/workflows/ci.yaml,success,27918753,xuziyang,319,10,0.0,0.0,,pull_request,7,0,5579.0,0,success,3,44aef39c28aefd377fc15884bcf9b4f3b7fd9ccf,24,136,99,0,0,24,235,1,0,0,0,0,0,24,24,0,0,0,475,0,0,0,0,0,0,1,0,0,18,0,0,0,0,0,0,1,0,0,36,0,['junit'],java-maven,459742,379040,824.462,25592,0,0,25592,1,0.12766,0.568085,0.0463079,0.588423,1,0,2,0,1,1,0,1
53038,7233668032,2700159,Java CI,fixBooleanComparison,589d68a31f2287fb9a37e4d76f0f7f588bf69172,.github/workflows/ci.yaml,success,27918753,zrlw,334,29,0.0,0.0,,pull_request,48,0,5616.0,1,success,1,94281b0dc5d52a0efd80f15c7cab46df4fe69205,10,40,40,0,0,10,80,1,0,0,0,0,0,10,10,0,0,0,224,0,0,0,0,0,0,1,0,0,18,0,0,0,0,0,0,0,0,0,41,0,['junit'],java-maven,460835,379716,823.974,12834,0,0,12834,1,0.147685,0.590014,0.0588235,0.790196,64,1,2,0,0,1,0,0
53039,7158282883,2700159,Java CI,master,c6b2b9621e6856fff66fa246cf0346bc547d994d,.github/workflows/ci.yaml,failure,27918753,lizongbo,330,24,0.0,0.0,,push,3,0,5576.0,1,failure,1,f9b795d3d704c6eaece7ca0da5f9107b1f98be9d,1,0,1,0,0,1,1,1,0,0,0,0,0,1,1,0,0,0,23,0,0,0,0,0,0,1,0,0,18,0,0,0,0,0,0,0,0,0,36,0,['junit'],java-maven,459779,378929,824.155,25576,0,0,25576,1,0.113892,0.580767,0.0325407,0.557416,37,0,2,0,0,1,0,1
53040,7184187635,2700159,Java CI,master,48d15a7eb63a91339f59e5921a22b89d45a0f44d,.github/workflows/ci.yaml,success,27918753,lizongbo,331,25,0.0,0.0,,push,6,0,5585.0,1,success,1,d2541a5fc053f03bd6dcf0d7e2fae69989ec2a57,1,5,4,0,0,1,9,1,0,0,0,0,0,1,1,0,0,0,7,0,0,0,0,0,0,1,0,0,18,0,0,0,0,0,0,0,0,0,41,0,['junit'],java-maven,460078,379102,823.995,12804,0,0,12804,1,0.130163,0.605332,0.048811,0.535884,39,0,2,0,0,1,0,1
53041,7156625822,2700159,Java CI,master,74302b014b38a154b3e57f692a8f27aafdbe908c,.github/workflows/ci.yaml,success,27918753,lizongbo,330,24,0.0,0.0,,push,98,0,5570.0,0,success,2,d3e5c9aaa1f40cef376c0eef0ade0ca72dc4a659,1,14,8,0,0,1,22,1,0,0,0,0,0,1,1,0,0,0,42,1,1,2,0,0,0,1,0,0,18,0,0,0,0,0,0,1,0,0,36,0,['junit'],java-maven,459599,378774,824.14,25564,0,0,25564,1,0.097622,0.677366,0.0162703,0.950848,29,0,2,0,0,1,0,1
53042,6993713349,2700159,Java CI,wenshao,7a9ff312e340d97cd5378b77e14d6508c47408cd,.github/workflows/ci.yaml,success,27918753,wenshao,318,9,,,,pull_request,0,0,,0,failure,0,,0,0,0,0,0,0,0,0,0,0,0,0,0,0,0,0,0,0,0,0,0,0,0,0,0,0,0,0,18,0,0,0,0,0,0,0,0,0,36,0,['junit'],java-maven,456822,376816,824.864,25476,0,0,25476,1,0.0588235,0.512111,0.0475594,0.796564,3,1,2,0,0,0,0,0
53043,7215990188,2700159,Java CI,supportBeanIntrospecting,de0e8cf0802c9fc73b65295ccc22cc7cf390adf1,.github/workflows/ci.yaml,success,27918753,zrlw,332,26,0.0,0.0,,pull_request,149,0,5603.0,0,success,1,a9b33667aaacffc2995f9656169477ff5a6533db,2,10,1,0,0,2,11,1,0,0,0,0,0,2,2,0,0,0,2,0,0,0,0,0,0,1,0,0,18,0,0,0,0,0,0,1,0,0,41,0,['junit'],java-maven,460529,379513,824.081,12816,0,0,12816,1,0.138924,0.581425,0.048811,0.902432,55,1,2,0,0,0,0,0
53044,7224838473,2700159,Java CI,master,4e6fc3960453675f3ca563f9c5ae23e1ff6c7878,.github/workflows/ci.yaml,success,27918753,lizongbo,332,26,0.0,0.0,,push,8,0,4525.0,1,success,1,7ed8b3e3ff21e9c656e1e9d6a315dce1f65f7e26,1,3,1,0,0,1,4,1,0,0,0,0,0,1,1,0,0,0,2,0,0,0,0,0,0,1,0,0,18,0,0,0,0,0,0,0,0,0,41,0,['junit'],java-maven,460712,379639,824.027,12822,0,0,12822,1,0.145181,0.681482,0.0550688,0.695411,41,0,2,0,0,1,0,1
53045,6995057508,2700159,Java CI,master,0c78856c2bdadce91f0caf9de6d9600dbf6cbba0,.github/workflows/ci.yaml,success,27918753,lizongbo,318,9,0.0,0.0,,push,265,0,5354.0,1,success,1,6618acacc9eebbfa8395ea9d4687519baaaa867c,1,3,2,0,0,1,5,1,0,0,0,0,0,1,1,0,0,0,32,0,0,0,0,0,0,1,0,0,18,0,0,0,0,0,0,1,0,0,36,0,['junit'],java-maven,457407,377453,825.202,25476,0,0,25476,1,0.0600751,0.320818,0.048811,0.369331,15,0,2,0,0,1,0,1
53046,7194044295,2700159,Java CI,mergedSqlCache,735ed2602141c07b9ef4d6cc590e390ce41fba64,.github/workflows/ci.yaml,success,27918753,shenjianeng,332,26,0.0,0.0,,pull_request,7,0,5591.0,0,success,1,eabaeb871e2085e7dbfa26ac62e7cbb4c681527b,2,43,24,0,0,2,67,1,0,0,0,0,0,2,2,2,1,3,51,0,0,0,0,0,0,1,0,0,18,0,0,0,0,0,0,0,0,0,41,0,['junit'],java-maven,460090,379102,823.974,12804,0,0,12804,1,0.128911,0.694218,0.0475594,0.850814,21,1,2,0,0,0,0,0
53047,7165763399,2700159,Java CI,replaceByStringBuilder,f07e2ac5631caf8d78114f2e9ce29ab938f27c8c,.github/workflows/ci.yaml,success,27918753,zrlw,330,24,0.0,0.0,,pull_request,81,0,5578.0,1,failure,3,7663056fefc2010a393589c2bed347be6d0b2fe3,121,487,697,0,0,107,1132,1,52,0,0,0,0,121,121,0,0,0,1166,0,0,0,0,46,46,1,1,0,18,0,0,26,26,0,0,22,0,0,36,0,['junit'],java-maven,459637,378970,824.498,25580,0,0,25580,1,0.123905,0.536744,0.0425532,0.622492,43,1,2,0,0,0,0,0
53048,7224273799,2700159,Java CI,master,4608b922359e1bfccb194f1c49540775fd3441b1,.github/workflows/ci.yaml,failure,27918753,lizongbo,333,27,0.0,0.0,,push,46,0,5607.0,1,failure,4,d59a7d0a4ef90005598a5196f73faba224987c41,3,118,0,0,0,3,54,1,64,0,0,1,0,3,4,3,0,3,10,1,0,1,9,0,9,1,1,0,18,1,0,64,0,0,0,0,0,0,41,0,['junit'],java-maven,460642,379596,824.059,12800,8,0,12808,1,0.145181,0.668842,0.0550688,0.673655,40,0,2,0,0,1,0,1
53049,7120014270,2700159,Java CI,fixTestConnectionOnMysql,abd25d979627390aa8b5364112f688d9e72f0a6e,.github/workflows/ci.yaml,failure,27918753,zrlw,330,24,,,,pull_request,0,0,,1,failure,0,,0,0,0,0,0,0,0,0,0,0,0,0,0,0,0,0,0,0,0,0,0,0,0,0,0,0,0,0,18,0,0,0,0,0,0,0,0,0,36,0,['junit'],java-maven,459274,378747,824.665,0,0,0,0,1,0.0888611,0.53651,0.0175219,0.737496,36,1,2,0,0,0,0,0
53050,6963468821,2700159,Java CI,fixCiWorkflow,20bbc7c30a4fdac4fb328a0d2854a6d033cca331,.github/workflows/ci.yaml,failure,27918753,zrlw,318,9,0.0,0.0,,pull_request,73,0,5506.0,0,failure,1,8b4b363b2ef987f9524045667e350f0e3a1ee51b,14,16,43,0,0,7,25,3,26,1,1,0,0,11,11,0,0,0,82,0,0,0,0,2,2,1,1,0,18,0,0,7,19,0,1,8,0,0,36,0,['junit'],java-maven,456778,376796,824.9,0,0,0,0,1,0.0387985,0.371715,0.0325407,0.373205,0,0,2,0,0,0,0,0
53051,7089715985,2700159,Java CI,master,ec11c5d16cf725c0cdc89cab7bd4d773bd18276a,.github/workflows/ci.yaml,success,27918753,lizongbo,328,22,0.0,0.0,,push,60,0,5552.0,1,success,2,e0d1850861bff199623598f89b4ea30e71a3e23c,2,10,0,0,0,2,10,2,0,1,0,0,0,1,1,0,0,0,2,0,0,0,1,0,1,1,0,0,18,0,0,0,0,0,0,0,0,0,36,0,['junit'],java-maven,459395,378720,824.389,25564,0,0,25564,1,0.0838548,0.665489,0.0137672,0.868069,29,0,2,0,0,1,0,1
53052,7062925064,2700159,Java CI,master,dd5dc264d6a20b36545e661716559e65fbca1c85,.github/workflows/ci.yaml,success,27918753,lizongbo,320,13,0.0,0.0,,push,27,0,5538.0,1,success,2,b419da8a2110039b6e41d3a32676cba1c43b5005,2,23,3,0,0,1,8,1,18,0,0,0,0,2,2,0,0,0,7,0,0,0,0,0,0,1,1,0,18,0,0,18,0,0,0,1,0,0,36,0,['junit'],java-maven,458178,378031,825.075,25504,0,0,25504,1,0.0763454,0.523793,0.020025,0.778121,22,0,2,0,0,1,0,1
53053,7071317454,2700159,Java CI,master,e2302fffbf11b9237cc11646e7b82aad101c7151,.github/workflows/ci.yaml,success,27918753,lizongbo,322,16,0.0,0.0,,push,9,0,5544.0,1,success,1,9eb5f7247dac371474fe92fe96988c0c516bdff9,2,33,2,0,0,1,1,2,34,1,0,0,0,2,2,0,0,0,75,0,0,0,0,0,0,1,1,0,18,1,0,33,1,0,0,1,0,0,36,0,['junit'],java-maven,459146,378387,824.11,25544,0,0,25544,1,0.0813517,0.606343,0.0250313,0.805848,25,0,2,0,0,1,0,1
53054,7148666444,2700159,Java CI,optimizeShrink,37e6df819a5ca90bc8f7b4c1dd5a2405498c2cf4,.github/workflows/ci.yaml,success,27918753,zrlw,330,24,,,,pull_request,0,0,,0,success,0,,0,0,0,0,0,0,0,0,0,0,0,0,0,0,0,0,0,0,0,0,0,0,0,0,0,0,0,0,18,0,0,0,0,0,0,0,0,0,36,0,['junit'],java-maven,459596,378774,824.146,25564,0,0,25564,1,0.100125,0.529063,0.0237797,0.640026,41,1,2,0,0,0,0,0
53055,7123296244,2700159,Java CI,fixTestConnectionOnMysql,b2043c6954e18b5cc77fe753eb386f8eb6bd58a3,.github/workflows/ci.yaml,success,27918753,zrlw,330,25,0.0,0.0,,pull_request,105,0,5563.0,1,success,2,adbbdfa4a625b694a7597eb4980bd1cde8e6b846,10,123,183,0,0,8,265,1,41,0,0,0,0,10,10,2,0,2,112,0,1,1,10,19,29,1,1,0,18,0,0,32,9,0,0,3,0,0,36,0,['junit'],java-maven,459296,378770,824.675,25564,0,0,25564,1,0.0963705,0.518977,0.0250313,0.645266,36,1,2,0,0,0,0,0
53056,7007176409,2700159,Java CI,master,900f7f286938ae3a24f180f9825ca65f31070287,.github/workflows/ci.yaml,failure,27918753,lizongbo,319,11,0.0,0.0,,push,173,0,5276.0,0,success,1,9e2f59aeff441a33a7e3449bd2bb50a132761099,2,4,4,0,0,1,6,1,2,0,0,0,0,2,2,0,0,0,15,0,0,0,0,0,0,1,1,0,18,0,0,1,1,0,0,1,0,0,36,0,['junit'],java-maven,457639,377635,825.181,25472,16,0,25488,1,0.068836,0.401925,0.0550688,0.450948,17,0,2,0,0,1,0,1
53057,7066912404,2700159,Java CI,optimizeCreateDirect,979030c03e5c2b76c3f55384eb997890acec6d5c,.github/workflows/ci.yaml,success,27918753,zrlw,322,16,0.0,0.0,,pull_request,58,0,5530.0,0,success,7,cf606b4c5dd9fcbbb380298ab603f3629c53d776,1,58,50,0,0,1,108,1,0,0,0,0,0,1,1,0,0,0,41,2,0,2,0,0,0,1,0,0,18,0,0,0,0,0,0,2,0,0,36,0,['junit'],java-maven,457997,377855,825.016,25504,0,0,25504,1,0.0763454,0.482006,0.020025,0.803841,8,1,2,0,0,0,0,0
53058,7149417083,2700159,Java CI,optimizeShrink,173d718ac831a5b35fe2bbc32e8ecaba4253e45c,.github/workflows/ci.yaml,success,27918753,zrlw,330,24,0.0,0.0,,pull_request,98,0,5570.0,1,success,2,d3e5c9aaa1f40cef376c0eef0ade0ca72dc4a659,1,14,8,0,0,1,22,1,0,0,0,0,0,1,1,0,0,0,42,1,1,2,0,0,0,1,0,0,18,0,0,0,0,0,0,1,0,0,36,0,['junit'],java-maven,459599,378774,824.14,25564,0,0,25564,1,0.100125,0.544937,0.0237797,0.664024,41,1,2,0,0,0,0,0
53059,7232925383,2700159,Java CI,master,9cfb084fe5bd31acefd145f767bbcfafe9c62703,.github/workflows/ci.yaml,success,27918753,lizongbo,334,29,0.0,0.0,,push,422,0,5611.0,0,success,2,4e6fc3960453675f3ca563f9c5ae23e1ff6c7878,3,10,8,0,0,1,12,1,6,0,0,0,0,3,3,0,0,0,7,0,0,0,0,0,0,1,1,0,18,0,0,3,3,0,0,3,0,0,41,0,['junit'],java-maven,460714,379639,824.023,12822,0,0,12822,1,0.146433,0.689067,0.057572,0.700199,39,0,2,0,0,1,0,1
53060,7184437030,2700159,Java CI,master,e6cd018e9cd9ad8f9559bc93a1e12c764ec79f3a,.github/workflows/ci.yaml,success,27918753,lizongbo,331,25,0.0,0.0,,push,61,0,5586.0,1,success,1,0f73bd7a739a61315ade43cdd96ee8b1b7a3e93c,2,1,114,0,0,2,19,1,96,0,0,0,1,2,3,0,0,0,18,0,0,0,0,6,6,1,1,0,18,0,1,0,96,0,0,1,0,0,41,0,['junit'],java-maven,460078,379102,823.995,12804,0,0,12804,1,0.131414,0.610682,0.0500626,0.557684,40,0,2,0,0,1,0,1
53061,6950669800,2700159,Java CI,fixCIrunon,12909cfd3e47d0b080aba199bb4b71109fb68423,.github/workflows/ci.yaml,failure,27918753,zrlw,316,8,,,,pull_request,0,0,,0,failure,0,,0,0,0,0,0,0,0,0,0,0,0,0,0,0,0,0,0,0,0,0,0,0,0,0,0,0,0,0,18,0,0,0,0,0,0,0,0,0,31,0,['junit'],java-maven,456785,376795,824.885,25476,0,0,25476,1,0.028786,0.303504,0.0237797,0.305069,0,0,2,0,0,1,0,0
53062,7278717050,2700159,Java CI,master,8af0dfb1b0f77ef49be8f820af0c51b4cab32498,.github/workflows/ci.yaml,success,27918753,lizongbo,334,30,0.0,0.0,,pull_request,36,0,5640.0,1,success,3,554012ec9e7c824366b5cd7d94cd6b4b29b3fa02,7,10,23,0,0,7,33,1,0,0,0,0,0,7,7,0,0,0,110,0,2,2,4,4,8,1,0,0,18,0,0,0,0,0,0,3,0,0,41,0,['junit'],java-maven,460934,379881,824.155,12854,0,0,12854,1,0.131414,0.760411,0.0250313,0.919115,46,0,2,0,0,1,0,1
53063,7232942258,2700159,Java CI,master,ff4cfb581f4cb01007debb7a6a04f9dd0b45c317,.github/workflows/ci.yaml,success,27918753,lizongbo,334,29,0.0,0.0,,push,55,0,5613.0,1,success,1,95f36a04525ad96ad1469b2e82193c246f6d7172,2,2,0,0,0,2,2,1,0,0,0,0,0,2,2,0,0,0,4,0,0,0,0,0,0,1,0,0,18,0,0,0,0,0,0,0,0,0,41,0,['junit'],java-maven,460696,379627,824.029,12834,0,0,12834,1,0.146433,0.693743,0.057572,0.709716,39,0,2,0,0,1,0,1
53064,6940469458,2700159,Java CI,fixCIrunon,caacbee7311435fc647fbac1ffda74b3d82b5951,.github/workflows/ci.yaml,failure,27918753,zrlw,315,6,,,,pull_request,0,0,,1,failure,0,,0,0,0,0,0,0,0,0,0,0,0,0,0,0,0,0,0,0,0,0,0,0,0,0,0,0,0,0,18,0,0,0,0,0,0,0,0,0,32,0,['junit'],java-maven,456784,376795,824.887,0,0,0,0,1,0.0175219,0.545821,0.0150188,0.547212,0,0,2,0,0,1,0,0
53065,7157303864,2700159,Java CI,master,197f19bebdff639e306c1eb0d56593248513ef50,.github/workflows/ci.yaml,failure,27918753,lizongbo,330,24,0.0,0.0,,pull_request,44,0,5572.0,1,failure,3,cb1a43eed9f04a17c8ec37336087759bb9de31ee,3,62,17,0,0,3,30,2,49,1,1,1,0,2,3,0,0,0,10,0,0,0,12,0,12,1,1,0,18,1,0,49,0,0,0,0,0,0,36,0,['junit'],java-maven,459712,378849,824.101,12792,0,0,12792,1,0.10388,0.636674,0.0225282,0.773606,30,0,2,0,0,1,0,1
53066,7248982684,2700159,Java CI,supportMysqlCreateDatabaseWithCharacterSetHint,6620fd3772f74f89ebebe3f1f22a1e7d089c9488,.github/workflows/ci.yaml,failure,27918753,zrlw,334,29,,,,pull_request,0,0,,1,success,0,,0,0,0,0,0,0,0,0,0,0,0,0,0,0,0,0,0,0,0,0,0,0,0,0,0,0,0,0,18,0,0,0,0,0,0,0,0,0,41,0,['junit'],java-maven,460930,379870,824.138,12826,4,0,12830,1,0.146433,0.612439,0.0300375,0.843934,70,1,2,0,0,1,0,0
53067,7211485157,2700159,Java CI,master,fc6905ed5586c4d9f910f56f1216e15a2f5b3234,.github/workflows/ci.yaml,success,27918753,lizongbo,332,26,0.0,0.0,,push,46,0,5596.0,0,success,2,c9c32bac6cd1082f8c1ceccfb70263e030146319,3,9,5,0,0,3,14,1,0,0,0,0,0,3,3,0,0,0,47,0,0,0,0,0,0,1,0,0,18,0,0,0,0,0,0,0,0,0,41,0,['junit'],java-maven,460142,379229,824.156,12810,0,0,12810,1,0.141427,0.654721,0.048811,0.639021,41,0,2,0,0,1,0,1
53068,7069494292,2700159,Java CI,master,ae3588a6927a5ba335ff7e4da2ae5ff275e21e1d,.github/workflows/ci.yaml,success,27918753,lizongbo,322,16,0.0,0.0,,push,57,0,5525.0,0,success,1,dd5dc264d6a20b36545e661716559e65fbca1c85,1,16,24,0,0,1,40,1,0,0,0,0,0,1,1,0,0,0,41,0,1,1,0,0,0,1,0,0,18,0,0,0,0,0,0,1,0,0,36,0,['junit'],java-maven,458169,378031,825.091,25504,0,0,25504,1,0.0763454,0.533714,0.020025,0.784845,22,0,2,0,0,1,0,1
53069,7120116339,2700159,Java CI,fixTestConnectionOnMysql,1aab2a44d088ea41adc1db5c58658e1a53e694cd,.github/workflows/ci.yaml,failure,27918753,zrlw,330,25,,,,pull_request,0,0,,1,failure,0,,0,0,0,0,0,0,0,0,0,0,0,0,0,0,0,0,0,0,0,0,0,0,0,0,0,0,0,0,18,0,0,0,0,0,0,0,0,0,36,0,['junit'],java-maven,459266,378747,824.679,25544,8,0,25552,1,0.0926158,0.514204,0.0212766,0.663121,36,1,2,0,0,0,0,0
53070,6993711886,2700159,Java CI,fix/triggerStatementParser,47248e93d35bbeb9478ffd73b239e9708d691650,.github/workflows/ci.yaml,failure,27918753,lizongbo,318,9,0.0,0.0,,pull_request,265,0,5354.0,0,cancelled,1,4cd8403b15d78c0d8b6d3557d892b5688d340e10,1,3,2,0,0,1,5,1,0,0,0,0,0,1,1,0,0,0,32,0,0,0,0,0,0,1,0,0,18,0,0,0,0,0,0,1,0,0,36,0,['junit'],java-maven,456822,376816,824.864,25468,8,0,25476,1,0.0588235,0.22409,0.0475594,0.264567,14,0,2,0,0,0,0,0
53071,7231157076,2700159,Java CI,master,c2aadb8c1ac2841b2dbca5a0a2bf1fe7c442f418,.github/workflows/ci.yaml,failure,27918753,xuziyang,332,26,,,,pull_request,0,0,,0,success,0,,0,0,0,0,0,0,0,0,0,0,0,0,0,0,0,0,0,0,0,0,0,0,0,0,0,0,0,0,18,0,0,0,0,0,0,0,0,0,41,0,['junit'],java-maven,460278,379319,824.108,0,0,0,0,1,0.14393,0.402435,0.0550688,0.369816,4,1,2,0,0,1,0,1
53072,7291200639,2700159,Java CI,master,2c513f4babfec1ea5dd44ba47224416b32ca489b,.github/workflows/ci.yaml,success,27918753,lizongbo,334,30,0.0,0.0,,push,42,0,5643.0,1,success,1,a1236b11a917802651198af68d952c590d277b77,5,91,23,0,0,3,36,1,78,0,0,1,0,5,6,2,0,2,113,1,0,1,7,0,7,1,1,0,18,1,0,63,15,0,0,3,0,0,41,0,['junit'],java-maven,461266,380094,824.023,12866,0,0,12866,1,0.115144,0.779772,0.0187735,0.916452,47,0,2,0,0,1,0,1
53073,7264903973,2700159,Java CI,master,532b143edea70ec9b837422417065bef6992fa63,.github/workflows/ci.yaml,success,27918753,lizongbo,334,30,0.0,0.0,,pull_request,37,0,5636.0,1,failure,2,a5d573597d760164d322775f481b0ce33e6afe5d,1,0,9,0,0,1,9,1,0,0,0,0,0,1,1,0,0,0,27,0,1,1,0,0,0,1,0,0,18,0,0,0,0,0,0,0,0,0,41,0,['junit'],java-maven,460947,379881,824.132,12854,0,0,12854,1,0.137672,0.738892,0.0312891,0.925778,44,0,2,0,0,1,0,1
53074,6941530494,2700159,Java CI,fixCIrunon,bdcb654da2f7e94479b9e380ad281846261a9305,.github/workflows/ci.yaml,failure,27918753,zrlw,315,6,,,,pull_request,0,0,,1,failure,0,,0,0,0,0,0,0,0,0,0,0,0,0,0,0,0,0,0,0,0,0,0,0,0,0,0,0,0,0,18,0,0,0,0,0,0,0,0,0,32,0,['junit'],java-maven,456791,376795,824.874,0,0,0,0,1,0.0225282,0.375951,0.020025,0.376913,0,0,2,0,0,0,0,0
53075,7164995706,2700159,Java CI,master,27c234fe2270c4ca0b312cb08b3eb5dfb9a3fcf7,.github/workflows/ci.yaml,failure,27918753,xuziyang,330,24,,,,pull_request,0,0,,1,failure,0,,0,0,0,0,0,0,0,0,0,0,0,0,0,0,0,0,0,0,0,0,0,0,0,0,0,0,0,0,18,0,0,0,0,0,0,0,0,0,36,0,['junit'],java-maven,459845,378970,824.126,25580,0,0,25580,1,0.12015,0.672659,0.0387985,0.709637,1,0,2,0,0,1,0,1
53076,7071222264,2700159,Java CI,master,c6cb4312b0c9e79fafed3bebccfb16cdf340e48e,.github/workflows/ci.yaml,failure,27918753,lizongbo,322,16,0.0,0.0,,pull_request,23,0,5027.0,1,success,1,cabbe7fbc50e140aee56a974b42d17161d46a073,3,106,1,0,0,3,103,1,4,0,0,1,0,3,4,1,0,1,117,0,0,0,3,0,3,1,1,0,18,1,0,4,0,0,0,0,0,0,36,0,['junit'],java-maven,459117,378355,824.093,0,0,0,0,1,0.0788486,0.603487,0.0225282,0.815622,24,0,2,0,0,0,0,1
53077,7184651422,2700159,Java CI,master,51c651cd3c7ddce6538e47e58ef4722df335b924,.github/workflows/ci.yaml,success,27918753,lizongbo,331,25,0.0,0.0,,pull_request,37,0,5587.0,1,success,1,e6cd018e9cd9ad8f9559bc93a1e12c764ec79f3a,1,1,1,0,0,1,2,1,0,0,0,0,0,1,1,0,0,0,3,0,0,0,0,0,0,1,0,0,18,0,0,0,0,0,0,1,0,0,41,0,['junit'],java-maven,460078,379102,823.995,12804,0,0,12804,1,0.130163,0.620086,0.048811,0.572525,40,0,2,0,0,1,0,1
53078,7182914141,2700159,Java CI,ParameterizedOutputVisitorUtils,0a95192d8dc6c2d231d4a848d7d1890c23a5cb46,.github/workflows/ci.yaml,success,27918753,shenjianeng,331,25,0.0,0.0,,pull_request,6,0,5585.0,1,success,1,44aef39c28aefd377fc15884bcf9b4f3b7fd9ccf,1,5,4,0,0,1,9,1,0,0,0,0,0,1,1,0,0,0,7,0,0,0,0,0,0,1,0,0,18,0,0,0,0,0,0,0,0,0,36,0,['junit'],java-maven,459737,379040,824.471,25592,0,0,25592,1,0.130163,0.681216,0.048811,0.83971,7,1,2,0,0,0,0,0
53079,7193485351,2700159,Java CI,lexer_fix,b89ff9f8a1fa7d40a30d4aa40725233c0c44fee1,.github/workflows/ci.yaml,success,27918753,zrlw,332,26,0.0,0.0,,pull_request,61,0,5590.0,1,success,1,eabaeb871e2085e7dbfa26ac62e7cbb4c681527b,4,18,21,0,0,1,22,1,17,0,0,0,0,4,4,1,0,1,27,0,0,0,0,0,0,1,1,0,18,0,0,13,4,0,0,4,0,0,41,0,['junit'],java-maven,460078,379111,824.015,12804,0,0,12804,1,0.128911,0.555786,0.0475594,0.669249,48,1,2,0,0,0,0,0
53080,7182476169,2700159,Java CI,EncodingConvertFilter,7545f7a4ab1576737005471133f7c33e585544af,.github/workflows/ci.yaml,success,27918753,shenjianeng,331,25,0.0,0.0,,pull_request,34,0,5584.0,1,success,1,44aef39c28aefd377fc15884bcf9b4f3b7fd9ccf,5,23,28,0,0,4,50,1,1,0,0,0,0,5,5,0,0,0,72,2,3,5,0,0,0,1,1,0,18,0,0,1,0,0,0,1,0,0,36,0,['junit'],java-maven,459725,379041,824.495,25592,0,0,25592,1,0.130163,0.667356,0.048811,0.82738,7,1,2,0,0,0,0,0
53081,7291450738,2700159,Java CI,master,460c5ceb359f3cd949f26d60898e53b5d4853cc0,.github/workflows/ci.yaml,success,27918753,lizongbo,334,30,0.0,0.0,,push,39,0,5644.0,1,success,2,2c513f4babfec1ea5dd44ba47224416b32ca489b,2,53,6,0,0,1,1,1,58,0,0,1,0,2,3,0,0,0,9,0,0,0,5,0,5,1,1,0,18,1,0,52,6,0,0,3,0,0,41,0,['junit'],java-maven,461304,380140,824.055,12868,0,0,12868,1,0.116395,0.777613,0.020025,0.901921,49,0,2,0,0,1,0,1
53082,6993702206,2700159,Java CI,wenshao,7a9ff312e340d97cd5378b77e14d6508c47408cd,.github/workflows/ci.yaml,cancelled,27918753,wenshao,319,9,0.0,0.0,,push,0,0,,1,failure,1,c05146649f0cc159dd745b613249b0587eaa3630,3,5,5,0,0,1,2,1,8,0,0,0,0,3,3,0,0,0,41,0,0,0,0,0,0,1,1,0,18,0,0,4,4,0,0,2,0,0,36,0,['junit'],java-maven,456822,376816,824.864,25476,0,0,25476,1,0.057572,0.482009,0.0463079,0.776846,3,1,2,0,0,0,0,0
53083,7027954414,2700159,Java CI,optimizeCreateDirect,241468c7df4a749ba0b7ac8de7ed9e77bc54d42b,.github/workflows/ci.yaml,success,27918753,zrlw,320,13,,,,pull_request,0,0,,1,success,0,,0,0,0,0,0,0,0,0,0,0,0,0,0,0,0,0,0,0,0,0,0,0,0,0,0,0,0,0,18,0,0,0,0,0,0,0,0,0,36,0,['junit'],java-maven,457997,377855,825.016,25500,0,0,25500,1,0.0713392,0.448767,0.0400501,0.587492,8,1,2,0,0,0,0,0
53084,7278813808,2700159,Java CI,master,b282a1cd1fefbf58e364613b3b0ae735878a5d58,.github/workflows/ci.yaml,success,27918753,lizongbo,335,31,0.0,0.0,,push,36,0,5640.0,1,success,4,554012ec9e7c824366b5cd7d94cd6b4b29b3fa02,10,15,28,0,0,10,43,1,0,0,0,0,0,10,10,0,0,0,126,0,2,2,4,4,8,1,0,0,18,0,0,0,0,0,0,3,0,0,41,0,['junit'],java-maven,460934,379881,824.155,12854,0,0,12854,1,0.131414,0.763503,0.0250313,0.922167,50,0,2,0,0,1,0,1
53085,7071181786,2700159,Java CI,master,cabbe7fbc50e140aee56a974b42d17161d46a073,.github/workflows/ci.yaml,success,27918753,lizongbo,323,16,0.0,0.0,,push,144,0,5239.0,0,failure,1,9eceb7846446e3914b62af844dedf77863867935,9,725,325,0,0,8,578,1,472,0,0,2,0,9,11,9,4,13,20,2,2,4,43,20,63,1,1,0,18,2,0,293,179,0,0,2,0,0,36,0,['junit'],java-maven,459042,378351,824.219,25540,0,0,25540,1,0.077597,0.614,0.0212766,0.834735,24,0,2,0,0,1,0,1
53086,7117349024,2700159,Java CI,fixTestConnectionOnMysql,d7aa7c38f49a33604f67ede22059e326b2d80b34,.github/workflows/ci.yaml,success,27918753,zrlw,329,23,0.0,0.0,,pull_request,94,0,5560.0,0,action_required,7,53123b961b99782c84dcfe9a1ec146812dd45022,7,36,121,0,0,5,124,1,33,0,0,0,1,7,8,0,0,0,168,0,2,2,0,11,11,1,1,0,18,0,1,3,30,0,0,4,0,0,36,0,['junit'],java-maven,459335,378720,824.496,25564,0,0,25564,1,0.0863579,0.545794,0.0150188,0.788538,29,1,2,0,0,1,0,0
53087,7232382019,2700159,Java CI,fixDruidSpringBootStarter,9bdd6527a39705d1fd1cae7ac23c0ae9b7e9f447,.github/workflows/ci.yaml,success,27918753,zrlw,334,29,0.0,0.0,,pull_request,49,0,5612.0,1,success,1,4e6fc3960453675f3ca563f9c5ae23e1ff6c7878,11,20,42,0,0,3,26,3,36,1,1,0,0,6,6,0,0,0,0,0,0,0,6,12,18,1,1,0,18,0,0,12,24,0,0,4,0,0,41,0,['junit'],java-maven,460692,379627,824.036,12834,0,0,12834,1,0.146433,0.584253,0.057572,0.796621,60,1,2,0,0,0,0,0
53088,7157721224,2700159,Java CI,master,0971945db756d64b22e44b5aae69ef26f30c0e96,.github/workflows/ci.yaml,failure,27918753,lizongbo,330,24,0.0,0.0,,pull_request,39,0,5573.0,1,failure,1,bf43a106fd7670eda18526024807eb24387476f7,1,23,1,0,0,1,2,1,22,0,0,1,0,1,2,0,0,0,14,0,0,0,3,0,3,1,1,0,18,1,0,22,0,0,0,1,0,0,36,0,['junit'],java-maven,459725,378871,824.125,25572,0,0,25572,1,0.107635,0.614504,0.0262829,0.69562,34,0,2,0,0,1,0,1
53089,7219121504,2700159,Java CI,fixQUESBAR,754c1ad82d94ae76721fc23e1d7da93200bf33ab,.github/workflows/ci.yaml,failure,27918753,zrlw,333,27,,,,pull_request,0,0,,1,success,0,,0,0,0,0,0,0,0,0,0,0,0,0,0,0,0,0,0,0,0,0,0,0,0,0,0,0,0,0,18,0,0,0,0,0,0,0,0,0,41,0,['junit'],java-maven,460528,379513,824.082,12798,6,0,12804,1,0.142678,0.578176,0.0525657,0.836045,55,1,2,0,0,0,0,0
53090,7114493894,2700159,Java CI,fixTestConnectionOnMysql,99429d07444f1ec31c9e647e417bb67c8fd47359,.github/workflows/ci.yaml,success,27918753,zrlw,329,23,0.0,0.0,,pull_request,94,0,5560.0,1,success,6,53123b961b99782c84dcfe9a1ec146812dd45022,7,30,121,0,0,5,118,1,33,0,0,0,1,7,8,0,0,0,168,0,2,2,0,11,11,1,1,0,18,0,1,3,30,0,0,4,0,0,36,0,['junit'],java-maven,459331,378720,824.503,25564,0,0,25564,1,0.0863579,0.538912,0.0150188,0.779344,29,1,2,0,0,1,0,0
53091,7291012128,2700159,Java CI,master,ff29a595d87218048bb9d5608e29d936d26df8ff,.github/workflows/ci.yaml,success,27918753,lizongbo,334,30,0.0,0.0,,push,180,0,5634.0,0,action_required,1,b282a1cd1fefbf58e364613b3b0ae735878a5d58,21,298,86,0,0,10,172,2,212,0,0,1,0,19,20,2,0,2,261,3,0,3,17,2,19,1,1,0,18,1,0,175,37,0,0,10,0,0,41,0,['junit'],java-maven,461128,380019,824.107,12858,0,0,12858,1,0.115144,0.775482,0.0187735,0.911003,46,0,2,0,0,1,0,1
53092,7224205070,2700159,Java CI,master,1026c18f1fe566e0c1ba23d6c2eefb68a5d2eb9a,.github/workflows/ci.yaml,success,27918753,lizongbo,333,27,0.0,0.0,,push,135,0,5606.0,0,success,1,a9b33667aaacffc2995f9656169477ff5a6533db,5,12,3,0,0,4,11,1,4,0,0,0,0,5,5,0,0,0,69,0,0,0,0,0,0,1,1,0,18,0,0,2,2,0,0,2,0,0,41,0,['junit'],java-maven,460537,379513,824.066,12816,0,0,12816,1,0.142678,0.677127,0.0525657,0.693154,40,0,2,0,0,1,0,1
53093,7211556427,2700159,Java CI,master,a80da98d75652d2292849df0a2ddc939fea82d05,.github/workflows/ci.yaml,success,27918753,lizongbo,332,26,0.0,0.0,,push,41,0,5588.0,1,success,1,57b17f3556cb6d44c902c839d734a85e06cf86e0,5,317,6,0,0,1,164,2,159,1,0,1,0,3,4,1,0,1,13,0,0,0,11,1,12,1,1,0,18,1,0,154,5,0,0,2,0,0,41,0,['junit'],java-maven,460492,379469,824.051,12816,0,0,12816,1,0.141427,0.663499,0.048811,0.661582,41,0,2,0,0,1,0,1
53094,7012943734,2700159,Java CI,log,bfadaba5039bb332f41f4139f07e6dc9a29b47af,.github/workflows/ci.yaml,success,27918753,shenjianeng,320,13,0.0,0.0,,pull_request,8,0,5527.0,0,success,1,cf606b4c5dd9fcbbb380298ab603f3629c53d776,6,53,19,0,0,6,72,1,0,0,0,0,0,6,6,0,0,0,29,0,0,0,0,0,0,1,0,0,18,0,0,0,0,0,0,8,0,0,36,0,['junit'],java-maven,458023,377855,824.969,25500,0,0,25500,1,0.0700876,0.617826,0.0550688,0.594204,4,0,2,0,0,0,0,0
53095,7222163034,2700159,Java CI,master,64fcff41390bcaeaccf7d6da43b66e22854a9b02,.github/workflows/ci.yaml,success,27918753,xuziyang,333,27,0.0,0.0,,pull_request,13,0,5592.0,0,success,4,4e6fc3960453675f3ca563f9c5ae23e1ff6c7878,40,444,971,0,0,28,881,2,534,0,1,2,4,38,44,2,17,19,474,0,3,3,11,45,56,1,1,0,18,2,4,107,427,0,0,29,0,0,41,0,['junit'],java-maven,460278,379319,824.108,12816,0,0,12816,1,0.142678,0.415207,0.0525657,0.391239,4,0,2,0,0,1,0,1
53096,7178914861,2700159,Java CI,wallprovider,67ae307ea2a0dec51775996cdba23f61512ab9ba,.github/workflows/ci.yaml,failure,27918753,shenjianeng,319,10,0.0,0.0,,pull_request,51,0,5521.0,1,success,8,44aef39c28aefd377fc15884bcf9b4f3b7fd9ccf,188,2336,4946,0,0,167,5261,4,2021,0,1,2,31,187,220,6,36,42,1789,11,12,23,113,296,409,1,1,0,18,2,33,299,1722,0,0,67,0,0,36,0,['junit'],java-maven,457810,377616,824.831,0,0,0,0,1,0.128911,0.609144,0.0475594,0.823172,7,1,2,0,0,1,0,0
53097,6940326030,2700159,Java CI,fixCIrunon,df23a5992ef67a54dc48e7cdc77fbdaa361b6af6,.github/workflows/ci.yaml,failure,27918753,zrlw,315,6,,,,pull_request,0,0,,0,failure,0,,0,0,0,0,0,0,0,0,0,0,0,0,0,0,0,0,0,0,0,0,0,0,0,0,0,0,0,0,18,0,0,0,0,0,0,0,0,0,32,0,['junit'],java-maven,456784,376795,824.887,0,0,0,0,1,0.0162703,0.614831,0.0137672,0.616395,0,0,2,0,0,1,0,0
53098,7219335565,2700159,Java CI,fixQUESBAR,f3ee915fb2b03959d953496b0096b364377afc8c,.github/workflows/ci.yaml,success,27918753,zrlw,333,27,0.0,0.0,,pull_request,135,0,5606.0,1,failure,1,a9b33667aaacffc2995f9656169477ff5a6533db,5,12,3,0,0,4,11,1,4,0,0,0,0,5,5,0,0,0,69,0,0,0,0,0,0,1,1,0,18,0,0,2,2,0,0,2,0,0,41,0,['junit'],java-maven,460537,379513,824.066,12816,0,0,12816,1,0.142678,0.582118,0.0525657,0.842117,55,1,2,0,0,0,0,0
53099,7224465706,2700159,Java CI,master,f4accbcacc521515aea02a1ebd59e110e791c686,.github/workflows/ci.yaml,success,27918753,lizongbo,333,27,0.0,0.0,,push,204,0,5610.0,1,success,1,4608b922359e1bfccb194f1c49540775fd3441b1,1,3,16,0,0,1,19,1,0,0,0,0,0,1,1,0,0,0,7,0,0,0,0,0,0,1,0,0,18,0,0,0,0,0,0,0,0,0,41,0,['junit'],java-maven,460630,379596,824.08,12820,0,0,12820,1,0.145181,0.674016,0.0550688,0.684908,41,0,2,0,0,1,0,1
53100,7007809555,2700159,Java CI,master,e985976bb3873de7916698d43bd4e50e2f2b68fb,.github/workflows/ci.yaml,success,27918753,lizongbo,319,11,0.0,0.0,,pull_request,33,0,5526.0,1,failure,1,0be591b0c43ed57078a13dc0c7b7108b9ee0b388,3,9,7,0,0,0,0,1,16,0,0,0,0,3,3,0,0,0,1,0,0,0,0,0,0,0,1,0,18,0,0,9,7,0,0,5,0,0,36,0,['junit'],java-maven,457989,377855,825.031,25500,0,0,25500,1,0.0700876,0.40805,0.0550688,0.471284,17,0,2,0,0,1,0,1
53101,7077387937,2700159,Java CI,master,878756402d0a69c72a51935e6950a75316ffa764,.github/workflows/ci.yaml,success,27918753,lizongbo,326,20,0.0,0.0,,push,41,0,5545.0,1,success,1,f16825861be6c0c9d3ab0e69eb178e6c72b9cd04,1,98,3,0,0,1,14,1,87,0,0,1,0,1,2,0,0,0,42,0,0,0,1,0,1,1,1,0,18,1,0,87,0,0,0,0,0,0,36,0,['junit'],java-maven,459257,378516,824.192,25544,0,0,25544,1,0.0838548,0.635533,0.0212766,0.823774,26,0,2,0,0,1,0,1
53102,7123159770,2700159,Java CI,fixTestConnectionOnMysql,ca9e1c7e2e64c114c7687d00a453d5776bf8fa33,.github/workflows/ci.yaml,success,27918753,zrlw,330,25,0.0,0.0,,pull_request,105,0,5563.0,1,failure,1,adbbdfa4a625b694a7597eb4980bd1cde8e6b846,10,121,183,0,0,8,263,1,41,0,0,0,0,10,10,2,0,2,112,0,1,1,10,19,29,1,1,0,18,0,0,32,9,0,0,3,0,0,36,0,['junit'],java-maven,459294,378770,824.679,25564,0,0,25564,1,0.0963705,0.512888,0.0250313,0.635412,36,1,2,0,0,0,0,0
53103,7110369339,2700159,Java CI,fixTestConnectionOnMysql,41db5e477aa9fb5c1824cd28e1d59ee97b9a72b5,.github/workflows/ci.yaml,success,27918753,zrlw,329,23,0.0,0.0,,pull_request,94,0,5560.0,1,failure,4,53123b961b99782c84dcfe9a1ec146812dd45022,7,30,118,0,0,5,115,1,33,0,0,0,1,7,8,0,0,0,168,0,2,2,0,11,11,1,1,0,18,0,1,3,30,0,0,4,0,0,36,0,['junit'],java-maven,459334,378720,824.498,25564,0,0,25564,1,0.0863579,0.524503,0.0150188,0.758329,29,1,2,0,0,1,0,0
53104,7083215410,2700159,Java CI,fixCreateConnectionThreadNotExit,a99d5aaa05d09a24c091b517ff6ac518f6678f9f,.github/workflows/ci.yaml,success,27918753,zrlw,328,22,0.0,0.0,,pull_request,79,0,5548.0,0,success,2,878756402d0a69c72a51935e6950a75316ffa764,1,120,33,0,0,1,45,1,108,0,0,2,0,1,3,0,0,0,42,0,0,0,19,0,19,1,1,0,18,2,0,108,0,0,0,0,0,0,36,0,['junit'],java-maven,459311,378624,824.33,25548,0,0,25548,1,0.0838548,0.525496,0.0162703,0.824781,27,1,2,0,0,0,0,0
53105,7071806605,2700159,Java CI,fixShrinkWithOnFatalError,5a85346e4a01dc54b3e8a70268b26d4b814b0744,.github/workflows/ci.yaml,success,27918753,zrlw,322,16,0.0,0.0,,pull_request,96,0,5543.0,1,success,5,e2302fffbf11b9237cc11646e7b82aad101c7151,2,19,11,0,0,1,27,1,3,0,0,0,0,2,2,0,0,0,41,0,0,0,0,0,0,1,1,0,18,0,0,3,0,0,0,1,0,0,36,0,['junit'],java-maven,459150,378390,824.11,25544,0,0,25544,1,0.0826033,0.473833,0.0262829,0.737696,16,1,2,0,0,0,0,0
53106,7184652913,2700159,Java CI,master,eabaeb871e2085e7dbfa26ac62e7cbb4c681527b,.github/workflows/ci.yaml,success,27918753,lizongbo,334,25,0.0,0.0,,push,37,0,5587.0,1,success,1,e6cd018e9cd9ad8f9559bc93a1e12c764ec79f3a,1,1,1,0,0,1,2,1,0,0,0,0,0,1,1,0,0,0,3,0,0,0,0,0,0,1,0,0,18,0,0,0,0,0,0,1,0,0,41,0,['junit'],java-maven,460078,379102,823.995,12804,0,0,12804,1,0.130163,0.623604,0.048811,0.583486,41,0,2,0,0,1,0,1
53107,6993465394,2700159,Java CI,master,aba5200ce992627af200591ca6eab5b83b39e1ea,.github/workflows/ci.yaml,success,27918753,wenshao,318,9,0.0,0.0,,push,73,0,5506.0,0,failure,5,2d96dc9e05cd6d7c0e224a551c0f5a0d1be4f9f1,16,46,37,0,0,9,39,3,36,1,1,0,0,12,12,0,1,1,38,0,0,0,5,4,9,1,1,0,18,0,0,22,14,0,1,1,0,0,36,0,['junit'],java-maven,456820,376816,824.868,25476,0,0,25476,1,0.0563204,0.439877,0.0450563,0.82496,3,1,2,0,0,1,0,1
53108,7195557257,2700159,Java CI,master,7dae95b6f300399024d7843f10b6d631667f18de,.github/workflows/ci.yaml,failure,27918753,xuziyang,332,26,,,,pull_request,0,0,,1,failure,0,,0,0,0,0,0,0,0,0,0,0,0,0,0,0,0,0,0,0,0,0,0,0,0,0,0,0,0,0,18,0,0,0,0,0,0,0,0,0,41,0,['junit'],java-maven,460122,379102,823.916,12422,340,0,12792,1,0.131414,0.515588,0.0500626,0.51189,4,0,2,0,0,1,0,1
53109,7203863136,2700159,Java CI,master,fc749ffa658ae134313b832f2bbe28d71c37ed0b,.github/workflows/ci.yaml,failure,27918753,xuziyang,332,26,,,,pull_request,0,0,,1,failure,0,,0,0,0,0,0,0,0,0,0,0,0,0,0,0,0,0,0,0,0,0,0,0,0,0,0,0,0,0,18,0,0,0,0,0,0,0,0,0,41,0,['junit'],java-maven,460189,379229,824.072,12456,342,0,12798,1,0.140175,0.376637,0.0500626,0.370679,4,0,2,0,0,1,0,1
53110,7210133360,2700159,Java CI,ConcurrentLruCache,c1c9adae755f144057d0955f429d73a6cfbf55da,.github/workflows/ci.yaml,failure,27918753,shenjianeng,332,26,0.0,0.0,,pull_request,12,0,5602.0,0,success,1,c9c32bac6cd1082f8c1ceccfb70263e030146319,2,68,26,0,0,1,50,1,44,0,0,0,0,2,2,1,1,2,9,0,0,0,10,4,14,1,1,0,18,0,0,44,0,0,0,0,0,0,41,0,['junit'],java-maven,460172,379273,824.198,0,0,0,0,1,0.141427,0.677514,0.048811,0.809173,24,1,2,0,0,0,0,0
53111,7159070825,2700159,Java CI,master,3abc4c12e7e16c7821bb9a1e2d3a4fc69cdf2f4f,.github/workflows/ci.yaml,failure,27918753,lizongbo,330,24,0.0,0.0,,pull_request,60,0,5577.0,1,failure,1,c6b2b9621e6856fff66fa246cf0346bc547d994d,5,84,2,0,0,4,43,1,43,0,0,1,0,5,6,2,0,2,99,1,0,1,8,0,8,1,1,0,18,1,0,42,1,0,0,0,0,0,36,0,['junit'],java-maven,459842,378970,824.131,25580,0,0,25580,1,0.115144,0.574455,0.0337922,0.510679,37,0,2,0,0,1,0,1
53112,7000180888,2700159,Java CI,optimizeKeepAlive,4af93e6045758b415295dfb505f3f3fb62faa7a7,.github/workflows/ci.yaml,success,27918753,zrlw,319,11,,,,pull_request,0,0,,1,failure,0,,0,0,0,0,0,0,0,0,0,0,0,0,0,0,0,0,0,0,0,0,0,0,0,0,0,0,0,0,18,0,0,0,0,0,0,0,0,0,36,0,['junit'],java-maven,457640,377635,825.179,25488,0,0,25488,1,0.0650814,0.279826,0.0525657,0.291239,8,1,2,0,0,0,0,0
53113,7071181455,2700159,Java CI,fixShrinkWithOnFatalError,c3f9b58a518cef51deeebe2a067240aa228dfbaf,.github/workflows/ci.yaml,failure,27918753,zrlw,322,16,0.0,0.0,,pull_request,96,0,5543.0,0,success,2,e2302fffbf11b9237cc11646e7b82aad101c7151,19,345,1647,0,0,22,1276,2,716,0,0,0,11,19,30,4,17,21,181,2,2,4,25,107,132,1,1,0,18,0,12,182,534,0,0,3,0,0,36,0,['junit'],java-maven,458179,378034,825.079,25524,4,0,25528,1,0.077597,0.47224,0.0212766,0.773838,16,1,2,0,0,1,0,0
53114,7124833601,2700159,Java CI,fixTestConnectionOnMysql,ec2ba6e723a1fb4245b98b4a7ad501e807d6feba,.github/workflows/ci.yaml,failure,27918753,zrlw,330,25,,,,pull_request,0,0,,1,failure,0,,0,0,0,0,0,0,0,0,0,0,0,0,0,0,0,0,0,0,0,0,0,0,0,0,0,0,0,0,18,0,0,0,0,0,0,0,0,0,36,0,['junit'],java-maven,459587,378771,824.155,25548,4,0,25552,1,0.0988736,0.506166,0.0275344,0.611855,36,1,2,0,0,0,0,0
53115,7114283337,2700159,Java CI,master,35c5de30b9323ca2fe07b85c4006284ceb01760f,.github/workflows/ci.yaml,success,27918753,kimmking,329,23,0.0,0.0,,push,4,0,5558.0,0,action_required,1,53123b961b99782c84dcfe9a1ec146812dd45022,1,2,2,0,0,1,4,1,0,0,0,0,0,1,1,0,0,0,97,0,0,0,0,0,0,1,0,0,18,0,0,0,0,0,0,0,0,0,36,0,['junit'],java-maven,459420,378747,824.403,25564,0,0,25564,1,0.0863579,0.928035,0.0150188,0.987484,0,1,2,0,0,1,0,1
53116,7001302393,2700159,Java CI,optimizeKeepAlive,e06d1526c4aab926188dc18359571e3cf612f7c1,.github/workflows/ci.yaml,success,27918753,zrlw,319,11,0.0,0.0,,pull_request,57,0,5525.0,1,success,1,9e2f59aeff441a33a7e3449bd2bb50a132761099,1,16,24,0,0,1,40,1,0,0,0,0,0,1,1,0,0,0,41,0,1,1,0,0,0,1,0,0,18,0,0,0,0,0,0,1,0,0,36,0,['junit'],java-maven,457630,377635,825.197,25488,0,0,25488,1,0.0675845,0.359528,0.0538173,0.381414,8,1,2,0,0,0,0,0
53117,7028086256,2700159,Java CI,optimizeCreateDirect,7e31dc57a406a94170d2e4a843d370b51299ed3b,.github/workflows/ci.yaml,success,27918753,zrlw,320,13,,,,pull_request,0,0,,1,success,0,,0,0,0,0,0,0,0,0,0,0,0,0,0,0,0,0,0,0,0,0,0,0,0,0,0,0,0,0,18,0,0,0,0,0,0,0,0,0,36,0,['junit'],java-maven,457997,377855,825.016,25500,0,0,25500,1,0.0713392,0.460496,0.0400501,0.599992,8,1,2,0,0,0,0,0
53118,7048882318,2700159,Java CI,master,7c10f48485f41488796bdee13bce2e03eab70194,.github/workflows/ci.yaml,failure,27918753,lizongbo,321,15,0.0,0.0,,push,8,0,4527.0,1,failure,1,14a39e7d94c2cfad14da020d9ad61e44c6a4d976,1,1,1,0,0,1,2,1,0,0,0,0,0,1,1,0,0,0,6,0,0,0,0,0,0,1,0,0,18,0,0,0,0,0,0,0,0,0,36,0,['junit'],java-maven,458109,377953,825.029,0,0,0,0,1,0.0738423,0.50319,0.0225282,0.696245,19,0,2,0,0,1,0,1
53119,7138379266,2700159,Java CI,master,37711b11612fa0c240c59166c53d4c834f4df869,.github/workflows/ci.yaml,success,27918753,xuziyang,330,25,,,,pull_request,0,0,,0,success,0,,0,0,0,0,0,0,0,0,0,0,0,0,0,0,0,0,0,0,0,0,0,0,0,0,0,0,0,0,18,0,0,0,0,0,0,0,0,0,36,0,['junit'],java-maven,459372,378747,824.489,25564,0,0,25564,1,0.0988736,0.929376,0.0237797,0.983014,1,0,2,0,0,1,0,1
53120,7291352596,2700159,Java CI,master,2bec83dcce4b9d5df04127b6995672ce24686ad0,.github/workflows/ci.yaml,failure,27918753,lizongbo,334,30,0.0,0.0,,pull_request,39,0,5644.0,1,success,1,2c513f4babfec1ea5dd44ba47224416b32ca489b,1,47,0,0,0,1,1,1,46,0,0,1,0,1,2,0,0,0,9,0,0,0,5,0,5,1,1,0,18,1,0,46,0,0,0,1,0,0,41,0,['junit'],java-maven,461304,380140,824.055,12840,4,0,12844,1,0.116395,0.774798,0.020025,0.897997,47,0,2,0,0,1,0,1
53121,7071278532,2700159,Java CI,fixShrinkWithOnFatalError,757db64bc77c7b87aa4278760a01c70d847928f2,.github/workflows/ci.yaml,failure,27918753,zrlw,322,16,0.0,0.0,,pull_request,96,0,5543.0,0,failure,3,e2302fffbf11b9237cc11646e7b82aad101c7151,19,347,1647,0,0,22,1278,2,716,0,0,0,11,19,30,4,17,21,181,2,2,4,25,107,132,1,1,0,18,0,12,182,534,0,0,3,0,0,36,0,['junit'],java-maven,458181,378034,825.076,0,0,0,0,1,0.0813517,0.462613,0.0250313,0.74553,16,1,2,0,0,0,0,0
53122,7165282492,2700159,Java CI,master,49bf07ff79c6a00ab7b727e5b0a47cba4bcdb770,.github/workflows/ci.yaml,failure,27918753,xuziyang,330,24,,,,pull_request,0,0,,1,failure,0,,0,0,0,0,0,0,0,0,0,0,0,0,0,0,0,0,0,0,0,0,0,0,0,0,0,0,0,0,18,0,0,0,0,0,0,0,0,0,36,0,['junit'],java-maven,459845,378970,824.126,25580,0,0,25580,1,0.121402,0.616083,0.0400501,0.649979,1,0,2,0,0,1,0,1
53123,7035362407,2700159,Java CI,master,98da2d7ef0fd1fed7df3482725684fa04c256cc0,.github/workflows/ci.yaml,success,27918753,lizongbo,320,13,0.0,0.0,,push,8,0,5534.0,0,success,1,cf606b4c5dd9fcbbb380298ab603f3629c53d776,1,2,0,0,0,1,2,1,0,0,0,0,0,1,1,0,0,0,8,0,0,0,0,0,0,1,0,0,18,0,0,0,0,0,0,1,0,0,36,0,['junit'],java-maven,457990,377855,825.029,25500,0,0,25500,1,0.0713392,0.443736,0.0362954,0.617438,18,0,2,0,0,1,0,1
53124,7166367114,2700159,Java CI,master,08b7b5c35fae2d9ead69e8b83bbfa18d9d33ed7c,.github/workflows/ci.yaml,failure,27918753,xuziyang,330,24,,,,pull_request,0,0,,0,success,0,,0,0,0,0,0,0,0,0,0,0,0,0,0,0,0,0,0,0,0,0,0,0,0,0,0,0,0,0,18,0,0,0,0,0,0,0,0,0,36,0,['junit'],java-maven,459842,378970,824.131,0,0,0,0,1,0.125156,0.52673,0.0438048,0.555784,1,0,2,0,0,1,0,1
53125,7118990125,2700159,Java CI,fixTestConnectionOnMysql,bfc08caa16b86af65f4136d00b8b708387709c01,.github/workflows/ci.yaml,success,27918753,zrlw,329,23,,,,pull_request,0,0,,0,success,0,,0,0,0,0,0,0,0,0,0,0,0,0,0,0,0,0,0,0,0,0,0,0,0,0,0,0,0,0,18,0,0,0,0,0,0,0,0,0,36,0,['junit'],java-maven,459361,378747,824.508,25564,0,0,25564,1,0.0863579,0.552474,0.0150188,0.796996,36,1,2,0,0,1,0,0
53126,7239667535,2700159,Java CI,revert-5621-master,f2af5c8a2f6c72618d4936f83dbf2bb2fbc66874,.github/workflows/ci.yaml,success,27918753,lizongbo,334,29,0.0,0.0,,push,38,0,5622.0,1,success,1,65797bcddd7e5d769cfb48c6d03dba9083d3a142,1,1,1,0,0,1,2,1,0,0,0,0,0,1,1,0,0,0,42,0,0,0,0,0,0,1,0,0,18,0,0,0,0,0,0,0,0,0,41,0,['junit'],java-maven,461009,379908,824.079,12848,0,0,12848,1,0.147685,0.709011,0.0425532,0.906915,39,0,2,0,0,0,0,0
53127,7035465944,2700159,Java CI,master,b9a40ddaf2f62a0af7d6d2b1f61badc23ce55e74,.github/workflows/ci.yaml,success,27918753,lizongbo,320,13,0.0,0.0,,push,8,0,5527.0,1,success,1,5232d85d5d3178d95a7629a165fdc4cc0ed9510b,6,53,19,0,0,6,72,1,0,0,0,0,0,6,6,0,0,0,29,0,0,0,0,0,0,1,0,0,18,0,0,0,0,0,0,8,0,0,36,0,['junit'],java-maven,458029,377857,824.963,25500,0,0,25500,1,0.0713392,0.503873,0.0362954,0.67209,19,0,2,0,0,1,0,1
53128,7198226910,2700159,Java CI,master,c4c0b4d6cdc4ebdee85c7d0e37da17bdd8c274e4,.github/workflows/ci.yaml,success,27918753,lizongbo,332,26,0.0,0.0,,push,64,0,5164.0,1,success,3,fd3eb577e15a80e2eccce7907eccfe71632b3477,1,86,0,0,0,1,3,1,83,0,0,1,0,1,2,0,0,0,13,0,0,0,7,0,7,1,1,0,18,1,0,83,0,0,0,0,0,0,41,0,['junit'],java-maven,460120,379194,824.12,12808,0,0,12808,1,0.135169,0.64256,0.0550688,0.612492,40,0,2,0,0,1,0,1
53129,7165738161,2700159,Java CI,replaceByStringBuilder,ddd7e041c9acee01efbc3ec66d6decc5ded559ba,.github/workflows/ci.yaml,failure,27918753,zrlw,330,24,0.0,0.0,,pull_request,81,0,5578.0,0,failure,2,7663056fefc2010a393589c2bed347be6d0b2fe3,121,487,697,0,0,107,1132,1,52,0,0,0,0,121,121,0,0,0,1166,0,0,0,0,46,46,1,1,0,18,0,0,26,26,0,0,22,0,0,36,0,['junit'],java-maven,459637,378970,824.498,0,0,0,0,1,0.123905,0.531654,0.0425532,0.611389,43,1,2,0,0,0,0,0
53130,7169117996,2700159,Java CI,master,954a8ff3507beb6d5e89e730fe398f2ca40a1f69,.github/workflows/ci.yaml,success,27918753,xuziyang,330,24,,,,pull_request,0,0,,1,success,0,,0,0,0,0,0,0,0,0,0,0,0,0,0,0,0,0,0,0,0,0,0,0,0,0,0,0,0,0,18,0,0,0,0,0,0,0,0,0,36,0,['junit'],java-maven,459845,378970,824.126,25580,0,0,25580,1,0.12766,0.520095,0.0463079,0.542692,1,0,2,0,0,1,0,1
53131,7184134824,2700159,Java CI,master,3e76e1fe3f286aa4ed28bb507b02236a03d18611,.github/workflows/ci.yaml,success,27918753,lizongbo,331,25,0.0,0.0,,push,7,0,5579.0,1,success,3,365502dd3594c0d261d42f04878e0cc369c13d60,24,136,99,0,0,24,235,1,0,0,0,0,0,24,24,0,0,0,475,0,0,0,0,0,0,1,0,0,18,0,0,0,0,0,0,1,0,0,41,0,['junit'],java-maven,459751,379040,824.446,12802,0,0,12802,1,0.130163,0.593492,0.048811,0.492373,39,0,2,0,0,1,0,1
53132,7198255330,2700159,Java CI,master,bcb23df323706e0bff2e0239f153c35f05575aef,.github/workflows/ci.yaml,success,27918753,lizongbo,332,26,0.0,0.0,,push,57,0,5163.0,1,success,2,c4c0b4d6cdc4ebdee85c7d0e37da17bdd8c274e4,1,42,0,0,0,1,5,1,37,0,0,1,0,1,2,0,0,0,23,0,0,0,5,0,5,1,1,0,18,1,0,37,0,0,0,0,0,0,41,0,['junit'],java-maven,460141,379231,824.163,12810,0,0,12810,1,0.135169,0.645751,0.0550688,0.621504,40,0,2,0,0,1,0,1
53133,7070479929,2700159,Java CI,revert-5525-optimizeKeepAlive,262a9ed281fd30dd1e90ea19de0c15b94b658a31,.github/workflows/ci.yaml,success,27918753,lizongbo,322,16,0.0,0.0,,push,51,0,5540.0,1,success,1,ae3588a6927a5ba335ff7e4da2ae5ff275e21e1d,1,24,16,0,0,1,40,1,0,0,0,0,0,1,1,0,0,0,41,1,0,1,0,0,0,1,0,0,18,0,0,0,0,0,0,1,0,0,36,0,['junit'],java-maven,458178,378031,825.075,25504,0,0,25504,1,0.0763454,0.54323,0.020025,0.791173,22,0,2,0,0,0,0,0
53134,7207544981,2700159,Java CI,fixEndofLineCommentsParser,0590b8b09d9e39d2ee18c0e677862928888a7776,.github/workflows/ci.yaml,success,27918753,zrlw,332,26,0.0,0.0,,pull_request,42,0,5601.0,0,action_required,1,c9c32bac6cd1082f8c1ceccfb70263e030146319,7,104,26,0,0,4,68,1,62,0,0,0,0,7,7,3,0,3,92,0,0,0,0,0,0,1,1,0,18,0,0,56,6,0,0,8,0,0,41,0,['junit'],java-maven,460191,379279,824.177,12814,0,0,12814,1,0.140175,0.577219,0.0475594,0.898282,49,1,2,0,0,0,0,0
53135,7197900602,2700159,Java CI,master,45129e7af7448ccb8f6bf3d3ad5ee6b4be42a375,.github/workflows/ci.yaml,success,27918753,lizongbo,332,26,0.0,0.0,,push,7,0,5591.0,1,success,1,476656288acef5faec3828808f5a62c4efc68fbf,2,43,24,0,0,2,67,1,0,0,0,0,0,2,2,2,1,3,51,0,0,0,0,0,0,1,0,0,18,0,0,0,0,0,0,0,0,0,41,0,['junit'],java-maven,460090,379111,823.993,12804,0,0,12804,1,0.136421,0.630163,0.0550688,0.593116,40,0,2,0,0,1,0,1
53136,7125022638,2700159,Java CI,fixTestConnectionOnMysql,cc562215083440e3dfb3dd9ea6a5e4f37c496889,.github/workflows/ci.yaml,success,27918753,zrlw,330,25,0.0,0.0,,pull_request,105,0,5563.0,1,failure,3,adbbdfa4a625b694a7597eb4980bd1cde8e6b846,13,537,222,0,0,11,712,1,47,0,0,1,0,13,14,2,0,2,406,0,1,1,31,19,50,1,1,0,18,1,0,37,10,0,0,4,0,0,36,0,['junit'],java-maven,459590,378774,824.156,25564,0,0,25564,1,0.0988736,0.512116,0.0275344,0.621558,36,1,2,0,0,0,0,0
53137,7198350755,2700159,Java CI,master,c9c32bac6cd1082f8c1ceccfb70263e030146319,.github/workflows/ci.yaml,success,27918753,lizongbo,335,26,0.0,0.0,,push,3,0,5594.0,1,success,1,bcb23df323706e0bff2e0239f153c35f05575aef,1,6,8,0,0,0,0,1,14,0,0,0,0,1,1,0,0,0,0,0,0,0,2,0,2,0,1,0,18,0,0,6,8,0,0,1,0,0,41,0,['junit'],java-maven,460139,379229,824.162,12810,0,0,12810,1,0.135169,0.651966,0.0550688,0.638326,41,0,2,0,0,1,0,1
53138,6995048734,2700159,Java CI,master,6618acacc9eebbfa8395ea9d4687519baaaa867c,.github/workflows/ci.yaml,success,27918753,lizongbo,318,9,0.0,0.0,,push,13,0,5519.0,1,success,1,daba74083af97e097172f3314075a43ae6c78d9b,1,682,0,0,0,1,45,1,637,0,0,1,0,1,2,1,0,1,73,0,0,0,38,0,38,1,1,0,18,1,0,637,0,0,0,0,0,0,36,0,['junit'],java-maven,457406,377453,825.203,25476,0,0,25476,1,0.0600751,0.291288,0.048811,0.337797,15,0,2,0,0,1,0,1
53139,7291149005,2700159,Java CI,master,b2558aee9901f711b033688bdb205701e08a0823,.github/workflows/ci.yaml,success,27918753,lizongbo,334,30,0.0,0.0,,pull_request,42,0,5643.0,1,success,1,a1236b11a917802651198af68d952c590d277b77,5,91,23,0,0,3,36,1,78,0,0,1,0,5,6,2,0,2,113,1,0,1,7,0,7,1,1,0,18,1,0,63,15,0,0,3,0,0,41,0,['junit'],java-maven,461266,380094,824.023,12866,0,0,12866,1,0.115144,0.778361,0.0187735,0.914711,46,0,2,0,0,1,0,1
53140,7278809487,2700159,Java CI,master,f334d59a5210bf92c5a71a31f42c6318eb7deb69,.github/workflows/ci.yaml,success,27918753,lizongbo,334,30,0.0,0.0,,pull_request,36,0,5640.0,1,success,4,554012ec9e7c824366b5cd7d94cd6b4b29b3fa02,10,15,28,0,0,10,43,1,0,0,0,0,0,10,10,0,0,0,126,0,2,2,4,4,8,1,0,0,18,0,0,0,0,0,0,3,0,0,41,0,['junit'],java-maven,460934,379881,824.155,12854,0,0,12854,1,0.131414,0.761967,0.0250313,0.92067,46,0,2,0,0,1,0,1
53141,6994996782,2700159,Java CI,master,4ebc6de43a392332276c9cb3fe6c3161cfbbf2ee,.github/workflows/ci.yaml,success,27918753,lizongbo,318,9,0.0,0.0,,pull_request,13,0,5519.0,0,success,1,daba74083af97e097172f3314075a43ae6c78d9b,1,682,0,0,0,1,45,1,637,0,0,1,0,1,2,1,0,1,73,0,0,0,38,0,38,1,1,0,18,1,0,637,0,0,0,0,0,0,36,0,['junit'],java-maven,457406,377453,825.203,25476,0,0,25476,1,0.0600751,0.259074,0.048811,0.302944,14,0,2,0,0,1,0,1
53142,7179113560,2700159,Java CI,wallprovider,b9547c6c08ffafbfbb7e2500fc1a4fc46f47f124,.github/workflows/ci.yaml,success,27918753,shenjianeng,319,10,0.0,0.0,,pull_request,51,0,5521.0,1,failure,11,44aef39c28aefd377fc15884bcf9b4f3b7fd9ccf,188,2347,4946,0,0,167,5272,4,2021,0,1,2,31,187,220,6,36,42,1789,11,12,23,114,296,410,1,1,0,18,2,33,299,1722,0,0,67,0,0,36,0,['junit'],java-maven,457833,377616,824.79,25596,0,0,25596,1,0.130163,0.617459,0.048811,0.775594,7,1,2,0,0,1,0,0
53143,7070526918,2700159,Java CI,revert-5540-revert-5525-optimizeKeepAlive,d1a9cb9b51251d4af65a7b03140658b6bf094e1e,.github/workflows/ci.yaml,success,27918753,lizongbo,322,16,0.0,0.0,,pull_request,51,0,5541.0,1,success,1,34d5b3f4fdaa4f8fef0b7d881a95b03663a91cfb,1,16,24,0,0,1,40,1,0,0,0,0,0,1,1,0,0,0,41,0,1,1,0,0,0,1,0,0,18,0,0,0,0,0,0,1,0,0,36,0,['junit'],java-maven,458169,378031,825.091,25504,0,0,25504,1,0.0763454,0.577703,0.020025,0.813155,23,0,2,0,0,0,0,0
53144,7156827424,2700159,Java CI,master,cb1a43eed9f04a17c8ec37336087759bb9de31ee,.github/workflows/ci.yaml,failure,27918753,lizongbo,330,24,0.0,0.0,,push,39,0,5571.0,1,failure,1,74302b014b38a154b3e57f692a8f27aafdbe908c,3,109,0,0,0,3,83,1,26,0,0,1,0,3,4,2,0,2,43,0,0,0,8,0,8,1,1,0,18,1,0,26,0,0,0,1,0,0,36,0,['junit'],java-maven,459676,378800,824.059,0,0,0,0,1,0.100125,0.660486,0.0187735,0.871089,30,0,2,0,0,1,0,1
53145,7074732052,2700159,Java CI,fixShrinkWithOnFatalError,4ce4af0eb44931b7b4c5ade6c23894f9f9088445,.github/workflows/ci.yaml,success,27918753,zrlw,326,20,,,,pull_request,0,0,,1,success,0,,0,0,0,0,0,0,0,0,0,0,0,0,0,0,0,0,0,0,0,0,0,0,0,0,0,0,0,0,18,0,0,0,0,0,0,0,0,0,36,0,['junit'],java-maven,459160,378390,824.092,25544,0,0,25544,1,0.0826033,0.492625,0.0262829,0.753594,16,1,2,0,0,0,0,0
53146,7217368647,2700159,Java CI,supportBeanIntrospecting,5737b7a45c58eaeca719a7a3941589de534a42c5,.github/workflows/ci.yaml,failure,27918753,zrlw,336,27,0.0,0.0,,pull_request,149,0,5603.0,1,success,2,a9b33667aaacffc2995f9656169477ff5a6533db,4,29,4,0,0,4,33,1,0,0,1,0,0,4,4,2,0,2,4,0,0,0,2,0,2,1,0,0,18,0,0,0,0,0,0,2,0,0,41,0,['junit'],java-maven,460540,379513,824.061,12804,0,0,12804,1,0.140175,0.579799,0.0500626,0.86457,55,1,2,0,0,0,0,0
53147,7070518260,2700159,Java CI,revert-5540-revert-5525-optimizeKeepAlive,d1a9cb9b51251d4af65a7b03140658b6bf094e1e,.github/workflows/ci.yaml,success,27918753,lizongbo,322,16,0.0,0.0,,push,51,0,5541.0,1,success,1,34d5b3f4fdaa4f8fef0b7d881a95b03663a91cfb,1,16,24,0,0,1,40,1,0,0,0,0,0,1,1,0,0,0,41,0,1,1,0,0,0,1,0,0,18,0,0,0,0,0,0,1,0,0,36,0,['junit'],java-maven,458169,378031,825.091,25504,0,0,25504,1,0.0763454,0.569582,0.020025,0.808105,23,0,2,0,0,0,0,0
53148,7158245976,2700159,Java CI,master,8769a3aaaeb257cfd393ae5b55f8381ba413e3b2,.github/workflows/ci.yaml,failure,27918753,lizongbo,330,24,0.0,0.0,,push,43,0,5575.0,1,failure,1,186fdaa5d91585eac17a57a4c2670401ef1afbc7,2,72,3,0,0,2,17,1,58,0,0,1,0,2,3,0,0,0,97,0,0,0,13,0,13,1,1,0,18,1,0,58,0,0,0,0,0,0,36,0,['junit'],java-maven,459780,378929,824.153,25576,0,0,25576,1,0.111389,0.593812,0.0300375,0.594994,36,0,2,0,0,1,0,1
53149,7048596325,2700159,Java CI,master,ad2e5749203633bcd4431d91a17f92ac992332f7,.github/workflows/ci.yaml,success,27918753,lizongbo,321,15,0.0,0.0,,push,5,0,5536.0,0,success,2,fcfa3cab5e45005f702cded87265acd36f0fb98d,1,98,2,0,0,1,4,1,96,0,0,1,0,1,2,0,0,0,7,0,0,0,9,0,9,1,1,0,18,1,0,96,0,0,0,0,0,0,36,0,['junit'],java-maven,458109,377953,825.029,25504,0,0,25504,1,0.0713392,0.529315,0.020025,0.746424,19,0,2,0,0,1,0,1
53150,7232937928,2700159,Java CI,master,95f36a04525ad96ad1469b2e82193c246f6d7172,.github/workflows/ci.yaml,success,27918753,lizongbo,334,29,0.0,0.0,,push,49,0,5612.0,1,success,1,9cfb084fe5bd31acefd145f767bbcfafe9c62703,11,20,42,0,0,3,26,3,36,1,1,0,0,6,6,0,0,0,0,0,0,0,6,12,18,1,1,0,18,0,0,12,24,0,0,4,0,0,41,0,['junit'],java-maven,460694,379627,824.033,12834,0,0,12834,1,0.146433,0.691423,0.057572,0.705034,39,0,2,0,0,1,0,1
53151,7077121279,2700159,Java CI,master,6f917f1aa5149e291096591e492997fcdb0308ad,.github/workflows/ci.yaml,success,27918753,lizongbo,326,20,0.0,0.0,,push,47,0,5033.0,0,success,1,e2302fffbf11b9237cc11646e7b82aad101c7151,1,41,2,0,0,1,4,1,39,0,0,1,0,1,2,0,0,0,10,0,0,0,5,0,5,1,1,0,18,1,0,39,0,0,0,0,0,0,36,0,['junit'],java-maven,459163,378426,824.165,25544,0,0,25544,1,0.0838548,0.612392,0.0212766,0.806991,25,0,2,0,0,1,0,1
53152,7249631834,2700159,Java CI,supportMysqlCreateDatabaseWithCharacterSetHint,83c9b0fd54d5f6c8c5e41d2170d3822e2d08123f,.github/workflows/ci.yaml,success,27918753,zrlw,334,29,0.0,0.0,,pull_request,188,0,5628.0,1,failure,2,b88bfd4c21a83a8d75946ebb9daf7e541095db6f,5,96,7,0,0,1,30,2,73,1,0,0,0,3,3,3,0,3,19,0,0,0,0,0,0,1,1,0,18,0,0,69,4,0,0,2,0,0,41,0,['junit'],java-maven,460943,379883,824.143,12854,0,0,12854,1,0.147685,0.610513,0.0312891,0.824102,70,1,2,0,0,0,0,0
53153,7278571312,2700159,Java CI,master,6d948c6945362fd6a911396e6e9492a709507f5f,.github/workflows/ci.yaml,success,27918753,lizongbo,334,30,0.0,0.0,,pull_request,36,0,5640.0,1,success,2,554012ec9e7c824366b5cd7d94cd6b4b29b3fa02,2,1,2,0,0,2,3,1,0,0,0,0,0,2,2,0,0,0,20,0,0,0,0,0,0,1,0,0,18,0,0,0,0,0,0,2,0,0,41,0,['junit'],java-maven,460946,379881,824.133,12854,0,0,12854,1,0.131414,0.758835,0.0250313,0.917497,46,0,2,0,0,1,0,1
53154,7103937283,2700159,Java CI,master,53123b961b99782c84dcfe9a1ec146812dd45022,.github/workflows/ci.yaml,success,27918753,lizongbo,329,23,0.0,0.0,,push,42,0,5555.0,1,success,2,ec11c5d16cf725c0cdc89cab7bd4d773bd18276a,1,37,1,0,0,1,11,1,27,0,0,1,0,1,2,0,0,0,3,0,0,0,4,0,4,1,1,0,18,1,0,27,0,0,0,0,0,0,36,0,['junit'],java-maven,459420,378747,824.403,25564,0,0,25564,1,0.0851064,0.665454,0.0150188,0.85561,31,0,2,0,0,1,0,1
53155,7251178382,2700159,Java CI,revert-5629-fix4ignoreWhere,156156f07c1986f99954ccb01beba14239d731a7,.github/workflows/ci.yaml,success,27918753,lizongbo,334,29,0.0,0.0,,push,48,0,5630.0,1,failure,1,57dbdb3e1aa3e9675023f2137a841ecf54a40150,1,25,101,0,0,1,63,1,63,0,0,0,1,1,2,0,1,1,32,0,1,1,0,9,9,1,1,0,18,0,1,0,63,0,0,0,0,0,41,0,['junit'],java-maven,460953,379881,824.121,12854,0,0,12854,1,0.148936,0.726546,0.0337922,0.930517,45,0,2,0,0,0,0,0
53156,7070481964,2700159,Java CI,revert-5525-optimizeKeepAlive,262a9ed281fd30dd1e90ea19de0c15b94b658a31,.github/workflows/ci.yaml,success,27918753,lizongbo,322,16,0.0,0.0,,pull_request,51,0,5540.0,1,success,1,ae3588a6927a5ba335ff7e4da2ae5ff275e21e1d,1,24,16,0,0,1,40,1,0,0,0,0,0,1,1,0,0,0,41,1,0,1,0,0,0,1,0,0,18,0,0,0,0,0,0,1,0,0,36,0,['junit'],java-maven,458178,378031,825.075,25504,0,0,25504,1,0.0763454,0.552365,0.020025,0.797139,22,0,2,0,0,0,0,0
53157,7233717492,2700159,Java CI,fixBooleanComparison,cc26a9a6bc7ca023dcef43ad5933a7131c7c1fe6,.github/workflows/ci.yaml,success,27918753,zrlw,334,29,0.0,0.0,,pull_request,48,0,5616.0,1,success,2,94281b0dc5d52a0efd80f15c7cab46df4fe69205,10,41,41,0,0,10,82,1,0,0,0,0,0,10,10,0,0,0,224,0,0,0,0,0,0,1,0,0,18,0,0,0,0,0,0,0,0,0,41,0,['junit'],java-maven,460835,379716,823.974,12834,0,0,12834,1,0.147685,0.593579,0.0588235,0.796964,64,1,2,0,0,1,0,0
53158,7272633828,2700159,Java CI,supportWindowsNewlineAndCheckEndToken,dc35b01e6569f4964c59aa0d9b1a24f45e4135ec,.github/workflows/ci.yaml,success,27918753,zrlw,334,30,0.0,0.0,,pull_request,180,0,5634.0,1,success,1,554012ec9e7c824366b5cd7d94cd6b4b29b3fa02,21,298,86,0,0,10,172,2,212,0,0,1,0,19,20,2,0,2,261,3,0,3,17,2,19,1,1,0,18,1,0,175,37,0,0,10,0,0,41,0,['junit'],java-maven,461141,380019,824.084,12858,0,0,12858,1,0.135169,0.666585,0.0325407,0.811508,73,1,2,0,0,0,0,0
53159,7048793304,2700159,Java CI,master,14a39e7d94c2cfad14da020d9ad61e44c6a4d976,.github/workflows/ci.yaml,failure,27918753,lizongbo,321,15,0.0,0.0,,push,14,0,4517.0,1,success,1,ad2e5749203633bcd4431d91a17f92ac992332f7,2,12,12,0,0,2,24,1,0,0,0,0,0,2,2,0,0,0,20,0,0,0,0,0,0,1,0,0,18,0,0,0,0,0,0,0,0,0,36,0,['junit'],java-maven,458109,377953,825.029,0,0,0,0,1,0.0725907,0.515926,0.0212766,0.72047,19,0,2,0,0,1,0,1
53160,7071317150,2700159,Java CI,master,b22b451567c8ed7a7711d8b26b1cabcf12e2ba6f,.github/workflows/ci.yaml,success,27918753,lizongbo,322,16,0.0,0.0,,pull_request,9,0,5544.0,0,failure,1,9eb5f7247dac371474fe92fe96988c0c516bdff9,2,33,2,0,0,1,1,2,34,1,0,0,0,2,2,0,0,0,75,0,0,0,0,0,0,1,1,0,18,1,0,33,1,0,0,1,0,0,36,0,['junit'],java-maven,459146,378387,824.11,25544,0,0,25544,1,0.0813517,0.599889,0.0250313,0.801627,24,0,2,0,0,1,0,1
53161,7194776824,2700159,Java CI,master,d63a2956b5843655ab1ef3c0e4b1c8e01915333f,.github/workflows/ci.yaml,failure,27918753,xuziyang,332,26,,,,pull_request,0,0,,0,success,0,,0,0,0,0,0,0,0,0,0,0,0,0,0,0,0,0,0,0,0,0,0,0,0,0,0,0,0,0,18,0,0,0,0,0,0,0,0,0,41,0,['junit'],java-maven,460119,379102,823.922,12418,340,0,12792,1,0.130163,0.540437,0.048811,0.559807,4,0,2,0,0,1,0,1
53162,7264625240,2700159,Java CI,master,a5d573597d760164d322775f481b0ce33e6afe5d,.github/workflows/ci.yaml,success,27918753,lizongbo,334,30,0.0,0.0,,push,12,0,5635.0,0,success,1,356094d70affdf10f61b464d0838b2cbfe8ff32b,1,4,4,1,0,0,0,1,0,0,0,0,0,0,0,0,0,0,0,0,0,0,0,0,0,0,0,0,18,0,0,0,0,0,0,0,0,0,41,0,['junit'],java-maven,460953,379881,824.121,12854,0,0,12854,1,0.136421,0.742119,0.0300375,0.944734,44,0,2,0,0,1,0,1
53163,7196517787,2700159,Java CI,master,776e45ad464d3b95cd3dc94f7f5890a1ff5c0eef,.github/workflows/ci.yaml,failure,27918753,xuziyang,332,26,,,,pull_request,0,0,,1,failure,0,,0,0,0,0,0,0,0,0,0,0,0,0,0,0,0,0,0,0,0,0,0,0,0,0,0,0,0,0,18,0,0,0,0,0,0,0,0,0,41,0,['junit'],java-maven,460122,379102,823.916,12422,340,0,12792,1,0.133917,0.472101,0.0525657,0.466834,4,0,2,0,0,1,0,1
53164,7143759734,2700159,Java CI,master,d3e5c9aaa1f40cef376c0eef0ade0ca72dc4a659,.github/workflows/ci.yaml,success,27918753,lizongbo,330,25,0.0,0.0,,push,105,0,5563.0,0,success,5,adbbdfa4a625b694a7597eb4980bd1cde8e6b846,13,553,223,0,0,11,729,1,47,0,0,1,0,13,14,2,0,2,406,1,1,2,31,19,50,1,1,0,18,1,0,37,10,0,0,4,0,0,36,0,['junit'],java-maven,459597,378774,824.144,25564,0,0,25564,1,0.0988736,0.673149,0.0237797,0.894387,31,0,2,0,0,1,0,1
53165,6995684880,2700159,Java CI,wallprovider,482564c9cf80d03ce67474aec7dced2964aad5a5,.github/workflows/ci.yaml,failure,27918753,shenjianeng,318,10,0.0,0.0,,pull_request,51,0,5521.0,0,success,2,44aef39c28aefd377fc15884bcf9b4f3b7fd9ccf,188,1912,4945,0,0,167,4836,4,2021,0,1,2,31,187,220,6,36,42,1789,10,12,22,108,296,404,1,1,0,18,2,33,299,1722,0,0,67,0,0,36,0,['junit'],java-maven,457511,377616,825.37,0,0,0,0,1,0.0613267,0.569337,0.0500626,0.527743,4,0,2,0,0,1,0,0
53166,7198349230,2700159,Java CI,master,ba96d9172c4d15be76478804b5b6794c9eb08149,.github/workflows/ci.yaml,success,27918753,lizongbo,332,26,0.0,0.0,,pull_request,3,0,5594.0,1,success,1,bcb23df323706e0bff2e0239f153c35f05575aef,1,6,8,0,0,0,0,1,14,0,0,0,0,1,1,0,0,0,0,0,0,0,2,0,2,0,1,0,18,0,0,6,8,0,0,1,0,0,41,0,['junit'],java-maven,460139,379229,824.162,12810,0,0,12810,1,0.135169,0.648886,0.0550688,0.630106,40,0,2,0,0,1,0,1
53167,7120704321,2700159,Java CI,fixTestConnectionOnMysql,9e40bdb56991002190ed047d3198d80bd2f87cf1,.github/workflows/ci.yaml,failure,27918753,zrlw,330,25,,,,pull_request,0,0,,1,failure,0,,0,0,0,0,0,0,0,0,0,0,0,0,0,0,0,0,0,0,0,0,0,0,0,0,0,0,0,0,18,0,0,0,0,0,0,0,0,0,36,0,['junit'],java-maven,459268,378748,824.678,25564,0,0,25564,1,0.0938673,0.507171,0.0225282,0.641528,36,1,2,0,0,0,0,0
53168,7203547564,2700159,Java CI,master,0a15809d6719cdac86f61e0d892814784fd80b9c,.github/workflows/ci.yaml,failure,27918753,xuziyang,332,26,,,,pull_request,0,0,,0,success,0,,0,0,0,0,0,0,0,0,0,0,0,0,0,0,0,0,0,0,0,0,0,0,0,0,0,0,0,0,18,0,0,0,0,0,0,0,0,0,41,0,['junit'],java-maven,460124,379102,823.913,12454,340,0,12798,1,0.136421,0.419181,0.0463079,0.414172,4,0,2,0,0,1,0,1
53169,7074829802,2700159,Java CI,fixShrinkWithOnFatalError,aaf754d64088c8aa21c01b7ac061272d627c3903,.github/workflows/ci.yaml,failure,27918753,zrlw,326,20,0.0,0.0,,pull_request,96,0,5543.0,1,success,7,e2302fffbf11b9237cc11646e7b82aad101c7151,3,41,19,0,0,2,57,1,3,0,0,0,0,3,3,0,0,0,138,0,0,0,0,0,0,1,1,0,18,0,0,3,0,0,0,1,0,0,36,0,['junit'],java-maven,459160,378390,824.092,0,0,0,0,1,0.0838548,0.483872,0.0262829,0.731429,16,1,2,0,0,0,0,0
53170,7076154231,2700159,Java CI,fixShrinkWithOnFatalError,f4aa787a28e967bbbbd4e9899d3beed40f51eb15,.github/workflows/ci.yaml,success,27918753,zrlw,326,20,0.0,0.0,,pull_request,96,0,5543.0,1,success,11,e2302fffbf11b9237cc11646e7b82aad101c7151,3,45,23,0,0,2,65,1,3,0,0,0,0,3,3,0,0,0,138,0,0,0,0,0,0,1,1,0,18,0,0,3,0,0,0,1,0,0,36,0,['junit'],java-maven,459159,378390,824.094,25544,0,0,25544,1,0.0838548,0.517717,0.0237797,0.760029,16,1,2,0,0,0,0,0
53171,6951820388,2700159,Java CI,fixCIrunon,a4ffbb9985e633e34f3eb92e36d7bf8870917879,.github/workflows/ci.yaml,success,27918753,zrlw,313,4,,,,pull_request,0,0,,1,success,0,,0,0,0,0,0,0,0,0,0,0,0,0,0,0,0,0,0,0,0,0,0,0,0,0,0,0,0,0,18,0,0,0,0,0,0,0,0,0,35,0,['junit'],java-maven,456790,376796,824.878,25476,0,0,25476,1,0.0300375,0.360516,0.0250313,0.361834,0,0,2,0,0,0,0,0
53172,7184428768,2700159,Java CI,revert-5242-fix-oracle-union,336591734ae8397fb52cf6989aa1cd7c25dfd34c,.github/workflows/ci.yaml,success,27918753,lizongbo,331,25,0.0,0.0,,push,61,0,5586.0,1,failure,1,0f73bd7a739a61315ade43cdd96ee8b1b7a3e93c,2,1,114,0,0,2,19,1,96,0,0,0,1,2,3,0,0,0,18,0,0,0,0,6,6,1,1,0,18,0,1,0,96,0,0,1,0,0,41,0,['junit'],java-maven,460078,379102,823.995,12804,0,0,12804,1,0.131414,0.603266,0.0500626,0.533775,39,0,2,0,0,0,0,0
53173,7184434130,2700159,Java CI,revert-5242-fix-oracle-union,336591734ae8397fb52cf6989aa1cd7c25dfd34c,.github/workflows/ci.yaml,success,27918753,lizongbo,331,25,0.0,0.0,,pull_request,61,0,5586.0,1,success,1,0f73bd7a739a61315ade43cdd96ee8b1b7a3e93c,2,1,114,0,0,2,19,1,96,0,0,0,1,2,3,0,0,0,18,0,0,0,0,6,6,1,1,0,18,0,1,0,96,0,0,1,0,0,41,0,['junit'],java-maven,460078,379102,823.995,12804,0,0,12804,1,0.131414,0.607009,0.0500626,0.546044,39,0,2,0,0,0,0,0
53174,7120089593,2700159,Java CI,fixTestConnectionOnMysql,1b7487ab44c6f4254654d01557722e9f7be003b2,.github/workflows/ci.yaml,failure,27918753,zrlw,330,25,,,,pull_request,0,0,,1,failure,0,,0,0,0,0,0,0,0,0,0,0,0,0,0,0,0,0,0,0,0,0,0,0,0,0,0,0,0,0,18,0,0,0,0,0,0,0,0,0,36,0,['junit'],java-maven,459268,378747,824.675,0,0,0,0,1,0.0913642,0.521433,0.020025,0.686203,36,1,2,0,0,1,0,0
53175,7291415701,2700159,Java CI,master,ee2e2bec9938dc7a56833d43d395ba6b050fb625,.github/workflows/ci.yaml,success,27918753,lizongbo,334,30,0.0,0.0,,pull_request,39,0,5644.0,1,failure,2,2c513f4babfec1ea5dd44ba47224416b32ca489b,2,53,6,0,0,1,1,1,58,0,0,1,0,2,3,0,0,0,9,0,0,0,5,0,5,1,1,0,18,1,0,52,6,0,0,3,0,0,41,0,['junit'],java-maven,461304,380140,824.055,12868,0,0,12868,1,0.116395,0.776214,0.020025,0.899998,47,0,2,0,0,1,0,1
53176,7156826649,2700159,Java CI,master,b83668557a4cc2963e2934a7d98c0f3f6be8de92,.github/workflows/ci.yaml,failure,27918753,lizongbo,330,24,0.0,0.0,,pull_request,39,0,5571.0,1,success,1,74302b014b38a154b3e57f692a8f27aafdbe908c,3,109,0,0,0,3,83,1,26,0,0,1,0,3,4,2,0,2,43,0,0,0,8,0,8,1,1,0,18,1,0,26,0,0,0,1,0,0,36,0,['junit'],java-maven,459676,378800,824.059,0,0,0,0,1,0.0988736,0.66882,0.0175219,0.909234,29,0,2,0,0,1,0,1
53177,7018371601,2700159,Java CI,optimizeCreateDirect,3d312e861a8c10cc6be0d484621a8a76b267fca8,.github/workflows/ci.yaml,success,27918753,zrlw,320,13,0.0,0.0,,pull_request,58,0,5530.0,1,success,2,cf606b4c5dd9fcbbb380298ab603f3629c53d776,1,7,0,0,0,1,7,1,0,0,0,0,0,1,1,0,0,0,41,1,0,1,1,0,1,1,0,0,18,0,0,0,0,0,0,0,0,0,36,0,['junit'],java-maven,457996,377855,825.018,25500,0,0,25500,1,0.0700876,0.391239,0.0450563,0.525824,8,1,2,0,0,0,0,0
53178,7000908558,2700159,Java CI,optimizeKeepAlive,5c15eaceccd72fba8f9e6a87096464b28929cee0,.github/workflows/ci.yaml,success,27918753,zrlw,319,11,,,,pull_request,0,0,,1,success,0,,0,0,0,0,0,0,0,0,0,0,0,0,0,0,0,0,0,0,0,0,0,0,0,0,0,0,0,0,18,0,0,0,0,0,0,0,0,0,36,0,['junit'],java-maven,457636,377635,825.186,25488,0,0,25488,1,0.0675845,0.323947,0.0550688,0.33499,8,1,2,0,0,0,0,0
53179,7007811400,2700159,Java CI,master,cf606b4c5dd9fcbbb380298ab603f3629c53d776,.github/workflows/ci.yaml,success,27918753,lizongbo,319,11,0.0,0.0,,push,33,0,5526.0,1,success,1,0be591b0c43ed57078a13dc0c7b7108b9ee0b388,3,9,7,0,0,0,0,1,16,0,0,0,0,3,3,0,0,0,1,0,0,0,0,0,0,0,1,0,18,0,0,9,7,0,0,5,0,0,36,0,['junit'],java-maven,457989,377855,825.031,25500,0,0,25500,1,0.0700876,0.426549,0.0550688,0.490166,18,0,2,0,0,1,0,1
53180,6954099391,2700159,Java CI,fixCIrunon,d8843de58213f24a49ebe4659d0fed710f63abfb,.github/workflows/ci.yaml,success,27918753,zrlw,316,7,,,,pull_request,0,0,,0,failure,0,,0,0,0,0,0,0,0,0,0,0,0,0,0,0,0,0,0,0,0,0,0,0,0,0,0,0,0,0,18,0,0,0,0,0,0,0,0,0,35,0,['junit'],java-maven,456779,376794,824.893,25476,0,0,25476,1,0.0312891,0.392178,0.0262829,0.393429,0,0,2,0,0,0,0,0
53181,7089285298,2700159,Java CI,master,e0d1850861bff199623598f89b4ea30e71a3e23c,.github/workflows/ci.yaml,success,27918753,lizongbo,328,22,0.0,0.0,,push,20,0,5551.0,1,success,1,1806c7bfe8d7f8a3b83e7b5fe8a9a2eb6b98c97c,2,102,6,0,0,0,0,1,108,0,0,0,0,2,2,4,0,4,0,0,0,0,4,0,4,0,1,0,18,0,0,102,6,0,0,3,0,0,36,0,['junit'],java-maven,459386,378720,824.405,25564,0,0,25564,1,0.0838548,0.656067,0.0137672,0.868069,27,0,2,0,0,1,0,1
53182,7233333562,2700159,Java CI,keepConnectionUnderlyingTransactionIsolation,6bbe9e166c50cc3d255703b0efb83d38dea55ca0,.github/workflows/ci.yaml,failure,27918753,zrlw,334,29,,,,pull_request,0,0,,0,success,0,,0,0,0,0,0,0,0,0,0,0,0,0,0,0,0,0,0,0,0,0,0,0,0,0,0,0,0,0,18,0,0,0,0,0,0,0,0,0,41,0,['junit'],java-maven,460948,379850,824.063,0,0,0,0,1,0.147685,0.582693,0.0588235,0.77521,64,1,2,0,0,0,0,0
53183,7000362251,2700159,Java CI,optimizeKeepAlive,4af93e6045758b415295dfb505f3f3fb62faa7a7,.github/workflows/ci.yaml,failure,27918753,zrlw,319,11,,,,pull_request,0,0,,1,success,0,,0,0,0,0,0,0,0,0,0,0,0,0,0,0,0,0,0,0,0,0,0,0,0,0,0,0,0,0,18,0,0,0,0,0,0,0,0,0,36,0,['junit'],java-maven,457640,377635,825.179,25488,0,0,25488,1,0.0663329,0.29298,0.0538173,0.304091,8,1,2,0,0,0,0,0
53184,6995254188,2700159,Java CI,master,091f1b99c91d31319eca0c137d12d4114cb16c75,.github/workflows/ci.yaml,success,27918753,lizongbo,318,9,0.0,0.0,,pull_request,39,0,5520.0,1,success,1,0c78856c2bdadce91f0caf9de6d9600dbf6cbba0,0,102,0,0,0,0,0,1,102,0,0,1,0,0,1,0,0,0,0,0,0,0,10,0,10,0,1,0,18,1,0,102,0,0,0,0,0,0,36,0,['junit'],java-maven,457496,377555,825.264,25476,0,0,25476,1,0.0600751,0.347985,0.048811,0.397997,15,0,2,0,0,1,0,1
53185,7070482338,2700159,Java CI,master,34d5b3f4fdaa4f8fef0b7d881a95b03663a91cfb,.github/workflows/ci.yaml,success,27918753,lizongbo,322,16,0.0,0.0,,push,51,0,5540.0,1,success,1,ae3588a6927a5ba335ff7e4da2ae5ff275e21e1d,1,24,16,0,0,1,40,1,0,0,0,0,0,1,1,0,0,0,41,1,0,1,0,0,0,1,0,0,18,0,0,0,0,0,0,1,0,0,36,0,['junit'],java-maven,458178,378031,825.075,25504,0,0,25504,1,0.0763454,0.561143,0.020025,0.802774,23,0,2,0,0,1,0,1
53186,7291017678,2700159,Java CI,master,a1236b11a917802651198af68d952c590d277b77,.github/workflows/ci.yaml,success,27918753,lizongbo,334,30,0.0,0.0,,push,15,0,5638.0,1,success,6,ff29a595d87218048bb9d5608e29d936d26df8ff,3,103,2,0,0,2,78,1,27,0,0,0,0,3,3,6,0,6,59,0,0,0,10,0,10,1,1,0,18,0,0,27,0,0,0,0,0,0,41,0,['junit'],java-maven,461210,380046,824.019,12864,0,0,12864,1,0.115144,0.776931,0.0187735,0.912896,46,0,2,0,0,1,0,1
53187,7243841040,2700159,Java CI,master,0d8f20f294c59c8a0e47606ed01ee7e1b4f77a86,.github/workflows/ci.yaml,success,27918753,xuziyang,334,29,,,,pull_request,0,0,,0,success,0,,0,0,0,0,0,0,0,0,0,0,0,0,0,0,0,0,0,0,0,0,0,0,0,0,0,0,0,0,18,0,0,0,0,0,0,0,0,0,41,0,['junit'],java-maven,460867,379819,824.14,12848,0,0,12848,1,0.146433,0.439671,0.0400501,0.418174,10,1,2,0,0,1,0,1
53188,7103826288,2700159,Java CI,master,129a070cc7983bc25f164763a41b5f9b76d8f27e,.github/workflows/ci.yaml,failure,27918753,lizongbo,329,23,0.0,0.0,,pull_request,42,0,5555.0,1,success,1,ec11c5d16cf725c0cdc89cab7bd4d773bd18276a,1,31,4,0,0,1,8,1,27,0,0,1,0,1,2,0,0,0,3,0,0,0,4,0,4,1,1,0,18,1,0,27,0,0,0,0,0,0,36,0,['junit'],java-maven,459411,378747,824.419,25524,28,0,25552,1,0.0851064,0.656412,0.0150188,0.849466,29,0,2,0,0,1,0,1
53189,7035443422,2700159,Java CI,master,5232d85d5d3178d95a7629a165fdc4cc0ed9510b,.github/workflows/ci.yaml,success,27918753,lizongbo,320,13,0.0,0.0,,push,7,0,5533.0,1,success,1,c3ce7c6687b86d916e4d8d93dbcbff9968a16636,1,4,3,0,0,1,7,1,0,0,0,0,0,1,1,0,0,0,8,0,0,0,0,0,0,1,0,0,18,0,0,0,0,0,0,1,0,0,36,0,['junit'],java-maven,457995,377857,825.024,25500,0,0,25500,1,0.0713392,0.490092,0.0362954,0.659945,19,0,2,0,0,1,0,1
53190,7239668994,2700159,Java CI,revert-5621-master,f2af5c8a2f6c72618d4936f83dbf2bb2fbc66874,.github/workflows/ci.yaml,success,27918753,lizongbo,334,29,0.0,0.0,,pull_request,38,0,5622.0,1,success,1,65797bcddd7e5d769cfb48c6d03dba9083d3a142,1,1,1,0,0,1,2,1,0,0,0,0,0,1,1,0,0,0,42,0,0,0,0,0,0,1,0,0,18,0,0,0,0,0,0,0,0,0,41,0,['junit'],java-maven,461009,379908,824.079,12848,0,0,12848,1,0.147685,0.711075,0.0425532,0.908548,39,0,2,0,0,0,0,0
53191,7028116029,2700159,Java CI,optimizeCreateDirect,10282f55c9dcdfc0f2b679821876ee0df9c05366,.github/workflows/ci.yaml,success,27918753,zrlw,320,13,0.0,0.0,,pull_request,58,0,5530.0,1,success,6,cf606b4c5dd9fcbbb380298ab603f3629c53d776,1,61,53,0,0,1,114,1,0,0,0,0,0,1,1,0,0,0,41,2,0,2,0,0,0,1,0,0,18,0,0,0,0,0,0,2,0,0,36,0,['junit'],java-maven,457997,377855,825.016,25500,0,0,25500,1,0.0713392,0.471736,0.0400501,0.611757,8,1,2,0,0,0,0,0
53192,7211877867,2700159,Java CI,master,a9b33667aaacffc2995f9656169477ff5a6533db,.github/workflows/ci.yaml,success,27918753,lizongbo,332,26,0.0,0.0,,push,4,0,4522.0,1,success,1,3dfb396a880c14d0ef6fe076ad5f532bce0b74cd,1,3,1,0,0,1,4,1,0,0,0,0,0,1,1,0,0,0,111,0,0,0,0,0,0,1,0,0,18,0,0,0,0,0,0,0,0,0,41,0,['junit'],java-maven,460528,379513,824.082,12816,0,0,12816,1,0.141427,0.674532,0.048811,0.687614,41,0,2,0,0,1,0,1
53193,7239640580,2700159,Java CI,master,985e2b6a1ec232b33f80ceddf796bf41fa54d550,.github/workflows/ci.yaml,success,27918753,lizongbo,334,29,0.0,0.0,,push,48,0,5616.0,0,success,3,94281b0dc5d52a0efd80f15c7cab46df4fe69205,11,43,42,0,0,11,85,1,0,0,0,0,0,11,11,0,0,0,225,0,0,0,0,0,0,1,0,0,18,0,0,0,0,0,0,0,0,0,41,0,['junit'],java-maven,460836,379716,823.972,12834,0,0,12834,1,0.147685,0.698234,0.0425532,0.897789,39,0,2,0,0,1,0,1
53194,7205067137,2700159,Java CI,issue4619,1b29155296021493f8d4a2137ab627a861a241ba,.github/workflows/ci.yaml,success,27918753,zrlw,332,26,0.0,0.0,,pull_request,49,0,5597.0,1,success,1,c9c32bac6cd1082f8c1ceccfb70263e030146319,1,42,0,0,0,1,1,1,41,0,0,1,0,1,2,0,0,0,23,0,0,0,6,0,6,1,1,0,18,1,0,41,0,0,0,0,0,0,41,0,['junit'],java-maven,460176,379270,824.185,12812,0,0,12812,1,0.140175,0.568678,0.048811,0.858954,49,1,2,0,0,0,0,0
53195,7211583711,2700159,Java CI,master,cf80abd1deae4408831cde769d4e78f2f92150cf,.github/workflows/ci.yaml,success,27918753,lizongbo,332,26,0.0,0.0,,push,11,0,5600.0,1,success,1,94f3c1ae9255cbd597773190a75e8306a98efe46,1,2,2,0,0,1,4,1,0,0,0,0,0,1,1,0,0,0,42,0,0,0,0,0,0,1,0,0,18,0,0,0,0,0,0,0,0,0,41,0,['junit'],java-maven,460492,379469,824.051,12816,0,0,12816,1,0.141427,0.669107,0.048811,0.675119,41,0,2,0,0,1,0,1
53196,6996149989,2700159,Java CI,wallprovider,01a6ed31933a1518adf99ed190db07475c4dd3e5,.github/workflows/ci.yaml,success,27918753,shenjianeng,318,10,0.0,0.0,,pull_request,51,0,5521.0,1,success,5,44aef39c28aefd377fc15884bcf9b4f3b7fd9ccf,188,1903,4944,0,0,167,4826,4,2021,0,1,2,31,187,220,6,36,42,1789,11,12,23,108,296,404,1,1,0,18,2,33,299,1722,0,0,67,0,0,36,0,['junit'],java-maven,457514,377616,825.365,25480,0,0,25480,1,0.0625782,0.591316,0.0513141,0.561952,4,0,2,0,0,1,0,0
53197,7018619246,2700159,Java CI,optimizeCreateDirect,3d312e861a8c10cc6be0d484621a8a76b267fca8,.github/workflows/ci.yaml,success,27918753,zrlw,320,13,0.0,0.0,,pull_request,58,0,5530.0,1,success,2,cf606b4c5dd9fcbbb380298ab603f3629c53d776,1,7,0,0,0,1,7,1,0,0,0,0,0,1,1,0,0,0,41,1,0,1,1,0,1,1,0,0,18,0,0,0,0,0,0,0,0,0,36,0,['junit'],java-maven,457996,377855,825.018,25500,0,0,25500,1,0.0700876,0.420228,0.0450563,0.55546,8,1,2,0,0,0,0,0
53198,7164810863,2700159,Java CI,replaceByStringBuilder,f6ae60882a039e980237c5baa2ac8637caf14e90,.github/workflows/ci.yaml,failure,27918753,zrlw,330,24,0.0,0.0,,pull_request,81,0,5578.0,0,failure,1,7663056fefc2010a393589c2bed347be6d0b2fe3,98,416,627,0,0,84,991,1,52,0,0,0,0,98,98,0,0,0,821,0,0,0,0,46,46,1,1,0,18,0,0,26,26,0,0,22,0,0,36,0,['junit'],java-maven,459637,378970,824.498,25580,0,0,25580,1,0.117647,0.537908,0.0362954,0.630864,43,1,2,0,0,1,0,0
53199,7070527232,2700159,Java CI,master,e9865ae4faa6a94995da17e66546d226d4d1b292,.github/workflows/ci.yaml,success,27918753,lizongbo,322,16,0.0,0.0,,push,51,0,5541.0,1,success,1,34d5b3f4fdaa4f8fef0b7d881a95b03663a91cfb,1,16,24,0,0,1,40,1,0,0,0,0,0,1,1,0,0,0,41,0,1,1,0,0,0,1,0,0,18,0,0,0,0,0,0,1,0,0,36,0,['junit'],java-maven,458169,378031,825.091,25504,0,0,25504,1,0.0763454,0.585524,0.020025,0.817945,24,0,2,0,0,1,0,1
53200,7007214197,2700159,Java CI,master,0be591b0c43ed57078a13dc0c7b7108b9ee0b388,.github/workflows/ci.yaml,failure,27918753,lizongbo,319,11,0.0,0.0,,push,4,0,5401.0,1,failure,1,900f7f286938ae3a24f180f9825ca65f31070287,0,428,0,0,0,1,210,2,218,1,0,4,0,0,4,0,0,0,0,0,0,0,37,0,37,0,1,0,18,5,0,218,0,0,0,0,0,0,36,0,['junit'],java-maven,457987,377853,825.03,25472,16,0,25488,1,0.0700876,0.388319,0.0563204,0.434015,17,0,2,0,0,1,0,1
53201,7249130261,2700159,Java CI,supportMysqlCreateDatabaseWithCharacterSetHint,18ffdfaa1e049b8fa0e0e0aec7b4516959b86bc7,.github/workflows/ci.yaml,failure,27918753,zrlw,334,29,0.0,0.0,,pull_request,188,0,5628.0,1,failure,1,b88bfd4c21a83a8d75946ebb9daf7e541095db6f,2,69,3,0,0,1,30,1,42,0,0,0,0,2,2,3,0,3,16,0,0,0,0,0,0,1,1,0,18,0,0,42,0,0,0,1,0,0,41,0,['junit'],java-maven,460921,379861,824.135,12826,4,0,12830,1,0.147685,0.60724,0.0312891,0.818928,70,1,2,0,0,1,0,0
53202,7000027258,2700159,Java CI,optimizeKeepAlive,28bdcfe75673cafaa8d5db5b0f2c6a70901514e0,.github/workflows/ci.yaml,failure,27918753,zrlw,319,11,,,,pull_request,0,0,,1,failure,0,,0,0,0,0,0,0,0,0,0,0,0,0,0,0,0,0,0,0,0,0,0,0,0,0,0,0,0,0,18,0,0,0,0,0,0,0,0,0,36,0,['junit'],java-maven,457640,377635,825.179,24356,1098,0,25488,1,0.0650814,0.25582,0.0525657,0.266799,8,1,2,0,0,0,0,0
53203,7170371843,2700159,Java CI,master,44aef39c28aefd377fc15884bcf9b4f3b7fd9ccf,.github/workflows/ci.yaml,success,27918753,lizongbo,330,24,0.0,0.0,,push,10,0,5557.0,1,success,1,c42315d4da5e208d500ca5ef992b9a5998d60412,2,4,6,0,0,2,10,1,0,0,0,0,0,2,2,0,0,0,140,0,0,0,0,0,0,1,0,0,18,0,0,0,0,0,0,0,0,0,36,0,['junit'],java-maven,459736,379040,824.473,25592,0,0,25592,1,0.12766,0.585324,0.0463079,0.492764,39,0,2,0,0,1,0,1
53204,7046728170,2700159,Java CI,fastfail,891d9f50fd84caa28c3c5c1a97d1b10cbb43f7c7,.github/workflows/ci.yaml,success,27918753,shenjianeng,321,15,0.0,0.0,,pull_request,5,0,5536.0,0,success,2,fcfa3cab5e45005f702cded87265acd36f0fb98d,1,98,2,0,0,1,4,1,96,0,0,1,0,1,2,0,0,0,7,0,0,0,9,0,9,1,1,0,18,1,0,96,0,0,0,0,0,0,36,0,['junit'],java-maven,458109,377953,825.029,25504,0,0,25504,1,0.0713392,0.665206,0.0212766,0.761047,6,0,2,0,0,0,0,0
53205,7211529524,2700159,Java CI,master,57b17f3556cb6d44c902c839d734a85e06cf86e0,.github/workflows/ci.yaml,success,27918753,lizongbo,332,26,0.0,0.0,,push,42,0,5601.0,1,success,1,fb466281d47f01ef160121373acbd560c86dd2b4,7,104,26,0,0,4,68,1,62,0,0,0,0,7,7,3,0,3,92,0,0,0,0,0,0,1,1,0,18,0,0,56,6,0,0,8,0,0,41,0,['junit'],java-maven,460231,379320,824.195,12816,0,0,12816,1,0.141427,0.660623,0.048811,0.654382,41,0,2,0,0,1,0,1
53206,7239660518,2700159,Java CI,master,65797bcddd7e5d769cfb48c6d03dba9083d3a142,.github/workflows/ci.yaml,success,27918753,lizongbo,334,29,0.0,0.0,,push,5,0,5621.0,1,success,1,ddfecb82abac98ba0ecb0f706002f8898e893c31,1,1,1,0,0,1,2,1,0,0,0,0,0,1,1,0,0,0,42,0,0,0,0,0,0,1,0,0,18,0,0,0,0,0,0,0,0,0,41,0,['junit'],java-maven,461009,379908,824.079,12848,0,0,12848,1,0.147685,0.706918,0.0425532,0.905222,39,0,2,0,0,1,0,1
53207,7035415250,2700159,Java CI,master,c3ce7c6687b86d916e4d8d93dbcbff9968a16636,.github/workflows/ci.yaml,success,27918753,lizongbo,320,13,0.0,0.0,,push,24,0,5535.0,1,success,1,98da2d7ef0fd1fed7df3482725684fa04c256cc0,2,6,0,0,0,1,4,1,2,0,0,0,0,2,2,1,0,1,9,0,0,0,0,0,0,1,1,0,18,0,0,2,0,0,0,1,0,0,36,0,['junit'],java-maven,457995,377857,825.024,25500,0,0,25500,1,0.0713392,0.475523,0.0362954,0.646866,19,0,2,0,0,1,0,1
53208,7089283736,2700159,Java CI,master,1b33dda320596652ba95192f9387cf9f29d7191a,.github/workflows/ci.yaml,success,27918753,lizongbo,328,22,0.0,0.0,,pull_request,20,0,5551.0,1,success,1,1806c7bfe8d7f8a3b83e7b5fe8a9a2eb6b98c97c,2,102,6,0,0,0,0,1,108,0,0,0,0,2,2,4,0,4,0,0,0,0,4,0,4,0,1,0,18,0,0,102,6,0,0,3,0,0,36,0,['junit'],java-maven,459386,378720,824.405,25564,0,0,25564,1,0.0838548,0.651153,0.0137672,0.865137,26,0,2,0,0,1,0,1
53209,7184089734,2700159,Java CI,master,365502dd3594c0d261d42f04878e0cc369c13d60,.github/workflows/ci.yaml,success,27918753,lizongbo,331,25,0.0,0.0,,push,18,0,5583.0,0,success,2,44aef39c28aefd377fc15884bcf9b4f3b7fd9ccf,1,11,2,0,0,0,0,2,0,1,1,0,0,0,0,0,0,0,0,0,0,0,0,0,0,0,0,0,18,1,0,0,0,0,2,0,0,0,41,0,['junit'],java-maven,459745,379040,824.457,12802,0,0,12802,1,0.130163,0.589386,0.048811,0.475998,39,0,2,0,0,1,0,1
53210,7159086757,2700159,Java CI,master,7663056fefc2010a393589c2bed347be6d0b2fe3,.github/workflows/ci.yaml,failure,27918753,lizongbo,330,24,0.0,0.0,,push,60,0,5577.0,1,failure,1,c6b2b9621e6856fff66fa246cf0346bc547d994d,5,84,2,0,0,4,43,1,43,0,0,1,0,5,6,2,0,2,99,1,0,1,8,0,8,1,1,0,18,1,0,42,1,0,0,0,0,0,36,0,['junit'],java-maven,459842,378970,824.131,25580,0,0,25580,1,0.116395,0.568277,0.0350438,0.494524,38,0,2,0,0,1,0,1
53211,7231418236,2700159,Java CI,fixMysqlAlterTableTest,9cbb01d14fe1ee36d93b6d394adf680b4a82cce7,.github/workflows/ci.yaml,success,27918753,zrlw,334,29,0.0,0.0,,pull_request,422,0,5611.0,1,failure,2,4e6fc3960453675f3ca563f9c5ae23e1ff6c7878,3,10,8,0,0,1,12,1,6,0,0,0,0,3,3,0,0,0,7,0,0,0,0,0,0,1,1,0,18,0,0,3,3,0,0,3,0,0,41,0,['junit'],java-maven,460714,379639,824.023,12822,0,0,12822,1,0.146433,0.580439,0.057572,0.788486,60,1,2,0,0,0,0,0
53212,6995257984,2700159,Java CI,master,73e4b255d6d2b4e2526ebe487b88d64e5cbf438f,.github/workflows/ci.yaml,success,27918753,lizongbo,318,9,0.0,0.0,,push,39,0,5520.0,1,success,1,0c78856c2bdadce91f0caf9de6d9600dbf6cbba0,0,102,0,0,0,0,0,1,102,0,0,1,0,0,1,0,0,0,0,0,0,0,10,0,10,0,1,0,18,1,0,102,0,0,0,0,0,0,36,0,['junit'],java-maven,457496,377555,825.264,25476,0,0,25476,1,0.0600751,0.373062,0.048811,0.424172,16,0,2,0,0,1,0,1
53213,7224465119,2700159,Java CI,master,0221aad4d2f88718c5f4897e66d60f946a2541f2,.github/workflows/ci.yaml,success,27918753,lizongbo,333,27,0.0,0.0,,push,204,0,5610.0,1,success,1,4608b922359e1bfccb194f1c49540775fd3441b1,1,3,16,0,0,1,19,1,0,0,0,0,0,1,1,0,0,0,7,0,0,0,0,0,0,1,0,0,18,0,0,0,0,0,0,0,0,0,41,0,['junit'],java-maven,460630,379596,824.08,12820,0,0,12820,1,0.145181,0.674016,0.0550688,0.684908,41,0,2,0,0,1,0,1
53214,7250744826,2700159,Java CI,master,cac572694bc1946ba16d5c0547db94a0c03d7c77,.github/workflows/ci.yaml,success,27918753,lizongbo,334,29,0.0,0.0,,push,188,0,5628.0,1,success,2,4a42dcaa1b0c1254ec7c1b136dacf6922d979a88,5,96,7,0,0,1,30,2,73,1,0,0,0,3,3,3,0,3,19,0,0,0,0,0,0,1,1,0,18,0,0,69,4,0,0,2,0,0,41,0,['junit'],java-maven,460953,379881,824.121,12854,0,0,12854,1,0.147685,0.729671,0.0325407,0.948152,45,0,2,0,0,1,0,1
53215,7076072627,2700159,Java CI,fixShrinkWithOnFatalError,2d65cf4f1a7416573e6d262d895752b0e9b5884d,.github/workflows/ci.yaml,success,27918753,zrlw,326,20,0.0,0.0,,pull_request,96,0,5543.0,1,success,9,e2302fffbf11b9237cc11646e7b82aad101c7151,3,45,23,0,0,2,65,1,3,0,0,0,0,3,3,0,0,0,138,0,0,0,0,0,0,1,1,0,18,0,0,3,0,0,0,1,0,0,36,0,['junit'],java-maven,459159,378390,824.094,25544,0,0,25544,1,0.0838548,0.501368,0.0237797,0.746697,16,1,2,0,0,0,0,0
53216,7204962280,2700159,Java CI,fixSQLExprUtils,2939a3b98a8c9fa30f12c25acb153f39c78c9b8b,.github/workflows/ci.yaml,success,27918753,zrlw,332,26,0.0,0.0,,pull_request,46,0,5596.0,0,failure,2,c9c32bac6cd1082f8c1ceccfb70263e030146319,3,9,5,0,0,3,14,1,0,0,0,0,0,3,3,0,0,0,47,0,0,0,0,0,0,1,0,0,18,0,0,0,0,0,0,0,0,0,41,0,['junit'],java-maven,460142,379229,824.156,12810,0,0,12810,1,0.140175,0.564277,0.0500626,0.815204,49,1,2,0,0,0,0,0
53217,6951616383,2700159,Java CI,fixCIrunon,c7bea708146e3f23af639312f4522aba1b644be9,.github/workflows/ci.yaml,success,27918753,zrlw,316,8,,,,pull_request,0,0,,1,failure,0,,0,0,0,0,0,0,0,0,0,0,0,0,0,0,0,0,0,0,0,0,0,0,0,0,0,0,0,0,18,0,0,0,0,0,0,0,0,0,35,0,['junit'],java-maven,456790,376796,824.878,25476,0,0,25476,1,0.0300375,0.32499,0.0250313,0.32638,0,0,2,0,0,1,0,0
53218,7239656809,2700159,Java CI,master,ddfecb82abac98ba0ecb0f706002f8898e893c31,.github/workflows/ci.yaml,success,27918753,lizongbo,334,29,0.0,0.0,,push,551,0,5619.0,1,success,1,8ac810665215b1540da6c870c85e694c4e7d5759,2,66,2,0,0,1,10,1,58,0,0,0,0,2,2,1,0,1,11,0,0,0,0,0,0,1,1,0,18,0,0,58,0,0,0,1,0,0,41,0,['junit'],java-maven,461009,379908,824.079,12848,0,0,12848,1,0.147685,0.704794,0.0425532,0.903467,39,0,2,0,0,1,0,1
53219,6940762735,2700159,Java CI,fixCIrunon,a35ed87df92c8a02ea4fcfabefd093617352ee0e,.github/workflows/ci.yaml,failure,27918753,zrlw,315,6,,,,pull_request,0,0,,1,failure,0,,0,0,0,0,0,0,0,0,0,0,0,0,0,0,0,0,0,0,0,0,0,0,0,0,0,0,0,0,18,0,0,0,0,0,0,0,0,0,32,0,['junit'],java-maven,456784,376795,824.887,0,0,0,0,1,0.020025,0.445443,0.0175219,0.446581,0,0,2,0,0,1,0,0
53220,7197101002,2700159,Java CI,master,4f205f321a146dcfb893c5fd6298a77423ed87a1,.github/workflows/ci.yaml,failure,27918753,xuziyang,332,26,,,,pull_request,0,0,,1,failure,0,,0,0,0,0,0,0,0,0,0,0,0,0,0,0,0,0,0,0,0,0,0,0,0,0,0,0,0,0,18,0,0,0,0,0,0,0,0,0,41,0,['junit'],java-maven,460124,379102,823.913,12436,340,0,12792,1,0.136421,0.435304,0.0550688,0.428986,4,0,2,0,0,1,0,1
53221,7184205561,2700159,Java CI,master,0f73bd7a739a61315ade43cdd96ee8b1b7a3e93c,.github/workflows/ci.yaml,failure,27918753,lizongbo,331,25,0.0,0.0,,push,69,0,5242.0,1,success,1,48d15a7eb63a91339f59e5921a22b89d45a0f44d,2,114,1,0,0,2,19,1,96,0,0,1,0,2,3,0,0,0,18,0,0,0,6,0,6,1,1,0,18,1,0,96,0,0,0,1,0,0,41,0,['junit'],java-maven,460173,379198,824.034,12684,112,0,12796,1,0.131414,0.599451,0.0500626,0.520825,39,0,2,0,0,1,0,1
53222,7168984070,2700159,Java CI,master,2a56cf3ec884471072871a0cf9e30e3d606c8834,.github/workflows/ci.yaml,success,27918753,xuziyang,330,24,,,,pull_request,0,0,,1,failure,0,,0,0,0,0,0,0,0,0,0,0,0,0,0,0,0,0,0,0,0,0,0,0,0,0,0,0,0,0,18,0,0,0,0,0,0,0,0,0,36,0,['junit'],java-maven,459845,378970,824.126,25580,0,0,25580,1,0.12766,0.491865,0.0463079,0.515792,1,0,2,0,0,1,0,1
53223,7119971668,2700159,Java CI,fixTestConnectionOnMysql,fea804e230c9315a949ac7ab907a0d6a9575770a,.github/workflows/ci.yaml,failure,27918753,zrlw,330,24,,,,pull_request,0,0,,1,success,0,,0,0,0,0,0,0,0,0,0,0,0,0,0,0,0,0,0,0,0,0,0,0,0,0,0,0,0,0,18,0,0,0,0,0,0,0,0,0,36,0,['junit'],java-maven,459275,378747,824.663,0,0,0,0,1,0.0876095,0.544376,0.0162703,0.766102,36,1,2,0,0,0,0,0
53224,7062924306,2700159,Java CI,master,6e4c5b6cd22defeea452ef6500d40d0056f7b735,.github/workflows/ci.yaml,success,27918753,lizongbo,321,15,0.0,0.0,,pull_request,27,0,5538.0,1,failure,2,b419da8a2110039b6e41d3a32676cba1c43b5005,2,23,3,0,0,1,8,1,18,0,0,0,0,2,2,0,0,0,7,0,0,0,0,0,0,1,1,0,18,0,0,18,0,0,0,1,0,0,36,0,['junit'],java-maven,458178,378031,825.075,25504,0,0,25504,1,0.0763454,0.513441,0.020025,0.770964,20,0,2,0,0,1,0,1
53225,7231193016,2700159,Java CI,master,0518bd94745bf39eba0ae8548c477338edb50f20,.github/workflows/ci.yaml,success,27918753,xuziyang,334,29,0.0,0.0,,pull_request,13,0,5592.0,1,failure,5,4e6fc3960453675f3ca563f9c5ae23e1ff6c7878,40,449,971,0,0,28,887,2,533,0,1,2,4,38,44,2,17,19,474,0,3,3,11,45,56,1,1,0,18,2,4,106,427,0,0,29,0,0,41,0,['junit'],java-maven,460278,379318,824.106,12822,0,0,12822,1,0.145181,0.407831,0.0563204,0.378013,4,0,2,0,0,1,0,1
53226,7197868672,2700159,Java CI,master,476656288acef5faec3828808f5a62c4efc68fbf,.github/workflows/ci.yaml,success,27918753,lizongbo,332,26,0.0,0.0,,push,61,0,5590.0,0,failure,1,eabaeb871e2085e7dbfa26ac62e7cbb4c681527b,4,18,21,0,0,1,22,1,17,0,0,0,0,4,4,1,0,1,27,0,0,0,0,0,0,1,1,0,18,0,0,13,4,0,0,4,0,0,41,0,['junit'],java-maven,460078,379111,824.015,12804,0,0,12804,1,0.136421,0.62677,0.0550688,0.582684,40,0,2,0,0,1,0,1
53227,7000842340,2700159,Java CI,optimizeKeepAlive,0f8e59503c0fe62f9fc5438b50863a6a1ee04f89,.github/workflows/ci.yaml,success,27918753,zrlw,319,11,,,,pull_request,0,0,,1,failure,0,,0,0,0,0,0,0,0,0,0,0,0,0,0,0,0,0,0,0,0,0,0,0,0,0,0,0,0,0,18,0,0,0,0,0,0,0,0,0,36,0,['junit'],java-maven,457638,377635,825.183,25488,0,0,25488,1,0.0675845,0.304631,0.0550688,0.315431,8,1,2,0,0,0,0,0
53228,7178998253,2700159,Java CI,wallprovider,e99c2dd5022f9b1caa3fbde9a00598a1a1db692b,.github/workflows/ci.yaml,success,27918753,shenjianeng,319,10,0.0,0.0,,pull_request,51,0,5521.0,1,failure,9,44aef39c28aefd377fc15884bcf9b4f3b7fd9ccf,188,2321,4946,0,0,167,5246,4,2021,0,1,2,31,187,220,6,36,42,1789,11,12,23,113,296,409,1,1,0,18,2,33,299,1722,0,0,67,0,0,36,0,['junit'],java-maven,457810,377616,824.831,25596,0,0,25596,1,0.128911,0.630858,0.0475594,0.845275,7,1,2,0,0,1,0,0
53229,6993512152,2700159,Java CI,master,4cd8403b15d78c0d8b6d3557d892b5688d340e10,.github/workflows/ci.yaml,failure,27918753,wenshao,318,9,0.0,0.0,,push,226,0,5508.0,1,success,6,25d533d288e72aec00ace132f6cfa6dfb4c4e5c5,1,32,33,0,0,1,65,1,0,0,0,0,0,1,1,0,0,0,41,1,2,3,0,0,0,1,0,0,18,0,0,0,0,0,0,2,0,0,36,0,['junit'],java-maven,456821,376816,824.866,25468,8,0,25476,1,0.057572,0.447476,0.0463079,0.752051,3,1,2,0,0,1,0,1
53230,6993729830,2700159,Java CI,fix_build_error_20231126,830b771b782b8d4fcbf1d6a384b863a894e11702,.github/workflows/ci.yaml,success,27918753,wenshao,318,9,0.0,0.0,,pull_request,4,0,5517.0,1,failure,1,4cd8403b15d78c0d8b6d3557d892b5688d340e10,20,91,97,0,0,11,136,3,44,1,1,0,0,16,16,1,0,1,135,2,1,3,4,5,9,1,1,0,18,0,0,18,26,0,1,5,0,0,32,0,['junit'],java-maven,456806,376808,824.875,25476,0,0,25476,1,0.0600751,0.510507,0.048811,0.750457,3,1,2,0,0,0,0,0
53231,7232947596,2700159,Java CI,master,94281b0dc5d52a0efd80f15c7cab46df4fe69205,.github/workflows/ci.yaml,success,27918753,lizongbo,334,29,0.0,0.0,,push,13,0,5592.0,1,success,5,ff4cfb581f4cb01007debb7a6a04f9dd0b45c317,4,355,154,0,0,2,412,1,97,0,0,2,0,4,6,1,2,3,44,0,1,1,6,0,6,1,1,0,18,2,0,93,4,0,0,15,0,0,41,0,['junit'],java-maven,460835,379716,823.974,12834,0,0,12834,1,0.146433,0.696029,0.057572,0.714252,39,0,2,0,0,1,0,1
53232,7216812840,2700159,Java CI,supportLatinLetter,5348364be665b2123c5c2c908152303536d17b86,.github/workflows/ci.yaml,success,27918753,zrlw,333,27,0.0,0.0,,pull_request,57,0,5604.0,1,success,1,a9b33667aaacffc2995f9656169477ff5a6533db,1,23,3,0,0,1,7,1,19,0,0,1,0,1,2,0,0,0,7,0,0,0,5,0,5,1,1,0,18,1,0,19,0,0,0,0,0,0,41,0,['junit'],java-maven,460543,379532,824.097,12818,0,0,12818,1,0.138924,0.585489,0.048811,0.906498,55,1,2,0,0,0,0,0
53233,7205092097,2700159,Java CI,master,7a7247e1e0c6e6ed2dde986111dafe8bff1faec6,.github/workflows/ci.yaml,success,27918753,xuziyang,332,26,,,,pull_request,0,0,,0,success,0,,0,0,0,0,0,0,0,0,0,0,0,0,0,0,0,0,0,0,0,0,0,0,0,0,0,0,0,0,18,0,0,0,0,0,0,0,0,0,41,0,['junit'],java-maven,460207,379229,824.04,12810,0,0,12810,1,0.140175,0.396746,0.048811,0.391865,4,0,2,0,0,1,0,1
53234,7235896950,2700159,Java CI,fixTokenDOT3,2f3f9fea87438dfd5ba8b9c5912ea65422844c44,.github/workflows/ci.yaml,success,27918753,zrlw,334,29,0.0,0.0,,pull_request,139,0,5617.0,1,success,1,94281b0dc5d52a0efd80f15c7cab46df4fe69205,1,1,1,0,0,1,2,1,0,0,0,0,0,1,1,0,0,0,0,0,0,0,0,0,0,1,0,0,18,0,0,0,0,0,0,0,0,0,41,0,['junit'],java-maven,460835,379716,823.974,12834,0,0,12834,1,0.147685,0.600526,0.0588235,0.809269,64,1,2,0,0,0,0,0
53235,7071178683,2700159,Java CI,master,96316b286bdea77a24874d724c28871f3b688e1e,.github/workflows/ci.yaml,success,27918753,lizongbo,322,16,0.0,0.0,,pull_request,144,0,5239.0,1,success,6,9eceb7846446e3914b62af844dedf77863867935,9,725,325,0,0,8,578,1,472,0,0,2,0,9,11,9,4,13,20,2,2,4,43,20,63,1,1,0,18,2,0,293,179,0,0,2,0,0,36,0,['junit'],java-maven,459042,378351,824.219,25540,0,0,25540,1,0.0763454,0.607338,0.020025,0.830949,24,0,2,0,0,0,0,1
53236,7251213488,2700159,Java CI,master,356094d70affdf10f61b464d0838b2cbfe8ff32b,.github/workflows/ci.yaml,success,27918753,lizongbo,309,0,0.0,0.0,,push,48,0,5630.0,1,success,1,57dbdb3e1aa3e9675023f2137a841ecf54a40150,1,25,101,0,0,1,63,1,63,0,0,0,1,1,2,0,1,1,32,0,1,1,0,9,9,1,1,0,18,0,1,0,63,0,0,0,0,0,41,0,['junit'],java-maven,460953,379881,824.121,12854,0,0,12854,1,0.148936,0.730168,0.0337922,0.932759,46,0,2,0,0,1,0,1
53237,7124277643,2700159,Java CI,fixTestConnectionOnMysql,c7b6db638d17cff6e50e682347a8525a7abeb2c4,.github/workflows/ci.yaml,failure,27918753,zrlw,330,25,,,,pull_request,0,0,,1,success,0,,0,0,0,0,0,0,0,0,0,0,0,0,0,0,0,0,0,0,0,0,0,0,0,0,0,0,0,0,18,0,0,0,0,0,0,0,0,0,36,0,['junit'],java-maven,459547,378770,824.225,25520,8,0,25552,1,0.097622,0.512492,0.0262829,0.628121,36,1,2,0,0,0,0,0
53238,7210167617,2700159,Java CI,ConcurrentLruCache,63b39306bea120282fd2afe55173308695dcbb77,.github/workflows/ci.yaml,success,27918753,shenjianeng,332,26,0.0,0.0,,pull_request,12,0,5602.0,1,failure,2,c9c32bac6cd1082f8c1ceccfb70263e030146319,2,68,27,0,0,1,51,1,44,0,0,0,0,2,2,1,1,2,9,0,0,0,10,4,14,1,1,0,18,0,0,44,0,0,0,0,0,0,41,0,['junit'],java-maven,460172,379273,824.198,12810,0,0,12810,1,0.141427,0.689031,0.048811,0.819775,24,1,2,0,0,0,0,0
53239,7033760575,2700159,Java CI,fix-init,2491f05d3c34fe9001bd0a2642573c4f1875f047,.github/workflows/ci.yaml,success,27918753,shenjianeng,320,13,0.0,0.0,,pull_request,8,0,5534.0,0,success,1,cf606b4c5dd9fcbbb380298ab603f3629c53d776,1,2,0,0,0,1,2,1,0,0,0,0,0,1,1,0,0,0,8,0,0,0,0,0,0,1,0,0,18,0,0,0,0,0,0,1,0,0,36,0,['junit'],java-maven,457990,377855,825.029,25500,0,0,25500,1,0.0713392,0.642887,0.0362954,0.678348,4,0,2,0,0,0,0,0
53240,7166506045,2700159,Java CI,master,ea2661a4305e016075ac7d75e81d763d2050d99b,.github/workflows/ci.yaml,failure,27918753,xuziyang,330,24,,,,pull_request,0,0,,1,failure,0,,0,0,0,0,0,0,0,0,0,0,0,0,0,0,0,0,0,0,0,0,0,0,0,0,0,0,0,0,18,0,0,0,0,0,0,0,0,0,36,0,['junit'],java-maven,459842,378970,824.131,25580,0,0,25580,1,0.126408,0.491197,0.0450563,0.518315,1,0,2,0,0,1,0,1
53241,7259370310,2700159,Java CI,supportWindowsNewlineAndCheckEndToken,6b3a9cacc01bf7b737c16121bae8b10070ca85a5,.github/workflows/ci.yaml,success,27918753,zrlw,334,30,,,,pull_request,0,0,,1,success,0,,0,0,0,0,0,0,0,0,0,0,0,0,0,0,0,0,0,0,0,0,0,0,0,0,0,0,0,0,18,0,0,0,0,0,0,0,0,0,41,0,['junit'],java-maven,461043,379965,824.142,12858,0,0,12858,1,0.142678,0.643475,0.0325407,0.823923,73,1,2,0,0,0,0,0
53242,7027186623,2700159,Java CI,optimizeCreateDirect,1ff25264903b20d7e9a441e6638f3746adfffd1e,.github/workflows/ci.yaml,failure,27918753,zrlw,320,13,0.0,0.0,,pull_request,58,0,5530.0,1,success,4,cf606b4c5dd9fcbbb380298ab603f3629c53d776,1,64,55,0,0,1,119,1,0,0,0,0,0,1,1,0,0,0,41,2,0,2,1,0,1,1,0,0,18,0,0,0,0,0,0,2,0,0,36,0,['junit'],java-maven,457998,377855,825.015,0,0,0,0,1,0.0713392,0.423711,0.0413016,0.559783,8,1,2,0,0,0,0,0
53243,7103916286,2700159,Java CI,master,84e642f684404e0562dbdb3471b5adad39db7fcc,.github/workflows/ci.yaml,success,27918753,lizongbo,329,23,0.0,0.0,,pull_request,42,0,5555.0,1,failure,2,ec11c5d16cf725c0cdc89cab7bd4d773bd18276a,1,37,1,0,0,1,11,1,27,0,0,1,0,1,2,0,0,0,3,0,0,0,4,0,4,1,1,0,18,1,0,27,0,0,0,0,0,0,36,0,['junit'],java-maven,459420,378747,824.403,25564,0,0,25564,1,0.0851064,0.660993,0.0150188,0.852602,29,0,2,0,0,1,0,1
53244,7122457037,2700159,Java CI,fixTestConnectionOnMysql,45bcff1ae6e1c45da62adee8a8f762c2ef92850f,.github/workflows/ci.yaml,failure,27918753,zrlw,330,25,,,,pull_request,0,0,,1,success,0,,0,0,0,0,0,0,0,0,0,0,0,0,0,0,0,0,0,0,0,0,0,0,0,0,0,0,0,0,18,0,0,0,0,0,0,0,0,0,36,0,['junit'],java-maven,459271,378748,824.672,10152,0,0,10410,1,0.0951189,0.513304,0.0237797,0.643562,36,1,2,0,0,0,0,0
53245,7239653046,2700159,Java CI,master,8ac810665215b1540da6c870c85e694c4e7d5759,.github/workflows/ci.yaml,success,27918753,lizongbo,334,29,0.0,0.0,,push,139,0,5617.0,1,success,1,ccf9dc23b9aa44ae56d5cfd1e242a8adb9052963,1,1,1,0,0,1,2,1,0,0,0,0,0,1,1,0,0,0,0,0,0,0,0,0,0,1,0,0,18,0,0,0,0,0,0,0,0,0,41,0,['junit'],java-maven,460949,379850,824.061,12846,0,0,12846,1,0.147685,0.702639,0.0425532,0.901646,39,0,2,0,0,1,0,1
53246,7195655611,2700159,Java CI,admin,b4de1aa490908c691ff2b9b343626b1bfcef5665,.github/workflows/ci.yaml,success,27918753,shenjianeng,332,26,0.0,0.0,,pull_request,28,0,5593.0,0,failure,2,eabaeb871e2085e7dbfa26ac62e7cbb4c681527b,3,11,54,0,0,4,65,1,0,0,0,0,1,3,4,0,0,0,21,0,0,0,1,6,7,1,0,0,18,0,1,0,0,0,0,2,0,0,41,0,['junit'],java-maven,460048,379102,824.049,12804,0,0,12804,1,0.131414,0.705497,0.0500626,0.859355,21,1,2,0,0,0,0,0
53247,7088955635,2700159,Java CI,master,1806c7bfe8d7f8a3b83e7b5fe8a9a2eb6b98c97c,.github/workflows/ci.yaml,success,27918753,lizongbo,328,22,0.0,0.0,,push,59,0,5279.0,1,success,1,f0095e7b224c02490ba657e744ab9be13ff793f2,2,8,4,0,0,2,12,1,0,0,0,0,0,2,2,0,0,0,8,0,0,0,0,0,0,1,0,0,18,0,0,0,0,0,0,0,0,0,36,0,['junit'],java-maven,459315,378624,824.323,25548,0,0,25548,1,0.0838548,0.646097,0.0137672,0.862072,26,0,2,0,0,1,0,1
53248,7077126028,2700159,Java CI,master,7dde7af52a0b13180de6d4c18a76c0ed00c47d46,.github/workflows/ci.yaml,success,27918753,lizongbo,326,20,0.0,0.0,,push,96,0,5543.0,1,success,11,6f917f1aa5149e291096591e492997fcdb0308ad,3,45,23,0,0,2,65,1,3,0,0,0,0,3,3,0,0,0,138,0,0,0,0,0,0,1,1,0,18,0,0,3,0,0,0,1,0,0,36,0,['junit'],java-maven,459176,378429,824.148,25544,0,0,25544,1,0.0838548,0.618449,0.0212766,0.811479,25,0,2,0,0,1,0,1
53249,7035414206,2700159,Java CI,master,7c1b5636df2ca97c16514d6665c41256941c56da,.github/workflows/ci.yaml,success,27918753,lizongbo,320,13,0.0,0.0,,pull_request,24,0,5535.0,1,success,1,98da2d7ef0fd1fed7df3482725684fa04c256cc0,2,6,0,0,0,1,4,1,2,0,0,0,0,2,2,1,0,1,9,0,0,0,0,0,0,1,1,0,18,0,0,2,0,0,0,1,0,0,36,0,['junit'],java-maven,457995,377857,825.024,25500,0,0,25500,1,0.0713392,0.460097,0.0362954,0.632741,18,0,2,0,0,1,0,1
53250,7114665685,2700159,Java CI,kmaster,8bf25c4e29e0fe1fd58cf9291c59a30b218e125b,.github/workflows/ci.yaml,success,27918753,kimmking,329,23,0.0,0.0,,pull_request,12,0,5562.0,1,success,1,35c5de30b9323ca2fe07b85c4006284ceb01760f,1,1,1,0,0,1,2,1,0,0,0,0,0,1,1,0,0,0,97,0,0,0,0,0,0,1,0,0,18,0,0,0,0,0,0,0,0,0,36,0,['junit'],java-maven,459420,378747,824.403,25564,0,0,25564,1,0.0863579,0.946026,0.0150188,0.990613,0,1,2,0,0,0,0,0
53251,6950940571,2700159,Java CI,fixCIrunon,0a02fb237416514f9b5f662ff3dc37b5b77cf3b5,.github/workflows/ci.yaml,failure,27918753,zrlw,316,8,,,,pull_request,0,0,,1,failure,0,,0,0,0,0,0,0,0,0,0,0,0,0,0,0,0,0,0,0,0,0,0,0,0,0,0,0,0,0,18,0,0,0,0,0,0,0,0,0,31,0,['junit'],java-maven,456787,376796,824.883,25476,0,0,25476,1,0.0300375,0.285283,0.0250313,0.286756,0,0,2,0,0,1,0,0
53252,7239674411,2700159,Java CI,revert-5592-master,553c31435f4231492c90884af304ed916f411818,.github/workflows/ci.yaml,success,27918753,lizongbo,334,29,0.0,0.0,,pull_request,38,0,5623.0,1,success,5,c1e1166a94e3bd5a9076fb874661837e5e310bff,4,154,355,0,0,2,412,1,97,0,0,0,2,4,6,2,1,3,44,1,0,1,0,6,6,1,1,0,18,0,2,4,93,0,0,15,0,0,41,0,['junit'],java-maven,460870,379819,824.135,12848,0,0,12848,1,0.147685,0.717094,0.0425532,0.913121,40,0,2,0,0,0,0,0
53253,7177516791,2700159,Java CI,wallprovider,19cc9490591b01fe00d5eba1402099dac0c7ea83,.github/workflows/ci.yaml,success,27918753,shenjianeng,319,10,0.0,0.0,,pull_request,51,0,5521.0,0,success,7,44aef39c28aefd377fc15884bcf9b4f3b7fd9ccf,188,1904,4945,0,0,167,4828,4,2021,0,1,2,31,187,220,6,36,42,1789,11,12,23,108,296,404,1,1,0,18,2,33,299,1722,0,0,67,0,0,36,0,['junit'],java-maven,457513,377616,825.367,25596,0,0,25596,1,0.12766,0.647606,0.0463079,0.96141,7,1,2,0,0,1,0,0
53254,7250966807,2700159,Java CI,master,57dbdb3e1aa3e9675023f2137a841ecf54a40150,.github/workflows/ci.yaml,failure,27918753,lizongbo,334,29,0.0,0.0,,push,50,0,5629.0,1,success,1,cac572694bc1946ba16d5c0547db94a0c03d7c77,1,101,25,0,0,1,63,1,63,0,0,1,0,1,2,1,0,1,32,1,0,1,9,0,9,1,1,0,18,1,0,63,0,0,0,0,0,0,41,0,['junit'],java-maven,461009,379944,824.157,0,0,0,0,1,0.148936,0.724698,0.0337922,0.92934,45,0,2,0,0,1,0,1
53255,7264768359,2700159,Java CI,master,97155d4dc52b2a6c97610ddea3555b0c9e3b25b1,.github/workflows/ci.yaml,failure,27918753,lizongbo,334,30,0.0,0.0,,pull_request,37,0,5636.0,1,success,1,a5d573597d760164d322775f481b0ce33e6afe5d,1,0,7,0,0,1,7,1,0,0,0,0,0,1,1,0,0,0,27,0,1,1,0,0,0,1,0,0,18,0,0,0,0,0,0,0,0,0,41,0,['junit'],java-maven,460947,379881,824.132,0,0,0,0,1,0.137672,0.737163,0.0312891,0.924428,44,0,2,0,0,1,0,1
53256,7117723179,2700159,Java CI,master,adbbdfa4a625b694a7597eb4980bd1cde8e6b846,.github/workflows/ci.yaml,success,27918753,lizongbo,329,23,0.0,0.0,,push,94,0,5560.0,0,success,7,a154606032617a75a32e33c01adc1afef803bb63,6,35,84,0,0,4,113,1,6,0,0,0,0,6,6,0,0,0,165,0,2,2,0,7,7,1,1,0,18,0,0,3,3,0,0,4,0,0,36,0,['junit'],java-maven,459360,378747,824.51,25564,0,0,25564,1,0.0863579,0.669717,0.0150188,0.839202,31,0,2,0,0,1,0,1
53257,7147890069,2700159,Java CI,master,124e6aaef56ee7510842b9059ae9df0b8883b8fd,.github/workflows/ci.yaml,success,27918753,xuziyang,330,24,,,,pull_request,0,0,,1,failure,0,,0,0,0,0,0,0,0,0,0,0,0,0,0,0,0,0,0,0,0,0,0,0,0,0,0,0,0,0,18,0,0,0,0,0,0,0,0,0,36,0,['junit'],java-maven,459373,378747,824.487,25564,0,0,25564,1,0.100125,0.833264,0.0237797,0.875678,1,0,2,0,0,1,0,1
53258,7122678559,2700159,Java CI,fixTestConnectionOnMysql,b7c2eb1c359fe2ed18a5424f7ff9a412a41b45ff,.github/workflows/ci.yaml,failure,27918753,zrlw,330,25,,,,pull_request,0,0,,1,failure,0,,0,0,0,0,0,0,0,0,0,0,0,0,0,0,0,0,0,0,0,0,0,0,0,0,0,0,0,0,18,0,0,0,0,0,0,0,0,0,36,0,['junit'],java-maven,459271,378748,824.672,25544,8,0,25552,1,0.0963705,0.506643,0.0250313,0.624996,36,1,2,0,0,0,0,0
53259,7174923823,2700159,Java CI,supportJacoco,8c38c6080d26d019dc2d15f930fe711a087badd3,.github/workflows/ci.yaml,success,27918753,zrlw,330,24,0.0,0.0,,pull_request,18,0,5583.0,1,success,2,44aef39c28aefd377fc15884bcf9b4f3b7fd9ccf,1,11,2,0,0,0,0,2,0,1,1,0,0,0,0,0,0,0,0,0,0,0,0,0,0,0,0,0,18,1,0,0,0,0,2,0,0,0,41,0,['junit'],java-maven,459745,379040,824.457,12802,0,0,12802,1,0.12766,0.546401,0.0463079,0.642391,46,1,2,0,0,0,0,0
53260,7184175941,2700159,Java CI,master,d2541a5fc053f03bd6dcf0d7e2fae69989ec2a57,.github/workflows/ci.yaml,success,27918753,lizongbo,331,25,0.0,0.0,,push,34,0,5584.0,1,success,1,e068035da21b0ed64b33f5aaab9b89e961a0555c,5,23,28,0,0,4,50,1,1,0,0,0,0,5,5,0,0,0,72,2,3,5,0,0,0,1,1,0,18,0,0,1,0,0,0,1,0,0,41,0,['junit'],java-maven,460077,379102,823.997,12804,0,0,12804,1,0.130163,0.601463,0.048811,0.522234,39,0,2,0,0,1,0,1
53261,7237484634,2700159,Java CI,master,4d0d4013ce0f3031781bea0859ca9a4b65b8f12f,.github/workflows/ci.yaml,success,27918753,xuziyang,334,29,0.0,0.0,,pull_request,5,0,5621.0,0,success,1,94281b0dc5d52a0efd80f15c7cab46df4fe69205,1,1,1,0,0,1,2,1,0,0,0,0,0,1,1,0,0,0,42,0,0,0,0,0,0,1,0,0,18,0,0,0,0,0,0,0,0,0,41,0,['junit'],java-maven,460835,379716,823.974,12834,0,0,12834,1,0.147685,0.423933,0.0588235,0.397059,9,1,2,0,0,1,0,1
53262,6993505897,2700159,Java CI,master,25d533d288e72aec00ace132f6cfa6dfb4c4e5c5,.github/workflows/ci.yaml,success,27918753,wenshao,318,9,0.0,0.0,,push,38,0,5511.0,1,success,1,aba5200ce992627af200591ca6eab5b83b39e1ea,1,14,16,0,0,1,30,1,0,0,0,0,0,1,1,0,0,0,56,0,0,0,0,0,0,1,0,0,18,0,0,0,0,0,0,0,0,0,36,0,['junit'],java-maven,456818,376816,824.871,25476,0,0,25476,1,0.0563204,0.479886,0.0450563,0.84684,3,1,2,0,0,1,0,1
53263,7136469161,2700159,Java CI,fixTestConnectionOnMysql,1d51876c41e6c0b9d9319e34325e80c414b6f4aa,.github/workflows/ci.yaml,success,27918753,zrlw,330,25,0.0,0.0,,pull_request,105,0,5563.0,1,success,5,adbbdfa4a625b694a7597eb4980bd1cde8e6b846,13,553,223,0,0,11,729,1,47,0,0,1,0,13,14,2,0,2,406,1,1,2,31,19,50,1,1,0,18,1,0,37,10,0,0,4,0,0,36,0,['junit'],java-maven,459597,378774,824.144,25564,0,0,25564,1,0.0988736,0.523596,0.0237797,0.640026,36,1,2,0,0,0,0,0
53264,7211506774,2700159,Java CI,master,fb466281d47f01ef160121373acbd560c86dd2b4,.github/workflows/ci.yaml,success,27918753,lizongbo,332,26,0.0,0.0,,push,49,0,5597.0,1,success,1,fc6905ed5586c4d9f910f56f1216e15a2f5b3234,1,42,0,0,0,1,1,1,41,0,0,1,0,1,2,0,0,0,23,0,0,0,6,0,6,1,1,0,18,1,0,41,0,0,0,0,0,0,41,0,['junit'],java-maven,460179,379270,824.179,12812,0,0,12812,1,0.141427,0.657697,0.048811,0.646868,41,0,2,0,0,1,0,1
53265,7071404196,2700159,Java CI,fixShrinkWithOnFatalError,5fd6894bbd5376269d569ea10bd831f64e3bd356,.github/workflows/ci.yaml,failure,27918753,zrlw,322,16,0.0,0.0,,pull_request,96,0,5543.0,0,success,3,e2302fffbf11b9237cc11646e7b82aad101c7151,2,8,1,0,0,1,6,1,3,0,0,0,0,2,2,0,0,0,41,0,0,0,0,0,0,1,1,0,18,0,0,3,0,0,0,1,0,0,36,0,['junit'],java-maven,459150,378390,824.11,25528,4,0,25532,1,0.0826033,0.453596,0.0262829,0.719606,16,1,2,0,0,1,0,0
53266,7278531730,2700159,Java CI,master,8438c1a7821f44ad9fb10d3007c901dc9a1023af,.github/workflows/ci.yaml,success,27918753,lizongbo,334,30,0.0,0.0,,pull_request,36,0,5640.0,0,action_required,1,554012ec9e7c824366b5cd7d94cd6b4b29b3fa02,1,0,1,0,0,1,1,1,0,0,0,0,0,1,1,0,0,0,17,0,0,0,0,0,0,1,0,0,18,0,0,0,0,0,0,1,0,0,41,0,['junit'],java-maven,460946,379881,824.133,12854,0,0,12854,1,0.131414,0.757238,0.0250313,0.915813,46,0,2,0,0,1,0,1
53267,7239669999,2700159,Java CI,master,c1e1166a94e3bd5a9076fb874661837e5e310bff,.github/workflows/ci.yaml,success,27918753,lizongbo,334,29,0.0,0.0,,push,38,0,5622.0,1,success,1,65797bcddd7e5d769cfb48c6d03dba9083d3a142,1,1,1,0,0,1,2,1,0,0,0,0,0,1,1,0,0,0,42,0,0,0,0,0,0,1,0,0,18,0,0,0,0,0,0,0,0,0,41,0,['junit'],java-maven,461009,379908,824.079,12848,0,0,12848,1,0.147685,0.71311,0.0425532,0.910125,40,0,2,0,0,1,0,1
53268,7148737915,2700159,Java CI,optimizeShrink,3d1ae23094e163e9f84525982f544a978e9b5254,.github/workflows/ci.yaml,success,27918753,zrlw,330,24,,,,pull_request,0,0,,1,success,0,,0,0,0,0,0,0,0,0,0,0,0,0,0,0,0,0,0,0,0,0,0,0,0,0,0,0,0,0,18,0,0,0,0,0,0,0,0,0,36,0,['junit'],java-maven,459595,378774,824.147,25564,0,0,25564,1,0.100125,0.534476,0.0237797,0.648398,41,1,2,0,0,0,0,0
53269,7239648262,2700159,Java CI,master,ccf9dc23b9aa44ae56d5cfd1e242a8adb9052963,.github/workflows/ci.yaml,success,27918753,lizongbo,334,29,0.0,0.0,,push,115,0,5614.0,1,success,1,985e2b6a1ec232b33f80ceddf796bf41fa54d550,3,145,1,0,0,2,12,1,134,0,0,1,0,3,4,2,0,2,109,1,0,1,6,0,6,1,1,0,18,1,0,134,0,0,0,3,0,0,41,0,['junit'],java-maven,460949,379850,824.061,12846,0,0,12846,1,0.147685,0.700453,0.0425532,0.899755,39,0,2,0,0,1,0,1
53270,7147877511,2700159,Java CI,master,d2b6eaccdeb874582828d35aef5c8d0a2403370b,.github/workflows/ci.yaml,failure,27918753,xuziyang,330,24,,,,pull_request,0,0,,0,success,0,,0,0,0,0,0,0,0,0,0,0,0,0,0,0,0,0,0,0,0,0,0,0,0,0,0,0,0,0,18,0,0,0,0,0,0,0,0,0,36,0,['junit'],java-maven,459373,378747,824.487,0,0,0,0,1,0.100125,0.812422,0.0237797,0.860138,1,0,2,0,0,1,0,1
53271,7231330825,2700159,Java CI,fixMysqlAlterTableTest,6818ad7a1223a328d96ee958e1639ff4e9900bf6,.github/workflows/ci.yaml,failure,27918753,zrlw,334,29,,,,pull_request,0,0,,0,success,0,,0,0,0,0,0,0,0,0,0,0,0,0,0,0,0,0,0,0,0,0,0,0,0,0,0,0,0,0,18,0,0,0,0,0,0,0,0,0,41,0,['junit'],java-maven,460718,379639,824.016,12806,4,0,12810,1,0.146433,0.576554,0.057572,0.779673,60,1,2,0,0,1,0,0
53272,7198071054,2700159,Java CI,master,fd3eb577e15a80e2eccce7907eccfe71632b3477,.github/workflows/ci.yaml,success,27918753,lizongbo,332,26,0.0,0.0,,push,28,0,5593.0,1,success,2,45129e7af7448ccb8f6bf3d3ad5ee6b4be42a375,3,11,54,0,0,4,65,1,0,0,0,0,1,3,4,0,0,0,21,0,0,0,1,6,7,1,0,0,18,0,1,0,0,0,0,2,0,0,41,0,['junit'],java-maven,460060,379111,824.047,12804,0,0,12804,1,0.136421,0.633495,0.0550688,0.60304,40,0,2,0,0,1,0,1
53273,7231170514,2700159,Java CI,master,bfe84d2613905262f58c627a5d34c7290fc413c9,.github/workflows/ci.yaml,failure,27918753,xuziyang,332,26,,,,pull_request,0,0,,1,failure,0,,0,0,0,0,0,0,0,0,0,0,0,0,0,0,0,0,0,0,0,0,0,0,0,0,0,0,0,0,18,0,0,0,0,0,0,0,0,0,41,0,['junit'],java-maven,460278,379318,824.106,12808,2,0,12810,1,0.145181,0.390414,0.0563204,0.35728,4,1,2,0,0,1,0,1
53274,6996834820,2700159,Java CI,master,bc19b377eef279c79c22a0cec6cbebf964561fae,.github/workflows/ci.yaml,success,27918753,lizongbo,318,10,0.0,0.0,,pull_request,43,0,5523.0,0,success,1,73e4b255d6d2b4e2526ebe487b88d64e5cbf438f,7,182,0,0,0,8,102,1,80,0,0,2,0,7,9,4,0,4,47,1,0,1,20,0,20,1,1,0,18,2,0,80,0,0,0,1,0,0,36,0,['junit'],java-maven,457639,377635,825.181,25488,0,0,25488,1,0.0625782,0.395819,0.0513141,0.447643,16,0,2,0,0,1,0,1
53275,7035733392,2700159,Java CI,master,fcfa3cab5e45005f702cded87265acd36f0fb98d,.github/workflows/ci.yaml,success,27918753,lizongbo,320,13,0.0,0.0,,push,56,0,4529.0,1,success,1,b9a40ddaf2f62a0af7d6d2b1f61badc23ce55e74,1,5,0,0,0,1,5,1,0,0,0,0,0,1,1,0,0,0,37,0,0,0,0,0,0,1,0,0,18,0,0,0,0,0,0,0,0,0,36,0,['junit'],java-maven,458033,377857,824.956,25500,0,0,25500,1,0.0713392,0.516929,0.0362954,0.683397,19,0,2,0,0,1,0,1
53276,7049366254,2700159,Java CI,master,69c6d3b3dc4b03ead09e5a7efb8c1070e902403d,.github/workflows/ci.yaml,success,27918753,lizongbo,321,15,0.0,0.0,,pull_request,26,0,5537.0,1,failure,1,4193857bcca72aea0b7db7d49b598851e13ae717,2,2,2,0,0,1,2,1,2,0,0,0,0,2,2,0,0,0,13,0,0,0,0,0,0,1,1,0,18,0,0,1,1,0,0,1,0,0,36,0,['junit'],java-maven,458109,377953,825.029,25504,0,0,25504,1,0.0750939,0.502896,0.0237797,0.683784,19,0,2,0,0,1,0,1
53277,7120919450,2700159,Java CI,fixTestConnectionOnMysql,273410d8df582af021ca70d68e2a5d72ebae1880,.github/workflows/ci.yaml,success,27918753,zrlw,330,25,,,,pull_request,0,0,,1,failure,0,,0,0,0,0,0,0,0,0,0,0,0,0,0,0,0,0,0,0,0,0,0,0,0,0,0,0,0,0,18,0,0,0,0,0,0,0,0,0,36,0,['junit'],java-maven,459268,378748,824.678,25564,0,0,25564,1,0.0938673,0.513742,0.0225282,0.65273,36,1,2,0,0,0,0,0
53278,7211577143,2700159,Java CI,master,94f3c1ae9255cbd597773190a75e8306a98efe46,.github/workflows/ci.yaml,success,27918753,lizongbo,332,26,0.0,0.0,,push,49,0,5598.0,1,success,1,a80da98d75652d2292849df0a2ddc939fea82d05,1,1,1,0,0,1,2,1,0,0,0,0,0,1,1,0,0,0,42,0,0,0,0,0,0,1,0,0,18,0,0,0,0,0,0,0,0,0,41,0,['junit'],java-maven,460492,379469,824.051,12816,0,0,12816,1,0.141427,0.666327,0.048811,0.668489,41,0,2,0,0,1,0,1
53279,7114667684,2700159,Java CI,master,a154606032617a75a32e33c01adc1afef803bb63,.github/workflows/ci.yaml,success,27918753,kimmking,330,23,0.0,0.0,,push,12,0,5562.0,1,success,1,35c5de30b9323ca2fe07b85c4006284ceb01760f,1,1,1,0,0,1,2,1,0,0,0,0,0,1,1,0,0,0,97,0,0,0,0,0,0,1,0,0,18,0,0,0,0,0,0,0,0,0,36,0,['junit'],java-maven,459420,378747,824.403,25564,0,0,25564,1,0.0863579,0.952023,0.0150188,0.991656,1,1,2,0,0,1,0,1
53280,7224532007,2700159,Java CI,master,7ed8b3e3ff21e9c656e1e9d6a315dce1f65f7e26,.github/workflows/ci.yaml,success,27918753,lizongbo,333,27,0.0,0.0,,push,149,0,5603.0,1,success,3,2b88444588625f40d5aec53c0dfa3685e08cf930,4,34,4,0,0,4,38,1,0,0,1,0,0,4,4,2,0,2,4,0,0,0,2,0,2,1,0,0,18,0,0,0,0,0,0,2,0,0,41,0,['junit'],java-maven,460710,379639,824.03,12822,0,0,12822,1,0.145181,0.679031,0.0550688,0.695411,41,0,2,0,0,1,0,1
53281,7158282781,2700159,Java CI,master,de5773af1c8b2c27e2b1182a895f23291b283888,.github/workflows/ci.yaml,failure,27918753,lizongbo,330,24,0.0,0.0,,pull_request,3,0,5576.0,1,failure,1,f9b795d3d704c6eaece7ca0da5f9107b1f98be9d,1,0,1,0,0,1,1,1,0,0,0,0,0,1,1,0,0,0,23,0,0,0,0,0,0,1,0,0,18,0,0,0,0,0,0,0,0,0,36,0,['junit'],java-maven,459779,378929,824.155,25576,0,0,25576,1,0.112641,0.587218,0.0312891,0.575599,37,0,2,0,0,1,0,1
53282,6993760909,2700159,Java CI,master,daba74083af97e097172f3314075a43ae6c78d9b,.github/workflows/ci.yaml,success,27918753,wenshao,318,9,0.0,0.0,,push,4,0,5517.0,1,success,1,4cd8403b15d78c0d8b6d3557d892b5688d340e10,3,5,5,0,0,1,2,1,8,0,0,0,0,3,3,0,0,0,41,0,0,0,0,0,0,1,1,0,18,0,0,4,4,0,0,2,0,0,36,0,['junit'],java-maven,456822,376816,824.864,25476,0,0,25476,1,0.0600751,0.534981,0.048811,0.768282,4,1,2,0,0,1,0,1
53283,7125198034,2700159,Java CI,fixTestConnectionOnMysql,a940ac2b27089255303b95711e63c05b426efee9,.github/workflows/ci.yaml,success,27918753,zrlw,330,25,0.0,0.0,,pull_request,105,0,5563.0,1,success,4,adbbdfa4a625b694a7597eb4980bd1cde8e6b846,13,539,222,0,0,11,714,1,47,0,0,1,0,13,14,2,0,2,406,0,1,1,31,19,50,1,1,0,18,1,0,37,10,0,0,4,0,0,36,0,['junit'],java-maven,459592,378774,824.153,25564,0,0,25564,1,0.0988736,0.517924,0.0275344,0.630789,36,1,2,0,0,1,0,0
53284,7170351056,2700159,Java CI,master,c42315d4da5e208d500ca5ef992b9a5998d60412,.github/workflows/ci.yaml,success,27918753,lizongbo,330,24,0.0,0.0,,push,3,0,5582.0,1,success,1,9f605e1ceb170220285d30f74e37ab52d12129a8,3,155,4,0,0,3,89,1,70,0,0,1,0,3,4,3,0,3,34,0,0,0,5,0,5,1,1,0,18,1,0,70,0,0,0,1,0,0,36,0,['junit'],java-maven,459737,379040,824.471,25592,0,0,25592,1,0.12766,0.581048,0.0463079,0.476402,39,0,2,0,0,1,0,1
53285,7201873647,2700159,Java CI,jiaomMaster,33e3bb2009639c606d2352c4f43e9ac536766826,.github/workflows/ci.yaml,success,27918753,zrlw,332,26,0.0,0.0,,pull_request,41,0,5588.0,0,success,7,c9c32bac6cd1082f8c1ceccfb70263e030146319,5,317,6,0,0,1,164,2,159,1,0,1,0,3,4,1,0,1,13,0,0,0,11,1,12,1,1,0,18,1,0,154,5,0,0,2,0,0,41,0,['junit'],java-maven,460400,379378,824.018,12810,0,0,12810,1,0.135169,0.560043,0.0475594,0.76897,49,1,2,0,0,0,0,0
53286,7203759956,2700159,Java CI,master,dd9d02fa659f76bb3c7bbc435aeebd13e3baf643,.github/workflows/ci.yaml,failure,27918753,xuziyang,332,26,,,,pull_request,0,0,,1,failure,0,,0,0,0,0,0,0,0,0,0,0,0,0,0,0,0,0,0,0,0,0,0,0,0,0,0,0,0,0,18,0,0,0,0,0,0,0,0,0,41,0,['junit'],java-maven,460128,379102,823.906,12456,342,0,12798,1,0.138924,0.389841,0.048811,0.384141,4,0,2,0,0,1,0,1
53287,7235831085,2700159,Java CI,fixBooleanComparison,25ac5bc29b7ba8cfc5ae25a090f929e62dc96b41,.github/workflows/ci.yaml,success,27918753,zrlw,334,29,0.0,0.0,,pull_request,48,0,5616.0,1,success,3,94281b0dc5d52a0efd80f15c7cab46df4fe69205,11,43,42,0,0,11,85,1,0,0,0,0,0,11,11,0,0,0,225,0,0,0,0,0,0,1,0,0,18,0,0,0,0,0,0,0,0,0,41,0,['junit'],java-maven,460836,379716,823.972,12834,0,0,12834,1,0.147685,0.597083,0.0588235,0.803309,64,1,2,0,0,0,0,0
53288,6942859471,2700159,Java CI,fixCIrunon,c63aaa04ba228687e7aa9b8f0ae726b4fe1c4c33,.github/workflows/ci.yaml,failure,27918753,zrlw,316,7,,,,pull_request,0,0,,1,failure,0,,0,0,0,0,0,0,0,0,0,0,0,0,0,0,0,0,0,0,0,0,0,0,0,0,0,0,0,0,18,0,0,0,0,0,0,0,0,0,31,0,['junit'],java-maven,456789,376795,824.878,10629,1,0,10630,1,0.0250313,0.32499,0.0225282,0.325824,0,0,2,0,0,0,0,0
53289,7250729153,2700159,Java CI,master,4a42dcaa1b0c1254ec7c1b136dacf6922d979a88,.github/workflows/ci.yaml,success,27918753,lizongbo,334,29,0.0,0.0,,push,56,0,5627.0,0,failure,1,b88bfd4c21a83a8d75946ebb9daf7e541095db6f,5,47,42,0,0,1,39,1,50,0,0,0,0,5,5,0,0,0,42,0,0,0,5,1,6,1,1,0,18,0,0,24,26,0,0,7,0,0,41,0,['junit'],java-maven,460877,379817,824.118,12848,0,0,12848,1,0.147685,0.727819,0.0325407,0.947288,45,0,2,0,0,1,0,1
53290,7157605824,2700159,Java CI,master,bf43a106fd7670eda18526024807eb24387476f7,.github/workflows/ci.yaml,failure,27918753,lizongbo,330,24,0.0,0.0,,push,44,0,5572.0,1,failure,4,cb1a43eed9f04a17c8ec37336087759bb9de31ee,2,60,15,0,0,2,26,1,49,0,0,1,0,2,3,0,0,0,10,0,0,0,12,0,12,1,1,0,18,1,0,49,0,0,0,0,0,0,36,0,['junit'],java-maven,459712,378849,824.101,25572,0,0,25572,1,0.106383,0.621722,0.0250313,0.719822,34,0,2,0,0,1,0,1
53291,7157041556,2700159,Java CI,master,8e5025d44283d8827f4da55633f7f639a2aa080f,.github/workflows/ci.yaml,failure,27918753,lizongbo,330,24,0.0,0.0,,pull_request,44,0,5572.0,1,failure,1,cb1a43eed9f04a17c8ec37336087759bb9de31ee,1,60,13,0,0,1,24,1,49,0,0,1,0,1,2,0,0,0,9,0,0,0,12,0,12,1,1,0,18,1,0,49,0,0,0,0,0,0,36,0,['junit'],java-maven,459712,378849,824.101,0,0,0,0,1,0.101377,0.652355,0.020025,0.835995,30,0,2,0,0,1,0,1
53292,7191742257,2700159,Java CI,jiaomMaster,5f4f1f623134e6ea04d7cf3cbddbcee34ec5c5e5,.github/workflows/ci.yaml,success,27918753,zrlw,332,26,0.0,0.0,,pull_request,41,0,5588.0,0,success,7,c9c32bac6cd1082f8c1ceccfb70263e030146319,15,416,204,0,0,9,326,2,294,0,1,2,2,13,17,2,3,5,135,0,0,0,17,16,33,1,1,0,18,2,2,158,136,0,0,8,0,0,41,0,['junit'],java-maven,460339,379251,823.852,12804,0,0,12804,1,0.128911,0.55111,0.0475594,0.660061,48,1,2,0,0,0,0,0
53293,7221008681,2700159,Java CI,master,968f2f7f989e21dac8000d41feea150f8b88419f,.github/workflows/ci.yaml,success,27918753,lulu2panpan,332,26,0.0,0.0,,pull_request,40,0,5609.0,0,action_required,1,a9b33667aaacffc2995f9656169477ff5a6533db,5,77,1,0,0,4,35,1,43,0,0,0,0,5,5,5,0,5,92,1,0,1,2,0,2,1,1,0,18,0,0,43,0,0,0,0,0,0,41,0,['junit'],java-maven,460596,379556,824.054,12818,0,0,12818,1,0.142678,0.881101,0.0525657,0.956195,0,0,2,0,1,1,0,1
53294,7070560299,2700159,Java CI,master,d19cf3c991ecb04da79395af4bb41a18b6eb26f3,.github/workflows/ci.yaml,success,27918753,lizongbo,322,16,0.0,0.0,,push,58,0,5530.0,1,success,7,e9865ae4faa6a94995da17e66546d226d4d1b292,1,58,50,0,0,1,108,1,0,0,0,0,0,1,1,0,0,0,41,2,0,2,0,0,0,1,0,0,18,0,0,0,0,0,0,2,0,0,36,0,['junit'],java-maven,458177,378031,825.076,25504,0,0,25504,1,0.0763454,0.593059,0.020025,0.822497,24,0,2,0,0,1,0,1
53295,7264955445,2700159,Java CI,master,554012ec9e7c824366b5cd7d94cd6b4b29b3fa02,.github/workflows/ci.yaml,success,27918753,lizongbo,334,30,0.0,0.0,,push,37,0,5636.0,1,success,2,a5d573597d760164d322775f481b0ce33e6afe5d,1,0,9,0,0,1,9,1,0,0,0,0,0,1,1,0,0,0,27,0,1,1,0,0,0,1,0,0,18,0,0,0,0,0,0,0,0,0,41,0,['junit'],java-maven,460947,379881,824.132,12854,0,0,12854,1,0.137672,0.740599,0.0312891,0.92708,46,0,2,0,0,1,0,1
53296,6940542179,2700159,Java CI,fixCIrunon,69f7fee37151e226accb372a2ce29859ce700e5e,.github/workflows/ci.yaml,failure,27918753,zrlw,315,6,,,,pull_request,0,0,,1,failure,0,,0,0,0,0,0,0,0,0,0,0,0,0,0,0,0,0,0,0,0,0,0,0,0,0,0,0,0,0,18,0,0,0,0,0,0,0,0,0,32,0,['junit'],java-maven,456784,376795,824.887,0,0,0,0,1,0.0187735,0.490613,0.0162703,0.491865,0,0,2,0,0,1,0,0
53297,7165398305,2700159,Java CI,master,9f17216e6782f4da954b4d2bb688a2efa930c986,.github/workflows/ci.yaml,failure,27918753,xuziyang,330,24,,,,pull_request,0,0,,1,failure,0,,0,0,0,0,0,0,0,0,0,0,0,0,0,0,0,0,0,0,0,0,0,0,0,0,0,0,0,0,18,0,0,0,0,0,0,0,0,0,36,0,['junit'],java-maven,459845,378970,824.126,25580,0,0,25580,1,0.122653,0.56821,0.0413016,0.599499,1,0,2,0,0,1,0,1
53298,7184155947,2700159,Java CI,master,e068035da21b0ed64b33f5aaab9b89e961a0555c,.github/workflows/ci.yaml,success,27918753,lizongbo,331,25,0.0,0.0,,push,51,0,5521.0,1,success,12,3e76e1fe3f286aa4ed28bb507b02236a03d18611,3,745,253,0,0,2,929,1,69,0,0,2,0,3,5,2,0,2,29,4,4,8,17,3,20,1,1,0,18,2,0,65,4,0,0,8,0,0,41,0,['junit'],java-maven,460088,379101,823.975,12804,0,0,12804,1,0.130163,0.597517,0.048811,0.507756,39,0,2,0,0,1,0,1
53299,7109463931,2700159,Java CI,fixTestConnectionOnMysql,9cb028ac4c07a8497abf8b773ca0803d78550f49,.github/workflows/ci.yaml,failure,27918753,zrlw,329,23,0.0,0.0,,pull_request,94,0,5560.0,0,success,3,53123b961b99782c84dcfe9a1ec146812dd45022,7,30,118,0,0,5,115,1,33,0,0,0,1,7,8,0,0,0,168,0,2,2,0,11,11,1,1,0,18,0,1,3,30,0,0,4,0,0,36,0,['junit'],java-maven,459334,378720,824.498,25564,0,0,25564,1,0.0863579,0.516956,0.0150188,0.779344,29,1,2,0,0,1,0,0
53300,7239821172,2700159,Java CI,master,b88bfd4c21a83a8d75946ebb9daf7e541095db6f,.github/workflows/ci.yaml,success,27918753,lizongbo,334,29,0.0,0.0,,push,20,0,4514.0,1,success,1,ce910d3561f62448fc04a065ba7131b85da0c351,1,0,3,0,0,1,3,1,0,0,0,0,0,1,1,0,0,0,52,0,0,0,0,0,0,1,0,0,18,0,0,0,0,0,0,0,0,0,41,0,['junit'],java-maven,460867,379819,824.14,12848,0,0,12848,1,0.147685,0.72097,0.0400501,0.946662,45,0,2,0,0,1,0,1
53301,7071553226,2700159,Java CI,fixShrinkWithOnFatalError,beb30d481269b30f9f19705717c3e537ec0fb047,.github/workflows/ci.yaml,success,27918753,zrlw,322,16,0.0,0.0,,pull_request,96,0,5543.0,1,failure,4,e2302fffbf11b9237cc11646e7b82aad101c7151,3,9,2,0,0,1,6,1,5,0,0,0,0,3,3,0,0,0,41,0,0,0,0,0,0,1,1,0,18,0,0,4,1,0,0,2,0,0,36,0,['junit'],java-maven,459150,378390,824.11,25544,0,0,25544,1,0.0826033,0.463905,0.0262829,0.728953,16,1,2,0,0,1,0,0
53302,7269630408,2700159,Java CI,supportWindowsNewlineAndCheckEndToken,9782e0190af0e235db2b38afc91c4e56cda2c561,.github/workflows/ci.yaml,success,27918753,zrlw,334,30,,,,pull_request,0,0,,0,success,0,,0,0,0,0,0,0,0,0,0,0,0,0,0,0,0,0,0,0,0,0,0,0,0,0,0,0,0,0,18,0,0,0,0,0,0,0,0,0,41,0,['junit'],java-maven,461046,379962,824.13,12858,0,0,12858,1,0.135169,0.675435,0.0312891,0.828988,73,1,2,0,0,0,0,0
53303,7075022068,2700159,Java CI,fixShrinkWithOnFatalError,72427a2dc017a014aeea25979776ca427b3e8fcf,.github/workflows/ci.yaml,success,27918753,zrlw,326,20,0.0,0.0,,pull_request,96,0,5543.0,1,failure,8,e2302fffbf11b9237cc11646e7b82aad101c7151,3,42,20,0,0,2,59,1,3,0,0,0,0,3,3,0,0,0,138,0,0,0,0,0,0,1,1,0,18,0,0,3,0,0,0,1,0,0,36,0,['junit'],java-maven,459160,378390,824.092,25544,0,0,25544,1,0.0838548,0.492771,0.0237797,0.73946,16,1,2,0,0,1,0,0
53304,7166616658,2700159,Java CI,master,085e73f74935cd868af0b37becf3f8267e3fe1a2,.github/workflows/ci.yaml,failure,27918753,xuziyang,330,24,,,,pull_request,0,0,,1,failure,0,,0,0,0,0,0,0,0,0,0,0,0,0,0,0,0,0,0,0,0,0,0,0,0,0,0,0,0,0,18,0,0,0,0,0,0,0,0,0,36,0,['junit'],java-maven,459845,378970,824.126,25580,0,0,25580,1,0.12766,0.460106,0.0463079,0.485529,1,0,2,0,0,1,0,1
53305,7000479515,2700159,Java CI,optimizeKeepAlive,37b55a3a103998f5cf2f05c0a3ecb9a590b94d2b,.github/workflows/ci.yaml,failure,27918753,zrlw,319,11,,,,pull_request,0,0,,1,failure,0,,0,0,0,0,0,0,0,0,0,0,0,0,0,0,0,0,0,0,0,0,0,0,0,0,0,0,0,0,18,0,0,0,0,0,0,0,0,0,36,0,['junit'],java-maven,457630,377635,825.197,25484,0,0,25488,1,0.0675845,0.284179,0.0550688,0.294687,8,1,2,0,0,0,0,0
53306,6995742521,2700159,Java CI,wallprovider,4a173624e5ea4a2eec9d15db52f55701cef4dded,.github/workflows/ci.yaml,failure,27918753,shenjianeng,318,10,0.0,0.0,,pull_request,51,0,5521.0,1,failure,3,44aef39c28aefd377fc15884bcf9b4f3b7fd9ccf,188,1900,4945,0,0,167,4824,4,2021,0,1,2,31,187,220,6,36,42,1789,10,12,22,108,296,404,1,1,0,18,2,33,299,1722,0,0,67,0,0,36,0,['junit'],java-maven,457511,377616,825.37,0,0,0,0,1,0.0625782,0.51701,0.0513141,0.474343,4,0,2,0,0,1,0,0
53307,7018065483,2700159,Java CI,optimizeCreateDirect,f72a44c381a14808fe1fe672ce3a2c7db3be3341,.github/workflows/ci.yaml,success,27918753,zrlw,320,13,0.0,0.0,,pull_request,58,0,5530.0,0,success,1,cf606b4c5dd9fcbbb380298ab603f3629c53d776,1,5,0,0,0,1,5,1,0,0,0,0,0,1,1,0,0,0,41,1,0,1,1,0,1,1,0,0,18,0,0,0,0,0,0,0,0,0,36,0,['junit'],java-maven,457994,377855,825.022,25500,0,0,25500,1,0.0700876,0.37563,0.0450563,0.509473,8,1,2,0,0,0,0,0
53308,7018549055,2700159,Java CI,optimizeCreateDirect,3c3d9f50159022a2fd337a9c044fb46f51473097,.github/workflows/ci.yaml,success,27918753,zrlw,320,13,,,,pull_request,0,0,,1,success,0,,0,0,0,0,0,0,0,0,0,0,0,0,0,0,0,0,0,0,0,0,0,0,0,0,0,0,0,0,18,0,0,0,0,0,0,0,0,0,36,0,['junit'],java-maven,457995,377855,825.02,25500,0,0,25500,1,0.0700876,0.406087,0.0450563,0.54112,8,1,2,0,0,0,0,0
53309,7196415906,2700159,Java CI,master,253aeaa7b969ac8ddc4f695dc0fb7fd0708179ab,.github/workflows/ci.yaml,failure,27918753,xuziyang,332,26,,,,pull_request,0,0,,0,success,0,,0,0,0,0,0,0,0,0,0,0,0,0,0,0,0,0,0,0,0,0,0,0,0,0,0,0,0,0,18,0,0,0,0,0,0,0,0,0,41,0,['junit'],java-maven,460122,379102,823.916,12528,234,0,12792,1,0.132666,0.492899,0.0513141,0.488338,4,0,2,0,0,1,0,1
53310,7246939279,2700159,Java CI,closeDataSourceIfInitializeConnectionFailure,5260f1f622df7907cfbb7ab8b8df991c9c7a21ce,.github/workflows/ci.yaml,success,27918753,zrlw,334,29,0.0,0.0,,pull_request,56,0,5627.0,0,success,1,b88bfd4c21a83a8d75946ebb9daf7e541095db6f,5,47,42,0,0,1,39,1,50,0,0,0,0,5,5,0,0,0,42,0,0,0,5,1,6,1,1,0,18,0,0,24,26,0,0,7,0,0,41,0,['junit'],java-maven,460877,379817,824.118,12848,0,0,12848,1,0.145181,0.617727,0.0325407,0.869916,70,1,2,0,0,0,0,0
53311,7262418680,2700159,Java CI,fix-maven-eclipse-gitignore,b89a05efb8c57964d70b7be185aebdbb32fb821e,.github/workflows/ci.yaml,success,27918753,qxo,334,30,0.0,0.0,,pull_request,12,0,5635.0,0,success,1,356094d70affdf10f61b464d0838b2cbfe8ff32b,1,4,4,1,0,0,0,1,0,0,0,0,0,0,0,0,0,0,0,0,0,0,0,0,0,0,0,0,18,0,0,0,0,0,0,0,0,0,41,0,['junit'],java-maven,460953,379881,824.121,12854,0,0,12854,1,0.138924,0.757912,0.0312891,0.834794,1,0,2,0,0,0,0,0
53312,7048907958,2700159,Java CI,master,4193857bcca72aea0b7db7d49b598851e13ae717,.github/workflows/ci.yaml,failure,27918753,lizongbo,321,15,0.0,0.0,,push,33,0,4523.0,1,failure,1,7c10f48485f41488796bdee13bce2e03eab70194,1,4,4,0,0,1,8,1,0,0,0,0,0,1,1,0,0,0,38,0,0,0,0,0,0,1,0,0,18,0,0,0,0,0,0,0,0,0,36,0,['junit'],java-maven,458109,377953,825.029,0,0,0,0,1,0.0750939,0.49106,0.0237797,0.673584,19,0,2,0,0,1,0,1
53313,7217487609,2700159,Java CI,supportBeanIntrospecting,444106697ba0539301da32c0a001b694a1054d12,.github/workflows/ci.yaml,success,27918753,zrlw,333,27,0.0,0.0,,pull_request,149,0,5603.0,0,failure,3,a9b33667aaacffc2995f9656169477ff5a6533db,4,34,4,0,0,4,38,1,0,0,1,0,0,4,4,2,0,2,4,0,0,0,2,0,2,1,0,0,18,0,0,0,0,0,0,2,0,0,41,0,['junit'],java-maven,460540,379513,824.061,12816,0,0,12816,1,0.141427,0.583742,0.0513141,0.869737,55,1,2,0,0,0,0,0
53314,7250278984,2700159,Java CI,fix4ignoreWhere,8020592fcc39e3ce4e6332a9432827eddc6772aa,.github/workflows/ci.yaml,failure,27918753,qxo,334,29,0.0,0.0,,pull_request,50,0,5629.0,0,success,1,b88bfd4c21a83a8d75946ebb9daf7e541095db6f,1,101,25,0,0,1,63,1,63,0,0,1,0,1,2,1,0,1,32,1,0,1,9,0,9,1,1,0,18,1,0,63,0,0,0,0,0,0,41,0,['junit'],java-maven,460923,379882,824.177,0,0,0,0,1,0.148936,0.70922,0.0325407,0.806216,0,0,2,0,0,0,0,0
53315,7157784651,2700159,Java CI,master,186fdaa5d91585eac17a57a4c2670401ef1afbc7,.github/workflows/ci.yaml,failure,27918753,lizongbo,330,24,0.0,0.0,,push,39,0,5573.0,1,failure,1,bf43a106fd7670eda18526024807eb24387476f7,1,23,1,0,0,1,2,1,22,0,0,1,0,1,2,0,0,0,14,0,0,0,3,0,3,1,1,0,18,1,0,22,0,0,0,1,0,0,36,0,['junit'],java-maven,459725,378871,824.125,25572,0,0,25572,1,0.108886,0.60745,0.0275344,0.672978,35,0,2,0,0,1,0,1
53316,7179076089,2700159,Java CI,wallprovider,a32bb47df4e467d8a4a51d6ca366461f181381f2,.github/workflows/ci.yaml,failure,27918753,shenjianeng,319,10,0.0,0.0,,pull_request,51,0,5521.0,1,success,10,44aef39c28aefd377fc15884bcf9b4f3b7fd9ccf,188,2343,4946,0,0,167,5268,4,2021,0,1,2,31,187,220,6,36,42,1789,11,12,23,114,296,410,1,1,0,18,2,33,299,1722,0,0,67,0,0,36,0,['junit'],java-maven,457829,377616,824.797,0,0,0,0,1,0.130163,0.597326,0.048811,0.750661,7,1,2,0,0,1,0,0
53317,7071160280,2700159,Java CI,master,9eceb7846446e3914b62af844dedf77863867935,.github/workflows/ci.yaml,success,27918753,lizongbo,323,16,0.0,0.0,,push,45,0,5162.0,1,success,6,d19cf3c991ecb04da79395af4bb41a18b6eb26f3,5,784,12,0,0,10,590,1,206,0,0,8,0,5,13,7,0,7,3,0,0,0,61,5,66,1,1,0,18,8,0,206,0,0,0,0,0,0,36,0,['junit'],java-maven,458718,378237,824.552,25540,0,0,25540,1,0.0763454,0.600326,0.020025,0.826826,24,0,2,0,0,1,0,1
53318,7179536334,2700159,Java CI,wallprovider,0ea609ff0a39d392f3df5ef0d06e7b1808099ad5,.github/workflows/ci.yaml,success,27918753,shenjianeng,331,25,0.0,0.0,,pull_request,51,0,5521.0,1,success,12,44aef39c28aefd377fc15884bcf9b4f3b7fd9ccf,188,2347,4946,0,0,167,5272,4,2021,0,1,2,31,187,220,6,36,42,1789,11,12,23,114,296,410,1,1,0,18,2,33,299,1722,0,0,67,0,0,36,0,['junit'],java-maven,457833,377616,824.79,25596,0,0,25596,1,0.130163,0.635676,0.048811,0.795995,7,1,2,0,0,1,0,0
53319,7272301002,2700159,Java CI,supportWindowsNewlineAndCheckEndToken,2bd0dab0ee5740936e3b6cc80200052295777204,.github/workflows/ci.yaml,failure,27918753,zrlw,334,30,,,,pull_request,0,0,,1,success,0,,0,0,0,0,0,0,0,0,0,0,0,0,0,0,0,0,0,0,0,0,0,0,0,0,0,0,0,0,18,0,0,0,0,0,0,0,0,0,41,0,['junit'],java-maven,461147,380019,824.073,12772,62,0,12834,1,0.135169,0.660578,0.0325407,0.801036,73,1,2,0,0,0,0,0
53320,7203637033,2700159,Java CI,master,9a81e4a9caf60306f1357c3dfc31a152e89ce4e2,.github/workflows/ci.yaml,failure,27918753,xuziyang,332,26,,,,pull_request,0,0,,1,failure,0,,0,0,0,0,0,0,0,0,0,0,0,0,0,0,0,0,0,0,0,0,0,0,0,0,0,0,0,0,18,0,0,0,0,0,0,0,0,0,41,0,['junit'],java-maven,460125,379102,823.911,12454,342,0,12798,1,0.137672,0.403987,0.0475594,0.3986,4,0,2,0,0,1,0,1
53321,7158263951,2700159,Java CI,master,f9b795d3d704c6eaece7ca0da5f9107b1f98be9d,.github/workflows/ci.yaml,failure,27918753,lizongbo,330,24,0.0,0.0,,push,43,0,5575.0,1,failure,1,186fdaa5d91585eac17a57a4c2670401ef1afbc7,2,72,3,0,0,2,17,1,58,0,0,1,0,2,3,0,0,0,97,0,0,0,13,0,13,1,1,0,18,1,0,58,0,0,0,0,0,0,36,0,['junit'],java-maven,459780,378929,824.153,25576,0,0,25576,1,0.111389,0.593812,0.0300375,0.594994,36,0,2,0,0,1,0,1
53322,7157308365,2700159,Java CI,master,5b06f80015c8e717a9e3f1360f7b077fc3c68949,.github/workflows/ci.yaml,failure,27918753,lizongbo,330,24,0.0,0.0,,pull_request,44,0,5572.0,1,failure,4,cb1a43eed9f04a17c8ec37336087759bb9de31ee,2,60,15,0,0,2,26,1,49,0,0,1,0,2,3,0,0,0,10,0,0,0,12,0,12,1,1,0,18,1,0,49,0,0,0,0,0,0,36,0,['junit'],java-maven,459712,378849,824.101,25572,0,0,25572,1,0.105131,0.62911,0.0237797,0.745754,30,0,2,0,0,1,0,1
53323,7272506832,2700159,Java CI,supportWindowsNewlineAndCheckEndToken,84d847817166ff238ccfe64a463b2898ae28b6a5,.github/workflows/ci.yaml,success,27918753,zrlw,334,30,,,,pull_request,0,0,,1,failure,0,,0,0,0,0,0,0,0,0,0,0,0,0,0,0,0,0,0,0,0,0,0,0,0,0,0,0,0,0,18,0,0,0,0,0,0,0,0,0,41,0,['junit'],java-maven,461147,380019,824.073,12858,0,0,12858,1,0.135169,0.663609,0.0325407,0.806413,73,1,2,0,0,0,0,0
