id,run_id,repository_id,name,head_branch,head_sha,path,conclusion,workflow_id,actor_name,git_num_committers,repo_team_size_last_3_month,commit_message_issue_ref,gh_commits_on_files_touched,git_commit_attention,trigger_event,gh_pr_description_complexity,gh_num_pr_comments,pr_number,git_same_committer,gh_previous_build_result,git_commits,base_sha,gh_files_modified,gh_lines_added,gh_lines_deleted,gh_other_files,gh_hotspot_files_touched,gh_src_files,gh_src_churn,gh_files_type_modified,gh_test_churn,gh_files_entropy,gh_cross_module_changes,ast_class_added,ast_class_deleted,ast_class_modified,ast_class_changed,ast_met_added,ast_met_deleted,ast_met_changed,ast_met_sig_modified,ast_field_added,ast_field_deleted,ast_field_changed,ast_import_added,ast_import_deleted,ast_import_changed,src_ast_diff,test_ast_diff,gh_dependencies_churn,dependencies_count,gh_files_added,gh_files_deleted,gh_tests_added,gh_tests_deleted,gh_doc_files,gh_config_files,ast_met_body_modified,dockerfile_changed,docker_compose_changed,workflow_size,external_github_resource,test_frameworks,build_language,sloc_initial,test_lines_initial,test_lines_per_1000_sloc,tests_passed,tests_failed,tests_skipped,tests_total,tests_ran,repo_fail_rate_history,gh_committer_bayesian_trust_score_history,repo_fail_rate_recent,gh_committer_bayesian_trust_score_recent,git_committer_repo_exp,is_core_member,concurrent_jobs,committer_cross_project_exp,gh_committer_first_build,prev_build_same_files_touched,repo_ci_config_churn_nums,is_master
44680,8417159574,54973527,github CI,feature/rebalance-keeper,1fc9539ef61d366b658e7c156f4316cbd081ab64,.github/workflows/build.yml,success,12442882,passerbyzed,62,6,,,,pull_request,0,0,,1,success,0,,0,0,0,0,0,0,0,0,0,0,0,0,0,0,0,0,0,0,0,0,0,0,0,0,0,0,0,0,128,0,0,0,0,0,0,0,0,0,47,1,[],java-maven,250502,164303,655.895,0,0,0,0,0,0.034,0.6415,0.01,0.829167,1,0,1,0,0,1,0,0
44681,9761998828,54973527,github CI,bugfix/routeUse,c4a2b30881100889bb4f3102e3a41d24afc630fb,.github/workflows/build.yml,success,12442882,passerbyzed,66,9,,,,pull_request,0,0,,1,failure,0,,0,0,0,0,0,0,0,0,0,0,0,0,0,0,0,0,0,0,0,0,0,0,0,0,0,0,0,0,128,0,0,0,0,0,0,0,0,0,220,1,[],java-maven,257814,167982,651.563,0,0,0,0,0,0.182,0.196452,0.046,0.824286,0,0,1,0,0,0,0,0
44682,8799615726,54973527,github CI,bugfix/keeperDiskType,5c19060dbd9c063aaa1cf576aea029436f15e7a0,.github/workflows/build.yml,success,12442882,passerbyzed,64,9,,,,pull_request,0,0,,0,success,0,,0,0,0,0,0,0,0,0,0,0,0,0,0,0,0,0,0,0,0,0,0,0,0,0,0,0,0,0,128,0,0,0,0,0,0,0,0,0,47,1,[],java-maven,250703,164366,655.62,0,0,0,0,0,0.06,0.452941,0.0,1.0,0,0,1,0,0,0,0,0
44683,9777157285,54973527,github CI,feature/route-cluster-type,7731a86aa3db3fabe13cd827446baf9a49083620,.github/workflows/build.yml,success,12442882,LanternLee,66,9,0.0,2.0,{'feat'},pull_request,10,0,839.0,1,failure,2,8090984a5aa828cf16789c40869eb9c2c4e629cf,61,711,732,0,1,48,900,6,543,2,0,3,3,37,43,29,36,65,496,12,1,13,81,44,125,1,1,0,128,3,3,282,261,0,0,16,0,0,220,1,[],java-maven,258007,168114,651.587,0,0,0,0,0,0.192,0.287143,0.034,0.487857,15,0,1,0,1,0,0,0
44684,7340012556,54973527,github CI,feature/rebalance-keeper,f1b8649465322183af2f47245edb2c63f6eedbe8,.github/workflows/build.yml,success,12442882,passerbyzed,59,7,,,,pull_request,0,0,,1,failure,0,,0,0,0,0,0,0,0,0,0,0,0,0,0,0,0,0,0,0,0,0,0,0,0,0,0,0,0,0,128,0,0,0,0,0,0,0,0,0,47,1,[],java-maven,247863,162998,657.613,0,0,0,0,0,0.072,0.566809,0.04,0.645,0,0,1,0,0,1,0,0
44685,8430370720,54973527,github CI,feature/rebalance-keeper,bec0f202b5afeffc646b27fed4fbfffab559119f,.github/workflows/build.yml,success,12442882,passerbyzed,62,6,,,,pull_request,0,0,,1,failure,0,,0,0,0,0,0,0,0,0,0,0,0,0,0,0,0,0,0,0,0,0,0,0,0,0,0,0,0,0,128,0,0,0,0,0,0,0,0,0,47,1,[],java-maven,250533,164303,655.814,0,0,0,0,0,0.038,0.600435,0.008,0.730667,1,0,1,0,0,1,0,0
44686,7445033498,54973527,github CI,feature/keeper-optimize,fd136e858765bbe54daf8e7833d6bed9367fd130,.github/workflows/build.yml,success,12442882,LanternLee,60,8,0.0,0.0,,pull_request,10,0,764.0,0,failure,2,112a10d3f1136181c1fbdd9712827c56cc9d121b,12,287,26,0,0,9,160,1,153,0,1,2,0,12,14,18,0,18,50,6,0,6,29,6,35,1,1,0,128,2,0,145,8,0,0,4,0,0,47,1,[],java-maven,248170,163139,657.368,0,0,0,0,0,0.084,0.5032,0.01,0.992857,4,0,1,0,1,0,0,0
44687,8431444577,54973527,github CI,feature/rebalance-keeper,ed1ab7c2ceebf7e79842d27d1793f6ca4437854c,.github/workflows/build.yml,success,12442882,passerbyzed,62,6,,,,pull_request,0,0,,1,failure,0,,0,0,0,0,0,0,0,0,0,0,0,0,0,0,0,0,0,0,0,0,0,0,0,0,0,0,0,0,128,0,0,0,0,0,0,0,0,0,47,1,[],java-maven,250586,164324,655.759,0,0,0,0,0,0.042,0.568846,0.012,0.663333,1,0,1,0,0,1,0,0
44688,8280052598,54973527,github CI,feature/rebalance-keeper,33a713e506062ed4b60e4548b07accbd12b22a85,.github/workflows/build.yml,success,12442882,passerbyzed,61,6,,,,pull_request,0,0,,1,failure,0,,0,0,0,0,0,0,0,0,0,0,0,0,0,0,0,0,0,0,0,0,0,0,0,0,0,0,0,0,128,0,0,0,0,0,0,0,0,0,47,1,[],java-maven,250075,164157,656.431,0,0,0,0,0,0.022,0.626364,0.018,0.691,0,0,1,0,0,0,0,0
44689,9839085173,54973527,github CI,feature/console-leader,8bacc52cb6442610bbf67892fce0702b21c0fb1a,.github/workflows/build.yml,success,12442882,LanternLee,66,9,0.0,1.0,,pull_request,12,0,843.0,1,success,1,82d59e675bdf7ccceb7363158694b2177907bfcb,2,114,18,0,0,3,132,1,0,0,1,1,0,2,3,8,0,8,2,1,0,1,9,0,9,1,0,0,128,1,0,0,0,0,0,1,0,0,220,1,[],java-maven,258341,168240,651.232,0,0,0,0,0,0.192,0.383529,0.028,0.658889,19,0,1,0,1,0,0,0
44690,8688636059,54973527,github CI,feature/arm-aws-and-ut,0c8ecb2541db93ea4be5a3bf2e70c6c224808196,.github/workflows/build.yml,success,12442882,LanternLee,64,8,,,,pull_request,0,0,,1,failure,0,,0,0,0,0,0,0,0,0,0,0,0,0,0,0,0,0,0,0,0,0,0,0,0,0,0,0,0,0,128,0,0,0,0,0,0,0,0,0,47,1,[],java-maven,250620,164354,655.79,0,0,0,0,0,0.072,0.576,0.016,0.592,4,0,1,0,1,1,0,0
44691,9778964691,54973527,github CI,bugfix/routeUse,c4e966e0c47aeb6746bedad6319fb0e346645a76,.github/workflows/build.yml,success,12442882,passerbyzed,66,9,,,,pull_request,0,0,,1,failure,0,,0,0,0,0,0,0,0,0,0,0,0,0,0,0,0,0,0,0,0,0,0,0,0,0,0,0,0,0,128,0,0,0,0,0,0,0,0,0,220,1,[],java-maven,257816,167982,651.558,0,0,0,0,0,0.192,0.223333,0.038,0.650833,0,0,1,0,0,0,0,0
44692,8336155733,54973527,github CI,feature/sre-migration-api,7e547d8be065cb975c80c313da490a5d35415d6d,.github/workflows/build.yml,success,12442882,LanternLee,62,7,0.0,0.0,,pull_request,26,0,780.0,1,failure,2,b695f7bf64582e196a6cac480ffdb68b39d1e08d,10,199,10,0,0,8,159,2,50,0,0,3,0,9,12,4,0,4,128,1,0,1,23,3,26,1,1,0,128,3,0,48,2,0,0,3,0,0,47,1,[],java-maven,250329,164256,656.161,0,0,0,0,0,0.03,0.602778,0.016,0.743333,5,0,1,0,1,0,0,0
44693,7410091166,54973527,github CI,feature/rebalance-keeper,733af23c5f8db84af6e224bb5378d41c695b9fcc,.github/workflows/build.yml,success,12442882,passerbyzed,60,8,,,,pull_request,0,0,,1,failure,0,,0,0,0,0,0,0,0,0,0,0,0,0,0,0,0,0,0,0,0,0,0,0,0,0,0,0,0,0,128,0,0,0,0,0,0,0,0,0,47,1,[],java-maven,248098,162994,656.974,0,0,0,0,0,0.076,0.5724,0.008,0.851429,0,0,1,0,0,0,0,0
44694,8373756328,54973527,github CI,feature/rebalance-keeper,947f1ecbe69e8a24a6db18812cb9f4a4980354bd,.github/workflows/build.yml,success,12442882,passerbyzed,62,6,,,,pull_request,0,0,,1,failure,0,,0,0,0,0,0,0,0,0,0,0,0,0,0,0,0,0,0,0,0,0,0,0,0,0,0,0,0,0,128,0,0,0,0,0,0,0,0,0,47,1,[],java-maven,250315,164222,656.061,0,0,0,0,0,0.032,0.589333,0.01,0.795,1,0,1,0,0,1,0,0
44695,8258906597,54973527,github CI,feature/zk-migrate,aa3db27cc59f2cb33cf4ae888cc831b6d9a10285,.github/workflows/build.yml,success,12442882,LanternLee,61,6,,,,pull_request,0,0,,1,failure,0,,0,0,0,0,0,0,0,0,0,0,0,0,0,0,0,0,0,0,0,0,0,0,0,0,0,0,0,0,128,0,0,0,0,0,0,0,0,0,47,1,[],java-maven,249591,163863,656.526,0,0,0,0,0,0.016,0.637143,0.016,0.576667,3,0,1,0,1,0,0,0
44696,8228436417,54973527,github CI,master,7479850fcffc50a5f5d345cef2ead415bd534721,.github/workflows/build.yml,success,12442882,lmdyyh,61,6,0.0,0.0,,push,18,0,776.0,1,failure,1,ac57048b438c6b7935109de52a8619783acd5fa3,7,105,28,0,0,6,109,1,24,0,0,0,0,7,7,3,0,3,22,3,0,3,10,1,11,1,1,0,128,0,0,18,6,0,0,6,0,0,47,1,[],java-maven,249524,163845,656.63,0,0,0,0,0,0.014,0.74125,0.014,0.74125,0,0,1,0,1,1,0,1
44697,8156275693,54973527,github CI,feature/rordb-support,db42dc32d77f6f5664dd2f996da907cf61a43e73,.github/workflows/build.yml,success,12442882,LanternLee,61,6,0.0,0.0,,pull_request,10,0,772.0,1,success,1,aa41c04a53531e9216f7c3f15d353115f170d6ce,88,1641,678,0,0,61,1477,1,842,0,1,4,1,88,93,74,31,105,496,35,5,40,126,36,162,1,1,0,128,4,1,673,169,0,0,49,0,0,47,1,[],java-maven,249343,163739,656.682,0,0,0,0,0,0.0,1.0,0.0,1.0,0,0,1,0,1,0,0,0
44698,8478922160,54973527,github CI,feature/rebalance-keeper,97cb610cd5d6464bff3aa344289f288ae5280470,.github/workflows/build.yml,success,12442882,passerbyzed,63,7,,,,pull_request,0,0,,1,success,0,,0,0,0,0,0,0,0,0,0,0,0,0,0,0,0,0,0,0,0,0,0,0,0,0,0,0,0,0,128,0,0,0,0,0,0,0,0,0,47,1,[],java-maven,250809,164411,655.523,0,0,0,0,0,0.06,0.520588,0.028,0.5775,1,0,1,0,0,1,0,0
44699,8260263538,54973527,github CI,master,deaa21aab7f6e15214230976dd3c1dc7f93cdc81,.github/workflows/build.yml,success,12442882,lmdyyh,61,6,0.0,0.0,,push,10,0,774.0,0,success,1,7479850fcffc50a5f5d345cef2ead415bd534721,23,147,67,0,0,15,156,1,58,0,1,1,0,23,24,11,1,12,59,4,4,8,12,2,14,1,1,0,128,1,0,38,20,0,0,14,0,0,47,1,[],java-maven,249591,163863,656.526,0,0,0,0,0,0.016,0.768889,0.016,0.768889,0,0,1,0,1,0,0,1
44700,9936519293,54973527,github CI,feature/compent-track,5caca3710633a6c487710dd246153a16115e1f6d,.github/workflows/build.yml,success,12442882,wangqifan,66,8,0.0,1.0,{'feat'},pull_request,10,0,847.0,0,success,1,eb590538e28eaa73426dda0672e1b1c8ab8f7154,5,307,6,0,0,12,309,1,4,0,1,9,0,4,13,0,0,0,19,0,0,0,47,1,48,1,1,0,128,8,0,2,2,0,0,1,0,0,220,1,[],java-maven,258828,168240,650.007,0,0,0,0,0,0.216,0.363846,0.042,0.4825,0,0,1,0,1,0,0,0
44701,7337900876,54973527,github CI,feature/rebalance-keeper,4510bc9f4c0351971485d80e5eb8d56c265ef5c2,.github/workflows/build.yml,success,12442882,passerbyzed,59,7,,,,pull_request,0,0,,1,failure,0,,0,0,0,0,0,0,0,0,0,0,0,0,0,0,0,0,0,0,0,0,0,0,0,0,0,0,0,0,128,0,0,0,0,0,0,0,0,0,47,1,[],java-maven,247892,162982,657.472,0,0,0,0,0,0.066,0.56675,0.042,0.599737,1,0,1,0,0,1,0,0
44702,8431785277,54973527,github CI,feature/rebalance-keeper,8886bb00959cb4fa67b3025f51fbcd0c482cd150,.github/workflows/build.yml,success,12442882,passerbyzed,62,6,0.0,0.0,,pull_request,4,0,781.0,1,success,3,01d77da933cca1c7fdde458167038629ea988f85,23,759,457,0,0,26,1030,4,186,1,0,4,0,16,20,32,23,55,73,17,9,26,54,12,66,1,1,0,128,4,0,126,60,0,0,16,0,0,47,1,[],java-maven,250585,164324,655.762,0,0,0,0,0,0.042,0.584815,0.012,0.681053,1,0,1,0,0,1,0,0
44703,8228045063,54973527,github CI,bugfix/metaserver-fgc,20489974c5218070b524a6b9aafb2160a7e33435,.github/workflows/build.yml,success,12442882,LanternLee,61,6,0.0,0.0,,pull_request,48,0,775.0,1,failure,6,fe23abdde630cf73bb7999c0513100bc069b643e,15,185,48,0,0,9,123,2,110,1,1,1,0,11,12,4,0,4,58,1,0,1,18,5,23,1,1,0,128,1,0,102,8,0,0,7,0,0,47,1,[],java-maven,249456,163833,656.761,0,0,0,0,0,0.012,0.661667,0.012,0.630909,1,0,1,0,1,0,0,0
44704,9935518656,54973527,github CI,feature/bi_migration,ebd133cbe22425991ede336fe9f40d753218af07,.github/workflows/build.yml,success,12442882,LanternLee,66,8,,,,pull_request,0,0,,0,failure,0,,0,0,0,0,0,0,0,0,0,0,0,0,0,0,0,0,0,0,0,0,0,0,0,0,0,0,0,0,128,0,0,0,0,0,0,0,0,0,220,1,[],java-maven,258622,168302,650.764,0,0,0,0,0,0.216,0.349189,0.042,0.617273,19,0,1,0,1,1,0,0
44705,8291393190,54973527,github CI,feature/sentinel_group_active,76786d66f5e3120ca08c4b50b5e50e933d7e0f81,.github/workflows/build.yml,success,12442882,Funkydream,61,6,0.0,0.0,,pull_request,17,0,777.0,1,success,2,d10f49412549f02d7e1d632d4f2c160385b68781,54,494,997,0,0,40,884,3,607,1,0,3,1,45,49,18,21,39,280,4,14,18,52,86,138,1,1,0,128,0,1,160,447,0,0,19,0,0,47,1,[],java-maven,249682,163893,656.407,0,0,0,0,0,0.024,0.982857,0.016,0.988571,0,0,1,0,1,0,0,0
44706,9396108498,54973527,github CI,feature/crdt-support-sync,ec15d9d8608d16d475b843cba84651239db984da,.github/workflows/build.yml,success,12442882,tigerLuHai,66,12,,,,pull_request,0,0,,0,failure,0,,0,0,0,0,0,0,0,0,0,0,0,0,0,0,0,0,0,0,0,0,0,0,0,0,0,0,0,0,128,0,0,0,0,0,0,0,0,0,47,1,[],java-maven,252741,165505,654.84,0,0,0,0,0,0.104,0.5392,0.01,0.695,1,0,1,0,0,1,0,0
44707,9563398382,54973527,github CI,feature/optimzed-role-master-times,c92f63caaff47f5b6e0bbfa64ae19ecea2873311,.github/workflows/build.yml,success,12442882,lilongjiao,66,10,0.0,1.0,{'perf'},pull_request,8,0,823.0,0,failure,1,f66d3f9f81782dc9b5ca9486808c1d6b9f520d12,3,1145,332,0,1,2,305,2,1049,1,1,1,0,2,3,11,5,16,14,5,0,5,6,1,7,1,1,0,128,1,1,934,115,2,0,6,0,0,47,1,[],java-maven,254029,166790,656.579,0,0,0,0,0,0.116,0.5368,0.036,0.97,7,1,1,0,0,0,0,0
44708,8416580191,54973527,github CI,feature/rebalance-keeper,069d0b16264c7c7a52b16e2098e7ac8931299869,.github/workflows/build.yml,success,12442882,passerbyzed,62,6,0.0,0.0,,pull_request,4,0,781.0,1,success,2,01d77da933cca1c7fdde458167038629ea988f85,21,643,443,0,0,24,923,4,163,1,0,4,0,14,18,29,23,52,71,12,8,20,43,12,55,1,1,0,128,4,0,104,59,0,0,16,0,0,47,1,[],java-maven,250493,164303,655.919,0,0,0,0,0,0.034,0.622632,0.01,0.813636,1,0,1,0,0,1,0,0
44709,8800956287,54973527,github CI,bugfix/keeperDiskType,7daf4ce9d62e313c60c17f311f82030c3da6935c,.github/workflows/build.yml,success,12442882,passerbyzed,64,9,0.0,0.0,,pull_request,12,0,794.0,1,success,1,354c2ef957836ac205494a2ce774808f5e66fccd,7,79,15,0,0,6,87,4,7,2,0,0,0,3,3,1,0,1,27,1,0,1,5,3,8,1,1,0,128,0,0,4,3,0,0,1,0,0,47,1,[],java-maven,250704,164367,655.622,0,0,0,0,0,0.06,0.483333,0.0,1.0,0,0,1,0,0,0,0,0
44710,7338557475,54973527,github CI,feature/rebalance-keeper,8406f59200b707d9bd2a7690ea6c81b99d429b3a,.github/workflows/build.yml,success,12442882,passerbyzed,59,7,,,,pull_request,0,0,,1,success,0,,0,0,0,0,0,0,0,0,0,0,0,0,0,0,0,0,0,0,0,0,0,0,0,0,0,0,0,0,128,0,0,0,0,0,0,0,0,0,47,1,[],java-maven,247892,162982,657.472,0,0,0,0,0,0.066,0.577317,0.038,0.633611,0,0,1,0,0,1,0,0
44711,8259070399,54973527,github CI,feature/zk-migrate,c42c43f6e2dd5f6a2ba73fe930ee377b55e2085b,.github/workflows/build.yml,success,12442882,LanternLee,61,6,0.0,0.0,,pull_request,10,0,774.0,1,success,1,7479850fcffc50a5f5d345cef2ead415bd534721,23,147,67,0,0,15,156,1,58,0,1,1,0,23,24,11,1,12,59,4,4,8,12,2,14,1,1,0,128,1,0,38,20,0,0,14,0,0,47,1,[],java-maven,249591,163863,656.526,0,0,0,0,0,0.016,0.661333,0.016,0.609231,3,0,1,0,1,0,0,0
44712,9851856713,54973527,github CI,master,0095dc7a7994710d8a26ca81cd930a90d40bd090,.github/workflows/build.yml,success,12442882,lmdyyh,66,9,1.0,1.0,{'fix'},push,12,0,843.0,0,success,1,82d59e675bdf7ccceb7363158694b2177907bfcb,2,114,18,0,0,3,132,1,0,0,1,1,0,2,3,8,0,8,2,1,0,1,9,0,9,1,0,0,128,1,0,0,0,0,0,1,0,0,267,1,[],java-maven,258341,168240,651.232,0,0,0,0,0,0.192,0.44,0.028,0.9825,0,0,1,0,0,1,0,1
44713,7571151131,54973527,github CI,bugfix/hailu_test_for_hetero,413b86d0ba9f1b463e5f69719bb6ff058c51e67b,.github/workflows/build.yml,success,12442882,tigerLuHai,60,8,,,,pull_request,0,0,,0,success,0,,0,0,0,0,0,0,0,0,0,0,0,0,0,0,0,0,0,0,0,0,0,0,0,0,0,0,0,0,128,0,0,0,0,0,0,0,0,0,47,1,[],java-maven,248519,163238,656.843,0,0,0,0,0,0.05,0.964286,0.0,1.0,0,0,1,0,1,0,0,0
44714,7472547712,54973527,github CI,master,b903aabebf13ae6eea55676621709d60aec895d0,.github/workflows/build.yml,success,12442882,lmdyyh,60,8,0.0,0.0,,push,2,0,768.0,0,success,1,807df4a6bd087aee5e734a09d493c3f028bd7544,1,9,7,0,0,1,16,1,0,0,0,0,0,1,1,0,0,0,0,0,0,0,0,0,0,1,0,0,128,0,0,0,0,0,0,1,0,0,47,1,[],java-maven,248362,163180,657.025,0,0,0,0,0,0.088,0.427692,0.018,0.591,0,0,1,0,1,1,0,1
44715,9597129955,54973527,github CI,feature/mail-transmit-checkerleader,c91242efb659681baca28a5f3b2103e1ba5ed132,.github/workflows/build.yml,success,12442882,wangqifan,66,10,,,,pull_request,0,0,,0,failure,0,,0,0,0,0,0,0,0,0,0,0,0,0,0,0,0,0,0,0,0,0,0,0,0,0,0,0,0,0,128,0,0,0,0,0,0,0,0,0,47,1,[],java-maven,253623,165971,654.4,0,0,0,0,0,0.132,0.560909,0.054,0.644167,0,0,1,0,1,0,0,0
44716,9991208889,54973527,github CI,feature/full_link_health_check,8ff9b17d82cfb90afa2f2effe133fe7e740b1bb7,.github/workflows/build.yml,success,12442882,passerbyzed,67,9,,,,pull_request,0,0,,0,failure,0,,0,0,0,0,0,0,0,0,0,0,0,0,0,0,0,0,0,0,0,0,0,0,0,0,0,0,0,0,128,0,0,0,0,0,0,0,0,0,220,1,[],java-maven,261064,168256,644.501,0,0,0,0,0,0.182,0.335833,0.042,0.424375,0,0,1,0,0,0,0,0
44717,9796010732,54973527,github CI,master,b2c57a5a4af3f31fb26bb476dd17941ca75a03c2,.github/workflows/build.yml,success,12442882,lmdyyh,66,9,1.0,1.0,{'fix'},push,20,0,841.0,0,failure,1,1e9eff4db8c620b15af60b982a7d4663dd99a2dc,2,40,31,0,0,1,29,1,42,0,0,0,0,2,2,2,3,5,5,1,0,1,1,0,1,1,1,0,128,0,0,21,21,0,0,0,0,0,267,1,[],java-maven,258231,168225,651.452,0,0,0,0,0,0.192,0.402667,0.028,0.98,0,0,1,0,0,1,0,1
44718,10036152184,54973527,github CI,master,6881744845945c71e12b438b9a0ae0289f8e9269,.github/workflows/build.yml,success,12442882,lmdyyh,66,8,1.0,1.0,{'fix'},push,18,0,851.0,0,failure,1,dc5280e682b13802f104aff54fa8ef105f183d9f,22,1038,56,0,1,28,904,6,190,2,1,6,0,14,20,15,1,16,182,3,0,3,45,0,45,1,1,0,128,11,0,183,7,0,0,3,0,0,267,1,[],java-maven,259708,168426,648.521,0,0,0,0,0,0.16,0.613333,0.028,0.98,0,0,1,0,0,0,0,1
44719,7410627305,54973527,github CI,feature/rebalance-keeper,3ec47f1b997905ff589861e62f230c51d4d5a33a,.github/workflows/build.yml,success,12442882,passerbyzed,60,8,,,,pull_request,0,0,,1,success,0,,0,0,0,0,0,0,0,0,0,0,0,0,0,0,0,0,0,0,0,0,0,0,0,0,0,0,0,0,128,0,0,0,0,0,0,0,0,0,47,1,[],java-maven,248158,163041,657.005,0,0,0,0,0,0.076,0.580784,0.008,0.87,0,0,1,0,0,0,0,0
44720,8292307131,54973527,github CI,master,e7d06813ca5d84927e1d30aaa10707c50cf1d573,.github/workflows/build.yml,success,12442882,lmdyyh,61,6,0.0,0.0,,push,17,0,777.0,0,success,1,d10f49412549f02d7e1d632d4f2c160385b68781,15,136,25,0,0,11,97,3,64,1,0,0,0,10,10,10,1,11,76,2,0,2,0,0,0,1,1,0,128,0,0,47,17,0,0,4,0,0,47,1,[],java-maven,250187,164210,656.349,0,0,0,0,0,0.024,0.807273,0.016,0.892,0,0,1,0,1,1,0,1
44721,7622610196,54973527,github CI,bugfix/hailu_test_for_hetero,11c59a777dd36df2cfc5f5afa1d02eaf8da2232a,.github/workflows/build.yml,success,12442882,tigerLuHai,61,9,,,,pull_request,0,0,,1,failure,0,,0,0,0,0,0,0,0,0,0,0,0,0,0,0,0,0,0,0,0,0,0,0,0,0,0,0,0,0,128,0,0,0,0,0,0,0,0,0,47,1,[],java-maven,248551,163243,656.779,0,0,0,0,0,0.036,0.832308,0.004,0.831667,0,0,1,0,1,0,0,0
44722,10036729112,54973527,github CI,feature/hickwall-no-time-no-posting,8843b072e237d286e8cd6220454f939f8783144d,.github/workflows/build.yml,success,12442882,wangqifan,67,9,,,,pull_request,0,0,,1,success,0,,0,0,0,0,0,0,0,0,0,0,0,0,0,0,0,0,0,0,0,0,0,0,0,0,0,0,0,0,128,0,0,0,0,0,0,0,0,0,220,1,[],java-maven,258834,168240,649.992,0,0,0,0,0,0.156,0.441538,0.026,0.874444,0,0,1,0,1,0,0,0
44723,9788043935,54973527,github CI,feature/normal_alert,bf9925803042fbf2730424b6f2c33584a7692bf8,.github/workflows/build.yml,success,12442882,wangqifan,66,9,0.0,1.0,{'feat'},pull_request,24,0,838.0,0,failure,1,1e9eff4db8c620b15af60b982a7d4663dd99a2dc,70,666,682,0,1,55,914,6,434,2,0,1,3,46,50,32,31,63,538,1,13,14,20,72,92,1,1,0,128,1,3,151,283,0,0,20,0,0,220,1,[],java-maven,258225,168093,650.956,0,0,0,0,0,0.194,0.373137,0.038,0.6405,0,0,1,0,1,0,0,0
44724,9124341507,54973527,github CI,bugfix/hailu_add_log,6e90847aef2af546694fd420a4e999b20fd9a1e9,.github/workflows/build.yml,success,12442882,tigerLuHai,64,9,,,,pull_request,0,0,,1,success,0,,0,0,0,0,0,0,0,0,0,0,0,0,0,0,0,0,0,0,0,0,0,0,0,0,0,0,0,0,128,0,0,0,0,0,0,0,0,0,47,1,[],java-maven,251494,165133,656.608,0,0,0,0,0,0.02,0.741667,0.014,0.744167,0,0,1,0,0,0,0,0
44725,9265038110,54973527,github CI,bugfix/socket-stats-tags,15385ea7d35f2c76f749f6dabb7112ca88c66a9e,.github/workflows/build.yml,success,12442882,wangqifan,65,11,0.0,0.0,,pull_request,19,0,804.0,0,success,1,08b055eaa93dcba46fa1207861557a300cbccd34,2,64,3,0,0,1,23,1,44,0,0,0,0,2,2,3,0,3,8,0,0,0,2,0,2,1,1,0,128,0,0,44,0,0,0,0,0,0,47,1,[],java-maven,251950,165325,656.182,0,0,0,0,0,0.05,0.775,0.022,0.86125,0,0,1,0,1,0,0,0
44726,9744832264,54973527,github CI,feature/delay_send_alert,8eae3bbbe985bc6b10ba562c05f9facad313f74c,.github/workflows/build.yml,success,12442882,wangqifan,66,10,,,,pull_request,0,0,,1,failure,0,,0,0,0,0,0,0,0,0,0,0,0,0,0,0,0,0,0,0,0,0,0,0,0,0,0,0,0,0,128,0,0,0,0,0,0,0,0,0,220,1,[],java-maven,257800,167962,651.521,0,0,0,0,0,0.18,0.297727,0.052,0.337,0,0,1,0,1,0,0,0
44727,9791294988,54973527,github CI,bugfix/balance-keeper,93da64af5f19950326e24c06df18fd724d0b80d7,.github/workflows/build.yml,success,12442882,passerbyzed,66,9,,,,pull_request,0,0,,0,success,0,,0,0,0,0,0,0,0,0,0,0,0,0,0,0,0,0,0,0,0,0,0,0,0,0,0,0,0,0,128,0,0,0,0,0,0,0,0,0,220,1,[],java-maven,258318,168240,651.29,0,0,0,0,0,0.188,0.238421,0.03,0.632143,0,0,1,0,0,1,0,0
44728,9566012764,54973527,github CI,feature/rebalance-keeper,c8abfdea8e5d04b5f9e656fda1df9f71a7ac7a66,.github/workflows/build.yml,success,12442882,passerbyzed,66,11,0.0,6.0,,pull_request,4,0,805.0,1,failure,6,f66d3f9f81782dc9b5ca9486808c1d6b9f520d12,21,285,39,0,1,18,279,4,45,1,1,0,0,15,15,14,0,14,119,3,0,3,4,2,6,1,1,0,128,0,0,42,3,0,0,1,0,0,47,1,[],java-maven,253633,166010,654.528,0,0,0,0,0,0.12,0.246154,0.04,0.305263,0,0,1,0,0,1,0,0
44729,9203184764,54973527,github CI,feature/rebalance-keeper,e7bd0c2d18233dcc822352e1b24d311c299cf882,.github/workflows/build.yml,success,12442882,passerbyzed,65,10,0.0,0.0,,pull_request,4,0,784.0,1,failure,6,fde05d505dc0ffc59ee154154007b40ca0a8b6a2,34,844,389,0,0,36,1023,4,210,1,0,8,1,29,38,23,11,34,145,9,4,13,93,34,127,1,1,0,128,8,1,181,29,0,0,8,0,0,47,1,[],java-maven,251900,165281,656.137,0,0,0,0,0,0.044,0.525455,0.036,0.582,0,0,1,0,0,1,0,0
44730,8369226009,54973527,github CI,master,b603d5d1aace0bbc9e450ece2d079cf8c0755a22,.github/workflows/build.yml,success,12442882,LanternLee,62,6,0.0,0.0,,push,26,0,780.0,1,success,2,b695f7bf64582e196a6cac480ffdb68b39d1e08d,10,199,10,0,0,8,159,2,50,0,0,3,0,9,12,4,0,4,128,1,0,1,23,3,26,1,1,0,128,3,0,48,2,0,0,3,0,0,47,1,[],java-maven,250329,164256,656.161,0,0,0,0,0,0.03,0.623684,0.012,0.794,6,0,1,0,1,1,0,1
44731,9793408155,54973527,github CI,bugfix/balance-keeper,00a9dd016eb2258183261d57f1ebad8bac1fd1fe,.github/workflows/build.yml,success,12442882,passerbyzed,66,9,,,,pull_request,0,0,,1,failure,0,,0,0,0,0,0,0,0,0,0,0,0,0,0,0,0,0,0,0,0,0,0,0,0,0,0,0,0,0,128,0,0,0,0,0,0,0,0,0,220,1,[],java-maven,258279,168240,651.389,0,0,0,0,0,0.19,0.269512,0.03,0.638235,0,0,1,0,0,1,0,0
44732,8687023953,54973527,github CI,feature/arm-aws,cb2862becfd280e3284a0edd42c7f4f04794441e,.github/workflows/build.yml,success,12442882,lmdyyh,64,8,,,,pull_request,0,0,,1,success,0,,0,0,0,0,0,0,0,0,0,0,0,0,0,0,0,0,0,0,0,0,0,0,0,0,0,0,0,0,128,0,0,0,0,0,0,0,0,0,47,1,[],java-maven,250619,164356,655.8,0,0,0,0,0,0.072,0.332,0.01,0.695,4,0,1,0,0,1,0,0
44733,9492660038,54973527,github CI,feature/mail-improve,13fe6241dafb243e316245a0273196019320b898,.github/workflows/build.yml,success,12442882,wangqifan,66,12,,,,pull_request,0,0,,1,failure,0,,0,0,0,0,0,0,0,0,0,0,0,0,0,0,0,0,0,0,0,0,0,0,0,0,0,0,0,0,128,0,0,0,0,0,0,0,0,0,47,1,[],java-maven,253312,165971,655.204,0,0,0,0,0,0.116,0.65125,0.02,0.718182,0,0,1,0,1,0,0,0
44734,10039863586,54973527,github CI,feature/full_link_health_check,58bcd67c043789c0a67e97d8e464723df4fb5b00,.github/workflows/build.yml,success,12442882,passerbyzed,67,9,0.0,1.0,,pull_request,2,0,844.0,1,success,1,66fd364601b3010ac4dfbce3b20955663e8df7ca,36,3172,48,0,1,76,2752,5,468,1,0,46,0,31,77,29,0,29,341,7,0,7,429,26,455,1,1,0,128,48,0,454,14,0,0,0,0,0,220,1,[],java-maven,262211,168837,643.897,0,0,0,0,0,0.16,0.376744,0.032,0.602222,0,0,1,0,0,0,0,0
44735,9754095642,54973527,github CI,feature/delay_send_alert,bc1d71ef3971ef6aa176f014475a9ec584203bfd,.github/workflows/build.yml,success,12442882,wangqifan,66,10,,,,pull_request,0,0,,1,success,0,,0,0,0,0,0,0,0,0,0,0,0,0,0,0,0,0,0,0,0,0,0,0,0,0,0,0,0,0,128,0,0,0,0,0,0,0,0,0,220,1,[],java-maven,257800,167962,651.521,0,0,0,0,0,0.18,0.313333,0.048,0.369524,0,0,1,0,1,0,0,0
44736,9578296142,54973527,github CI,feature/mail-transmit-checkerleader,e74e974e0f04d0a889d4c50b88dd24c953da8447,.github/workflows/build.yml,success,12442882,wangqifan,66,10,,,,pull_request,0,0,,1,failure,0,,0,0,0,0,0,0,0,0,0,0,0,0,0,0,0,0,0,0,0,0,0,0,0,0,0,0,0,0,128,0,0,0,0,0,0,0,0,0,47,1,[],java-maven,253540,165971,654.615,0,0,0,0,0,0.128,0.545263,0.042,0.565833,0,0,1,0,1,0,0,0
44737,9760408701,54973527,github CI,feature/delay_send_alert,ed83a34702bbb737d18dd646581674a88f9ec0b1,.github/workflows/build.yml,success,12442882,wangqifan,66,9,0.0,1.0,,pull_request,24,0,833.0,1,success,1,3e330f017fdfc136baa09b09bec3480a26774cc8,75,819,765,0,1,62,1200,6,384,1,0,6,2,67,75,42,28,70,231,12,19,31,54,56,110,1,1,0,128,6,3,182,202,0,0,36,0,0,220,1,[],java-maven,257803,167962,651.513,0,0,0,0,0,0.18,0.328261,0.044,0.418095,0,0,1,0,1,0,0,0
44738,9202864833,54973527,github CI,feature/optimized-sentinel-reset,9ad4cc528a9170c0e2a5726f185f02772956b7e5,.github/workflows/build.yml,success,12442882,lilongjiao,65,10,0.0,0.0,,pull_request,6,0,801.0,0,failure,1,7389327d34b8482078ac61b8f8810add38af9d35,76,1204,2714,2,0,68,2527,7,1387,1,1,11,19,56,86,43,34,77,290,18,11,29,186,269,455,1,1,0,128,3,21,254,1133,0,0,24,0,0,47,1,[],java-maven,250795,164446,655.699,0,0,0,0,0,0.044,0.678,0.034,0.971667,2,1,1,0,0,0,0,0
44739,7338815910,54973527,github CI,feature/rebalance-keeper,f4b22ba917c16b01545367aa288a6f4fe963205d,.github/workflows/build.yml,success,12442882,passerbyzed,59,7,,,,pull_request,0,0,,1,failure,0,,0,0,0,0,0,0,0,0,0,0,0,0,0,0,0,0,0,0,0,0,0,0,0,0,0,0,0,0,128,0,0,0,0,0,0,0,0,0,47,1,[],java-maven,247895,162982,657.464,0,0,0,0,0,0.068,0.573488,0.04,0.626316,0,0,1,0,0,1,0,0
44740,9040638326,54973527,github CI,master,5beb80149330eb0be7cae2e442d1eab5d6377b8a,.github/workflows/build.yml,success,12442882,lmdyyh,64,8,0.0,0.0,,push,10,0,795.0,0,failure,1,d59110df5e2d7a03dd369af58ca3b2d8ea83bf8c,2,95,12,0,0,1,57,1,50,0,0,0,0,2,2,2,0,2,11,0,0,0,4,8,12,1,1,0,128,0,0,47,3,0,0,1,0,0,47,1,[],java-maven,250768,164411,655.63,0,0,0,0,0,0.024,0.74,0.004,0.996667,0,0,1,0,0,1,0,1
44741,8290878182,54973527,github CI,feature/sentinel_group_active,ccb33b17abc79b18da1fcb4df3f0732319acb6c3,.github/workflows/build.yml,success,12442882,Funkydream,61,6,0.0,0.0,,pull_request,17,0,777.0,0,success,1,d10f49412549f02d7e1d632d4f2c160385b68781,53,475,997,0,0,40,884,3,588,1,0,3,1,44,48,17,21,38,280,4,14,18,52,86,138,1,1,0,128,0,1,141,447,0,0,19,0,0,47,1,[],java-maven,249667,163874,656.37,0,0,0,0,0,0.024,0.98,0.02,0.983333,0,0,1,0,1,1,0,0
44742,8414431315,54973527,github CI,feature/rebalance-keeper,069d0b16264c7c7a52b16e2098e7ac8931299869,.github/workflows/build.yml,success,12442882,passerbyzed,62,6,0.0,0.0,,pull_request,4,0,781.0,1,failure,2,01d77da933cca1c7fdde458167038629ea988f85,21,643,443,0,0,24,923,4,163,1,0,4,0,14,18,29,23,52,71,12,8,20,43,12,55,1,1,0,128,4,0,104,59,0,0,16,0,0,47,1,[],java-maven,250493,164303,655.919,0,0,0,0,0,0.034,0.578235,0.01,0.772222,1,0,1,0,0,1,0,0
44743,7336669430,54973527,github CI,feature/rebalance-keeper,b95cc39f98b22282890800b7ade4fa3fc35859aa,.github/workflows/build.yml,success,12442882,passerbyzed,59,7,,,,pull_request,0,0,,1,success,0,,0,0,0,0,0,0,0,0,0,0,0,0,0,0,0,0,0,0,0,0,0,0,0,0,0,0,0,0,128,0,0,0,0,0,0,0,0,0,47,1,[],java-maven,247841,162989,657.635,0,0,0,0,0,0.064,0.558919,0.04,0.594286,1,0,1,0,0,1,0,0
44744,9973347012,54973527,github CI,feature/sentinel_api,95acbdd7311390b3dfd35f7e0f63ec4f7caee070,.github/workflows/build.yml,success,12442882,LanternLee,66,8,0.0,1.0,,pull_request,8,0,850.0,0,failure,1,641ae255c6572d322789c15af2ea6e1df83a5fb2,1,21,0,0,0,1,21,1,0,0,0,0,0,1,1,1,0,1,28,0,0,0,0,0,0,1,0,0,128,0,0,0,0,0,0,0,0,0,220,1,[],java-maven,258850,168240,649.952,0,0,0,0,0,0.188,0.360513,0.05,0.5625,20,0,1,0,1,0,0,0
44745,9804125580,54973527,github CI,master,f233f770a3d0b80aaad4cae9127d8498ecf648b0,.github/workflows/build.yml,success,12442882,LanternLee,66,9,0.0,3.0,,push,4,0,840.0,1,success,3,b2c57a5a4af3f31fb26bb476dd17941ca75a03c2,6,47,11,0,1,5,43,3,15,1,0,0,0,4,4,1,0,1,11,1,0,1,1,0,1,1,1,0,128,0,0,15,0,0,0,1,0,0,267,1,[],java-maven,258263,168240,651.429,0,0,0,0,0,0.194,0.344687,0.03,0.615625,18,0,1,0,1,0,0,1
44746,9265438585,54973527,github CI,master,7389327d34b8482078ac61b8f8810add38af9d35,.github/workflows/build.yml,success,12442882,LanternLee,64,10,0.0,0.0,,push,19,0,804.0,0,success,1,08b055eaa93dcba46fa1207861557a300cbccd34,2,64,3,0,0,1,23,1,44,0,0,0,0,2,2,3,0,3,8,0,0,0,2,0,2,1,1,0,128,0,0,44,0,0,0,0,0,0,47,1,[],java-maven,251950,165325,656.182,0,0,0,0,0,0.05,0.75,0.022,0.841429,4,0,1,0,1,1,0,1
44747,7343560696,54973527,github CI,feature/rebalance-keeper,fe5e6565dd6667bf72a7775e81e781d6214167ad,.github/workflows/build.yml,success,12442882,passerbyzed,60,8,0.0,0.0,,pull_request,2,0,757.0,1,success,7,eb71fa5637d0da397e2acddf8cb1b0a88cc0d1b4,42,2494,855,0,0,53,1969,7,1380,1,0,14,2,29,45,77,5,82,135,33,2,35,112,47,159,1,1,0,128,17,2,727,653,0,0,12,0,0,47,1,[],java-maven,247864,162999,657.615,0,0,0,0,0,0.072,0.575833,0.04,0.653659,0,0,1,0,0,1,0,0
44748,9804000885,54973527,github CI,feature/bi_migration,72610950780a7c3a4765a1b0bd4d52ef45762691,.github/workflows/build.yml,success,12442882,LanternLee,66,9,0.0,1.0,{'refactor'},pull_request,22,0,842.0,0,failure,1,b2c57a5a4af3f31fb26bb476dd17941ca75a03c2,4,45,52,0,0,2,47,1,50,0,0,0,0,4,4,3,2,5,19,0,1,1,0,1,1,1,1,0,128,0,0,25,25,0,0,1,0,0,220,1,[],java-maven,258229,168225,651.457,0,0,0,0,0,0.194,0.323548,0.03,0.59,17,0,1,0,1,1,0,0
44749,10036827468,54973527,github CI,master,98911168d48198b9efd4cf0cb4128eb79be32d11,.github/workflows/build.yml,success,12442882,LanternLee,66,8,0.0,1.0,,push,12,0,848.0,0,success,1,6881744845945c71e12b438b9a0ae0289f8e9269,2,5,38,0,1,1,12,1,31,0,0,0,0,2,2,0,1,1,29,0,1,1,0,0,0,1,1,0,128,0,0,1,30,0,0,1,0,0,267,1,[],java-maven,259685,168397,648.466,0,0,0,0,0,0.156,0.395,0.026,0.5725,20,0,1,0,1,1,0,1
44750,9124033588,54973527,github CI,bugfix/hailu_add_log,792787cd48ae3f4a4630c31f8cbe9f70b5683f83,.github/workflows/build.yml,success,12442882,tigerLuHai,64,9,,,,pull_request,0,0,,0,success,0,,0,0,0,0,0,0,0,0,0,0,0,0,0,0,0,0,0,0,0,0,0,0,0,0,0,0,0,0,128,0,0,0,0,0,0,0,0,0,47,1,[],java-maven,251493,165133,656.611,0,0,0,0,0,0.02,0.718182,0.014,0.720909,0,0,1,0,0,0,0,0
44751,9597797641,54973527,github CI,feature/mail-transmit-checkerleader,3a712a92b41cda2c295e4537506974ae778d835d,.github/workflows/build.yml,success,12442882,wangqifan,66,10,,,,pull_request,0,0,,1,failure,0,,0,0,0,0,0,0,0,0,0,0,0,0,0,0,0,0,0,0,0,0,0,0,0,0,0,0,0,0,128,0,0,0,0,0,0,0,0,0,47,1,[],java-maven,253613,165971,654.426,0,0,0,0,0,0.134,0.555417,0.056,0.622857,0,0,1,0,1,0,0,0
44752,9805837549,54973527,github CI,master,82d59e675bdf7ccceb7363158694b2177907bfcb,.github/workflows/build.yml,success,12442882,LanternLee,66,9,0.0,1.0,{'refactor'},push,22,0,842.0,1,success,1,f233f770a3d0b80aaad4cae9127d8498ecf648b0,2,14,12,0,0,1,18,1,8,0,0,0,0,2,2,0,0,0,14,0,0,0,0,0,0,1,1,0,128,0,0,4,4,0,0,1,0,0,267,1,[],java-maven,258264,168240,651.426,0,0,0,0,0,0.192,0.364848,0.03,0.638235,19,0,1,0,1,1,0,1
44753,9107758216,54973527,github CI,bugfix/hailu_add_log,cdd1eaf629a4ab768363c420054c5a01429a9e19,.github/workflows/build.yml,success,12442882,tigerLuHai,65,10,,,,pull_request,0,0,,1,success,0,,0,0,0,0,0,0,0,0,0,0,0,0,0,0,0,0,0,0,0,0,0,0,0,0,0,0,0,0,128,0,0,0,0,0,0,0,0,0,47,1,[],java-maven,251509,165154,656.652,0,0,0,0,0,0.012,0.991429,0.006,0.995714,0,0,1,0,0,1,0,0
44754,9288305484,54973527,github CI,master,a9019d8f0ebdd4d0acbc9df0346a214140f1b967,.github/workflows/build.yml,success,12442882,LanternLee,66,12,0.0,1.0,{'revert'},push,42,0,813.0,1,failure,1,6a6f3c844125ae8436e7ff26c907e0d0dbbefe20,4,13,48,0,0,3,49,1,12,0,0,0,0,4,4,0,3,3,9,0,1,1,0,0,0,1,1,0,128,0,0,4,8,0,0,2,0,0,47,1,[],java-maven,251950,165325,656.182,0,0,0,0,0,0.09,0.471875,0.056,0.48,10,0,1,0,1,0,0,1
44755,9075069140,54973527,github CI,master,e0eea9e7f1bef88e0f40e6b56e896a06a6e56639,.github/workflows/build.yml,success,12442882,lmdyyh,64,9,0.0,0.0,,push,14,0,796.0,0,failure,1,5beb80149330eb0be7cae2e442d1eab5d6377b8a,8,124,197,0,0,7,184,1,137,0,0,0,0,8,8,4,8,12,50,1,2,3,2,11,13,1,1,0,128,0,0,61,76,0,0,7,0,0,47,1,[],java-maven,250706,164396,655.732,0,0,0,0,0,0.012,0.991429,0.006,0.995714,0,0,1,0,0,1,0,1
44756,8698952717,54973527,github CI,master,354c2ef957836ac205494a2ce774808f5e66fccd,.github/workflows/build.yml,success,12442882,lmdyyh,64,9,0.0,0.0,,push,22,0,791.0,0,failure,1,b5a1d0bd60cfd1ff9fb956dd55a37d9d9292f1a8,11,50,11,0,0,8,47,1,14,0,1,0,0,11,11,4,0,4,41,2,0,2,5,0,5,1,1,0,128,0,0,12,2,0,0,1,0,0,47,1,[],java-maven,250646,164366,655.769,0,0,0,0,0,0.074,0.363333,0.018,0.659167,4,0,1,0,0,1,0,1
44757,7620232632,54973527,github CI,bugfix/hailu_test_for_hetero,d3278d9367a75dad2cdaa48fd8c1a8bce5a01860,.github/workflows/build.yml,success,12442882,tigerLuHai,61,9,,,,pull_request,0,0,,1,failure,0,,0,0,0,0,0,0,0,0,0,0,0,0,0,0,0,0,0,0,0,0,0,0,0,0,0,0,0,0,128,0,0,0,0,0,0,0,0,0,47,1,[],java-maven,248521,163238,656.838,0,0,0,0,0,0.038,0.881,0.002,0.887778,0,0,1,0,1,0,0,0
44758,9460606351,54973527,github CI,feature/reset-sentinels,80985c43b279c4ae46940141e0b33d82aa69c27b,.github/workflows/build.yml,success,12442882,lilongjiao,66,12,0.0,2.0,"{'fix', 'perf'}",pull_request,12,0,817.0,1,failure,2,6f84148106d2cb9965875e5cb69b5ce35986cd7d,5,828,182,0,1,4,343,2,667,1,1,0,0,4,4,16,3,19,27,3,0,3,19,5,24,1,1,0,128,0,0,567,100,0,0,2,0,0,47,1,[],java-maven,253255,165971,655.351,0,0,0,0,0,0.106,0.4988,0.016,0.845714,7,1,1,0,0,0,0,0
44759,8281498082,54973527,github CI,feature/rebalance-keeper,09ead235deff640e6b841bef70b5507f668559f2,.github/workflows/build.yml,success,12442882,passerbyzed,61,6,0.0,0.0,,pull_request,4,0,773.0,1,failure,4,deaa21aab7f6e15214230976dd3c1dc7f93cdc81,39,972,358,0,0,29,787,2,543,0,0,4,0,35,39,20,8,28,204,14,2,16,102,36,138,1,1,0,128,1,0,430,113,0,0,15,0,0,47,1,[],java-maven,250096,164180,656.468,0,0,0,0,0,0.024,0.606154,0.02,0.658333,0,0,1,0,0,0,0,0
44760,8451009089,54973527,github CI,bugfix/register_cause_npe_2,830965b085aa7919a202ef948a9d045503a2fa26,.github/workflows/build.yml,success,12442882,YN-Zheng,62,6,0.0,0.0,,pull_request,14,0,783.0,1,failure,2,93d7c85ef16d8290b7511019776684d746d4dbb2,22,62,25,0,0,19,51,2,36,0,1,0,0,2,2,2,0,2,16,0,0,0,2,0,2,1,1,0,128,0,0,34,2,0,0,0,0,0,47,1,[],java-maven,250618,164356,655.803,0,0,0,0,0,0.048,0.72,0.018,0.73875,0,0,1,0,1,0,0,0
44761,10036635391,54973527,github CI,feature/hickwall-no-time-no-posting,ceacb7890980e524261f0f9ca17764b6f862662b,.github/workflows/build.yml,success,12442882,wangqifan,66,8,,,,pull_request,0,0,,0,success,0,,0,0,0,0,0,0,0,0,0,0,0,0,0,0,0,0,0,0,0,0,0,0,0,0,0,0,0,0,128,0,0,0,0,0,0,0,0,0,220,1,[],java-maven,258834,168240,649.992,0,0,0,0,0,0.156,0.426842,0.026,0.85875,0,0,1,0,1,0,0,0
44762,9789221823,54973527,github CI,feature/normal_alert,7f31a4579a511090bb9b1b28ba33f87c1683c3f1,.github/workflows/build.yml,success,12442882,wangqifan,66,9,,,,pull_request,0,0,,0,success,0,,0,0,0,0,0,0,0,0,0,0,0,0,0,0,0,0,0,0,0,0,0,0,0,0,0,0,0,0,128,0,0,0,0,0,0,0,0,0,220,1,[],java-maven,258226,168093,650.953,0,0,0,0,0,0.194,0.385192,0.036,0.691,0,0,1,0,1,0,0,0
44763,10037503608,54973527,github CI,feature/hickwall-no-time-no-posting,f2c67e26b6a2cd4e2ecb3b654ed42247cb7cf87d,.github/workflows/build.yml,success,12442882,wangqifan,66,8,,,,pull_request,0,0,,1,failure,0,,0,0,0,0,0,0,0,0,0,0,0,0,0,0,0,0,0,0,0,0,0,0,0,0,0,0,0,0,128,0,0,0,0,0,0,0,0,0,220,1,[],java-maven,258838,168240,649.982,0,0,0,0,0,0.156,0.44439,0.028,0.805455,0,0,1,0,1,0,0,0
44764,9581480332,54973527,github CI,feature/mail-transmit-checkerleader,5f274cdb54f664dcec4c14d04ff716700ffaee97,.github/workflows/build.yml,success,12442882,wangqifan,66,11,,,,pull_request,0,0,,0,failure,0,,0,0,0,0,0,0,0,0,0,0,0,0,0,0,0,0,0,0,0,0,0,0,0,0,0,0,0,0,128,0,0,0,0,0,0,0,0,0,47,1,[],java-maven,253540,165971,654.615,0,0,0,0,0,0.136,0.539048,0.05,0.553571,0,0,1,0,1,0,0,0
44765,9476089488,54973527,github CI,bugfix/ConnectionUtil-NPE,621b65580e34149c3b82ebe9af337210f4665ade,.github/workflows/build.yml,success,12442882,wangqifan,66,12,,,,pull_request,0,0,,1,failure,0,,0,0,0,0,0,0,0,0,0,0,0,0,0,0,0,0,0,0,0,0,0,0,0,0,0,0,0,0,128,0,0,0,0,0,0,0,0,0,47,1,[],java-maven,253258,165971,655.344,0,0,0,0,0,0.112,0.703333,0.024,0.84,0,0,1,0,1,0,0,0
44766,9987233300,54973527,github CI,master,23f724cc081008614327ca0b49cb9a44231766a6,.github/workflows/build.yml,success,12442882,lmdyyh,67,9,1.0,1.0,{'fix'},push,35,0,845.0,0,failure,1,641ae255c6572d322789c15af2ea6e1df83a5fb2,51,669,551,0,1,40,744,3,476,0,1,7,3,46,56,16,22,38,487,4,11,15,77,50,127,1,1,0,128,5,3,243,233,0,0,17,0,0,267,1,[],java-maven,258920,168250,649.815,0,0,0,0,0,0.184,0.475294,0.048,0.72,0,0,1,0,0,0,0,1
44767,10039827557,54973527,github CI,feature/full_link_health_check,8981147441119b02e6eb39e1df445ba1b7684d94,.github/workflows/build.yml,success,12442882,passerbyzed,67,9,,,,pull_request,0,0,,0,failure,0,,0,0,0,0,0,0,0,0,0,0,0,0,0,0,0,0,0,0,0,0,0,0,0,0,0,0,0,0,128,0,0,0,0,0,0,0,0,0,220,1,[],java-maven,262211,168837,643.897,0,0,0,0,0,0.16,0.361905,0.032,0.578824,0,0,1,0,0,0,0,0
44768,8415080306,54973527,github CI,feature/rebalance-keeper,b2e312a513856ebb0f8c92b88085e1b8d5930f68,.github/workflows/build.yml,success,12442882,passerbyzed,62,6,,,,pull_request,0,0,,1,success,0,,0,0,0,0,0,0,0,0,0,0,0,0,0,0,0,0,0,0,0,0,0,0,0,0,0,0,0,0,128,0,0,0,0,0,0,0,0,0,47,1,[],java-maven,250501,164303,655.898,0,0,0,0,0,0.034,0.601667,0.01,0.795,1,0,1,0,0,1,0,0
44769,9696388111,54973527,github CI,bugfix/start_alert_test,b7e4dff9f708a5e72d707756655a3a9cca7c8f56,.github/workflows/build.yml,success,12442882,wangqifan,66,10,0.0,1.0,{'feat'},pull_request,6,0,836.0,1,failure,1,d1f4b7d739c33bf7446fd1ae05fb14f9798938b0,2,34,2,0,1,0,0,1,36,0,0,0,0,2,2,1,0,1,0,1,0,1,3,1,4,0,1,0,128,0,0,34,2,0,0,1,0,0,220,1,[],java-maven,257802,167982,651.593,0,0,0,0,0,0.176,0.288571,0.09,0.233929,0,0,1,0,1,0,0,0
44770,9788137752,54973527,github CI,master,1e9eff4db8c620b15af60b982a7d4663dd99a2dc,.github/workflows/build.yml,success,12442882,lmdyyh,66,9,1.0,1.0,{'fix'},push,10,0,839.0,0,success,1,d1123105185a291978cd5e0d043701f1f69f591c,56,649,379,0,1,41,596,6,432,2,0,3,0,32,35,29,30,59,484,12,1,13,69,11,80,1,1,0,128,3,0,282,150,0,0,15,0,0,267,1,[],java-maven,258228,168225,651.459,0,0,0,0,0,0.194,0.314375,0.038,0.968333,0,0,1,0,0,0,0,1
44771,10005205677,54973527,github CI,feature/full_link_health_check,39e07d09f46049af12c7da6b83529d31d2ce6407,.github/workflows/build.yml,success,12442882,passerbyzed,67,9,,,,pull_request,0,0,,1,failure,0,,0,0,0,0,0,0,0,0,0,0,0,0,0,0,0,0,0,0,0,0,0,0,0,0,0,0,0,0,128,0,0,0,0,0,0,0,0,0,220,1,[],java-maven,261421,168699,645.315,0,0,0,0,0,0.164,0.345854,0.04,0.463158,0,0,1,0,0,0,0,0
44772,9095473527,54973527,github CI,bugfix/hailu_add_log,b4a18cdca4b13d2b7e59a717c6732b316e2dfec1,.github/workflows/build.yml,success,12442882,tigerLuHai,64,9,,,,pull_request,0,0,,0,success,0,,0,0,0,0,0,0,0,0,0,0,0,0,0,0,0,0,0,0,0,0,0,0,0,0,0,0,0,0,128,0,0,0,0,0,0,0,0,0,47,1,[],java-maven,251511,165154,656.647,0,0,0,0,0,0.012,0.99,0.006,0.995,0,0,1,0,0,0,0,0
44773,9251131044,54973527,github CI,bugfix/tag-complete,12aca6cc50fd2695fa80b00908d3c995d7f3e585,.github/workflows/build.yml,success,12442882,wangqifan,64,10,,,,pull_request,0,0,,0,success,0,,0,0,0,0,0,0,0,0,0,0,0,0,0,0,0,0,0,0,0,0,0,0,0,0,0,0,0,0,128,0,0,0,0,0,0,0,0,0,47,1,[],java-maven,251903,165281,656.13,0,0,0,0,0,0.05,0.75,0.034,0.85375,0,0,1,0,1,0,0,0
44774,7472342780,54973527,github CI,feature/rebalance-keeper,b10ea658db471967df905c5c68322a2cf114f1ac,.github/workflows/build.yml,success,12442882,passerbyzed,60,8,0.0,0.0,,pull_request,2,0,768.0,0,failure,2,807df4a6bd087aee5e734a09d493c3f028bd7544,1,9,7,0,0,1,16,1,0,0,0,0,0,1,1,0,0,0,0,0,0,0,0,0,0,1,0,0,128,0,0,0,0,0,0,1,0,0,47,1,[],java-maven,248362,163180,657.025,0,0,0,0,0,0.088,0.571228,0.018,0.707857,2,0,1,0,0,1,0,0
44775,9395711332,54973527,github CI,feature/crdt-support-sync,94d175f9ad196b48ee768e01322d2da83b4d0262,.github/workflows/build.yml,success,12442882,tigerLuHai,66,12,,,,pull_request,0,0,,1,failure,0,,0,0,0,0,0,0,0,0,0,0,0,0,0,0,0,0,0,0,0,0,0,0,0,0,0,0,0,0,128,0,0,0,0,0,0,0,0,0,47,1,[],java-maven,252301,165292,655.138,0,0,0,0,0,0.102,0.520417,0.008,0.662222,1,0,1,0,0,0,0,0
44776,9598349231,54973527,github CI,feature/token-encry,b5f1601d0ae1b47e086d187227704f6574dfdead,.github/workflows/build.yml,success,12442882,LanternLee,66,11,0.0,1.0,,pull_request,6,0,827.0,0,failure,1,88841d81d74fb8814a898dfe1f1e5d7902e3daf0,5,226,5,2,0,8,194,2,35,1,1,5,0,5,10,1,0,1,4,0,0,0,31,0,31,1,1,0,128,8,0,35,0,0,0,1,0,0,47,1,[],java-maven,254497,166864,655.662,0,0,0,0,0,0.136,0.378182,0.058,0.671,12,0,1,0,1,0,0,0
44777,9791799939,54973527,github CI,bugfix/balance-keeper,b3d20ae13a44a9dc3a0716a11307cf178310a5e3,.github/workflows/build.yml,success,12442882,passerbyzed,66,9,,,,pull_request,0,0,,1,success,0,,0,0,0,0,0,0,0,0,0,0,0,0,0,0,0,0,0,0,0,0,0,0,0,0,0,0,0,0,128,0,0,0,0,0,0,0,0,0,220,1,[],java-maven,258328,168240,651.265,0,0,0,0,0,0.188,0.257949,0.03,0.656667,0,0,1,0,0,1,0,0
44778,9787893611,54973527,github CI,feature/normal_alert,efd4dda5b62440ee0e79cf1bae3e9628e82ecf9a,.github/workflows/build.yml,success,12442882,wangqifan,66,9,,,,pull_request,0,0,,0,success,0,,0,0,0,0,0,0,0,0,0,0,0,0,0,0,0,0,0,0,0,0,0,0,0,0,0,0,0,0,128,0,0,0,0,0,0,0,0,0,220,1,[],java-maven,258207,168093,651.001,0,0,0,0,0,0.192,0.3608,0.038,0.5905,0,0,1,0,1,0,0,0
44779,9563717059,54973527,github CI,feature/crdt-support-sync,78cf0125fab6a012f92174fad8df4e26af3dcfc8,.github/workflows/build.yml,success,12442882,tigerLuHai,66,11,,,,pull_request,0,0,,0,success,0,,0,0,0,0,0,0,0,0,0,0,0,0,0,0,0,0,0,0,0,0,0,0,0,0,0,0,0,0,128,0,0,0,0,0,0,0,0,0,47,1,[],java-maven,255079,166047,650.963,0,0,0,0,0,0.116,0.601429,0.036,0.97,2,0,1,0,0,0,0,0
44780,9123546325,54973527,github CI,master,06753da14824ce2586d3b1721b28d9f9cb95a3dd,.github/workflows/build.yml,success,12442882,LanternLee,64,9,0.0,0.0,,push,14,0,798.0,0,failure,1,e0eea9e7f1bef88e0f40e6b56e896a06a6e56639,4,76,2,2,0,4,74,3,0,2,0,0,0,0,0,0,0,0,0,0,0,0,0,0,0,0,0,0,128,2,0,0,0,0,0,0,0,0,47,1,[],java-maven,250763,164396,655.583,0,0,0,0,0,0.02,0.842857,0.014,0.988333,2,0,1,0,1,1,0,1
44781,9186921525,54973527,github CI,bugfix/hailu_add_log,f36f02d007abf0a6e80500f47ac36f14fb57c47b,.github/workflows/build.yml,success,12442882,tigerLuHai,64,9,0.0,0.0,,pull_request,18,0,797.0,1,failure,1,13d8609131d71928836100b11eedcc8cebb74f7b,37,1573,624,2,0,29,1308,7,885,1,1,19,2,21,42,5,25,30,100,2,10,12,265,39,304,1,1,0,128,11,4,809,76,0,0,14,0,0,47,1,[],java-maven,251486,165129,656.613,0,0,0,0,0,0.038,0.5905,0.028,0.593,0,0,1,0,0,0,0,0
44782,7620599713,54973527,github CI,bugfix/hailu_test_for_hetero,1959955eaad2d4fdf0d00682343f304a2e2c8221,.github/workflows/build.yml,success,12442882,tigerLuHai,61,9,,,,pull_request,0,0,,1,success,0,,0,0,0,0,0,0,0,0,0,0,0,0,0,0,0,0,0,0,0,0,0,0,0,0,0,0,0,0,128,0,0,0,0,0,0,0,0,0,47,1,[],java-maven,248535,163243,656.821,0,0,0,0,0,0.038,0.891818,0.002,0.899,0,0,1,0,1,0,0,0
44783,9169583028,54973527,github CI,bugfix/startup-comment,fe3b571001b85c1857a404be0598e62fb3ded4a3,.github/workflows/build.yml,success,12442882,wangqifan,65,10,,,,pull_request,0,0,,0,failure,0,,0,0,0,0,0,0,0,0,0,0,0,0,0,0,0,0,0,0,0,0,0,0,0,0,0,0,0,0,128,0,0,0,0,0,0,0,0,0,47,1,[],java-maven,250762,164396,655.586,0,0,0,0,0,0.03,0.835714,0.02,0.842857,0,0,1,0,1,0,0,0
44784,8689047117,54973527,github CI,feature/arm-aws-and-ut,90e39d34dd0e97373f1ddef37093d977e81835e2,.github/workflows/build.yml,success,12442882,LanternLee,64,8,0.0,0.0,,pull_request,6,0,793.0,1,success,1,2b6a21128d0d39a40f77ed7efcc4521669ef9904,2,3,3,0,0,1,4,2,2,1,1,0,0,1,1,0,0,0,7,0,0,0,0,0,0,0,1,0,128,0,0,1,1,0,0,0,0,0,47,1,[],java-maven,250619,164356,655.8,0,0,0,0,0,0.072,0.6025,0.016,0.629091,4,0,1,0,1,0,0,0
44785,9511325804,54973527,github CI,master,7f40046a67f382132c6c081968b22463a85625b3,.github/workflows/build.yml,success,12442882,LanternLee,66,10,0.0,1.0,{'chore'},push,21,0,821.0,1,failure,1,3cd20da113f7dbd8983e5cc0c4202404f104348e,21,25,22,0,1,19,43,2,4,0,1,0,0,1,1,0,0,0,5,0,0,0,0,0,0,1,0,0,128,0,0,2,2,0,0,0,0,0,47,1,[],java-maven,253319,165971,655.186,0,0,0,0,0,0.112,0.372,0.018,0.844286,13,0,1,0,1,1,0,1
44786,9993814047,54973527,github CI,feature/full_link_health_check,b5d605138bf7ca3242690bedf7ec742921a7b7c2,.github/workflows/build.yml,success,12442882,passerbyzed,67,9,,,,pull_request,0,0,,1,failure,0,,0,0,0,0,0,0,0,0,0,0,0,0,0,0,0,0,0,0,0,0,0,0,0,0,0,0,0,0,128,0,0,0,0,0,0,0,0,0,220,1,[],java-maven,261085,168256,644.449,0,0,0,0,0,0.182,0.335641,0.042,0.458235,0,0,1,0,0,0,0,0
44787,9281318409,54973527,github CI,feature/async-reset-sentinels,c2c964311a6e1a79369d5b41ebb015372692427a,.github/workflows/build.yml,success,12442882,lilongjiao,66,12,0.0,1.0,,pull_request,6,0,807.0,0,failure,1,532d66c47806419f74ee4afe747072a2dc996e09,1,1,1,0,0,1,2,1,0,0,0,0,0,1,1,0,0,0,15,0,0,0,0,0,0,1,0,0,128,0,0,0,0,0,0,1,0,0,47,1,[],java-maven,252417,165781,656.774,0,0,0,0,0,0.062,0.576818,0.03,0.658333,3,1,1,0,0,0,0,0
44788,8478563186,54973527,github CI,feature/rebalance-keeper,4037bfbe0ac9bcf9380e518aacb82b00f2c05751,.github/workflows/build.yml,success,12442882,passerbyzed,63,7,,,,pull_request,0,0,,1,failure,0,,0,0,0,0,0,0,0,0,0,0,0,0,0,0,0,0,0,0,0,0,0,0,0,0,0,0,0,0,128,0,0,0,0,0,0,0,0,0,47,1,[],java-maven,250725,164315,655.359,0,0,0,0,0,0.06,0.506061,0.028,0.55913,1,0,1,0,0,1,0,0
44789,8276885860,54973527,github CI,feature/rebalance-keeper,438b48d920198609d026542efb6c51133e1ee867,.github/workflows/build.yml,success,12442882,passerbyzed,61,6,,,,pull_request,0,0,,1,failure,0,,0,0,0,0,0,0,0,0,0,0,0,0,0,0,0,0,0,0,0,0,0,0,0,0,0,0,0,0,128,0,0,0,0,0,0,0,0,0,47,1,[],java-maven,249876,163914,655.981,0,0,0,0,0,0.02,0.655556,0.018,0.73875,0,0,1,0,0,1,0,0
44790,8325570857,54973527,github CI,feature/cross-region-migration,da6127109966ce3e143d9583362c512a9b04f75a,.github/workflows/build.yml,success,12442882,LanternLee,62,7,0.0,0.0,,pull_request,14,0,779.0,1,failure,1,e7d06813ca5d84927e1d30aaa10707c50cf1d573,2,2,2,0,0,2,4,2,0,1,0,0,0,0,0,0,0,0,0,0,0,0,0,0,0,0,0,0,128,0,0,0,0,0,0,0,0,0,47,1,[],java-maven,250187,164210,656.349,0,0,0,0,0,0.026,0.616875,0.012,0.794,4,0,1,0,1,0,0,0
44791,9204578118,54973527,github CI,feature/optimized-sentinel-reset,55bd332a9a5cbbfbc8a95e465992dd62261a527e,.github/workflows/build.yml,success,12442882,lilongjiao,64,10,0.0,0.0,,pull_request,6,0,801.0,1,failure,2,7389327d34b8482078ac61b8f8810add38af9d35,76,1197,2714,2,0,68,2523,7,1384,1,1,11,19,56,86,43,34,77,290,18,11,29,185,269,454,1,1,0,128,3,21,251,1133,0,0,24,0,0,47,1,[],java-maven,250788,164443,655.705,0,0,0,0,0,0.05,0.625,0.04,0.78,2,1,1,0,0,0,0,0
44792,7354715478,54973527,github CI,feature/console-fgc,98aee135a1cad66dc6a2953bfff6c3edff0be4fc,.github/workflows/build.yml,success,12442882,LanternLee,60,8,0.0,0.0,,pull_request,30,0,762.0,1,failure,2,cf9ac9dae4cc299bb0788b886ac44fb110efdc0d,18,201,79,0,0,15,235,1,45,0,0,0,0,18,18,15,5,20,161,2,1,3,8,14,22,1,1,0,128,0,0,24,21,0,0,7,0,0,47,1,[],java-maven,247965,163002,657.359,0,0,0,0,0,0.074,0.4252,0.026,0.763333,4,0,1,0,1,1,0,0
44793,7344906623,54973527,github CI,master,cf9ac9dae4cc299bb0788b886ac44fb110efdc0d,.github/workflows/build.yml,success,12442882,LanternLee,60,8,0.0,0.0,,push,2,0,757.0,0,success,7,eb71fa5637d0da397e2acddf8cb1b0a88cc0d1b4,42,2494,855,0,0,53,1969,7,1380,1,0,14,2,29,45,77,5,82,135,33,2,35,112,47,159,1,1,0,128,17,2,727,653,0,0,12,0,0,47,1,[],java-maven,247864,162999,657.615,0,0,0,0,0,0.072,0.41913,0.038,0.650833,4,0,1,0,1,0,0,1
44794,9477638351,54973527,github CI,feature/mail-improve,67dec46886fa9d0ef747fde4a371ef095aae23df,.github/workflows/build.yml,success,12442882,wangqifan,66,12,,,,pull_request,0,0,,1,failure,0,,0,0,0,0,0,0,0,0,0,0,0,0,0,0,0,0,0,0,0,0,0,0,0,0,0,0,0,0,128,0,0,0,0,0,0,0,0,0,47,1,[],java-maven,253274,165971,655.302,0,0,0,0,0,0.114,0.673571,0.026,0.763333,0,0,1,0,1,0,0,0
44795,9788067645,54973527,github CI,master,d1123105185a291978cd5e0d043701f1f69f591c,.github/workflows/build.yml,success,12442882,LanternLee,66,9,0.0,1.0,,push,2,0,837.0,0,success,1,8090984a5aa828cf16789c40869eb9c2c4e629cf,8,28,13,0,0,7,39,1,2,0,0,0,0,8,8,2,0,2,36,1,0,1,3,0,3,1,1,0,128,0,0,1,1,0,0,5,0,0,267,1,[],java-maven,258023,168093,651.465,0,0,0,0,0,0.194,0.311379,0.038,0.520667,16,0,1,0,1,1,0,1
44796,9243004589,54973527,github CI,feature/optimized-sentinel-reset,62fa2246ec248e1746085c0275d222d69db0a94b,.github/workflows/build.yml,success,12442882,lilongjiao,65,11,0.0,0.0,,pull_request,6,0,801.0,0,failure,4,7389327d34b8482078ac61b8f8810add38af9d35,77,1242,2720,2,0,69,2574,7,1384,1,1,11,19,56,86,45,34,79,290,18,11,29,178,267,445,1,1,0,128,3,21,251,1133,0,0,24,0,0,47,1,[],java-maven,250824,164443,655.611,0,0,0,0,0,0.052,0.67125,0.034,0.819167,2,1,1,0,0,0,0,0
44797,7347537198,54973527,github CI,bugfix/hailu_test_for_hetero,1183c103728a6bc8e55738167863feedc9a50cfd,.github/workflows/build.yml,success,12442882,tigerLuHai,60,8,,,,pull_request,0,0,,0,success,0,,0,0,0,0,0,0,0,0,0,0,0,0,0,0,0,0,0,0,0,0,0,0,0,0,0,0,0,0,128,0,0,0,0,0,0,0,0,0,47,1,[],java-maven,247883,163013,657.621,0,0,0,0,0,0.072,0.94,0.026,0.978333,0,0,1,0,1,0,0,0
44798,9773826103,54973527,github CI,feature/normal_alert,7095f8bba0453b742908035e9bc525b531794dd3,.github/workflows/build.yml,success,12442882,wangqifan,66,9,,,,pull_request,0,0,,0,failure,0,,0,0,0,0,0,0,0,0,0,0,0,0,0,0,0,0,0,0,0,0,0,0,0,0,0,0,0,0,128,0,0,0,0,0,0,0,0,0,220,1,[],java-maven,258190,168093,651.044,0,0,0,0,0,0.184,0.342128,0.038,0.467143,0,0,1,0,1,0,0,0
44799,7336688106,54973527,github CI,feature/rebalance-keeper,9797bc6a9774799ec28b213ae72fbef740cdbf87,.github/workflows/build.yml,success,12442882,passerbyzed,59,7,,,,pull_request,0,0,,1,success,0,,0,0,0,0,0,0,0,0,0,0,0,0,0,0,0,0,0,0,0,0,0,0,0,0,0,0,0,0,128,0,0,0,0,0,0,0,0,0,47,1,[],java-maven,247882,162982,657.498,0,0,0,0,0,0.064,0.570526,0.04,0.605556,1,0,1,0,0,1,0,0
44800,9789369649,54973527,github CI,feature/normal_alert,9e0bff4ad8a631c12fa0a8ee6e7f19f011b7c654,.github/workflows/build.yml,success,12442882,wangqifan,66,9,0.0,3.0,{'feat'},pull_request,24,0,838.0,1,success,3,1e9eff4db8c620b15af60b982a7d4663dd99a2dc,73,747,710,0,1,58,1023,6,434,2,1,1,3,48,52,38,31,69,553,6,14,20,31,73,104,1,1,0,128,1,3,151,283,0,0,27,0,0,220,1,[],java-maven,258266,168093,650.852,0,0,0,0,0,0.192,0.396981,0.036,0.705714,0,0,1,0,1,0,0,0
44801,8687002371,54973527,github CI,feature/arm-aws,c9ce9bd5500274102aa359a91d497e6ca52faf79,.github/workflows/build.yml,success,12442882,lmdyyh,64,9,,,,pull_request,0,0,,1,failure,0,,0,0,0,0,0,0,0,0,0,0,0,0,0,0,0,0,0,0,0,0,0,0,0,0,0,0,0,0,128,0,0,0,0,0,0,0,0,0,47,1,[],java-maven,250619,164356,655.8,0,0,0,0,0,0.072,0.296842,0.01,0.661111,4,0,1,0,0,1,0,0
44802,8384619330,54973527,github CI,master,01d77da933cca1c7fdde458167038629ea988f85,.github/workflows/build.yml,success,12442882,LanternLee,62,5,0.0,0.0,,push,0,0,,0,success,1,b603d5d1aace0bbc9e450ece2d079cf8c0755a22,2,16,11,0,0,1,7,1,20,0,0,0,0,0,0,0,0,0,0,0,0,0,0,0,0,0,0,0,128,0,0,11,9,0,0,0,0,0,47,1,[],java-maven,250333,164258,656.158,0,0,0,0,0,0.032,0.642,0.008,0.814545,6,0,1,0,1,1,0,1
44803,8290534122,54973527,github CI,master,d10f49412549f02d7e1d632d4f2c160385b68781,.github/workflows/build.yml,success,12442882,lmdyyh,61,6,0.0,0.0,,push,4,0,773.0,0,success,1,deaa21aab7f6e15214230976dd3c1dc7f93cdc81,39,972,358,0,0,29,787,2,543,0,0,4,0,35,39,20,8,28,204,14,2,16,102,36,138,1,1,0,128,1,0,430,113,0,0,15,0,0,47,1,[],java-maven,250096,164180,656.468,0,0,0,0,0,0.024,0.788,0.02,0.877778,0,0,1,0,1,0,0,1
44804,7953541892,54973527,github CI,bugfix/some-bugs-fix,3af08be76ee3148d3b3854ee1ddcbfe91620283d,.github/workflows/build.yml,success,12442882,LanternLee,61,9,,,,pull_request,0,0,,0,failure,0,,0,0,0,0,0,0,0,0,0,0,0,0,0,0,0,0,0,0,0,0,0,0,0,0,0,0,0,0,128,0,0,0,0,0,0,0,0,0,47,1,[],java-maven,248717,163338,656.722,0,0,0,0,0,0.008,0.993333,0.0,1.0,0,0,1,0,1,0,0,0
44805,9251178656,54973527,github CI,feature/optimized-sentinel-reset,4570784d8bcc04bec84274d931160efebfd794ea,.github/workflows/build.yml,success,12442882,lilongjiao,65,11,0.0,0.0,,pull_request,6,0,801.0,0,success,5,7389327d34b8482078ac61b8f8810add38af9d35,77,1445,2719,2,0,69,2577,7,1583,1,1,11,19,56,86,48,34,82,290,18,11,29,188,268,456,1,1,0,128,3,21,450,1133,0,0,24,0,0,47,1,[],java-maven,250987,164642,655.978,0,0,0,0,0,0.05,0.691176,0.034,0.833077,2,1,1,0,0,0,0,0
44806,7611098376,54973527,github CI,bugfix/hailu_test_for_hetero,05a75a8e716b6f81a6ce99dffad72c20525bc393,.github/workflows/build.yml,success,12442882,tigerLuHai,61,9,,,,pull_request,0,0,,1,success,0,,0,0,0,0,0,0,0,0,0,0,0,0,0,0,0,0,0,0,0,0,0,0,0,0,0,0,0,0,128,0,0,0,0,0,0,0,0,0,47,1,[],java-maven,248522,163238,656.835,0,0,0,0,0,0.038,0.97625,0.0,1.0,0,0,1,0,1,0,0,0
44807,9155953219,54973527,github CI,bugfix/hailu_add_log,393f4bb03b5affe5d68bc2ebfb0b6b50b4becd99,.github/workflows/build.yml,success,12442882,tigerLuHai,65,10,,,,pull_request,0,0,,1,failure,0,,0,0,0,0,0,0,0,0,0,0,0,0,0,0,0,0,0,0,0,0,0,0,0,0,0,0,0,0,128,0,0,0,0,0,0,0,0,0,47,1,[],java-maven,251499,165129,656.579,0,0,0,0,0,0.028,0.67875,0.018,0.681875,0,0,1,0,0,0,0,0
44808,7418946153,54973527,github CI,feature/rebalance-keeper,ec9f73e21ce1b92bf6e99fb962f5981cfe83cd6d,.github/workflows/build.yml,success,12442882,passerbyzed,60,8,0.0,0.0,,pull_request,4,0,765.0,1,failure,4,112a10d3f1136181c1fbdd9712827c56cc9d121b,24,931,692,0,0,30,1408,2,215,0,0,11,0,21,32,12,22,34,135,12,12,24,128,24,152,1,1,0,128,11,0,128,87,0,0,33,0,0,47,1,[],java-maven,248162,163043,657.002,0,0,0,0,0,0.082,0.556182,0.012,0.661667,0,0,1,0,0,0,0,0
44809,9777349033,54973527,github CI,bugfix/routeUse,9ca89a44cda1ce40194cebee3de06811ffe74a38,.github/workflows/build.yml,success,12442882,passerbyzed,66,9,,,,pull_request,0,0,,0,success,0,,0,0,0,0,0,0,0,0,0,0,0,0,0,0,0,0,0,0,0,0,0,0,0,0,0,0,0,0,128,0,0,0,0,0,0,0,0,0,220,1,[],java-maven,257816,167982,651.558,0,0,0,0,0,0.192,0.22,0.034,0.85375,0,0,1,0,0,0,0,0
44810,9152326810,54973527,github CI,bugfix/hailu_add_log,6e9b533401cb09f28724244c9fec5bb7b611492a,.github/workflows/build.yml,success,12442882,tigerLuHai,64,9,,,,pull_request,0,0,,1,failure,0,,0,0,0,0,0,0,0,0,0,0,0,0,0,0,0,0,0,0,0,0,0,0,0,0,0,0,0,0,128,0,0,0,0,0,0,0,0,0,47,1,[],java-maven,251494,165133,656.608,0,0,0,0,0,0.022,0.706429,0.012,0.71,0,0,1,0,0,0,0,0
44811,9203855796,54973527,github CI,feature/optimized-sentinel-reset,8f92aec139453039e229ef4936df2f2915b4341b,.github/workflows/build.yml,success,12442882,lilongjiao,64,10,,,,pull_request,0,0,,0,failure,0,,0,0,0,0,0,0,0,0,0,0,0,0,0,0,0,0,0,0,0,0,0,0,0,0,0,0,0,0,128,0,0,0,0,0,0,0,0,0,47,1,[],java-maven,250788,164443,655.705,0,0,0,0,0,0.046,0.706364,0.036,0.974286,2,1,1,0,0,1,0,0
44812,9957410880,54973527,github CI,feature/full_link_health_check,bae23f6d205df2a001489d689c55224e54c3f883,.github/workflows/build.yml,success,12442882,passerbyzed,66,8,,,,pull_request,0,0,,1,failure,0,,0,0,0,0,0,0,0,0,0,0,0,0,0,0,0,0,0,0,0,0,0,0,0,0,0,0,0,0,128,0,0,0,0,0,0,0,0,0,220,1,[],java-maven,260310,168246,646.329,0,0,0,0,0,0.204,0.292195,0.048,0.384,0,0,1,0,0,0,0,0
44813,7471446756,54973527,github CI,feature/rebalance-keeper,9e92b7d9d2e72f97d2429612865b2e019764321f,.github/workflows/build.yml,success,12442882,passerbyzed,60,8,0.0,0.0,,pull_request,2,0,767.0,0,failure,1,f9bb25f735092e9b74f2652c55d2ec754e447652,1,8,17,0,0,1,25,1,0,0,0,0,0,1,1,0,0,0,0,0,0,0,0,0,0,1,0,0,128,0,0,0,0,0,0,1,0,0,47,1,[],java-maven,248360,163180,657.03,0,0,0,0,0,0.086,0.56375,0.016,0.686154,1,0,1,0,0,1,0,0
44814,9032101102,54973527,github CI,bugfix/check-keeper-role-before-reset,dcaec0aedd210c50cdcd6284489094c7f5845aac,.github/workflows/build.yml,success,12442882,lilongjiao,64,8,0.0,0.0,,pull_request,10,0,795.0,0,failure,1,d59110df5e2d7a03dd369af58ca3b2d8ea83bf8c,2,95,11,0,0,1,57,1,49,0,0,0,0,2,2,2,0,2,11,0,0,0,4,8,12,1,1,0,128,0,0,47,2,0,0,1,0,0,47,1,[],java-maven,250769,164412,655.631,0,0,0,0,0,0.02,0.983333,0.0,1.0,0,1,1,0,0,0,0,0
44815,7354854833,54973527,github CI,feature/console-fgc,90197b53ff4fc0d28c70a578973d1f6df1ad8271,.github/workflows/build.yml,success,12442882,LanternLee,60,8,0.0,0.0,,pull_request,30,0,762.0,1,success,3,cf9ac9dae4cc299bb0788b886ac44fb110efdc0d,18,205,80,0,0,15,240,1,45,0,0,0,0,18,18,15,5,20,161,2,1,3,8,14,22,1,1,0,128,0,0,24,21,0,0,7,0,0,47,1,[],java-maven,247967,163002,657.354,0,0,0,0,0,0.074,0.447308,0.026,0.787,4,0,1,0,1,0,0,0
44816,9777431847,54973527,github CI,feature/normal_alert,bcdf89e55bde5aa08502afde0ba3fc3def8e4b11,.github/workflows/build.yml,success,12442882,wangqifan,66,9,,,,pull_request,0,0,,0,success,0,,0,0,0,0,0,0,0,0,0,0,0,0,0,0,0,0,0,0,0,0,0,0,0,0,0,0,0,0,128,0,0,0,0,0,0,0,0,0,220,1,[],java-maven,258224,168093,650.958,0,0,0,0,0,0.192,0.347755,0.034,0.5415,0,0,1,0,1,0,0,0
44817,9774777462,54973527,github CI,feature/route-cluster-type,32592fb7ac4eb494dd9bc520a8ed6ac62e2dd6af,.github/workflows/build.yml,success,12442882,LanternLee,66,9,,,,pull_request,0,0,,1,failure,0,,0,0,0,0,0,0,0,0,0,0,0,0,0,0,0,0,0,0,0,0,0,0,0,0,0,0,0,0,128,0,0,0,0,0,0,0,0,0,220,1,[],java-maven,257972,168080,651.544,0,0,0,0,0,0.188,0.271538,0.034,0.485833,15,0,1,0,1,0,0,0
44818,7393771482,54973527,github CI,feature/keeper-optimize,3e460b853fdf4a9562382bf53b06bf15c380b03a,.github/workflows/build.yml,success,12442882,LanternLee,60,8,0.0,0.0,,pull_request,10,0,764.0,0,failure,1,112a10d3f1136181c1fbdd9712827c56cc9d121b,12,287,19,0,0,9,153,1,153,0,1,2,0,12,14,18,0,18,50,6,0,6,29,4,33,1,1,0,128,2,0,145,8,0,0,4,0,0,47,1,[],java-maven,248176,163139,657.352,0,0,0,0,0,0.074,0.484583,0.014,0.893,4,0,1,0,1,0,0,0
44819,9204619358,54973527,github CI,feature/optimized-sentinel-reset,937254a8d647c740464c2bf58ac3317fbf83fe38,.github/workflows/build.yml,success,12442882,lilongjiao,65,10,0.0,0.0,,pull_request,6,0,801.0,1,success,3,7389327d34b8482078ac61b8f8810add38af9d35,77,1206,2715,2,0,69,2533,7,1384,1,1,11,19,56,86,43,34,77,290,18,11,29,185,269,454,1,1,0,128,3,21,251,1133,0,0,24,0,0,47,1,[],java-maven,250796,164443,655.684,0,0,0,0,0,0.05,0.65,0.04,0.8,2,1,1,0,0,1,0,0
44820,7640661667,54973527,github CI,bugfix/hailu_test_for_hetero,c120f0bac155ace6d91da67dbcb2508656799d68,.github/workflows/build.yml,success,12442882,tigerLuHai,60,8,0.0,0.0,,pull_request,36,0,769.0,1,failure,2,b903aabebf13ae6eea55676621709d60aec895d0,8,387,172,0,0,6,174,1,385,0,0,1,0,8,9,4,0,4,35,1,0,1,12,0,12,1,1,0,128,1,0,220,165,0,0,2,0,0,47,1,[],java-maven,248542,163235,656.77,0,0,0,0,0,0.036,0.788,0.006,0.783571,0,0,1,0,1,0,0,0
44821,7338986690,54973527,github CI,feature/rebalance-keeper,02ff7f9b8074f0226e8718d259d876b9587f691f,.github/workflows/build.yml,success,12442882,passerbyzed,59,7,,,,pull_request,0,0,,1,success,0,,0,0,0,0,0,0,0,0,0,0,0,0,0,0,0,0,0,0,0,0,0,0,0,0,0,0,0,0,128,0,0,0,0,0,0,0,0,0,47,1,[],java-maven,247905,162998,657.502,0,0,0,0,0,0.068,0.583182,0.036,0.670811,0,0,1,0,0,1,0,0
44822,9675414576,54973527,github CI,bugfix/hailu_repair_arity,0390d1fe5646d3a042089f88742b6a4a6c26a7c2,.github/workflows/build.yml,failure,12442882,tigerLuHai,66,10,0.0,1.0,,pull_request,6,0,832.0,0,failure,1,0660dfe9e5368977bacd1a7ce94a9b6e5918afba,77,455,906,0,1,71,1185,6,176,1,1,1,6,49,56,17,25,42,224,9,9,18,27,86,113,1,1,0,128,1,6,89,87,0,0,12,0,0,47,1,[],java-maven,257280,167880,652.519,0,0,0,0,0,0.174,0.419412,0.078,0.512222,2,0,1,0,0,0,0,0
44823,9203338423,54973527,github CI,master,08b055eaa93dcba46fa1207861557a300cbccd34,.github/workflows/build.yml,failure,12442882,LanternLee,64,10,0.0,0.0,,push,4,0,784.0,0,success,6,fde05d505dc0ffc59ee154154007b40ca0a8b6a2,34,844,389,0,0,36,1023,4,210,1,0,8,1,29,38,23,11,34,145,9,4,13,93,34,127,1,1,0,128,8,1,181,29,0,0,8,0,0,47,1,[],java-maven,251900,165281,656.137,0,0,0,0,0,0.046,0.72125,0.038,0.72625,3,0,1,0,1,0,0,1
44824,9987210831,54973527,github CI,feature/bi_migration,6f7ce4cb76af4eb8391d9ceb44a30c419604604c,.github/workflows/build.yml,failure,12442882,LanternLee,67,9,0.0,5.0,{'refactor'},pull_request,35,0,845.0,1,success,5,641ae255c6572d322789c15af2ea6e1df83a5fb2,52,678,563,0,1,41,765,4,476,0,1,7,3,46,56,16,22,38,487,4,11,15,77,50,127,1,1,0,128,5,3,243,233,0,0,17,0,0,220,1,[],java-maven,258918,168250,649.82,0,0,0,0,0,0.184,0.352,0.048,0.52,20,0,1,0,1,0,0,0
44825,7611878084,54973527,github CI,bugfix/hailu_test_for_hetero,46688f263a430c87df25366e1271dba1af417558,.github/workflows/build.yml,failure,12442882,tigerLuHai,61,9,,,,pull_request,0,0,,1,success,0,,0,0,0,0,0,0,0,0,0,0,0,0,0,0,0,0,0,0,0,0,0,0,0,0,0,0,0,0,128,0,0,0,0,0,0,0,0,0,47,1,[],java-maven,248523,163238,656.833,0,0,0,0,0,0.038,0.867778,0.002,0.87375,0,0,1,0,1,0,0,0
44826,8518699170,54973527,github CI,feature/rebalance-keeper,267bfb2c165f65b6b8b4be61fbf6e41abf334317,.github/workflows/build.yml,failure,12442882,passerbyzed,63,7,,,,pull_request,0,0,,0,failure,0,,0,0,0,0,0,0,0,0,0,0,0,0,0,0,0,0,0,0,0,0,0,0,0,0,0,0,0,0,128,0,0,0,0,0,0,0,0,0,47,1,[],java-maven,250804,164388,655.444,0,0,0,0,0,0.068,0.490556,0.026,0.490714,1,0,1,0,0,1,0,0
44827,8520062268,54973527,github CI,feature/rebalance-keeper,231033f51ded4d4fc24fd28375ea08c147013241,.github/workflows/build.yml,failure,12442882,passerbyzed,63,7,,,,pull_request,0,0,,1,failure,0,,0,0,0,0,0,0,0,0,0,0,0,0,0,0,0,0,0,0,0,0,0,0,0,0,0,0,0,0,128,0,0,0,0,0,0,0,0,0,47,1,[],java-maven,250820,164388,655.402,0,0,0,0,0,0.07,0.477027,0.026,0.458,1,0,1,0,0,1,0,0
44828,9675698744,54973527,github CI,feature/delay_send_alert,9d1a9cfec5c0c84e163a35c2af07c06ed0164538,.github/workflows/build.yml,failure,12442882,wangqifan,66,10,,,,pull_request,0,0,,1,failure,0,,0,0,0,0,0,0,0,0,0,0,0,0,0,0,0,0,0,0,0,0,0,0,0,0,0,0,0,0,128,0,0,0,0,0,0,0,0,0,47,1,[],java-maven,257639,167851,651.497,0,0,0,0,0,0.178,0.347187,0.08,0.390909,0,0,1,0,1,0,0,0
44829,9282526044,54973527,github CI,feature/rebalance-keeper,a7126f7aa52c84c95a53b0c54fe27f2a42819663,.github/workflows/build.yml,failure,12442882,passerbyzed,65,11,,,,pull_request,0,0,,0,failure,0,,0,0,0,0,0,0,0,0,0,0,0,0,0,0,0,0,0,0,0,0,0,0,0,0,0,0,0,0,128,0,0,0,0,0,0,0,0,0,47,1,[],java-maven,252081,165297,655.73,0,0,0,0,0,0.066,0.4725,0.032,0.530909,0,0,1,0,0,1,0,0
44830,8276838206,54973527,github CI,feature/rebalance-keeper,a55a3172e0286e3f1d0c4b9c591793e34141bd72,.github/workflows/build.yml,failure,12442882,passerbyzed,61,6,,,,pull_request,0,0,,1,failure,0,,0,0,0,0,0,0,0,0,0,0,0,0,0,0,0,0,0,0,0,0,0,0,0,0,0,0,0,0,128,0,0,0,0,0,0,0,0,0,47,1,[],java-maven,249876,163914,655.981,0,0,0,0,0,0.02,0.6125,0.018,0.701429,0,0,1,0,0,1,0,0
44831,9579295727,54973527,github CI,feature/rebalance-keeper,0966a200fba123295f07733d195f1b889178ffdb,.github/workflows/build.yml,failure,12442882,passerbyzed,66,11,,,,pull_request,0,0,,0,failure,0,,0,0,0,0,0,0,0,0,0,0,0,0,0,0,0,0,0,0,0,0,0,0,0,0,0,0,0,0,128,0,0,0,0,0,0,0,0,0,47,1,[],java-maven,254528,166849,655.523,0,0,0,0,0,0.132,0.234815,0.046,0.320556,0,0,1,0,0,0,0,0
44832,9776936292,54973527,github CI,feature/route-cluster-type,92946b5a4ece2370c544447bcd2be46e3c004e84,.github/workflows/build.yml,failure,12442882,LanternLee,66,9,,,,pull_request,0,0,,1,failure,0,,0,0,0,0,0,0,0,0,0,0,0,0,0,0,0,0,0,0,0,0,0,0,0,0,0,0,0,0,128,0,0,0,0,0,0,0,0,0,220,1,[],java-maven,258003,168114,651.597,0,0,0,0,0,0.192,0.260741,0.036,0.447692,15,0,1,0,1,0,0,0
44833,9903173045,54973527,github CI,feature/compent-track,ffe41a19652aa11704ed4a7867123b0800fb6202,.github/workflows/build.yml,failure,12442882,wangqifan,66,9,,,,pull_request,0,0,,0,failure,0,,0,0,0,0,0,0,0,0,0,0,0,0,0,0,0,0,0,0,0,0,0,0,0,0,0,0,0,0,128,0,0,0,0,0,0,0,0,0,220,1,[],java-maven,258831,168240,649.999,0,0,0,0,0,0.2,0.382979,0.024,0.813333,0,0,1,0,1,0,0,0
44834,8810224548,54973527,github CI,master,d59110df5e2d7a03dd369af58ca3b2d8ea83bf8c,.github/workflows/build.yml,failure,12442882,LanternLee,64,9,0.0,0.0,,push,12,0,794.0,0,success,1,354c2ef957836ac205494a2ce774808f5e66fccd,7,79,15,0,0,6,87,4,7,2,0,0,0,3,3,1,0,1,27,1,0,1,5,3,8,1,1,0,128,0,0,4,3,0,0,1,0,0,47,1,[],java-maven,250704,164367,655.622,0,0,0,0,0,0.062,0.477857,0.002,0.831667,5,0,1,0,1,0,0,1
44835,8521561739,54973527,github CI,feature/proxy-netty-arm,86448d56a094cbb6df6378ad9ec43976f69a5140,.github/workflows/build.yml,failure,12442882,lmdyyh,63,7,,,,pull_request,0,0,,0,failure,0,,0,0,0,0,0,0,0,0,0,0,0,0,0,0,0,0,0,0,0,0,0,0,0,0,0,0,0,0,128,0,0,0,0,0,0,0,0,0,47,1,[],java-maven,250614,164356,655.813,0,0,0,0,0,0.072,0.576,0.028,0.6075,1,0,1,0,1,0,0,0
44836,9269525393,54973527,github CI,feature/optimized-sentinel-reset,2d2e51418fa2b41556e5fa99d8e2ff0af39b34d3,.github/workflows/build.yml,failure,12442882,lilongjiao,65,11,0.0,0.0,,pull_request,6,0,801.0,1,failure,7,7389327d34b8482078ac61b8f8810add38af9d35,77,1716,2742,2,0,69,2661,7,1793,1,1,11,19,56,86,52,35,87,289,17,11,28,193,270,463,1,1,0,128,3,21,660,1133,0,0,25,0,0,47,1,[],java-maven,251173,164852,656.328,0,0,0,0,0,0.058,0.557619,0.026,0.639412,2,1,1,0,0,0,0,0
44837,9645845745,54973527,github CI,bugfix/balance-keeper,919d66fd30f372c79de4318a6d1046721b2c0ff5,.github/workflows/build.yml,failure,12442882,passerbyzed,66,11,,,,pull_request,0,0,,1,failure,0,,0,0,0,0,0,0,0,0,0,0,0,0,0,0,0,0,0,0,0,0,0,0,0,0,0,0,0,0,128,0,0,0,0,0,0,0,0,0,47,1,[],java-maven,257252,167839,652.43,0,0,0,0,0,0.172,0.165806,0.094,0.212692,0,0,1,0,0,1,0,0
44838,9638559242,54973527,github CI,feature/upgrade-version,8661bebf3c44d6eccb8880d40fc4b07b278dc35d,.github/workflows/build.yml,failure,12442882,LanternLee,66,11,0.0,1.0,,pull_request,10,0,828.0,0,failure,1,367bd19f30b5cbb488cd895dc35b619ffaa4b46f,20,20,20,0,1,18,36,1,4,0,1,0,0,0,0,0,0,0,0,0,0,0,0,0,0,0,0,0,128,0,0,2,2,0,0,0,0,0,47,1,[],java-maven,257240,167851,652.507,0,0,0,0,0,0.156,0.316154,0.078,0.431538,15,0,1,0,1,0,0,0
44839,9609620630,54973527,github CI,master,367bd19f30b5cbb488cd895dc35b619ffaa4b46f,.github/workflows/build.yml,failure,12442882,lmdyyh,66,10,1.0,1.0,{'fix'},push,15,0,824.0,0,failure,1,d279f57625a000e498f0f0221e5bcf2cc6bf648c,22,3568,271,0,0,44,2942,1,897,0,0,44,0,22,66,12,11,23,66,7,10,17,176,5,181,1,1,0,128,44,0,885,12,0,0,7,0,0,47,1,[],java-maven,257240,167851,652.507,0,0,0,0,0,0.148,0.304286,0.072,0.58,0,0,1,0,0,1,0,1
44840,9281360930,54973527,github CI,master,abadabed5b5f077ad5cf82497f5f78a20da21c04,.github/workflows/build.yml,failure,12442882,lmdyyh,65,11,1.0,1.0,{'fix'},push,6,0,807.0,0,success,1,532d66c47806419f74ee4afe747072a2dc996e09,1,1,1,0,0,1,2,1,0,0,0,0,0,1,1,0,0,0,15,0,0,0,0,0,0,1,0,0,128,0,0,0,0,0,0,1,0,0,47,1,[],java-maven,252417,165781,656.774,0,0,0,0,0,0.064,0.607273,0.032,0.605,0,0,1,0,0,1,0,1
44841,9607652407,54973527,github CI,master,54a4ccea1c6b4084d9109c738084dc6bd7cc7f28,.github/workflows/build.yml,failure,12442882,lmdyyh,66,11,1.0,1.0,{'fix'},push,6,0,827.0,0,failure,1,3a8e7da74a994ae9ab9ddb5536cbe929908a5be8,5,226,5,2,0,8,194,2,35,1,1,5,0,5,10,1,0,1,4,0,0,0,31,0,31,1,1,0,128,8,0,35,0,0,0,1,0,0,47,1,[],java-maven,254496,166864,655.665,0,0,0,0,0,0.138,0.331538,0.062,0.67,0,0,1,0,0,1,0,1
44842,9280388727,54973527,github CI,feature/rebalance-keeper,e0127494f99759e79f65bb28dd93a5fa6cf23dc1,.github/workflows/build.yml,failure,12442882,passerbyzed,66,12,,,,pull_request,0,0,,0,failure,0,,0,0,0,0,0,0,0,0,0,0,0,0,0,0,0,0,0,0,0,0,0,0,0,0,0,0,0,0,128,0,0,0,0,0,0,0,0,0,47,1,[],java-maven,252072,165297,655.753,0,0,0,0,0,0.062,0.517273,0.03,0.585,0,0,1,0,0,1,0,0
44843,9739880178,54973527,github CI,feature/delay_send_alert,6f9719dfa0c2066e2f1a90e0214cf83f91bf8dfd,.github/workflows/build.yml,failure,12442882,wangqifan,66,10,,,,pull_request,0,0,,0,failure,0,,0,0,0,0,0,0,0,0,0,0,0,0,0,0,0,0,0,0,0,0,0,0,0,0,0,0,0,0,128,0,0,0,0,0,0,0,0,0,220,1,[],java-maven,257699,167851,651.345,0,0,0,0,0,0.18,0.281395,0.062,0.2845,0,0,1,0,1,0,0,0
44844,8685156396,54973527,github CI,master,2b6a21128d0d39a40f77ed7efcc4521669ef9904,.github/workflows/build.yml,failure,12442882,lmdyyh,64,9,0.0,0.0,,push,6,0,792.0,0,failure,1,991054d17955de9f212cc4d1f295abc1a60e3555,1,5,4,0,0,1,9,1,0,0,0,0,0,1,1,0,0,0,8,0,0,0,1,0,1,1,0,0,128,0,0,0,0,0,0,0,0,0,47,1,[],java-maven,250619,164356,655.8,0,0,0,0,0,0.07,0.273529,0.008,0.708571,4,0,1,0,0,1,0,1
44845,8689053468,54973527,github CI,master,b5a1d0bd60cfd1ff9fb956dd55a37d9d9292f1a8,.github/workflows/build.yml,failure,12442882,LanternLee,64,8,0.0,0.0,,push,6,0,793.0,1,success,1,2b6a21128d0d39a40f77ed7efcc4521669ef9904,2,3,3,0,0,1,4,2,2,1,1,0,0,1,1,0,0,0,7,0,0,0,0,0,0,0,1,0,128,0,0,1,1,0,0,0,0,0,47,1,[],java-maven,250619,164356,655.8,0,0,0,0,0,0.074,0.566471,0.018,0.575833,5,0,1,0,1,1,0,1
44846,9675721001,54973527,github CI,feature/delay_send_alert,cb0948153ff493c0816b46c5e0ba05d9107009ff,.github/workflows/build.yml,failure,12442882,wangqifan,66,10,,,,pull_request,0,0,,1,failure,0,,0,0,0,0,0,0,0,0,0,0,0,0,0,0,0,0,0,0,0,0,0,0,0,0,0,0,0,0,128,0,0,0,0,0,0,0,0,0,47,1,[],java-maven,257640,167851,651.494,0,0,0,0,0,0.18,0.336364,0.082,0.373478,0,0,1,0,1,0,0,0
44847,7640374712,54973527,github CI,bugfix/hailu_test_for_hetero,c064eca7bd7fa291cb0327215a0bd13de38dfca4,.github/workflows/build.yml,failure,12442882,tigerLuHai,61,9,,,,pull_request,0,0,,1,success,0,,0,0,0,0,0,0,0,0,0,0,0,0,0,0,0,0,0,0,0,0,0,0,0,0,0,0,0,0,128,0,0,0,0,0,0,0,0,0,47,1,[],java-maven,248522,163215,656.743,0,0,0,0,0,0.036,0.772857,0.006,0.766923,0,0,1,0,1,0,0,0
44848,9285583096,54973527,github CI,master,6768995c39a0b915c51f3ef8674d400a4242dd94,.github/workflows/build.yml,failure,12442882,LanternLee,66,12,1.0,1.0,{'revert'},push,40,0,810.0,0,failure,1,19a8aa6261806d6046d1f0bf62f4cb414855358d,1,1,1,0,1,1,2,1,0,0,0,0,0,1,1,0,0,0,15,0,0,0,0,0,0,1,0,0,128,0,0,0,0,0,0,1,0,0,47,1,[],java-maven,252417,165781,656.774,0,0,0,0,0,0.078,0.661,0.044,0.7225,5,0,1,0,1,1,0,1
44849,9888239248,54973527,github CI,feature/bi_migration,772c0d87481a0e974e6029fe5429cad4429d0de0,.github/workflows/build.yml,failure,12442882,LanternLee,66,9,,,,pull_request,0,0,,0,failure,0,,0,0,0,0,0,0,0,0,0,0,0,0,0,0,0,0,0,0,0,0,0,0,0,0,0,0,0,0,128,0,0,0,0,0,0,0,0,0,220,1,[],java-maven,258655,168321,650.755,0,0,0,0,0,0.188,0.373143,0.018,0.7425,20,0,1,0,1,0,0,0
44850,9561737584,54973527,github CI,feature/rebalance-keeper,609e1126c26cc0586a319e9224cbf1082b87e5ec,.github/workflows/build.yml,failure,12442882,passerbyzed,66,10,,,,pull_request,0,0,,1,failure,0,,0,0,0,0,0,0,0,0,0,0,0,0,0,0,0,0,0,0,0,0,0,0,0,0,0,0,0,0,128,0,0,0,0,0,0,0,0,0,47,1,[],java-maven,253632,166010,654.531,0,0,0,0,0,0.114,0.246818,0.034,0.322,0,0,1,0,0,1,0,0
44851,9778268924,54973527,github CI,bugfix/routeUse,face53364f5d57552796ce8f0a469a8e6e9e8aa3,.github/workflows/build.yml,failure,12442882,passerbyzed,66,9,,,,pull_request,0,0,,1,failure,0,,0,0,0,0,0,0,0,0,0,0,0,0,0,0,0,0,0,0,0,0,0,0,0,0,0,0,0,0,128,0,0,0,0,0,0,0,0,0,220,1,[],java-maven,257815,167982,651.56,0,0,0,0,0,0.192,0.207059,0.036,0.682,0,0,1,0,0,0,0,0
44852,9885588448,54973527,github CI,feature/full_link_health_check,4ce958d3f58baff49f32854d7be9ab18bbaba6af,.github/workflows/build.yml,failure,12442882,,66,9,,,,pull_request,0,0,,0,failure,0,,0,0,0,0,0,0,0,0,0,0,0,0,0,0,0,0,0,0,0,0,0,0,0,0,0,0,0,0,128,0,0,0,0,0,0,0,0,0,220,1,[],java-maven,258598,168240,650.585,0,0,0,0,0,0.188,0.676667,0.016,0.82,54,0,1,0,1,0,0,0
44853,9770882172,54973527,github CI,master,8090984a5aa828cf16789c40869eb9c2c4e629cf,.github/workflows/build.yml,failure,12442882,LanternLee,66,9,0.0,1.0,,push,24,0,833.0,0,success,1,3e330f017fdfc136baa09b09bec3480a26774cc8,5,353,62,0,1,7,304,1,111,0,0,3,0,5,8,6,0,6,12,0,0,0,33,12,45,1,1,0,128,3,0,111,0,0,0,1,0,0,267,1,[],java-maven,258009,168093,651.501,0,0,0,0,0,0.184,0.264348,0.048,0.476,15,0,1,0,1,1,0,1
44854,9884820680,54973527,github CI,feature/full_link_health_check,61fe31c98db8e60847fe78bbf5bc387070b54d44,.github/workflows/build.yml,failure,12442882,passerbyzed,66,9,,,,pull_request,0,0,,1,failure,0,,0,0,0,0,0,0,0,0,0,0,0,0,0,0,0,0,0,0,0,0,0,0,0,0,0,0,0,0,128,0,0,0,0,0,0,0,0,0,220,1,[],java-maven,258971,168240,649.648,0,0,0,0,0,0.186,0.257442,0.016,0.565714,0,0,1,0,0,0,0,0
44855,9993631745,54973527,github CI,feature/full_link_health_check,892e4b9bfc84452d7e51093ae0a15ede0dcd2709,.github/workflows/build.yml,failure,12442882,passerbyzed,67,9,,,,pull_request,0,0,,1,failure,0,,0,0,0,0,0,0,0,0,0,0,0,0,0,0,0,0,0,0,0,0,0,0,0,0,0,0,0,0,128,0,0,0,0,0,0,0,0,0,220,1,[],java-maven,261310,168256,643.894,0,0,0,0,0,0.182,0.318158,0.042,0.424375,0,0,1,0,0,0,0,0
44856,8688346802,54973527,github CI,feature/arm-aws-and-ut,90e39d34dd0e97373f1ddef37093d977e81835e2,.github/workflows/build.yml,failure,12442882,LanternLee,64,8,0.0,0.0,,pull_request,6,0,793.0,1,failure,1,2b6a21128d0d39a40f77ed7efcc4521669ef9904,2,3,3,0,0,1,4,2,2,1,1,0,0,1,1,0,0,0,7,0,0,0,0,0,0,0,1,0,128,0,0,1,1,0,0,0,0,0,47,1,[],java-maven,250619,164356,655.8,0,0,0,0,0,0.072,0.545714,0.016,0.546667,4,0,1,0,1,0,0,0
44857,8432402256,54973527,github CI,master,93d7c85ef16d8290b7511019776684d746d4dbb2,.github/workflows/build.yml,failure,12442882,LanternLee,62,6,0.0,0.0,,push,4,0,781.0,0,success,3,01d77da933cca1c7fdde458167038629ea988f85,23,759,457,0,0,26,1030,4,186,1,0,4,0,16,20,32,23,55,73,17,9,26,54,12,66,1,1,0,128,4,0,126,60,0,0,16,0,0,47,1,[],java-maven,250585,164324,655.762,0,0,0,0,0,0.044,0.608571,0.014,0.86625,7,0,1,0,1,0,0,1
44858,10037548021,54973527,github CI,feature/hickwall-no-time-no-posting,dee33f3604d92cd26b28b1e68ea030dc312d4055,.github/workflows/build.yml,failure,12442882,wangqifan,67,9,0.0,1.0,,pull_request,28,0,852.0,1,success,1,98911168d48198b9efd4cf0cb4128eb79be32d11,67,555,1630,0,1,63,1702,7,483,1,1,5,11,55,71,24,31,55,596,14,7,21,62,105,167,1,1,0,128,3,16,163,320,0,0,22,0,0,220,1,[],java-maven,258839,168240,649.979,0,0,0,0,0,0.158,0.433571,0.03,0.7375,0,0,1,0,1,0,0,0
44859,8532306565,54973527,github CI,feature/arm-for-proxy,479e7f8f9cf103ac9e1ca4222dbc05a1322c977a,.github/workflows/build.yml,failure,12442882,lmdyyh,64,8,0.0,0.0,,pull_request,10,0,788.0,0,failure,1,671bd366f974a8126d87f0b22bd999a062b104b8,2,6,1,0,0,2,7,1,0,0,0,0,0,0,0,0,0,0,0,0,0,0,0,0,0,0,0,0,128,0,0,0,0,0,0,0,0,0,47,1,[],java-maven,250619,164356,655.8,0,0,0,0,0,0.08,0.477778,0.036,0.438182,2,0,1,0,0,0,0,0
44860,9597341716,54973527,github CI,feature/mail-transmit-checkerleader,c5401ef8d6938a69b17ef70ecb70daf07df39030,.github/workflows/build.yml,failure,12442882,wangqifan,66,10,,,,pull_request,0,0,,1,success,0,,0,0,0,0,0,0,0,0,0,0,0,0,0,0,0,0,0,0,0,0,0,0,0,0,0,0,0,0,128,0,0,0,0,0,0,0,0,0,47,1,[],java-maven,253618,165971,654.413,0,0,0,0,0,0.134,0.536087,0.056,0.593846,0,0,1,0,1,0,0,0
44861,9287009821,54973527,github CI,master,6a6f3c844125ae8436e7ff26c907e0d0dbbefe20,.github/workflows/build.yml,failure,12442882,LanternLee,66,12,0.0,1.0,{'fix'},push,8,0,812.0,1,failure,1,42e70cfc70018524b8e6be3bc1775e2e10e3b549,4,48,13,0,0,3,49,1,12,0,0,0,0,4,4,3,0,3,9,1,0,1,0,0,0,1,1,0,128,0,0,8,4,0,0,2,0,0,47,1,[],java-maven,251977,165329,656.127,0,0,0,0,0,0.088,0.468571,0.054,0.4775,8,0,1,0,1,0,0,1
44862,9155455725,54973527,github CI,feature/rebalance-keeper,57b2d6bb976551fd6069928a545c0ece4e1ba9e1,.github/workflows/build.yml,failure,12442882,passerbyzed,65,10,,,,pull_request,0,0,,0,success,0,,0,0,0,0,0,0,0,0,0,0,0,0,0,0,0,0,0,0,0,0,0,0,0,0,0,0,0,0,128,0,0,0,0,0,0,0,0,0,47,1,[],java-maven,251027,164553,655.519,0,0,0,0,0,0.024,0.688,0.014,0.821667,0,0,1,0,0,1,0,0
44863,9396536276,54973527,github CI,feature/crdt-support-sync,d81a11181cb7348621cb84c783dcacdaab971f33,.github/workflows/build.yml,failure,12442882,tigerLuHai,66,12,0.0,1.0,{'feat'},pull_request,9,0,816.0,1,success,1,eb24378228093ffbc42f6b9d17a556ea1ccbb692,23,1758,809,0,0,27,2403,1,164,0,0,11,0,23,34,14,0,14,84,10,0,10,70,4,74,1,1,0,128,11,0,163,1,0,0,1,0,0,47,1,[],java-maven,252741,165504,654.836,0,0,0,0,0,0.106,0.518077,0.012,0.630909,1,0,1,0,0,0,0,0
44864,9676233723,54973527,github CI,master,d9b651b051cea202b2a607d81d37719da2351818,.github/workflows/build.yml,failure,12442882,lmdyyh,66,10,1.0,1.0,{'fix'},push,6,0,832.0,0,failure,1,0660dfe9e5368977bacd1a7ce94a9b6e5918afba,19,153,143,0,1,16,185,1,111,0,0,0,2,19,21,1,9,10,67,2,0,2,2,7,9,1,1,0,128,0,2,70,41,0,0,5,0,0,47,1,[],java-maven,257650,167907,651.686,0,0,0,0,0,0.182,0.272667,0.084,0.458,0,0,1,0,0,1,0,1
44865,9778086412,54973527,github CI,bugfix/routeUse,29987d29a934dd26f7ee1a4c96f02a244b51ec5e,.github/workflows/build.yml,failure,12442882,passerbyzed,66,9,,,,pull_request,0,0,,0,success,0,,0,0,0,0,0,0,0,0,0,0,0,0,0,0,0,0,0,0,0,0,0,0,0,0,0,0,0,0,128,0,0,0,0,0,0,0,0,0,220,1,[],java-maven,257814,167982,651.563,0,0,0,0,0,0.192,0.213333,0.034,0.758889,0,0,1,0,0,0,0,0
44866,9888291379,54973527,github CI,feature/bi_migration,915d95f5b56aa715f85024ffc1646fff70451611,.github/workflows/build.yml,failure,12442882,LanternLee,67,10,,,,pull_request,0,0,,1,failure,0,,0,0,0,0,0,0,0,0,0,0,0,0,0,0,0,0,0,0,0,0,0,0,0,0,0,0,0,0,128,0,0,0,0,0,0,0,0,0,220,1,[],java-maven,258655,168321,650.755,0,0,0,0,0,0.19,0.3625,0.02,0.684615,20,0,1,0,1,0,0,0
44867,9956568394,54973527,github CI,feature/full_link_health_check,3a5b3337ca69a306b10b90eccfd7c26534ec0ecf,.github/workflows/build.yml,failure,12442882,passerbyzed,66,8,,,,pull_request,0,0,,1,failure,0,,0,0,0,0,0,0,0,0,0,0,0,0,0,0,0,0,0,0,0,0,0,0,0,0,0,0,0,0,128,0,0,0,0,0,0,0,0,0,220,1,[],java-maven,260295,168246,646.367,0,0,0,0,0,0.208,0.260952,0.048,0.34,0,0,1,0,0,0,0,0
44868,9907496861,54973527,github CI,feature/bi_migration,8cef5cb1ba3f855921be94cbbf3f66ff472068d6,.github/workflows/build.yml,failure,12442882,LanternLee,66,9,,,,pull_request,0,0,,0,failure,0,,0,0,0,0,0,0,0,0,0,0,0,0,0,0,0,0,0,0,0,0,0,0,0,0,0,0,0,0,128,0,0,0,0,0,0,0,0,0,220,1,[],java-maven,258723,168366,650.758,0,0,0,0,0,0.214,0.331389,0.04,0.58,19,0,1,0,1,1,0,0
44869,9597941005,54973527,github CI,feature/mail-transmit-checkerleader,95722b8aabc815ef92db3b6385a18f485e6c1acc,.github/workflows/build.yml,failure,12442882,wangqifan,66,11,,,,pull_request,0,0,,1,success,0,,0,0,0,0,0,0,0,0,0,0,0,0,0,0,0,0,0,0,0,0,0,0,0,0,0,0,0,0,128,0,0,0,0,0,0,0,0,0,47,1,[],java-maven,253614,165971,654.424,0,0,0,0,0,0.136,0.5328,0.058,0.580667,0,0,1,0,1,0,0,0
44870,9286844580,54973527,github CI,bugfix/rdb-channel-killed,24504291afaacb9a3c779bd0291b914087242d97,.github/workflows/build.yml,failure,12442882,LanternLee,66,12,0.0,1.0,{'fix'},pull_request,8,0,812.0,1,failure,1,42e70cfc70018524b8e6be3bc1775e2e10e3b549,4,48,13,0,0,3,49,1,12,0,0,0,0,4,4,3,0,3,9,1,0,1,0,0,0,1,1,0,128,0,0,8,4,0,0,2,0,0,47,1,[],java-maven,251977,165329,656.127,0,0,0,0,0,0.086,0.505385,0.052,0.521818,7,0,1,0,1,0,0,0
44871,9269599937,54973527,github CI,master,532d66c47806419f74ee4afe747072a2dc996e09,.github/workflows/build.yml,failure,12442882,lmdyyh,65,11,1.0,1.0,{'fix'},push,6,0,801.0,0,failure,1,7389327d34b8482078ac61b8f8810add38af9d35,5,776,185,0,0,4,307,2,654,1,1,0,0,4,4,16,4,20,36,3,0,3,21,7,28,1,1,0,128,0,0,555,99,0,0,3,0,0,47,1,[],java-maven,252417,165781,656.774,0,0,0,0,0,0.06,0.67,0.028,0.694286,0,0,1,0,0,1,0,1
44872,9295591609,54973527,github CI,master,c8a9d13e03f426a7128d475642519a9f6887e46f,.github/workflows/build.yml,failure,12442882,LanternLee,66,12,0.0,1.0,{'fix'},push,12,0,814.0,1,failure,1,a9019d8f0ebdd4d0acbc9df0346a214140f1b967,5,47,12,0,1,4,40,1,19,0,0,0,0,5,5,3,1,4,18,1,0,1,0,0,0,1,1,0,128,0,0,18,1,0,0,6,0,0,47,1,[],java-maven,251979,165342,656.174,0,0,0,0,0,0.094,0.418333,0.058,0.419375,11,0,1,0,1,0,0,1
44873,10040041702,54973527,github CI,master,9c32e02e55d8e22170cd2dccd247844f046dff99,.github/workflows/build.yml,failure,12442882,LanternLee,67,9,0.0,1.0,,push,2,0,844.0,0,success,1,66fd364601b3010ac4dfbce3b20955663e8df7ca,36,3172,48,0,1,76,2752,5,468,1,0,46,0,31,77,29,0,29,341,7,0,7,429,26,455,1,1,0,128,48,0,454,14,0,0,0,0,0,267,1,[],java-maven,262211,168837,643.897,0,0,0,0,0,0.162,0.383514,0.034,0.487857,21,0,1,0,1,0,0,1
44874,9696587191,54973527,github CI,master,3e330f017fdfc136baa09b09bec3480a26774cc8,.github/workflows/build.yml,failure,12442882,LanternLee,66,10,0.0,1.0,{'feat'},push,6,0,836.0,0,success,1,d1f4b7d739c33bf7446fd1ae05fb14f9798938b0,2,34,2,0,1,0,0,1,36,0,0,0,0,2,2,1,0,1,0,1,0,1,3,1,4,0,1,0,128,0,0,34,2,0,0,1,0,0,267,1,[],java-maven,257802,167982,651.593,0,0,0,0,0,0.178,0.277727,0.09,0.346875,14,0,1,0,1,1,0,1
44875,9217615255,54973527,github CI,feature/proxy-client-maven,d5d74562068383fbdbdf206489060dd40d415ffc,.github/workflows/build.yml,failure,12442882,wangqifan,64,10,,,,pull_request,0,0,,0,success,0,,0,0,0,0,0,0,0,0,0,0,0,0,0,0,0,0,0,0,0,0,0,0,0,0,0,0,0,0,128,0,0,0,0,0,0,0,0,0,47,1,[],java-maven,251900,165281,656.137,0,0,0,0,0,0.052,0.7175,0.042,0.72375,0,0,1,0,1,0,0,0
44876,9577876471,54973527,github CI,feature/mail-transmit-checkerleader,81319193c25ea9cc59efa23c57b4e4e0267d4547,.github/workflows/build.yml,failure,12442882,wangqifan,66,10,,,,pull_request,0,0,,0,failure,0,,0,0,0,0,0,0,0,0,0,0,0,0,0,0,0,0,0,0,0,0,0,0,0,0,0,0,0,0,128,0,0,0,0,0,0,0,0,0,47,1,[],java-maven,253541,165971,654.612,0,0,0,0,0,0.126,0.551176,0.04,0.58,0,0,1,0,1,0,0,0
44877,9476526465,54973527,github CI,bugfix/ConnectionUtil-NPE,e5b6a945e319d212ec9404625cffdc94638d1d9d,.github/workflows/build.yml,failure,12442882,wangqifan,66,12,0.0,1.0,{'chore'},pull_request,21,0,821.0,1,success,1,b561af15f541f40198a6e904da6b67587afeaff3,21,25,22,0,1,19,43,2,4,0,1,0,0,1,1,0,0,0,5,0,0,0,0,0,0,1,0,0,128,0,0,2,2,0,0,0,0,0,47,1,[],java-maven,253258,165971,655.344,0,0,0,0,0,0.114,0.648462,0.026,0.73375,0,0,1,0,1,0,0,0
44878,8187076010,54973527,github CI,master,fe23abdde630cf73bb7999c0513100bc069b643e,.github/workflows/build.yml,failure,12442882,lmdyyh,61,6,0.0,0.0,,push,10,0,772.0,0,failure,1,aa41c04a53531e9216f7c3f15d353115f170d6ce,88,1641,678,0,0,61,1477,1,842,0,1,4,1,88,93,74,31,105,496,35,5,40,126,36,162,1,1,0,128,4,1,673,169,0,0,49,0,0,47,1,[],java-maven,249343,163739,656.682,0,0,0,0,0,0.004,0.83,0.004,0.83,0,0,1,0,1,1,0,1
44879,9122216267,54973527,github CI,bugfix/hailu_add_log,05b5490da9379c8bdb6a34d5d2240d8c15bc0514,.github/workflows/build.yml,failure,12442882,tigerLuHai,65,10,,,,pull_request,0,0,,1,failure,0,,0,0,0,0,0,0,0,0,0,0,0,0,0,0,0,0,0,0,0,0,0,0,0,0,0,0,0,0,128,0,0,0,0,0,0,0,0,0,47,1,[],java-maven,251488,165133,656.624,0,0,0,0,0,0.018,0.691,0.012,0.694,0,0,1,0,0,0,0,0
44880,9412952630,54973527,github CI,feature/reset-sentinels,2be79ffb00fd1d79253cbed34d7f4fbfb5cbfec2,.github/workflows/build.yml,failure,12442882,lilongjiao,66,12,0.0,1.0,{'perf'},pull_request,12,0,817.0,0,failure,1,6f84148106d2cb9965875e5cb69b5ce35986cd7d,5,827,182,0,1,4,342,2,667,1,1,0,0,4,4,16,3,19,27,3,0,3,18,5,23,1,1,0,128,0,0,567,100,0,0,2,0,0,47,1,[],java-maven,253252,165971,655.359,0,0,0,0,0,0.11,0.461111,0.016,0.82,8,1,1,0,0,0,0,0
44881,9641790801,54973527,github CI,master,59d97e113f15ab28a065306608ef366324baef6b,.github/workflows/build.yml,failure,12442882,LanternLee,66,11,0.0,1.0,,push,24,0,825.0,0,failure,1,488677b09dea3da4a355318edf109a41ba539b26,10,535,116,0,1,14,651,1,0,0,1,4,0,10,14,4,8,12,54,3,6,9,68,16,84,1,0,0,128,4,0,0,0,0,0,1,0,0,47,1,[],java-maven,257570,167851,651.671,0,0,0,0,0,0.166,0.302593,0.088,0.397143,17,0,1,0,1,1,0,1
44882,9186694839,54973527,github CI,bugfix/hailu_add_log,a0143df610ff3f301a2c1d57b75639782212086b,.github/workflows/build.yml,failure,12442882,tigerLuHai,64,9,,,,pull_request,0,0,,1,failure,0,,0,0,0,0,0,0,0,0,0,0,0,0,0,0,0,0,0,0,0,0,0,0,0,0,0,0,0,0,128,0,0,0,0,0,0,0,0,0,47,1,[],java-maven,251487,165129,656.61,0,0,0,0,0,0.038,0.568947,0.028,0.571579,0,0,1,0,0,0,0,0
44883,8518048086,54973527,github CI,feature/proxy-jdk17,53b070758ed217517a62ecef148d56d2ff66ad30,.github/workflows/build.yml,failure,12442882,lmdyyh,63,7,0.0,0.0,,pull_request,4,0,785.0,0,success,2,e9f5fc2e1f27214605e65c570df1b85e234277ea,30,51,51,0,0,24,86,2,16,1,1,0,0,10,10,0,0,0,9,0,0,0,22,22,44,1,1,0,128,0,0,8,8,0,0,0,0,0,47,1,[],java-maven,250618,164356,655.803,0,0,0,0,0,0.062,0.668462,0.02,0.816667,0,0,1,0,1,0,0,0
44884,9856108919,54973527,github CI,feature/full_link_health_check,c07eb8ace8475394d7aada3a8522502615585dc8,.github/workflows/build.yml,failure,12442882,passerbyzed,66,9,,,,pull_request,0,0,,0,success,0,,0,0,0,0,0,0,0,0,0,0,0,0,0,0,0,0,0,0,0,0,0,0,0,0,0,0,0,0,128,0,0,0,0,0,0,0,0,0,220,1,[],java-maven,258982,168240,649.62,0,0,0,0,0,0.192,0.256744,0.03,0.571053,0,0,1,0,0,0,0,0
44885,7458571292,54973527,github CI,bugfix/keepercontainer_api,ce571db292614e6c253404eed7d69ee2cbb9f48b,.github/workflows/build.yml,failure,12442882,LanternLee,60,8,0.0,0.0,,pull_request,8,0,766.0,0,failure,1,1269d7e21da770cf31865cdaa7737f1375993872,3,29,21,0,0,3,50,1,0,0,0,0,0,3,3,1,0,1,30,0,0,0,2,0,2,1,0,0,128,0,0,0,0,0,0,0,0,0,47,1,[],java-maven,248369,163180,657.006,0,0,0,0,0,0.088,0.483077,0.014,0.86625,5,0,1,0,1,0,0,0
44886,9557796917,54973527,github CI,master,f66d3f9f81782dc9b5ca9486808c1d6b9f520d12,.github/workflows/build.yml,failure,12442882,wenchaomeng,66,10,0.0,1.0,{'docs'},push,0,0,,0,failure,1,7f40046a67f382132c6c081968b22463a85625b3,1,123,0,0,0,0,0,1,0,0,1,0,0,0,0,0,0,0,0,0,0,0,0,0,0,0,0,0,128,1,0,0,0,2,0,0,0,0,47,1,[],java-maven,253415,165971,654.938,0,0,0,0,0,0.106,0.745,0.02,0.816667,1,1,1,0,0,1,0,1
44887,9696177431,54973527,github CI,bugfix/start_alert_test,6f18eb9b6179463625edd885b1e12c46f4b26352,.github/workflows/build.yml,failure,12442882,wangqifan,66,10,0.0,1.0,{'feat'},pull_request,6,0,836.0,1,failure,1,d1f4b7d739c33bf7446fd1ae05fb14f9798938b0,26,196,324,0,1,19,419,3,101,0,0,0,2,25,27,20,11,31,45,12,11,23,7,33,40,1,1,0,128,0,3,45,56,0,0,24,0,0,220,1,[],java-maven,257674,167939,651.75,0,0,0,0,0,0.176,0.27122,0.09,0.233929,0,0,1,0,1,1,0,0
44888,9169672583,54973527,github CI,feature/iam,85dfc10209308d98c5560fa439016587901b423a,.github/workflows/build.yml,failure,12442882,LanternLee,65,10,0.0,0.0,,pull_request,6,0,800.0,0,success,2,06753da14824ce2586d3b1721b28d9f9cb95a3dd,5,6,4,0,0,5,10,4,0,2,0,0,0,0,0,0,0,0,0,0,0,0,0,0,0,0,0,0,128,0,0,0,0,0,0,0,0,0,47,1,[],java-maven,250764,164396,655.581,0,0,0,0,0,0.032,0.73,0.022,0.841429,2,0,1,0,1,0,0,0
44889,9856233783,54973527,github CI,master,eb590538e28eaa73426dda0672e1b1c8ab8f7154,.github/workflows/build.yml,failure,12442882,LanternLee,66,9,0.0,3.0,{'feat'},push,24,0,838.0,0,failure,3,0095dc7a7994710d8a26ca81cd930a90d40bd090,9,355,33,0,1,10,388,2,0,0,1,1,0,8,9,8,0,8,33,5,1,6,20,1,21,1,0,0,128,1,0,0,0,0,0,7,0,0,267,1,[],java-maven,258598,168240,650.585,0,0,0,0,0,0.194,0.372286,0.032,0.623158,21,0,1,0,1,1,0,1
44890,8631107496,54973527,github CI,feature/arm-aws,146eac86efdd399f6c0196b1559fc4bfb7ce59f1,.github/workflows/build.yml,failure,12442882,lmdyyh,64,8,,,,pull_request,0,0,,1,failure,0,,0,0,0,0,0,0,0,0,0,0,0,0,0,0,0,0,0,0,0,0,0,0,0,0,0,0,0,0,128,0,0,0,0,0,0,0,0,0,47,1,[],java-maven,250618,164356,655.803,0,0,0,0,0,0.072,0.368889,0.002,0.831667,4,0,1,0,0,1,0,0
44891,9580379857,54973527,github CI,feature/rebalance-keeper,e7f1dc7ee35944ba631888791fde2329b3fa11c8,.github/workflows/build.yml,failure,12442882,passerbyzed,66,11,,,,pull_request,0,0,,1,failure,0,,0,0,0,0,0,0,0,0,0,0,0,0,0,0,0,0,0,0,0,0,0,0,0,0,0,0,0,0,128,0,0,0,0,0,0,0,0,0,47,1,[],java-maven,254557,166849,655.448,0,0,0,0,0,0.134,0.226071,0.048,0.303158,0,0,1,0,0,0,0,0
44892,9395953301,54973527,github CI,master,eb24378228093ffbc42f6b9d17a556ea1ccbb692,.github/workflows/build.yml,failure,12442882,lmdyyh,66,12,1.0,1.0,{'fix'},push,12,0,815.0,0,success,1,c8a9d13e03f426a7128d475642519a9f6887e46f,1,5,1,0,0,1,6,1,0,0,0,0,0,1,1,0,0,0,13,0,0,0,0,0,0,1,0,0,128,0,0,0,0,0,0,1,0,0,47,1,[],java-maven,251983,165342,656.163,0,0,0,0,0,0.104,0.498462,0.01,0.825,0,0,1,0,0,1,0,1
44893,9558955330,54973527,github CI,feature/rebalance-keeper,a663cd6be93d8e5c471d207719d8ef9ad8ec23d1,.github/workflows/build.yml,failure,12442882,passerbyzed,66,10,,,,pull_request,0,0,,1,failure,0,,0,0,0,0,0,0,0,0,0,0,0,0,0,0,0,0,0,0,0,0,0,0,0,0,0,0,0,0,128,0,0,0,0,0,0,0,0,0,47,1,[],java-maven,253603,165985,654.507,0,0,0,0,0,0.114,0.301667,0.028,0.441818,0,0,1,0,0,0,0,0
44894,9955745331,54973527,github CI,feature/full_link_health_check,b10b9f04639ab857986dd543b1a06c759f991cbb,.github/workflows/build.yml,failure,12442882,passerbyzed,66,8,,,,pull_request,0,0,,1,failure,0,,0,0,0,0,0,0,0,0,0,0,0,0,0,0,0,0,0,0,0,0,0,0,0,0,0,0,0,0,128,0,0,0,0,0,0,0,0,0,220,1,[],java-maven,260292,168240,646.351,0,0,0,0,0,0.206,0.267561,0.052,0.316,0,0,1,0,0,0,0,0
44895,8532351622,54973527,github CI,master,a91deecca3ebce1a23771c2692d39e5e42d67739,.github/workflows/build.yml,failure,12442882,lmdyyh,64,8,0.0,0.0,,push,10,0,788.0,1,failure,1,671bd366f974a8126d87f0b22bd999a062b104b8,2,6,1,0,0,2,7,1,0,0,0,0,0,0,0,0,0,0,0,0,0,0,0,0,0,0,0,0,128,0,0,0,0,0,0,0,0,0,47,1,[],java-maven,250619,164356,655.8,0,0,0,0,0,0.082,0.452105,0.038,0.400833,3,0,1,0,0,1,0,1
44896,9566202771,54973527,github CI,master,72c430e527221a1d89631c7c2b9d96d27b63b70d,.github/workflows/build.yml,failure,12442882,LanternLee,66,11,0.0,6.0,,push,4,0,805.0,0,success,6,f66d3f9f81782dc9b5ca9486808c1d6b9f520d12,21,285,39,0,1,18,279,4,45,1,1,0,0,15,15,14,0,14,119,3,0,3,4,2,6,1,1,0,128,0,0,42,3,0,0,1,0,0,47,1,[],java-maven,253633,166010,654.528,0,0,0,0,0,0.122,0.3695,0.042,0.72375,13,0,1,0,1,0,0,1
44897,9856539495,54973527,github CI,feature/full_link_health_check,6fd13dd46c47f7261ece7d82667caa44975b2116,.github/workflows/build.yml,failure,12442882,passerbyzed,66,9,,,,pull_request,0,0,,0,failure,0,,0,0,0,0,0,0,0,0,0,0,0,0,0,0,0,0,0,0,0,0,0,0,0,0,0,0,0,0,128,0,0,0,0,0,0,0,0,0,220,1,[],java-maven,259033,168240,649.493,0,0,0,0,0,0.196,0.250455,0.034,0.5415,0,0,1,0,0,0,0,0
44898,9381164720,54973527,github CI,bugfix/delay-checker-release-fail,18a12076950eddd1faf1b2cd6f42bb4bb087071d,.github/workflows/build.yml,failure,12442882,LanternLee,65,11,0.0,1.0,{'fix'},pull_request,12,0,815.0,1,failure,1,c8a9d13e03f426a7128d475642519a9f6887e46f,1,5,1,0,0,1,6,1,0,0,0,0,0,1,1,0,0,0,13,0,0,0,0,0,0,1,0,0,128,0,0,0,0,0,0,1,0,0,47,1,[],java-maven,251983,165342,656.163,0,0,0,0,0,0.096,0.395789,0.024,0.392,11,0,1,0,1,0,0,0
44899,9905336582,54973527,github CI,featur/delay-cancel,2d9c30352cdd4d3c44e3bf04c8468876262fc9ef,.github/workflows/build.yml,failure,12442882,wangqifan,66,9,0.0,1.0,,pull_request,12,0,848.0,0,failure,1,eb590538e28eaa73426dda0672e1b1c8ab8f7154,2,5,38,0,1,1,12,1,31,0,0,0,0,2,2,0,1,1,29,0,1,1,0,0,0,1,1,0,128,0,0,1,30,0,0,1,0,0,220,1,[],java-maven,258575,168211,650.531,0,0,0,0,0,0.208,0.3592,0.034,0.483,0,0,1,0,1,0,0,0
44900,9645668502,54973527,github CI,bugfix/balance-keeper,aa7e239de1981a78dfc70769ecf341f79841c971,.github/workflows/build.yml,failure,12442882,passerbyzed,66,11,,,,pull_request,0,0,,1,failure,0,,0,0,0,0,0,0,0,0,0,0,0,0,0,0,0,0,0,0,0,0,0,0,0,0,0,0,0,0,128,0,0,0,0,0,0,0,0,0,47,1,[],java-maven,257232,167839,652.481,0,0,0,0,0,0.17,0.171667,0.092,0.2216,0,0,1,0,0,1,0,0
44901,9953343085,54973527,github CI,feature/full_link_health_check,8088e1c38dc9be0b5e19ac5eb4ac4b425b5b713c,.github/workflows/build.yml,failure,12442882,passerbyzed,66,8,,,,pull_request,0,0,,0,failure,0,,0,0,0,0,0,0,0,0,0,0,0,0,0,0,0,0,0,0,0,0,0,0,0,0,0,0,0,0,128,0,0,0,0,0,0,0,0,0,220,1,[],java-maven,260099,168240,646.831,0,0,0,0,0,0.208,0.260952,0.05,0.339286,0,0,1,0,0,0,0,0
44902,8462202969,54973527,github CI,master,e9f5fc2e1f27214605e65c570df1b85e234277ea,.github/workflows/build.yml,failure,12442882,LanternLee,63,7,0.0,0.0,,push,14,0,783.0,0,success,2,93d7c85ef16d8290b7511019776684d746d4dbb2,22,62,25,0,0,19,51,2,36,0,1,0,0,2,2,2,0,2,16,0,0,0,2,0,2,1,1,0,128,0,0,34,2,0,0,0,0,0,47,1,[],java-maven,250618,164356,655.803,0,0,0,0,0,0.05,0.579545,0.02,0.7375,8,0,1,0,1,1,0,1
44903,8521707374,54973527,github CI,master,671bd366f974a8126d87f0b22bd999a062b104b8,.github/workflows/build.yml,failure,12442882,lmdyyh,63,7,0.0,0.0,,push,8,0,787.0,1,failure,1,cf14511b3d54d79ecb928d7eb8e2d1f5c7594b6b,2,2,7,0,0,2,9,1,0,0,1,0,0,0,0,0,0,0,0,0,0,0,0,0,0,0,0,0,128,0,0,0,0,0,0,0,0,0,47,1,[],java-maven,250614,164356,655.813,0,0,0,0,0,0.076,0.507059,0.032,0.484,2,0,1,0,1,1,0,1
44904,8872777506,54973527,github CI,feature/rebalance-keeper,20345432aa19eeb32f2851d06b75db6c31eafb26,.github/workflows/build.yml,failure,12442882,passerbyzed,64,8,,,,pull_request,0,0,,1,failure,0,,0,0,0,0,0,0,0,0,0,0,0,0,0,0,0,0,0,0,0,0,0,0,0,0,0,0,0,0,128,0,0,0,0,0,0,0,0,0,47,1,[],java-maven,250822,164396,655.429,0,0,0,0,0,0.05,0.519231,0.006,0.774444,0,0,1,0,0,1,0,0
44905,9558554857,54973527,github CI,feature/rebalance-keeper,87d8954ea2d66a31f9a14ef490215ed97c0e2bf6,.github/workflows/build.yml,failure,12442882,passerbyzed,66,10,,,,pull_request,0,0,,1,failure,0,,0,0,0,0,0,0,0,0,0,0,0,0,0,0,0,0,0,0,0,0,0,0,0,0,0,0,0,0,128,0,0,0,0,0,0,0,0,0,47,1,[],java-maven,253445,165987,654.923,0,0,0,0,0,0.11,0.340625,0.024,0.542222,0,0,1,0,0,1,0,0
44906,9691870026,54973527,github CI,feature/migration_token,963ea44c29705005c40be1781ed84e80098733e7,.github/workflows/build.yml,failure,12442882,wangqifan,66,10,,,,pull_request,0,0,,1,failure,0,,0,0,0,0,0,0,0,0,0,0,0,0,0,0,0,0,0,0,0,0,0,0,0,0,0,0,0,0,128,0,0,0,0,0,0,0,0,0,47,1,[],java-maven,257645,167885,651.614,0,0,0,0,0,0.168,0.293684,0.086,0.2628,0,0,1,0,1,0,0,0
44907,9905215141,54973527,github CI,feature/full_link_health_check,f49a111fc6a4ffbd38a72c1f35a3da2347b93fb2,.github/workflows/build.yml,failure,12442882,passerbyzed,66,9,,,,pull_request,0,0,,0,failure,0,,0,0,0,0,0,0,0,0,0,0,0,0,0,0,0,0,0,0,0,0,0,0,0,0,0,0,0,0,128,0,0,0,0,0,0,0,0,0,220,1,[],java-maven,259647,168240,647.957,0,0,0,0,0,0.206,0.238478,0.032,0.44,0,0,1,0,0,0,0,0
44908,9990293390,54973527,github CI,master,dc5280e682b13802f104aff54fa8ef105f183d9f,.github/workflows/build.yml,failure,12442882,LanternLee,67,9,0.0,1.0,,push,8,0,850.0,0,success,1,23f724cc081008614327ca0b49cb9a44231766a6,1,21,0,0,0,1,21,1,0,0,0,0,0,1,1,1,0,1,28,0,0,0,0,0,0,1,0,0,128,0,0,0,0,0,0,0,0,0,267,1,[],java-maven,258940,168250,649.764,0,0,0,0,0,0.182,0.361282,0.046,0.564167,22,0,1,0,1,1,0,1
44909,9202368199,54973527,github CI,feature/rebalance-keeper,b850e4d0e7c3cf3e37028f20d1d588840599b506,.github/workflows/build.yml,failure,12442882,passerbyzed,65,10,,,,pull_request,0,0,,1,failure,0,,0,0,0,0,0,0,0,0,0,0,0,0,0,0,0,0,0,0,0,0,0,0,0,0,0,0,0,0,128,0,0,0,0,0,0,0,0,0,47,1,[],java-maven,251126,164565,655.308,0,0,0,0,0,0.042,0.479,0.032,0.605,0,0,1,0,0,1,0,0
44910,9691219074,54973527,github CI,feature/migration_token,135a29830c51dfb41bee62c2249a10ec0386a1bc,.github/workflows/build.yml,failure,12442882,wangqifan,66,10,,,,pull_request,0,0,,1,failure,0,,0,0,0,0,0,0,0,0,0,0,0,0,0,0,0,0,0,0,0,0,0,0,0,0,0,0,0,0,128,0,0,0,0,0,0,0,0,0,47,1,[],java-maven,257650,167883,651.593,0,0,0,0,0,0.166,0.301892,0.084,0.274167,0,0,1,0,1,0,0,0
44911,9891048838,54973527,github CI,feature/jemalloc,20ceb13c9d523dd46b511c312052340712d31dab,.github/workflows/build.yml,failure,12442882,lmdyyh,66,9,0.0,3.0,,pull_request,2,0,846.0,1,failure,3,eb590538e28eaa73426dda0672e1b1c8ab8f7154,22,117,579,0,1,21,631,5,65,1,1,0,2,18,20,3,19,22,65,1,8,9,1,31,32,1,1,0,128,0,2,25,40,0,0,10,0,0,220,1,[],java-maven,258230,168225,651.454,0,0,0,0,0,0.194,0.413529,0.022,0.765556,0,0,1,0,0,0,0,0
44912,9494636335,54973527,github CI,master,3cd20da113f7dbd8983e5cc0c4202404f104348e,.github/workflows/build.yml,failure,12442882,LanternLee,66,12,0.0,1.0,,push,30,0,819.0,0,failure,1,b561af15f541f40198a6e904da6b67587afeaff3,8,78,2,0,0,8,80,1,0,0,1,0,0,8,8,4,0,4,60,2,0,2,9,0,9,1,0,0,128,0,0,0,0,0,0,1,0,0,47,1,[],java-maven,253316,165971,655.194,0,0,0,0,0,0.12,0.37,0.022,0.815,13,0,1,0,1,1,0,1
44913,9512977795,54973527,github CI,debug/startClusterAlert,ab7bbde6c5fb429ac5897162ce5d257b55c3ee52,.github/workflows/build.yml,failure,12442882,wangqifan,66,10,0.0,1.0,{'fix'},pull_request,12,0,822.0,0,success,1,7f40046a67f382132c6c081968b22463a85625b3,1,2,3,0,0,1,5,1,0,0,0,0,0,1,1,0,0,0,24,0,0,0,0,0,0,1,0,0,128,0,0,0,0,0,0,0,0,0,47,1,[],java-maven,253318,165971,655.188,0,0,0,0,0,0.112,0.614118,0.018,0.608462,0,0,1,0,1,0,0,0
44914,7621937797,54973527,github CI,bugfix/hailu_test_for_hetero,a9ad50e6e9f29a572ed7dcf9d4cce2947d70a35b,.github/workflows/build.yml,failure,12442882,tigerLuHai,61,9,,,,pull_request,0,0,,1,success,0,,0,0,0,0,0,0,0,0,0,0,0,0,0,0,0,0,0,0,0,0,0,0,0,0,0,0,0,0,128,0,0,0,0,0,0,0,0,0,47,1,[],java-maven,248541,163243,656.805,0,0,0,0,0,0.04,0.816667,0.004,0.816364,0,0,1,0,1,0,0,0
44915,9775220183,54973527,github CI,feature/normal_alert,5e38aa421d25b0e0a3f7c9a09033568f10a44724,.github/workflows/build.yml,failure,12442882,wangqifan,66,9,,,,pull_request,0,0,,0,success,0,,0,0,0,0,0,0,0,0,0,0,0,0,0,0,0,0,0,0,0,0,0,0,0,0,0,0,0,0,128,0,0,0,0,0,0,0,0,0,220,1,[],java-maven,258192,168093,651.039,0,0,0,0,0,0.188,0.334583,0.036,0.491,0,0,1,0,1,0,0,0
44916,9269321816,54973527,github CI,feature/optimized-sentinel-reset,1ac09e250bd882fc88a301b10d812675c12935ea,.github/workflows/build.yml,failure,12442882,lilongjiao,64,10,0.0,0.0,,pull_request,6,0,801.0,1,failure,6,7389327d34b8482078ac61b8f8810add38af9d35,77,1713,2742,2,0,69,2658,7,1793,1,1,11,19,56,86,52,35,87,289,17,11,28,193,270,463,1,1,0,128,3,21,660,1133,0,0,25,0,0,47,1,[],java-maven,251173,164852,656.328,0,0,0,0,0,0.056,0.586,0.024,0.68,2,1,1,0,0,0,0,0
44917,7471592387,54973527,github CI,master,807df4a6bd087aee5e734a09d493c3f028bd7544,.github/workflows/build.yml,failure,12442882,lmdyyh,60,8,0.0,0.0,,push,2,0,767.0,0,success,1,f9bb25f735092e9b74f2652c55d2ec754e447652,1,8,17,0,0,1,25,1,0,0,0,0,0,1,1,0,0,0,0,0,0,0,0,0,0,1,0,0,128,0,0,0,0,0,0,1,0,0,47,1,[],java-maven,248360,163180,657.03,0,0,0,0,0,0.088,0.38,0.018,0.545556,0,0,1,0,1,1,0,1
44918,8532475249,54973527,github CI,master,991054d17955de9f212cc4d1f295abc1a60e3555,.github/workflows/build.yml,failure,12442882,lmdyyh,64,8,0.0,0.0,,push,6,0,789.0,1,failure,1,a91deecca3ebce1a23771c2692d39e5e42d67739,1,1,1,0,0,1,2,1,0,0,0,0,0,0,0,0,0,0,0,0,0,0,0,0,0,0,0,0,128,0,0,0,0,0,0,0,0,0,47,1,[],java-maven,250618,164356,655.803,0,0,0,0,0,0.086,0.408095,0.042,0.342143,4,0,1,0,0,1,0,1
44919,9608707023,54973527,github CI,master,d279f57625a000e498f0f0221e5bcf2cc6bf648c,.github/workflows/build.yml,failure,12442882,LanternLee,66,10,0.0,2.0,{'build'},push,2,0,826.0,1,failure,2,54a4ccea1c6b4084d9109c738084dc6bd7cc7f28,34,408,28,0,1,29,318,4,118,1,0,2,0,30,32,33,0,33,170,12,0,12,34,7,41,1,1,0,128,2,0,116,2,0,0,5,0,0,47,1,[],java-maven,254807,166978,655.312,0,0,0,0,0,0.142,0.3316,0.066,0.513077,15,0,1,0,1,0,0,1
44920,9578420729,54973527,github CI,feature/mail-transmit-checkerleader,fa4a44ca792560a3d4f9151b1d5590295972cf31,.github/workflows/build.yml,failure,12442882,wangqifan,66,11,,,,pull_request,0,0,,1,success,0,,0,0,0,0,0,0,0,0,0,0,0,0,0,0,0,0,0,0,0,0,0,0,0,0,0,0,0,0,128,0,0,0,0,0,0,0,0,0,47,1,[],java-maven,253540,165971,654.615,0,0,0,0,0,0.13,0.5175,0.044,0.521538,0,0,1,0,1,0,0,0
44921,9288328325,54973527,github CI,bugfix/rdb-channel-killed,4c4a454b7e290bc8a2496e78df6813819c784ec2,.github/workflows/build.yml,failure,12442882,LanternLee,66,12,0.0,1.0,{'fix'},pull_request,12,0,814.0,1,success,1,a9019d8f0ebdd4d0acbc9df0346a214140f1b967,5,47,12,0,1,4,40,1,19,0,0,0,0,5,5,3,1,4,18,1,0,1,0,0,0,1,1,0,128,0,0,18,1,0,0,6,0,0,47,1,[],java-maven,251979,165342,656.174,0,0,0,0,0,0.092,0.443529,0.058,0.447333,10,0,1,0,1,0,0,0
44922,9674413592,54973527,github CI,bugfix/hailu_repair_arity,ccc7b6f850f2b5b197d93c57a798d500ee429842,.github/workflows/build.yml,failure,12442882,tigerLuHai,66,10,,,,pull_request,0,0,,0,failure,0,,0,0,0,0,0,0,0,0,0,0,0,0,0,0,0,0,0,0,0,0,0,0,0,0,0,0,0,0,128,0,0,0,0,0,0,0,0,0,47,1,[],java-maven,257255,167859,652.5,0,0,0,0,0,0.17,0.476667,0.076,0.5775,2,0,1,0,0,0,0,0
44923,8518272241,54973527,github CI,master,cf14511b3d54d79ecb928d7eb8e2d1f5c7594b6b,.github/workflows/build.yml,failure,12442882,lmdyyh,63,7,0.0,0.0,,push,4,0,785.0,0,failure,1,e9f5fc2e1f27214605e65c570df1b85e234277ea,30,51,51,0,0,24,86,2,16,1,1,0,0,10,10,0,0,0,9,0,0,0,22,22,44,1,1,0,128,0,0,8,8,0,0,0,0,0,47,1,[],java-maven,250618,164356,655.803,0,0,0,0,0,0.066,0.619286,0.024,0.697143,1,0,1,0,1,1,0,1
44924,9903492701,54973527,github CI,feature/compent-track,9532fe91674486d30550b439523c4591aa35b323,.github/workflows/build.yml,failure,12442882,wangqifan,66,9,,,,pull_request,0,0,,1,failure,0,,0,0,0,0,0,0,0,0,0,0,0,0,0,0,0,0,0,0,0,0,0,0,0,0,0,0,0,0,128,0,0,0,0,0,0,0,0,0,220,1,[],java-maven,258839,168240,649.979,0,0,0,0,0,0.202,0.374792,0.026,0.695714,0,0,1,0,1,0,0,0
44925,9610187763,54973527,github CI,feature/mail-transmit-checkerleader,8de6aab96e365a2879f3a22693bfbc0cefd2c352,.github/workflows/build.yml,failure,12442882,wangqifan,66,10,,,,pull_request,0,0,,1,failure,0,,0,0,0,0,0,0,0,0,0,0,0,0,0,0,0,0,0,0,0,0,0,0,0,0,0,0,0,0,128,0,0,0,0,0,0,0,0,0,47,1,[],java-maven,253623,165971,654.4,0,0,0,0,0,0.152,0.49037,0.076,0.478889,0,0,1,0,1,0,0,0
44926,9265735429,54973527,github CI,feature/optimized-sentinel-reset,1ac09e250bd882fc88a301b10d812675c12935ea,.github/workflows/build.yml,failure,12442882,lilongjiao,64,10,0.0,0.0,,pull_request,6,0,801.0,0,success,6,7389327d34b8482078ac61b8f8810add38af9d35,77,1713,2742,2,0,69,2658,7,1793,1,1,11,19,56,86,52,35,87,289,17,11,28,193,270,463,1,1,0,128,3,21,660,1133,0,0,25,0,0,47,1,[],java-maven,251173,164852,656.328,0,0,0,0,0,0.052,0.652222,0.022,0.777857,2,1,1,0,0,0,0,0
44927,9124647185,54973527,github CI,bugfix/hailu_add_log,d49fd34174afcaff298f8f8f863ba176ed4e2c3d,.github/workflows/build.yml,failure,12442882,tigerLuHai,64,9,,,,pull_request,0,0,,1,success,0,,0,0,0,0,0,0,0,0,0,0,0,0,0,0,0,0,0,0,0,0,0,0,0,0,0,0,0,0,128,0,0,0,0,0,0,0,0,0,47,1,[],java-maven,251494,165133,656.608,0,0,0,0,0,0.022,0.683846,0.016,0.686154,0,0,1,0,0,0,0,0
44928,9645153459,54973527,github CI,bugfix/balance-keeper,ccaf36ef7a80e03e7f368bd889bd7e15928e6fa9,.github/workflows/build.yml,failure,12442882,passerbyzed,66,11,,,,pull_request,0,0,,0,failure,0,,0,0,0,0,0,0,0,0,0,0,0,0,0,0,0,0,0,0,0,0,0,0,0,0,0,0,0,0,128,0,0,0,0,0,0,0,0,0,47,1,[],java-maven,257231,167839,652.484,0,0,0,0,0,0.168,0.177931,0.09,0.23125,0,0,1,0,0,1,0,0
44929,9958635874,54973527,github CI,feature/full_link_health_check,9ba8fae8ca15170049b9b160c44df44a07c39558,.github/workflows/build.yml,failure,12442882,passerbyzed,67,9,,,,pull_request,0,0,,1,success,0,,0,0,0,0,0,0,0,0,0,0,0,0,0,0,0,0,0,0,0,0,0,0,0,0,0,0,0,0,128,0,0,0,0,0,0,0,0,0,220,1,[],java-maven,260352,168246,646.225,0,0,0,0,0,0.204,0.267805,0.05,0.359375,0,0,1,0,0,0,0,0
44930,9761548686,54973527,github CI,bugfix/routeUse,404182e59b7090c330e5ea52bceb1dd1c8a18a60,.github/workflows/build.yml,failure,12442882,passerbyzed,66,9,,,,pull_request,0,0,,0,success,0,,0,0,0,0,0,0,0,0,0,0,0,0,0,0,0,0,0,0,0,0,0,0,0,0,0,0,0,0,128,0,0,0,0,0,0,0,0,0,220,1,[],java-maven,257814,167982,651.563,0,0,0,0,0,0.182,0.169667,0.046,0.795,0,0,1,0,0,0,0,0
44931,8325562198,54973527,github CI,feature/sre-api,b4f0cf41d45063c2bcd837751c1cbb3ece7ae0be,.github/workflows/build.yml,failure,12442882,LanternLee,62,7,,,,pull_request,0,0,,0,success,0,,0,0,0,0,0,0,0,0,0,0,0,0,0,0,0,0,0,0,0,0,0,0,0,0,0,0,0,0,128,0,0,0,0,0,0,0,0,0,47,1,[],java-maven,250237,164225,656.278,0,0,0,0,0,0.026,0.591333,0.012,0.771111,4,0,1,0,1,0,0,0
44932,9675460276,54973527,github CI,feature/delay_send_alert,1a721f74b70c5016953d02ff45597bf0591a2639,.github/workflows/build.yml,failure,12442882,wangqifan,66,10,,,,pull_request,0,0,,0,failure,0,,0,0,0,0,0,0,0,0,0,0,0,0,0,0,0,0,0,0,0,0,0,0,0,0,0,0,0,0,128,0,0,0,0,0,0,0,0,0,47,1,[],java-maven,257639,167851,651.497,0,0,0,0,0,0.176,0.35871,0.08,0.390909,0,0,1,0,1,0,0,0
44933,9792021118,54973527,github CI,bugfix/balance-keeper,93da64af5f19950326e24c06df18fd724d0b80d7,.github/workflows/build.yml,failure,12442882,passerbyzed,66,9,,,,pull_request,0,0,,1,success,0,,0,0,0,0,0,0,0,0,0,0,0,0,0,0,0,0,0,0,0,0,0,0,0,0,0,0,0,0,128,0,0,0,0,0,0,0,0,0,220,1,[],java-maven,258318,168240,651.29,0,0,0,0,0,0.19,0.25125,0.032,0.615,0,0,1,0,0,1,0,0
44934,9564880778,54973527,github CI,feature/rebalance-keeper,dadb20cbfa58b4be3d409e6f479bce36e26bb7c0,.github/workflows/build.yml,failure,12442882,passerbyzed,66,11,,,,pull_request,0,0,,0,success,0,,0,0,0,0,0,0,0,0,0,0,0,0,0,0,0,0,0,0,0,0,0,0,0,0,0,0,0,0,128,0,0,0,0,0,0,0,0,0,47,1,[],java-maven,253590,165985,654.541,0,0,0,0,0,0.118,0.225417,0.038,0.282941,0,0,1,0,0,1,0,0
44935,9935101152,54973527,github CI,feature/compent-track,f839ce15e8846e4f6c10db213a54473a0661c923,.github/workflows/build.yml,failure,12442882,wangqifan,66,8,,,,pull_request,0,0,,0,failure,0,,0,0,0,0,0,0,0,0,0,0,0,0,0,0,0,0,0,0,0,0,0,0,0,0,0,0,0,0,128,0,0,0,0,0,0,0,0,0,220,1,[],java-maven,258831,168240,649.999,0,0,0,0,0,0.216,0.351373,0.042,0.435455,0,0,1,0,1,0,0,0
44936,9939988868,54973527,github CI,master,42b12cbe3f13322b3a8b73bcdcbf131fc54764e7,.github/workflows/build.yml,failure,12442882,LanternLee,66,8,0.0,1.0,{'feat'},push,10,0,847.0,0,success,1,eb590538e28eaa73426dda0672e1b1c8ab8f7154,5,307,6,0,0,12,309,1,4,0,1,9,0,4,13,0,0,0,19,0,0,0,47,1,48,1,1,0,128,8,0,2,2,0,0,1,0,0,267,1,[],java-maven,258828,168240,650.007,0,0,0,0,0,0.218,0.339737,0.044,0.525455,20,0,1,0,1,1,0,1
44937,9204502354,54973527,github CI,feature/optimized-sentinel-reset,79f69358002dea2305bd874b753ffc12247c5013,.github/workflows/build.yml,failure,12442882,lilongjiao,64,10,,,,pull_request,0,0,,1,failure,0,,0,0,0,0,0,0,0,0,0,0,0,0,0,0,0,0,0,0,0,0,0,0,0,0,0,0,0,0,128,0,0,0,0,0,0,0,0,0,47,1,[],java-maven,250792,164443,655.695,0,0,0,0,0,0.05,0.596154,0.04,0.755556,2,1,1,0,0,1,0,0
44938,9032209141,54973527,github CI,bugfix/check-keeper-role-before-reset,3ccae99fbbb46f8e9c8d1ba78bf59c6baa51a6b9,.github/workflows/build.yml,failure,12442882,lilongjiao,64,8,0.0,0.0,,pull_request,10,0,795.0,1,success,2,d59110df5e2d7a03dd369af58ca3b2d8ea83bf8c,2,95,11,0,0,1,57,1,49,0,0,0,0,2,2,2,0,2,11,0,0,0,4,8,12,1,1,0,128,0,0,47,2,0,0,1,0,0,47,1,[],java-maven,250769,164412,655.631,0,0,0,0,0,0.022,0.841429,0.002,0.855714,0,1,1,0,0,0,0,0
44939,8685005565,54973527,github CI,bugfix/not-tag-enough,27bfe7065bde7db526c405016e2a3bff260a1b7c,.github/workflows/build.yml,failure,12442882,LanternLee,64,8,0.0,0.0,,pull_request,6,0,792.0,1,failure,1,991054d17955de9f212cc4d1f295abc1a60e3555,1,5,4,0,0,1,9,1,0,0,0,0,0,1,1,0,0,0,8,0,0,0,1,0,1,1,0,0,128,0,0,0,0,0,0,0,0,0,47,1,[],java-maven,250619,164356,655.8,0,0,0,0,0,0.068,0.577333,0.006,0.71,4,0,1,0,1,0,0,0
44940,9475858327,54973527,github CI,feature/mail-improve,6936d0b7e6451cd997ac3857f6951bef538ade3c,.github/workflows/build.yml,failure,12442882,wangqifan,66,12,,,,pull_request,0,0,,0,failure,0,,0,0,0,0,0,0,0,0,0,0,0,0,0,0,0,0,0,0,0,0,0,0,0,0,0,0,0,0,128,0,0,0,0,0,0,0,0,0,47,1,[],java-maven,253271,165971,655.31,0,0,0,0,0,0.112,0.676364,0.024,0.813333,0,0,1,0,1,0,0,0
44941,7455592779,54973527,github CI,master,1269d7e21da770cf31865cdaa7737f1375993872,.github/workflows/build.yml,failure,12442882,lmdyyh,60,8,0.0,0.0,,push,10,0,764.0,0,success,1,c419d8a8329a4343d1403852df52c611fbd385d6,12,287,26,0,0,9,160,1,153,0,1,2,0,12,14,18,0,18,50,6,0,6,29,6,35,1,1,0,128,2,0,145,8,0,0,4,0,0,47,1,[],java-maven,248365,163180,657.017,0,0,0,0,0,0.086,0.457,0.012,0.705714,0,0,1,0,1,1,0,1
44942,9950352448,54973527,github CI,feature/repeat-alert-improve,b7aa908c2da4c6e477368cb2953c2cefbe7b5a09,.github/workflows/build.yml,failure,12442882,wangqifan,67,9,,,,pull_request,0,0,,0,failure,0,,0,0,0,0,0,0,0,0,0,0,0,0,0,0,0,0,0,0,0,0,0,0,0,0,0,0,0,0,128,0,0,0,0,0,0,0,0,0,220,1,[],java-maven,258843,168240,649.969,0,0,0,0,0,0.214,0.35717,0.046,0.443846,0,0,1,0,1,0,0,0
44943,9283117829,54973527,github CI,master,19a8aa6261806d6046d1f0bf62f4cb414855358d,.github/workflows/build.yml,failure,12442882,lmdyyh,66,12,1.0,1.0,{'fix'},push,10,0,808.0,0,failure,1,abadabed5b5f077ad5cf82497f5f78a20da21c04,2,2,2,0,0,2,4,1,0,0,0,0,0,2,2,0,0,0,19,0,0,0,0,0,0,1,0,0,128,0,0,0,0,0,0,0,0,0,47,1,[],java-maven,252417,165781,656.774,0,0,0,0,0,0.072,0.553333,0.038,0.534444,0,0,1,0,0,1,0,1
44944,9775966755,54973527,github CI,feature/route-cluster-type,092dabde025bd1d107e7424b034cb1e2131fc93d,.github/workflows/build.yml,failure,12442882,LanternLee,66,9,,,,pull_request,0,0,,0,failure,0,,0,0,0,0,0,0,0,0,0,0,0,0,0,0,0,0,0,0,0,0,0,0,0,0,0,0,0,0,128,0,0,0,0,0,0,0,0,0,220,1,[],java-maven,257988,168098,651.573,0,0,0,0,0,0.19,0.271154,0.038,0.446923,15,0,1,0,1,0,0,0
44945,8429955530,54973527,github CI,feature/rebalance-keeper,e9228e3453b29237b8886429c53e86c720390c10,.github/workflows/build.yml,failure,12442882,passerbyzed,62,6,,,,pull_request,0,0,,1,failure,0,,0,0,0,0,0,0,0,0,0,0,0,0,0,0,0,0,0,0,0,0,0,0,0,0,0,0,0,0,128,0,0,0,0,0,0,0,0,0,47,1,[],java-maven,250533,164303,655.814,0,0,0,0,0,0.038,0.582273,0.008,0.711429,1,0,1,0,0,1,0,0
44946,9492869683,54973527,github CI,feature/mail-improve,c14d594a945010689fb7cdd7eb5547b51e6d5da9,.github/workflows/build.yml,failure,12442882,wangqifan,66,12,0.0,1.0,,pull_request,30,0,819.0,1,success,1,b561af15f541f40198a6e904da6b67587afeaff3,8,78,2,0,0,8,80,1,0,0,1,0,0,8,8,4,0,4,60,2,0,2,9,0,9,1,0,0,128,0,0,0,0,0,0,1,0,0,47,1,[],java-maven,253316,165971,655.194,0,0,0,0,0,0.118,0.612353,0.022,0.6575,0,0,1,0,1,0,0,0
44947,9461489161,54973527,github CI,master,b561af15f541f40198a6e904da6b67587afeaff3,.github/workflows/build.yml,failure,12442882,lmdyyh,66,12,1.0,1.0,{'fix'},push,12,0,817.0,0,success,1,6f84148106d2cb9965875e5cb69b5ce35986cd7d,5,828,182,0,1,4,343,2,667,1,1,0,0,4,4,16,3,19,27,3,0,3,19,5,24,1,1,0,128,0,0,567,100,0,0,2,0,0,47,1,[],java-maven,253255,165971,655.351,0,0,0,0,0,0.106,0.343846,0.018,0.61375,0,0,1,0,0,1,0,1
44948,9285311365,54973527,github CI,revert-807-feature/async-reset-sentinels,db8bdbe5e7f9f78f3fb31c839fa00697b1b4b58f,.github/workflows/build.yml,failure,12442882,lilongjiao,66,12,1.0,1.0,{'revert'},pull_request,40,0,810.0,1,failure,1,19a8aa6261806d6046d1f0bf62f4cb414855358d,1,1,1,0,0,1,2,1,0,0,0,0,0,1,1,0,0,0,15,0,0,0,0,0,0,1,0,0,128,0,0,0,0,0,0,1,0,0,47,1,[],java-maven,252417,165781,656.774,0,0,0,0,0,0.076,0.5048,0.042,0.561429,7,1,1,0,0,0,0,0
44949,7339776350,54973527,github CI,feature/rebalance-keeper,dea58008ff184265505849717d5c56a6baf5503c,.github/workflows/build.yml,failure,12442882,passerbyzed,59,7,,,,pull_request,0,0,,1,failure,0,,0,0,0,0,0,0,0,0,0,0,0,0,0,0,0,0,0,0,0,0,0,0,0,0,0,0,0,0,128,0,0,0,0,0,0,0,0,0,47,1,[],java-maven,247876,162998,657.579,0,0,0,0,0,0.072,0.557391,0.04,0.635897,0,0,1,0,0,1,0,0
44950,9778478450,54973527,github CI,bugfix/routeUse,cb6431cfd10d4244126e81dee26407321cf72726,.github/workflows/build.yml,failure,12442882,passerbyzed,66,9,,,,pull_request,0,0,,1,failure,0,,0,0,0,0,0,0,0,0,0,0,0,0,0,0,0,0,0,0,0,0,0,0,0,0,0,0,0,0,128,0,0,0,0,0,0,0,0,0,220,1,[],java-maven,257817,167982,651.555,0,0,0,0,0,0.192,0.201143,0.038,0.619091,0,0,1,0,0,0,0,0
44951,10004904344,54973527,github CI,feature/full_link_health_check,b9e2b338f571e6a31b6ad54c883ba7c811e98bf4,.github/workflows/build.yml,failure,12442882,passerbyzed,67,9,,,,pull_request,0,0,,1,success,0,,0,0,0,0,0,0,0,0,0,0,0,0,0,0,0,0,0,0,0,0,0,0,0,0,0,0,0,0,128,0,0,0,0,0,0,0,0,0,220,1,[],java-maven,261428,168699,645.298,0,0,0,0,0,0.166,0.32925,0.04,0.433333,0,0,1,0,0,0,0,0
44952,8258833270,54973527,github CI,feature/zk-migrate,07ae810df0617e25ed6c955a927c7cc96b5de4a0,.github/workflows/build.yml,failure,12442882,LanternLee,61,6,,,,pull_request,0,0,,0,success,0,,0,0,0,0,0,0,0,0,0,0,0,0,0,0,0,0,0,0,0,0,0,0,0,0,0,0,0,0,128,0,0,0,0,0,0,0,0,0,47,1,[],java-maven,249410,163757,656.578,0,0,0,0,0,0.016,0.609231,0.016,0.538182,3,0,1,0,1,0,0,0
44953,9693161243,54973527,github CI,master,d1f4b7d739c33bf7446fd1ae05fb14f9798938b0,.github/workflows/build.yml,failure,12442882,LanternLee,66,10,0.0,1.0,{'refactor'},push,8,0,835.0,0,failure,1,42306d0890790596d338aef90a577f64a3b35e4f,6,105,89,0,0,5,177,2,17,1,0,1,0,6,7,0,18,18,3,4,9,13,8,0,8,1,1,0,128,2,0,12,5,0,0,10,0,0,267,1,[],java-maven,257778,167950,651.53,0,0,0,0,0,0.172,0.292381,0.088,0.3475,13,0,1,0,1,0,0,1
44954,9676073678,54973527,github CI,bugfix/hailu_repair_arity,2f241338be7d79e18a6cca4aa0408a3422935d80,.github/workflows/build.yml,failure,12442882,tigerLuHai,66,10,0.0,2.0,,pull_request,6,0,832.0,0,failure,2,0660dfe9e5368977bacd1a7ce94a9b6e5918afba,79,456,931,0,1,73,1211,6,176,1,1,1,6,51,58,17,32,49,243,9,9,18,27,86,113,1,1,0,128,1,6,89,87,0,0,12,0,0,47,1,[],java-maven,257258,167880,652.574,0,0,0,0,0,0.18,0.394444,0.082,0.459,2,0,1,0,0,0,0,0
44955,9466965445,54973527,github CI,bugfix/migrate-keeper,a75b5059a638c77977392a297890ff9d02c64d40,.github/workflows/build.yml,failure,12442882,passerbyzed,66,12,,,,pull_request,0,0,,1,failure,0,,0,0,0,0,0,0,0,0,0,0,0,0,0,0,0,0,0,0,0,0,0,0,0,0,0,0,0,0,128,0,0,0,0,0,0,0,0,0,47,1,[],java-maven,253314,165971,655.199,0,0,0,0,0,0.11,0.363333,0.022,0.698571,0,0,1,0,0,0,0,0
44956,9802930352,54973527,github CI,bugfix/balance-keeper,ab068bf0efd6bab7334696118d6d6f8b5a169e7e,.github/workflows/build.yml,failure,12442882,passerbyzed,66,9,0.0,3.0,,pull_request,4,0,840.0,0,success,3,b2c57a5a4af3f31fb26bb476dd17941ca75a03c2,8,78,51,0,1,6,72,3,57,1,0,0,0,6,6,4,2,6,16,1,1,2,1,1,2,1,1,0,128,0,0,36,21,0,0,1,0,0,220,1,[],java-maven,258260,168240,651.437,0,0,0,0,0,0.194,0.262619,0.03,0.602778,0,0,1,0,0,0,0,0
44957,8478324024,54973527,github CI,feature/rebalance-keeper,3a9eb25e4cda3c06222ef03d710b31d03b91f142,.github/workflows/build.yml,failure,12442882,passerbyzed,63,7,,,,pull_request,0,0,,1,failure,0,,0,0,0,0,0,0,0,0,0,0,0,0,0,0,0,0,0,0,0,0,0,0,0,0,0,0,0,0,128,0,0,0,0,0,0,0,0,0,47,1,[],java-maven,250775,164373,655.46,0,0,0,0,0,0.058,0.506774,0.026,0.565238,1,0,1,0,0,1,0,0
44958,9108036464,54973527,github CI,bugfix/hailu_add_log,e168a18c8ec703179054276108f2d700a46df908,.github/workflows/build.yml,failure,12442882,tigerLuHai,65,10,,,,pull_request,0,0,,1,success,0,,0,0,0,0,0,0,0,0,0,0,0,0,0,0,0,0,0,0,0,0,0,0,0,0,0,0,0,0,128,0,0,0,0,0,0,0,0,0,47,1,[],java-maven,251495,165154,656.689,0,0,0,0,0,0.014,0.86625,0.008,0.87,0,0,1,0,0,0,0,0
44959,9171524676,54973527,github CI,bugfix/hailu_add_log,7f9a48be94e711943393d764cc3927938e5a4109,.github/workflows/build.yml,failure,12442882,tigerLuHai,64,9,,,,pull_request,0,0,,0,failure,0,,0,0,0,0,0,0,0,0,0,0,0,0,0,0,0,0,0,0,0,0,0,0,0,0,0,0,0,0,128,0,0,0,0,0,0,0,0,0,47,1,[],java-maven,251486,165129,656.613,0,0,0,0,0,0.038,0.600556,0.026,0.603889,0,0,1,0,0,0,0,0
44960,9655819949,54973527,github CI,bugfix/test_cluster_alert,da20d3a6739c4af5621e372e70be3c032e3a1472,.github/workflows/build.yml,failure,12442882,wangqifan,66,11,,,,pull_request,0,0,,0,failure,0,,0,0,0,0,0,0,0,0,0,0,0,0,0,0,0,0,0,0,0,0,0,0,0,0,0,0,0,0,128,0,0,0,0,0,0,0,0,0,47,1,[],java-maven,257574,167855,651.677,0,0,0,0,0,0.178,0.390645,0.096,0.387273,0,0,1,0,1,0,0,0
44961,9384398438,54973527,github CI,feature/crdt-support-sync,7aa921c06e774c61eecefef82dab27ca9572ff73,.github/workflows/build.yml,failure,12442882,tigerLuHai,65,11,,,,pull_request,0,0,,1,failure,0,,0,0,0,0,0,0,0,0,0,0,0,0,0,0,0,0,0,0,0,0,0,0,0,0,0,0,0,0,128,0,0,0,0,0,0,0,0,0,47,1,[],java-maven,252312,165292,655.11,0,0,0,0,0,0.1,0.522727,0.016,0.702857,1,0,1,0,0,0,0,0
44962,9905044203,54973527,github CI,feature/compent-track,b2bca1223be3cfe8e468cef8117b140cd546591c,.github/workflows/build.yml,failure,12442882,wangqifan,66,9,,,,pull_request,0,0,,1,failure,0,,0,0,0,0,0,0,0,0,0,0,0,0,0,0,0,0,0,0,0,0,0,0,0,0,0,0,0,0,128,0,0,0,0,0,0,0,0,0,220,1,[],java-maven,258861,168240,649.924,0,0,0,0,0,0.202,0.374792,0.028,0.6075,0,0,1,0,1,0,0,0
44963,9384518166,54973527,github CI,feature/crdt-support-sync,399a6805a9a7d1b0f8e1f63b35d6b959226f7849,.github/workflows/build.yml,failure,12442882,tigerLuHai,65,11,,,,pull_request,0,0,,1,failure,0,,0,0,0,0,0,0,0,0,0,0,0,0,0,0,0,0,0,0,0,0,0,0,0,0,0,0,0,0,128,0,0,0,0,0,0,0,0,0,47,1,[],java-maven,252301,165292,655.138,0,0,0,0,0,0.102,0.499565,0.018,0.61375,1,0,1,0,0,1,0,0
44964,10037231716,54973527,github CI,feature/hickwall-no-time-no-posting,a5013c21668fa77d66a259f0f7662f897071c87a,.github/workflows/build.yml,failure,12442882,wangqifan,66,8,,,,pull_request,0,0,,0,success,0,,0,0,0,0,0,0,0,0,0,0,0,0,0,0,0,0,0,0,0,0,0,0,0,0,0,0,0,0,128,0,0,0,0,0,0,0,0,0,220,1,[],java-maven,258840,168240,649.977,0,0,0,0,0,0.156,0.4305,0.028,0.786,0,0,1,0,1,0,0,0
44965,9890960263,54973527,github CI,feature/jemalloc,3346e6362c4b13325c49513e8dfff46fb5f6ba29,.github/workflows/build.yml,failure,12442882,lmdyyh,67,10,0.0,2.0,,pull_request,2,0,846.0,0,failure,2,eb590538e28eaa73426dda0672e1b1c8ab8f7154,22,115,577,0,1,21,627,5,65,1,1,0,2,18,20,3,19,22,65,1,8,9,1,31,32,1,1,0,128,0,2,25,40,0,0,10,0,0,220,1,[],java-maven,258230,168225,651.454,0,0,0,0,0,0.192,0.44,0.02,0.8625,0,0,1,0,0,0,0,0
44966,8686953459,54973527,github CI,feature/arm-aws,eaad4287bf68c563475d9151a5dbe508dab471fe,.github/workflows/build.yml,failure,12442882,lmdyyh,64,9,,,,pull_request,0,0,,1,failure,0,,0,0,0,0,0,0,0,0,0,0,0,0,0,0,0,0,0,0,0,0,0,0,0,0,0,0,0,0,128,0,0,0,0,0,0,0,0,0,47,1,[],java-maven,250619,164356,655.8,0,0,0,0,0,0.072,0.257778,0.01,0.61875,4,0,1,0,0,1,0,0
44967,8532454277,54973527,github CI,feature/arm-for-proxy,11bca1a93bd3b8110d4b5c4ffa01680b18ac82e7,.github/workflows/build.yml,failure,12442882,lmdyyh,64,8,0.0,0.0,,pull_request,6,0,789.0,1,failure,1,a91deecca3ebce1a23771c2692d39e5e42d67739,1,1,1,0,0,1,2,1,0,0,0,0,0,0,0,0,0,0,0,0,0,0,0,0,0,0,0,0,128,0,0,0,0,0,0,0,0,0,47,1,[],java-maven,250618,164356,655.803,0,0,0,0,0,0.084,0.429,0.04,0.369231,3,0,1,0,0,0,0,0
44968,9288250203,54973527,github CI,revert-812-bugfix/rdb-channel-killed,090ac99cabd763d4ebe59e18a7910758e1e34360,.github/workflows/build.yml,failure,12442882,LanternLee,66,12,0.0,1.0,{'revert'},pull_request,42,0,813.0,1,failure,1,6a6f3c844125ae8436e7ff26c907e0d0dbbefe20,4,13,48,0,0,3,49,1,12,0,0,0,0,4,4,0,3,3,9,0,1,1,0,0,0,1,1,0,128,0,0,4,8,0,0,2,0,0,47,1,[],java-maven,251950,165325,656.182,0,0,0,0,0,0.09,0.436667,0.056,0.44,9,0,1,0,1,0,0,0
44969,8688189335,54973527,github CI,feature/arm-aws-and-ut,02524147893c92be7f0c4f7c9932b606b86870f4,.github/workflows/build.yml,failure,12442882,LanternLee,64,8,,,,pull_request,0,0,,0,failure,0,,0,0,0,0,0,0,0,0,0,0,0,0,0,0,0,0,0,0,0,0,0,0,0,0,0,0,0,0,128,0,0,0,0,0,0,0,0,0,47,1,[],java-maven,250620,164354,655.79,0,0,0,0,0,0.072,0.545714,0.014,0.61625,4,0,1,0,1,1,0,0
44970,7339649587,54973527,github CI,feature/rebalance-keeper,bcc47f6504d459f4455999186a83582f24ccba5e,.github/workflows/build.yml,failure,12442882,passerbyzed,59,7,,,,pull_request,0,0,,1,success,0,,0,0,0,0,0,0,0,0,0,0,0,0,0,0,0,0,0,0,0,0,0,0,0,0,0,0,0,0,128,0,0,0,0,0,0,0,0,0,47,1,[],java-maven,247874,162998,657.584,0,0,0,0,0,0.07,0.57,0.038,0.652895,0,0,1,0,0,1,0,0
44971,9638982199,54973527,github CI,feature/mail-transmit-checkerleader,56b2d54098bbd1626cd7945e3a38fc175ce967f3,.github/workflows/build.yml,failure,12442882,wangqifan,66,10,,,,pull_request,0,0,,0,failure,0,,0,0,0,0,0,0,0,0,0,0,0,0,0,0,0,0,0,0,0,0,0,0,0,0,0,0,0,0,128,0,0,0,0,0,0,0,0,0,47,1,[],java-maven,253631,165971,654.38,0,0,0,0,0,0.16,0.455172,0.082,0.452105,0,0,1,0,1,0,0,0
44972,9269258187,54973527,github CI,feature/optimized-sentinel-reset,df15288ff1e4a79722854db5830b5f0060162e35,.github/workflows/build.yml,failure,12442882,lilongjiao,64,10,,,,pull_request,0,0,,1,failure,0,,0,0,0,0,0,0,0,0,0,0,0,0,0,0,0,0,0,0,0,0,0,0,0,0,0,0,0,0,128,0,0,0,0,0,0,0,0,0,47,1,[],java-maven,251163,164851,656.351,0,0,0,0,0,0.054,0.617368,0.022,0.726,2,1,1,0,0,0,0,0
44973,9675203928,54973527,github CI,master,0660dfe9e5368977bacd1a7ce94a9b6e5918afba,.github/workflows/build.yml,failure,12442882,LanternLee,66,10,0.0,6.0,,push,4,0,829.0,0,failure,6,05543a664b3c035a989ad5cbdbe6e1fa63d8c204,25,194,159,0,1,20,292,4,61,1,0,0,1,18,19,15,8,23,107,5,1,6,7,9,16,1,1,0,128,0,1,44,17,0,0,6,0,0,47,1,[],java-maven,257632,167878,651.619,0,0,0,0,0,0.172,0.255,0.078,0.374,18,0,1,0,1,0,0,1
44974,9158517187,54973527,github CI,bugfix/hailu_add_log,3d3ed6fccca512e28eb8383f20f11ededa8127b0,.github/workflows/build.yml,failure,12442882,tigerLuHai,65,10,,,,pull_request,0,0,,1,success,0,,0,0,0,0,0,0,0,0,0,0,0,0,0,0,0,0,0,0,0,0,0,0,0,0,0,0,0,0,128,0,0,0,0,0,0,0,0,0,47,1,[],java-maven,251486,165129,656.613,0,0,0,0,0,0.03,0.638235,0.02,0.641176,0,0,1,0,0,0,0,0
44975,9690206743,54973527,github CI,feature/migration_token,32b252ca31a3264624dd4dd437fa0fff91142f32,.github/workflows/build.yml,failure,12442882,wangqifan,66,10,,,,pull_request,0,0,,1,failure,0,,0,0,0,0,0,0,0,0,0,0,0,0,0,0,0,0,0,0,0,0,0,0,0,0,0,0,0,0,128,0,0,0,0,0,0,0,0,0,47,1,[],java-maven,257649,167883,651.596,0,0,0,0,0,0.164,0.310556,0.082,0.286522,0,0,1,0,1,0,0,0
44976,9906432089,54973527,github CI,feature/full_link_health_check,13d9063967eb8d4280362ec506bc57387dee53f1,.github/workflows/build.yml,failure,12442882,passerbyzed,66,9,,,,pull_request,0,0,,1,failure,0,,0,0,0,0,0,0,0,0,0,0,0,0,0,0,0,0,0,0,0,0,0,0,0,0,0,0,0,0,128,0,0,0,0,0,0,0,0,0,220,1,[],java-maven,259980,168240,647.127,0,0,0,0,0,0.212,0.227917,0.038,0.37,0,0,1,0,0,0,0,0
44977,7355290432,54973527,github CI,master,112a10d3f1136181c1fbdd9712827c56cc9d121b,.github/workflows/build.yml,failure,12442882,lmdyyh,60,8,0.0,0.0,,push,30,0,762.0,0,success,1,cf9ac9dae4cc299bb0788b886ac44fb110efdc0d,18,205,80,0,0,15,240,1,45,0,0,0,0,18,18,15,5,20,161,2,1,3,8,14,22,1,1,0,128,0,0,24,21,0,0,7,0,0,47,1,[],java-maven,247967,163002,657.354,0,0,0,0,0,0.076,0.5775,0.028,0.81,0,0,1,0,1,0,0,1
44978,9558256847,54973527,github CI,feature/rebalance-keeper,12728a0e703acb85efa48ac4f5be88cb030dc182,.github/workflows/build.yml,failure,12442882,passerbyzed,66,10,,,,pull_request,0,0,,0,failure,0,,0,0,0,0,0,0,0,0,0,0,0,0,0,0,0,0,0,0,0,0,0,0,0,0,0,0,0,0,128,0,0,0,0,0,0,0,0,0,47,1,[],java-maven,253439,165987,654.939,0,0,0,0,0,0.108,0.364,0.022,0.61125,0,0,1,0,0,1,0,0
44979,9658272408,54973527,github CI,bugfix/balance-keeper,6483f8187df3fc2db458f1a96e1b0e33c826a55f,.github/workflows/build.yml,failure,12442882,passerbyzed,66,11,0.0,6.0,,pull_request,4,0,829.0,0,failure,6,05543a664b3c035a989ad5cbdbe6e1fa63d8c204,25,194,159,0,1,20,292,4,61,1,0,0,1,18,19,15,8,23,107,5,1,6,7,9,16,1,1,0,128,0,1,44,17,0,0,6,0,0,47,1,[],java-maven,257632,167878,651.619,0,0,0,0,0,0.18,0.159375,0.088,0.264762,0,0,1,0,0,1,0,0
44980,9674453614,54973527,github CI,bugfix/hailu_repair_arity,4084be63bfb933d9dba93896babd6c7894524346,.github/workflows/build.yml,failure,12442882,tigerLuHai,66,10,,,,pull_request,0,0,,1,failure,0,,0,0,0,0,0,0,0,0,0,0,0,0,0,0,0,0,0,0,0,0,0,0,0,0,0,0,0,0,128,0,0,0,0,0,0,0,0,0,47,1,[],java-maven,257255,167859,652.5,0,0,0,0,0,0.172,0.44625,0.078,0.512222,2,0,1,0,0,0,0,0
44981,8228424423,54973527,github CI,master,ac57048b438c6b7935109de52a8619783acd5fa3,.github/workflows/build.yml,failure,12442882,lmdyyh,61,6,0.0,0.0,,push,48,0,775.0,0,success,1,fe23abdde630cf73bb7999c0513100bc069b643e,15,185,48,0,0,9,123,2,110,1,1,1,0,11,12,4,0,4,58,1,0,1,18,5,23,1,1,0,128,1,0,102,8,0,0,7,0,0,47,1,[],java-maven,249456,163833,656.761,0,0,0,0,0,0.014,0.704286,0.014,0.704286,0,0,1,0,1,1,0,1
44982,9638603643,54973527,github CI,master,488677b09dea3da4a355318edf109a41ba539b26,.github/workflows/build.yml,failure,12442882,lmdyyh,66,10,1.0,1.0,{'fix'},push,10,0,828.0,0,failure,1,367bd19f30b5cbb488cd895dc35b619ffaa4b46f,20,20,20,0,1,18,36,1,4,0,1,0,0,0,0,0,0,0,0,0,0,0,0,0,0,0,0,0,128,0,0,2,2,0,0,0,0,0,47,1,[],java-maven,257240,167851,652.507,0,0,0,0,0,0.158,0.280667,0.08,0.511111,0,0,1,0,0,1,0,1
44983,9577542221,54973527,github CI,feature/crdt-support-sync,43aa6a55fc3a4b38ba5dbca446f2e986b131852b,.github/workflows/build.yml,failure,12442882,tigerLuHai,66,10,,,,pull_request,0,0,,0,failure,0,,0,0,0,0,0,0,0,0,0,0,0,0,0,0,0,0,0,0,0,0,0,0,0,0,0,0,0,0,128,0,0,0,0,0,0,0,0,0,47,1,[],java-maven,254761,166006,651.615,0,0,0,0,0,0.124,0.598571,0.038,0.83,2,0,1,0,0,0,0,0
44984,9992080113,54973527,github CI,feature/full_link_health_check,c5056b2f9f6c57b31e32f35b341cb9496efd80e7,.github/workflows/build.yml,failure,12442882,passerbyzed,67,9,,,,pull_request,0,0,,1,success,0,,0,0,0,0,0,0,0,0,0,0,0,0,0,0,0,0,0,0,0,0,0,0,0,0,0,0,0,0,128,0,0,0,0,0,0,0,0,0,220,1,[],java-maven,261066,168256,644.496,0,0,0,0,0,0.18,0.327027,0.04,0.453333,0,0,1,0,0,0,0,0
44985,9285609105,54973527,github CI,master,42e70cfc70018524b8e6be3bc1775e2e10e3b549,.github/workflows/build.yml,failure,12442882,LanternLee,66,12,1.0,1.0,{'revert'},push,40,0,811.0,0,failure,1,e21cb6e602b0eae7e3329030e98012de80281c1c,5,185,776,0,1,4,307,2,654,1,1,0,0,4,4,4,16,20,36,0,3,3,7,21,28,1,1,0,128,0,0,99,555,0,0,3,0,0,47,1,[],java-maven,251950,165325,656.182,0,0,0,0,0,0.084,0.548333,0.05,0.575,7,0,1,0,1,1,0,1
44986,9285299430,54973527,github CI,revert-808-bugfix/sentinel-check-getRedisOfDcClusterShard,9e5f2a6f1faba20d68edb036341e6212ddd18136,.github/workflows/build.yml,failure,12442882,lilongjiao,66,12,1.0,1.0,{'revert'},pull_request,44,0,809.0,0,failure,1,19a8aa6261806d6046d1f0bf62f4cb414855358d,2,2,2,0,0,2,4,1,0,0,0,0,0,2,2,0,0,0,19,0,0,0,0,0,0,1,0,0,128,0,0,0,0,0,0,0,0,0,47,1,[],java-maven,252417,165781,656.774,0,0,0,0,0,0.074,0.52625,0.04,0.59,6,1,1,0,0,0,0,0
44987,9610167214,54973527,github CI,feature/mail-transmit-checkerleader,983d7d996d52385a8f5ec1656b95c35fa3d4d764,.github/workflows/build.yml,failure,12442882,wangqifan,66,10,,,,pull_request,0,0,,0,failure,0,,0,0,0,0,0,0,0,0,0,0,0,0,0,0,0,0,0,0,0,0,0,0,0,0,0,0,0,0,128,0,0,0,0,0,0,0,0,0,47,1,[],java-maven,253624,165971,654.398,0,0,0,0,0,0.15,0.509615,0.074,0.507647,0,0,1,0,1,0,0,0
44988,9122186042,54973527,github CI,bugfix/hailu_add_log,d73b8fe899752268e5aeb56331ce9d4e5ce5d7e8,.github/workflows/build.yml,failure,12442882,tigerLuHai,64,9,,,,pull_request,0,0,,1,failure,0,,0,0,0,0,0,0,0,0,0,0,0,0,0,0,0,0,0,0,0,0,0,0,0,0,0,0,0,0,128,0,0,0,0,0,0,0,0,0,47,1,[],java-maven,251488,165133,656.624,0,0,0,0,0,0.016,0.768889,0.01,0.772222,0,0,1,0,0,0,0,0
44989,9795974728,54973527,github CI,bugfix/route-choose,f8614dcfe2eabaf444a04b874b49789e9110d165,.github/workflows/build.yml,failure,12442882,LanternLee,66,9,0.0,1.0,{'fix'},pull_request,20,0,841.0,0,success,1,1e9eff4db8c620b15af60b982a7d4663dd99a2dc,2,40,31,0,0,1,29,1,42,0,0,0,0,2,2,2,3,5,5,1,0,1,1,0,1,1,1,0,128,0,0,21,21,0,0,0,0,0,220,1,[],java-maven,258231,168225,651.452,0,0,0,0,0,0.192,0.301333,0.028,0.561429,16,0,1,0,1,0,0,0
44990,9692578276,54973527,github CI,feature/migration_token,1f1b739cb6322ad49607d6d28284905ede8f61ed,.github/workflows/build.yml,failure,12442882,wangqifan,66,10,0.0,1.0,{'refactor'},pull_request,8,0,835.0,1,failure,1,42306d0890790596d338aef90a577f64a3b35e4f,43,321,459,0,1,35,604,3,176,0,0,3,1,42,46,10,30,40,112,6,18,24,19,26,45,1,1,0,128,4,1,59,117,0,0,28,0,0,47,1,[],java-maven,257645,167885,651.614,0,0,0,0,0,0.17,0.285897,0.088,0.252308,0,0,1,0,1,0,0,0
44991,9695584998,54973527,github CI,bugfix/start_alert_test,03d1e8e47f6452e6c924b26ccdf2f50726bb86ff,.github/workflows/build.yml,failure,12442882,wangqifan,66,10,,,,pull_request,0,0,,0,failure,0,,0,0,0,0,0,0,0,0,0,0,0,0,0,0,0,0,0,0,0,0,0,0,0,0,0,0,0,0,128,0,0,0,0,0,0,0,0,0,220,1,[],java-maven,257674,167939,651.75,0,0,0,0,0,0.174,0.27825,0.088,0.242963,0,0,1,0,1,1,0,0
44992,9610678332,54973527,github CI,feature/mail-transmit-checkerleader,ca937c8557e59efe9c35d098c56dc613c80f4858,.github/workflows/build.yml,failure,12442882,wangqifan,66,11,,,,pull_request,0,0,,1,failure,0,,0,0,0,0,0,0,0,0,0,0,0,0,0,0,0,0,0,0,0,0,0,0,0,0,0,0,0,0,128,0,0,0,0,0,0,0,0,0,47,1,[],java-maven,253623,165971,654.4,0,0,0,0,0,0.154,0.4725,0.076,0.478889,0,0,1,0,1,0,0,0
44993,9492360913,54973527,github CI,feature/mail-improve,e7bab4b2bb9d16918a6ecf1998622cfe761a93f8,.github/workflows/build.yml,failure,12442882,wangqifan,66,12,,,,pull_request,0,0,,1,success,0,,0,0,0,0,0,0,0,0,0,0,0,0,0,0,0,0,0,0,0,0,0,0,0,0,0,0,0,0,128,0,0,0,0,0,0,0,0,0,47,1,[],java-maven,253306,165971,655.219,0,0,0,0,0,0.116,0.628,0.02,0.69,0,0,1,0,1,0,0,0
44994,9155920894,54973527,github CI,bugfix/hailu_add_log,b2f145199d2305b71b736a3868694347db369eb8,.github/workflows/build.yml,failure,12442882,tigerLuHai,65,10,,,,pull_request,0,0,,0,failure,0,,0,0,0,0,0,0,0,0,0,0,0,0,0,0,0,0,0,0,0,0,0,0,0,0,0,0,0,0,128,0,0,0,0,0,0,0,0,0,47,1,[],java-maven,251503,165133,656.585,0,0,0,0,0,0.028,0.657333,0.018,0.660667,0,0,1,0,0,0,0,0
44995,10036138041,54973527,github CI,feature/bi_migration_record,7e2e7821e543ba9403dc4ee46bbe8bb43854c1da,.github/workflows/build.yml,failure,12442882,LanternLee,67,9,0.0,3.0,"{'fix', 'refactor'}",pull_request,18,0,851.0,0,success,3,dc5280e682b13802f104aff54fa8ef105f183d9f,22,1038,56,0,1,28,904,6,190,2,1,6,0,14,20,15,1,16,182,3,0,3,45,0,45,1,1,0,128,11,0,183,7,0,0,3,0,0,220,1,[],java-maven,259708,168426,648.521,0,0,0,0,0,0.16,0.377143,0.028,0.571667,18,0,1,0,1,0,0,0
44996,9564887856,54973527,github CI,feature/rebalance-keeper,5d5a2beb7fb504ff1bcd9ad5e59d1a8abaad2f88,.github/workflows/build.yml,failure,12442882,passerbyzed,66,11,,,,pull_request,0,0,,1,failure,0,,0,0,0,0,0,0,0,0,0,0,0,0,0,0,0,0,0,0,0,0,0,0,0,0,0,0,0,0,128,0,0,0,0,0,0,0,0,0,47,1,[],java-maven,253633,166010,654.528,0,0,0,0,0,0.12,0.216,0.04,0.266667,0,0,1,0,0,1,0,0
44997,9774419612,54973527,github CI,feature/route-cluster-type,da443d16371f735fefa75122b1b2ab3d112584b8,.github/workflows/build.yml,failure,12442882,LanternLee,66,9,,,,pull_request,0,0,,0,success,0,,0,0,0,0,0,0,0,0,0,0,0,0,0,0,0,0,0,0,0,0,0,0,0,0,0,0,0,0,128,0,0,0,0,0,0,0,0,0,220,1,[],java-maven,257966,168183,651.958,0,0,0,0,0,0.186,0.252917,0.034,0.483,15,0,1,0,1,0,0,0
44998,9679470498,54973527,github CI,bugfix/start_alert_test,050db16204ee74a39fd4fab5e07063a0f2dfee80,.github/workflows/build.yml,failure,12442882,wangqifan,66,10,,,,pull_request,0,0,,0,failure,0,,0,0,0,0,0,0,0,0,0,0,0,0,0,0,0,0,0,0,0,0,0,0,0,0,0,0,0,0,128,0,0,0,0,0,0,0,0,0,47,1,[],java-maven,257674,167939,651.75,0,0,0,0,0,0.172,0.318286,0.084,0.299091,0,0,1,0,1,1,0,0
44999,9558889150,54973527,github CI,feature/rebalance-keeper,dc0cc8abba77502168b42012b65591fe6821efba,.github/workflows/build.yml,failure,12442882,passerbyzed,66,10,,,,pull_request,0,0,,1,failure,0,,0,0,0,0,0,0,0,0,0,0,0,0,0,0,0,0,0,0,0,0,0,0,0,0,0,0,0,0,128,0,0,0,0,0,0,0,0,0,47,1,[],java-maven,253605,165987,654.51,0,0,0,0,0,0.112,0.32,0.026,0.487,0,0,1,0,0,1,0,0
45000,9774463876,54973527,github CI,feature/route-cluster-type,506273d0e5932474b095c9551c4526e2cf13362a,.github/workflows/build.yml,failure,12442882,LanternLee,66,9,,,,pull_request,0,0,,1,failure,0,,0,0,0,0,0,0,0,0,0,0,0,0,0,0,0,0,0,0,0,0,0,0,0,0,0,0,0,0,128,0,0,0,0,0,0,0,0,0,220,1,[],java-maven,257966,168080,651.559,0,0,0,0,0,0.188,0.2424,0.036,0.438182,15,0,1,0,1,0,0,0
45001,8467217742,54973527,github CI,feature/rebalance-keeper,4b1b0d889b50973004cc770f487f51c7e57c4242,.github/workflows/build.yml,failure,12442882,passerbyzed,63,7,,,,pull_request,0,0,,0,failure,0,,0,0,0,0,0,0,0,0,0,0,0,0,0,0,0,0,0,0,0,0,0,0,0,0,0,0,0,0,128,0,0,0,0,0,0,0,0,0,47,1,[],java-maven,250731,164356,655.507,0,0,0,0,0,0.052,0.562143,0.02,0.661111,1,0,1,0,0,1,0,0
45002,9285601688,54973527,github CI,revert-801-feature/optimized-sentinel-reset,9f7606872e3558c0275e5366de0b66f5cfd6c7f9,.github/workflows/build.yml,failure,12442882,lilongjiao,66,12,1.0,1.0,{'revert'},pull_request,40,0,811.0,0,failure,1,e21cb6e602b0eae7e3329030e98012de80281c1c,5,185,776,0,1,4,307,2,654,1,1,0,0,4,4,4,16,20,36,0,3,3,7,21,28,1,1,0,128,0,0,99,555,0,0,3,0,0,47,1,[],java-maven,251950,165325,656.182,0,0,0,0,0,0.082,0.484231,0.048,0.534545,8,1,1,0,0,0,0,0
45003,8198358085,54973527,github CI,feature/zk-migrate,787882bde41727c50d8d6692ecbd6647990183fb,.github/workflows/build.yml,failure,12442882,LanternLee,61,6,,,,pull_request,0,0,,0,failure,0,,0,0,0,0,0,0,0,0,0,0,0,0,0,0,0,0,0,0,0,0,0,0,0,0,0,0,0,0,128,0,0,0,0,0,0,0,0,0,47,1,[],java-maven,249471,163838,656.742,0,0,0,0,0,0.006,0.87125,0.006,0.852857,1,0,1,0,1,0,0,0
45004,9951496071,54973527,github CI,master,641ae255c6572d322789c15af2ea6e1df83a5fb2,.github/workflows/build.yml,failure,12442882,LanternLee,66,8,0.0,3.0,,push,2,0,846.0,0,failure,3,42b12cbe3f13322b3a8b73bcdcbf131fc54764e7,1,12,9,0,1,1,21,1,0,0,0,0,0,0,0,0,0,0,0,0,0,0,0,0,0,0,0,0,128,0,0,0,0,0,0,0,0,0,267,1,[],java-maven,258830,168240,650.002,0,0,0,0,0,0.21,0.332051,0.048,0.48,21,0,1,0,1,1,0,1
45005,8431410490,54973527,github CI,feature/rebalance-keeper,3df0643e410be25ed32643ae9e774955a8c8c008,.github/workflows/build.yml,failure,12442882,passerbyzed,62,6,,,,pull_request,0,0,,1,failure,0,,0,0,0,0,0,0,0,0,0,0,0,0,0,0,0,0,0,0,0,0,0,0,0,0,0,0,0,0,128,0,0,0,0,0,0,0,0,0,47,1,[],java-maven,250588,164326,655.762,0,0,0,0,0,0.042,0.5516,0.012,0.643529,1,0,1,0,0,1,0,0
45006,9645988692,54973527,github CI,bugfix/proxy-oom,6490d3e3259eb54375d354c3652ce6972ce7e8e7,.github/workflows/build.yml,failure,12442882,LanternLee,66,11,0.0,2.0,"{'feat', 'perf'}",pull_request,18,0,830.0,0,failure,2,59d97e113f15ab28a065306608ef366324baef6b,15,155,543,0,1,19,698,2,0,0,1,0,4,14,18,12,4,16,69,7,3,10,20,68,88,1,0,0,128,0,4,0,0,0,0,1,0,0,47,1,[],java-maven,257266,167851,652.441,0,0,0,0,0,0.174,0.290357,0.096,0.368,17,0,1,0,1,1,0,0
45007,9561817288,54973527,github CI,feature/rebalance-keeper,5c5fdbdf5aa0759ac038882a54a9ed580ddb94b0,.github/workflows/build.yml,failure,12442882,passerbyzed,66,10,,,,pull_request,0,0,,1,failure,0,,0,0,0,0,0,0,0,0,0,0,0,0,0,0,0,0,0,0,0,0,0,0,0,0,0,0,0,0,128,0,0,0,0,0,0,0,0,0,47,1,[],java-maven,253633,166010,654.528,0,0,0,0,0,0.116,0.235652,0.036,0.30125,0,0,1,0,0,1,0,0
45008,9574833080,54973527,github CI,master,88841d81d74fb8814a898dfe1f1e5d7902e3daf0,.github/workflows/build.yml,failure,12442882,lmdyyh,67,11,1.0,1.0,{'fix'},push,8,0,823.0,0,failure,1,72c430e527221a1d89631c7c2b9d96d27b63b70d,2,1145,209,0,1,2,305,1,1049,0,0,1,0,2,3,11,5,16,14,5,0,5,6,1,7,1,1,0,128,1,0,934,115,0,0,6,0,0,47,1,[],java-maven,254343,166829,655.921,0,0,0,0,0,0.124,0.336923,0.04,0.8,0,0,1,0,0,1,0,1
45009,9580788376,54973527,github CI,feature/rebalance-keeper,5e2d2a4287802d0bede9d4160c5b342bb54a9767,.github/workflows/build.yml,failure,12442882,passerbyzed,66,10,,,,pull_request,0,0,,1,failure,0,,0,0,0,0,0,0,0,0,0,0,0,0,0,0,0,0,0,0,0,0,0,0,0,0,0,0,0,0,128,0,0,0,0,0,0,0,0,0,47,1,[],java-maven,254557,166849,655.448,0,0,0,0,0,0.136,0.217931,0.05,0.2875,0,0,1,0,0,0,0,0
45010,9578208312,54973527,github CI,feature/mail-transmit-checkerleader,6a4ac084101828239258ef8c25e3cf583caf18e4,.github/workflows/build.yml,failure,12442882,wangqifan,66,10,,,,pull_request,0,0,,1,failure,0,,0,0,0,0,0,0,0,0,0,0,0,0,0,0,0,0,0,0,0,0,0,0,0,0,0,0,0,0,128,0,0,0,0,0,0,0,0,0,47,1,[],java-maven,253540,165971,654.615,0,0,0,0,0,0.128,0.52,0.042,0.526364,0,0,1,0,1,1,0,0
45011,8827630961,54973527,github CI,feature/rebalance-keeper,c3e3271056b9f4d8096a5b6221a79ad284976b0c,.github/workflows/build.yml,failure,12442882,passerbyzed,64,8,,,,pull_request,0,0,,0,failure,0,,0,0,0,0,0,0,0,0,0,0,0,0,0,0,0,0,0,0,0,0,0,0,0,0,0,0,0,0,128,0,0,0,0,0,0,0,0,0,47,1,[],java-maven,250829,164396,655.411,0,0,0,0,0,0.058,0.458421,0.004,0.8725,0,0,1,0,0,1,0,0
45012,9646012150,54973527,github CI,master,05543a664b3c035a989ad5cbdbe6e1fa63d8c204,.github/workflows/build.yml,failure,12442882,lmdyyh,66,11,1.0,1.0,{'fix'},push,18,0,830.0,0,failure,1,59d97e113f15ab28a065306608ef366324baef6b,5,39,8,0,0,5,47,2,0,1,0,0,0,4,4,4,0,4,15,1,0,1,4,0,4,1,0,0,128,0,0,0,0,0,0,0,0,0,47,1,[],java-maven,257596,167851,651.606,0,0,0,0,0,0.176,0.2575,0.098,0.451,0,0,1,0,0,1,0,1
45013,8171425015,54973527,github CI,feature/rebalance-keeper,a1031625e4a4ccd7eb2513c0e6f30a92aa218ec9,.github/workflows/build.yml,failure,12442882,passerbyzed,61,6,,,,pull_request,0,0,,0,success,0,,0,0,0,0,0,0,0,0,0,0,0,0,0,0,0,0,0,0,0,0,0,0,0,0,0,0,0,0,128,0,0,0,0,0,0,0,0,0,47,1,[],java-maven,248847,163284,656.162,0,0,0,0,0,0.002,0.831667,0.002,0.831667,0,0,1,0,0,1,0,0
45014,8518119997,54973527,github CI,feature/rebalance-keeper,2989eacdebde555a60729376410974ff184ceb32,.github/workflows/build.yml,failure,12442882,passerbyzed,63,7,,,,pull_request,0,0,,0,failure,0,,0,0,0,0,0,0,0,0,0,0,0,0,0,0,0,0,0,0,0,0,0,0,0,0,0,0,0,0,128,0,0,0,0,0,0,0,0,0,47,1,[],java-maven,250810,164388,655.428,0,0,0,0,0,0.064,0.505143,0.022,0.563571,1,0,1,0,0,1,0,0
45015,9581626814,54973527,github CI,feature/rebalance-keeper,342cc51dbbc3e51779e7d15cd83f2a2f216f7cd1,.github/workflows/build.yml,failure,12442882,passerbyzed,66,11,,,,pull_request,0,0,,0,success,0,,0,0,0,0,0,0,0,0,0,0,0,0,0,0,0,0,0,0,0,0,0,0,0,0,0,0,0,0,128,0,0,0,0,0,0,0,0,0,47,1,[],java-maven,254624,166934,655.61,0,0,0,0,0,0.138,0.210333,0.052,0.273333,0,0,1,0,0,0,0,0
45016,7418932890,54973527,github CI,feature/rebalance-keeper,dd2be9e79e561fb0fb87da601034d8c639158df3,.github/workflows/build.yml,failure,12442882,passerbyzed,60,8,,,,pull_request,0,0,,1,failure,0,,0,0,0,0,0,0,0,0,0,0,0,0,0,0,0,0,0,0,0,0,0,0,0,0,0,0,0,0,128,0,0,0,0,0,0,0,0,0,47,1,[],java-maven,248163,163043,657.0,0,0,0,0,0,0.082,0.547963,0.012,0.630909,0,0,1,0,0,0,0,0
45017,9678804986,54973527,github CI,master,42306d0890790596d338aef90a577f64a3b35e4f,.github/workflows/build.yml,failure,12442882,lmdyyh,66,10,1.0,1.0,{'fix'},push,36,0,834.0,0,failure,1,d9b651b051cea202b2a607d81d37719da2351818,18,217,73,0,1,14,242,2,48,0,0,1,0,17,18,11,1,12,42,7,2,9,24,4,28,1,1,0,128,1,0,42,6,0,0,13,0,0,47,1,[],java-maven,257765,167943,651.535,0,0,0,0,0,0.182,0.272667,0.084,0.416364,0,0,1,0,0,1,0,1
45018,9891517205,54973527,github CI,feature/full_link_health_check,5461ba08f4b6e6d3ee8654120dfc7a31f9e32bd5,.github/workflows/build.yml,failure,12442882,passerbyzed,66,9,,,,pull_request,0,0,,0,failure,0,,0,0,0,0,0,0,0,0,0,0,0,0,0,0,0,0,0,0,0,0,0,0,0,0,0,0,0,0,128,0,0,0,0,0,0,0,0,0,220,1,[],java-maven,259443,168240,648.466,0,0,0,0,0,0.196,0.250455,0.024,0.488,0,0,1,0,0,0,0,0
45019,8521678257,54973527,github CI,feature/arm-for-proxy,1922e311555a1a2e0d3235b12c3006f7d1ecbc3a,.github/workflows/build.yml,failure,12442882,lmdyyh,63,7,0.0,0.0,,pull_request,8,0,787.0,1,failure,1,cf14511b3d54d79ecb928d7eb8e2d1f5c7594b6b,2,2,7,0,0,2,9,1,0,0,1,0,0,0,0,0,0,0,0,0,0,0,0,0,0,0,0,0,128,0,0,0,0,0,0,0,0,0,47,1,[],java-maven,250614,164356,655.813,0,0,0,0,0,0.074,0.539375,0.03,0.538889,1,0,1,0,1,1,0,0
45020,9075006917,54973527,github CI,bugfix/check-role-before-reset,0ef15abb4a441ed3c75b5b2738da65aeb52ddfa2,.github/workflows/build.yml,failure,12442882,lilongjiao,64,9,0.0,0.0,,pull_request,14,0,796.0,0,success,1,5beb80149330eb0be7cae2e442d1eab5d6377b8a,8,124,197,0,0,7,184,1,137,0,0,0,0,8,8,4,8,12,50,1,2,3,2,11,13,1,1,0,128,0,0,61,76,0,0,7,0,0,47,1,[],java-maven,250706,164396,655.732,0,0,0,0,0,0.012,0.66,0.006,0.663333,1,1,1,0,0,0,0,0
45021,9040455131,54973527,github CI,bugfix/check-keeper-role-before-reset,898dac77d49a61c7e81ed3dabe199ef9c438f9db,.github/workflows/build.yml,failure,12442882,lilongjiao,64,8,0.0,0.0,,pull_request,10,0,795.0,1,failure,3,d59110df5e2d7a03dd369af58ca3b2d8ea83bf8c,2,95,12,0,0,1,57,1,50,0,0,0,0,2,2,2,0,2,11,0,0,0,4,8,12,1,1,0,128,0,0,47,3,0,0,1,0,0,47,1,[],java-maven,250768,164411,655.63,0,0,0,0,0,0.024,0.735,0.004,0.7475,0,1,1,0,0,0,0,0
45022,9560824606,54973527,github CI,feature/rebalance-keeper,fe11ed06dc57eb7814d447bd09d47a732707fc92,.github/workflows/build.yml,failure,12442882,passerbyzed,66,10,0.0,3.0,,pull_request,4,0,805.0,1,failure,3,f66d3f9f81782dc9b5ca9486808c1d6b9f520d12,6,29,19,0,0,5,42,1,6,0,0,0,0,6,6,0,0,0,74,0,0,0,2,2,4,1,1,0,128,0,0,2,4,0,0,2,0,0,47,1,[],java-maven,253423,165969,654.909,0,0,0,0,0,0.114,0.2715,0.032,0.372308,0,0,1,0,0,1,0,0
45023,7338775833,54973527,github CI,feature/rebalance-keeper,ebff0de9e8380580c2162c14c1853e5c732f8f8a,.github/workflows/build.yml,failure,12442882,passerbyzed,59,7,,,,pull_request,0,0,,1,success,0,,0,0,0,0,0,0,0,0,0,0,0,0,0,0,0,0,0,0,0,0,0,0,0,0,0,0,0,0,128,0,0,0,0,0,0,0,0,0,47,1,[],java-maven,247890,162982,657.477,0,0,0,0,0,0.068,0.563333,0.04,0.616216,0,0,1,0,0,1,0,0
45024,9582823800,54973527,github CI,feature/rebalance-keeper,9e2b0ee1a780c8aeabbe25a355d16f061f65d0e9,.github/workflows/build.yml,failure,12442882,passerbyzed,66,11,0.0,1.0,,pull_request,2,0,826.0,1,failure,1,54a4ccea1c6b4084d9109c738084dc6bd7cc7f28,36,381,251,2,0,34,486,5,144,1,1,2,5,32,39,32,1,33,139,11,0,11,28,37,65,1,1,0,128,2,8,107,37,0,0,5,0,0,47,1,[],java-maven,254627,166934,655.602,0,0,0,0,0,0.142,0.196562,0.056,0.248696,0,0,1,0,0,0,0,0
45025,9906391883,54973527,github CI,feature/full_link_health_check,1926c6a04ce04c2d4125582eab7613429acd3ddd,.github/workflows/build.yml,failure,12442882,passerbyzed,66,9,,,,pull_request,0,0,,0,failure,0,,0,0,0,0,0,0,0,0,0,0,0,0,0,0,0,0,0,0,0,0,0,0,0,0,0,0,0,0,128,0,0,0,0,0,0,0,0,0,220,1,[],java-maven,259646,168240,647.959,0,0,0,0,0,0.21,0.232979,0.036,0.401667,0,0,1,0,0,0,0,0
45026,9283028050,54973527,github CI,bugfix/sentinel-check-getRedisOfDcClusterShard,a83afd4a24e56b5257d6221ffe8d3738df0ac496,.github/workflows/build.yml,failure,12442882,lilongjiao,66,12,0.0,1.0,{'fix'},pull_request,10,0,808.0,0,failure,1,abadabed5b5f077ad5cf82497f5f78a20da21c04,2,2,2,0,0,2,4,1,0,0,0,0,0,2,2,0,0,0,19,0,0,0,0,0,0,1,0,0,128,0,0,0,0,0,0,0,0,0,47,1,[],java-maven,252417,165781,656.774,0,0,0,0,0,0.07,0.55,0.036,0.622105,4,1,1,0,0,0,0,0
45027,8414408633,54973527,github CI,feature/rebalance-keeper,e61b76c8e901023bf87ae926cb3ed0095e7eb637,.github/workflows/build.yml,failure,12442882,passerbyzed,62,6,,,,pull_request,0,0,,0,success,0,,0,0,0,0,0,0,0,0,0,0,0,0,0,0,0,0,0,0,0,0,0,0,0,0,0,0,0,0,128,0,0,0,0,0,0,0,0,0,47,1,[],java-maven,250347,164255,656.109,0,0,0,0,0,0.034,0.551875,0.01,0.74375,1,0,1,0,0,1,0,0
45028,9285585428,54973527,github CI,master,e21cb6e602b0eae7e3329030e98012de80281c1c,.github/workflows/build.yml,failure,12442882,LanternLee,66,12,1.0,1.0,{'revert'},push,44,0,809.0,1,failure,1,6768995c39a0b915c51f3ef8674d400a4242dd94,2,2,2,0,1,2,4,1,0,0,0,0,0,2,2,0,0,0,19,0,0,0,0,0,0,1,0,0,128,0,0,0,0,0,0,0,0,0,47,1,[],java-maven,252417,165781,656.774,0,0,0,0,0,0.08,0.6,0.046,0.641111,6,0,1,0,1,1,0,1
45029,9641022286,54973527,github CI,feature/mail-transmit-checkerleader,571755ae4a28a619ad9be167751a20d4c35eaf66,.github/workflows/build.yml,failure,12442882,wangqifan,66,10,,,,pull_request,0,0,,1,failure,0,,0,0,0,0,0,0,0,0,0,0,0,0,0,0,0,0,0,0,0,0,0,0,0,0,0,0,0,0,128,0,0,0,0,0,0,0,0,0,47,1,[],java-maven,253649,165971,654.333,0,0,0,0,0,0.162,0.439667,0.084,0.429,0,0,1,0,1,0,0,0
45030,7458602413,54973527,github CI,master,f9bb25f735092e9b74f2652c55d2ec754e447652,.github/workflows/build.yml,failure,12442882,lmdyyh,60,8,0.0,0.0,,push,8,0,766.0,0,failure,1,1269d7e21da770cf31865cdaa7737f1375993872,3,29,21,0,0,3,50,1,0,0,0,0,0,3,3,1,0,1,30,0,0,0,2,0,2,1,0,0,128,0,0,0,0,0,0,0,0,0,47,1,[],java-maven,248369,163180,657.006,0,0,0,0,0,0.09,0.413636,0.016,0.615,0,0,1,0,1,1,0,1
45031,9905209435,54973527,github CI,featur/delay-cancel,1ea070cd4b9998fc91ca42645d328b151e529e15,.github/workflows/build.yml,failure,12442882,wangqifan,66,9,,,,pull_request,0,0,,1,failure,0,,0,0,0,0,0,0,0,0,0,0,0,0,0,0,0,0,0,0,0,0,0,0,0,0,0,0,0,0,128,0,0,0,0,0,0,0,0,0,220,1,[],java-maven,258596,168240,650.59,0,0,0,0,0,0.204,0.366939,0.03,0.538889,0,0,1,0,1,0,0,0
45032,9641270823,54973527,github CI,feature/mail-transmit-checkerleader,2c09c655900541ed54e2f5166248006d966f026d,.github/workflows/build.yml,failure,12442882,wangqifan,66,11,0.0,1.0,,pull_request,24,0,825.0,1,failure,1,488677b09dea3da4a355318edf109a41ba539b26,110,1107,5890,2,1,128,4730,7,2142,1,1,4,52,80,136,20,79,99,386,13,33,46,83,267,350,1,1,0,128,4,56,131,2011,2,0,21,0,0,47,1,[],java-maven,253649,165971,654.333,0,0,0,0,0,0.164,0.425161,0.086,0.408095,0,0,1,0,1,0,0,0
45033,9204484843,54973527,github CI,feature/optimized-sentinel-reset,55bd332a9a5cbbfbc8a95e465992dd62261a527e,.github/workflows/build.yml,failure,12442882,lilongjiao,64,10,0.0,0.0,,pull_request,6,0,801.0,1,success,2,7389327d34b8482078ac61b8f8810add38af9d35,76,1197,2714,2,0,68,2523,7,1384,1,1,11,19,56,86,43,34,77,290,18,11,29,185,269,454,1,1,0,128,3,21,251,1133,0,0,24,0,0,47,1,[],java-maven,250788,164443,655.705,0,0,0,0,0,0.048,0.646667,0.038,0.85125,2,1,1,0,0,0,0,0
45034,9383786197,54973527,github CI,feature/crdt-support-sync,ae6f5eddfd4cee22e53deae43040d83c635f9746,.github/workflows/build.yml,failure,12442882,tigerLuHai,65,11,,,,pull_request,0,0,,0,failure,0,,0,0,0,0,0,0,0,0,0,0,0,0,0,0,0,0,0,0,0,0,0,0,0,0,0,0,0,0,128,0,0,0,0,0,0,0,0,0,47,1,[],java-maven,252283,165266,655.082,0,0,0,0,0,0.098,0.548095,0.014,0.821667,1,0,1,0,0,0,0,0
45035,9396942690,54973527,github CI,master,6f84148106d2cb9965875e5cb69b5ce35986cd7d,.github/workflows/build.yml,failure,12442882,lmdyyh,66,12,1.0,1.0,{'fix'},push,9,0,816.0,0,failure,1,eb24378228093ffbc42f6b9d17a556ea1ccbb692,23,1758,809,0,0,27,2403,1,164,0,0,11,0,23,34,14,0,14,84,10,0,10,70,4,74,1,1,0,128,11,0,163,1,0,0,1,0,0,47,1,[],java-maven,252741,165504,654.836,0,0,0,0,0,0.108,0.461429,0.014,0.704286,0,0,1,0,0,1,0,1
45036,7648814946,54973527,github CI,master,aa41c04a53531e9216f7c3f15d353115f170d6ce,.github/workflows/build.yml,failure,12442882,lmdyyh,60,8,0.0,0.0,,push,36,0,769.0,0,success,1,b903aabebf13ae6eea55676621709d60aec895d0,8,387,172,0,0,6,174,1,385,0,0,1,0,8,9,4,0,4,35,1,0,1,12,0,12,1,1,0,128,1,0,220,165,0,0,2,0,0,47,1,[],java-maven,248542,163235,656.77,0,0,0,0,0,0.032,0.486667,0.008,0.826667,0,0,1,0,1,1,0,1
45037,10038080124,54973527,github CI,master,66fd364601b3010ac4dfbce3b20955663e8df7ca,.github/workflows/build.yml,failure,12442882,LanternLee,67,9,0.0,1.0,,push,28,0,852.0,0,failure,1,98911168d48198b9efd4cf0cb4128eb79be32d11,1,16,2,0,0,1,18,1,0,0,0,0,0,1,1,1,0,1,5,2,0,2,0,0,0,1,0,0,128,0,0,0,0,0,0,1,0,0,267,1,[],java-maven,259696,168397,648.439,0,0,0,0,0,0.16,0.394444,0.032,0.526154,20,0,1,0,1,1,0,1
45038,9609473898,54973527,github CI,feature/mail-transmit-checkerleader,b91b9d83f79f4180c8099f3e6a6f9c535703183f,.github/workflows/build.yml,failure,12442882,wangqifan,66,11,,,,pull_request,0,0,,0,failure,0,,0,0,0,0,0,0,0,0,0,0,0,0,0,0,0,0,0,0,0,0,0,0,0,0,0,0,0,0,128,0,0,0,0,0,0,0,0,0,47,1,[],java-maven,253616,165971,654.419,0,0,0,0,0,0.146,0.5308,0.07,0.540625,0,0,1,0,1,0,0,0
45039,9582545441,54973527,github CI,feature/rebalance-keeper,e19208a9e544d68ee5d0b0bbe1c956eee0137817,.github/workflows/build.yml,failure,12442882,passerbyzed,66,11,,,,pull_request,0,0,,1,failure,0,,0,0,0,0,0,0,0,0,0,0,0,0,0,0,0,0,0,0,0,0,0,0,0,0,0,0,0,0,128,0,0,0,0,0,0,0,0,0,47,1,[],java-maven,254629,166934,655.597,0,0,0,0,0,0.14,0.203226,0.054,0.260455,0,0,1,0,0,0,0,0
45040,9202855000,54973527,github CI,master,fde05d505dc0ffc59ee154154007b40ca0a8b6a2,.github/workflows/build.yml,failure,12442882,lmdyyh,64,10,0.0,0.0,,push,18,0,797.0,0,failure,1,13d8609131d71928836100b11eedcc8cebb74f7b,29,1568,543,0,0,21,1226,1,885,0,1,19,2,21,42,5,25,30,100,2,10,12,265,39,304,1,1,0,128,11,2,809,76,0,0,14,0,0,47,1,[],java-maven,251544,165129,656.462,0,0,0,0,0,0.044,0.753333,0.034,0.69,0,0,1,0,0,1,0,1
45041,9891538130,54973527,github CI,feature/full_link_health_check,18bc88bda0de2d860bc64a3d0137befd1db3722c,.github/workflows/build.yml,failure,12442882,passerbyzed,66,9,,,,pull_request,0,0,,1,failure,0,,0,0,0,0,0,0,0,0,0,0,0,0,0,0,0,0,0,0,0,0,0,0,0,0,0,0,0,0,128,0,0,0,0,0,0,0,0,0,220,1,[],java-maven,259443,168240,648.466,0,0,0,0,0,0.198,0.244667,0.026,0.442727,0,0,1,0,0,0,0,0
45042,9787977348,54973527,github CI,bugfix/routeUse,da7f43b91ed66f631e727ecbc1a1f7f2648d5735,.github/workflows/build.yml,failure,12442882,passerbyzed,66,9,0.0,1.0,,pull_request,2,0,837.0,0,success,1,8090984a5aa828cf16789c40869eb9c2c4e629cf,13,90,366,0,1,14,343,1,113,0,0,0,3,13,16,2,6,8,48,1,0,1,15,33,48,1,1,0,128,0,3,1,112,0,0,6,0,0,220,1,[],java-maven,257816,167982,651.558,0,0,0,0,0,0.194,0.217027,0.04,0.6,0,0,1,0,0,0,0,0
45043,8450518948,54973527,github CI,bugfix/register_cause_npe,db280c07d4acf295785ece5b3fa7f34d475aaea0,.github/workflows/build.yml,failure,12442882,YN-Zheng,62,6,,,,pull_request,0,0,,0,failure,0,,0,0,0,0,0,0,0,0,0,0,0,0,0,0,0,0,0,0,0,0,0,0,0,0,0,0,0,0,128,0,0,0,0,0,0,0,0,0,47,1,[],java-maven,250618,164356,655.803,0,0,0,0,0,0.046,0.795,0.016,0.82,0,0,1,0,1,0,0,0
45044,9678421143,54973527,github CI,bugfix/proxy-oom,e5ad52f04a1421b198efb4812df4ea01f5767231,.github/workflows/build.yml,failure,12442882,LanternLee,66,10,0.0,5.0,"{'feat', 'fix', 'perf'}",pull_request,36,0,834.0,0,failure,5,d9b651b051cea202b2a607d81d37719da2351818,62,519,420,0,1,50,719,5,220,1,0,4,0,54,58,28,17,45,216,8,9,17,40,13,53,1,1,0,128,4,0,100,120,0,0,24,0,0,47,1,[],java-maven,257711,167887,651.455,0,0,0,0,0,0.178,0.245172,0.08,0.35,18,0,1,0,1,0,0,0
45045,8325636861,54973527,github CI,master,b695f7bf64582e196a6cac480ffdb68b39d1e08d,.github/workflows/build.yml,failure,12442882,lmdyyh,62,7,0.0,0.0,,push,14,0,779.0,0,success,1,e7d06813ca5d84927e1d30aaa10707c50cf1d573,2,2,2,0,0,2,4,2,0,1,0,0,0,0,0,0,0,0,0,0,0,0,0,0,0,0,0,0,128,0,0,0,0,0,0,0,0,0,47,1,[],java-maven,250187,164210,656.349,0,0,0,0,0,0.028,0.738333,0.014,0.881111,0,0,1,0,1,0,0,1
45046,9607646875,54973527,github CI,master,3a8e7da74a994ae9ab9ddb5536cbe929908a5be8,.github/workflows/build.yml,failure,12442882,LanternLee,66,11,0.0,1.0,{'fix'},push,12,0,822.0,1,success,1,88841d81d74fb8814a898dfe1f1e5d7902e3daf0,1,2,3,0,1,1,5,1,0,0,0,0,0,1,1,0,0,0,24,0,0,0,0,0,0,1,0,0,128,0,0,0,0,0,0,0,0,0,47,1,[],java-maven,254342,166829,655.924,0,0,0,0,0,0.136,0.361739,0.06,0.609091,13,0,1,0,1,1,0,1
45047,9466945546,54973527,github CI,feature/rebalance-keeper,c646c63e6070c10ccc1b072c24f9ef7c3fa74c7a,.github/workflows/build.yml,failure,12442882,passerbyzed,66,12,,,,pull_request,0,0,,0,failure,0,,0,0,0,0,0,0,0,0,0,0,0,0,0,0,0,0,0,0,0,0,0,0,0,0,0,0,0,0,128,0,0,0,0,0,0,0,0,0,47,1,[],java-maven,253380,165987,655.091,0,0,0,0,0,0.108,0.39,0.02,0.816667,0,0,1,0,0,1,0,0
45048,9678626380,54973527,github CI,feature/migration_token,5e7b0d74ea5d3be395a7eb3b6b3cd17cf3bd0c5c,.github/workflows/build.yml,failure,12442882,wangqifan,66,10,,,,pull_request,0,0,,0,failure,0,,0,0,0,0,0,0,0,0,0,0,0,0,0,0,0,0,0,0,0,0,0,0,0,0,0,0,0,0,128,0,0,0,0,0,0,0,0,0,47,1,[],java-maven,257650,167887,651.609,0,0,0,0,0,0.18,0.326471,0.082,0.345,0,0,1,0,1,0,0,0
45049,8521972252,54973527,github CI,feature/rebalance-keeper,97953ddbd873e9e54a975c525dddc97483d10a78,.github/workflows/build.yml,failure,12442882,passerbyzed,63,7,,,,pull_request,0,0,,0,failure,0,,0,0,0,0,0,0,0,0,0,0,0,0,0,0,0,0,0,0,0,0,0,0,0,0,0,0,0,0,128,0,0,0,0,0,0,0,0,0,47,1,[],java-maven,250823,164388,655.394,0,0,0,0,0,0.078,0.463421,0.034,0.426875,1,0,1,0,0,1,0,0
45050,9169689137,54973527,github CI,master,13d8609131d71928836100b11eedcc8cebb74f7b,.github/workflows/build.yml,failure,12442882,lmdyyh,64,9,0.0,0.0,,push,6,0,800.0,0,failure,1,06753da14824ce2586d3b1721b28d9f9cb95a3dd,5,6,4,0,0,5,10,4,0,2,0,0,0,0,0,0,0,0,0,0,0,0,0,0,0,0,0,0,128,0,0,0,0,0,0,0,0,0,47,1,[],java-maven,250764,164396,655.581,0,0,0,0,0,0.034,0.85375,0.024,0.84,0,0,1,0,0,0,0,1
45051,9593487258,54973527,github CI,feature/rebalance-keeper,01f0aa7dae6698773413c21df856cefc43e3d74a,.github/workflows/build.yml,failure,12442882,LanternLee,66,11,,,,pull_request,0,0,,0,failure,0,,0,0,0,0,0,0,0,0,0,0,0,0,0,0,0,0,0,0,0,0,0,0,0,0,0,0,0,0,128,0,0,0,0,0,0,0,0,0,47,1,[],java-maven,254653,166943,655.57,0,0,0,0,0,0.134,0.3665,0.052,0.7175,12,0,1,0,1,0,0,0
45052,8280957331,54973527,github CI,feature/rebalance-keeper,5bcc082d859b97b03e7a2ab90dcb50eb1f0bee35,.github/workflows/build.yml,failure,12442882,passerbyzed,61,6,,,,pull_request,0,0,,1,success,0,,0,0,0,0,0,0,0,0,0,0,0,0,0,0,0,0,0,0,0,0,0,0,0,0,0,0,0,0,128,0,0,0,0,0,0,0,0,0,47,1,[],java-maven,250096,164180,656.468,0,0,0,0,0,0.024,0.573333,0.02,0.627273,0,0,1,0,0,0,0,0
45053,8478417953,54973527,github CI,feature/rebalance-keeper,796649e7876133e4161e4cb0ee5748ad5e5db2fe,.github/workflows/build.yml,failure,12442882,passerbyzed,63,7,,,,pull_request,0,0,,1,failure,0,,0,0,0,0,0,0,0,0,0,0,0,0,0,0,0,0,0,0,0,0,0,0,0,0,0,0,0,0,128,0,0,0,0,0,0,0,0,0,47,1,[],java-maven,250735,164326,655.377,0,0,0,0,0,0.06,0.490625,0.028,0.539091,1,0,1,0,0,1,0,0
45054,8430882893,54973527,github CI,feature/rebalance-keeper,d58d2f3e8dadb83adddc8b34f7cee0aaa6306a0f,.github/workflows/build.yml,failure,12442882,passerbyzed,62,6,,,,pull_request,0,0,,1,success,0,,0,0,0,0,0,0,0,0,0,0,0,0,0,0,0,0,0,0,0,0,0,0,0,0,0,0,0,0,128,0,0,0,0,0,0,0,0,0,47,1,[],java-maven,250533,164303,655.814,0,0,0,0,0,0.04,0.575,0.01,0.684375,1,0,1,0,0,1,0,0
45055,8467939917,54973527,github CI,feature/rebalance-keeper,fd90a6e5b83385bfa5da770a79aa3d208e559c73,.github/workflows/build.yml,failure,12442882,passerbyzed,63,7,,,,pull_request,0,0,,1,failure,0,,0,0,0,0,0,0,0,0,0,0,0,0,0,0,0,0,0,0,0,0,0,0,0,0,0,0,0,0,128,0,0,0,0,0,0,0,0,0,47,1,[],java-maven,250753,164371,655.51,0,0,0,0,0,0.054,0.542414,0.022,0.625789,1,0,1,0,0,1,0,0
45056,8325687883,54973527,github CI,feature/sre-migration-api,9bdcc0d1ee817f68ec21b2456d23e8db6af058b2,.github/workflows/build.yml,failure,12442882,LanternLee,62,7,,,,pull_request,0,0,,0,failure,0,,0,0,0,0,0,0,0,0,0,0,0,0,0,0,0,0,0,0,0,0,0,0,0,0,0,0,0,0,128,0,0,0,0,0,0,0,0,0,47,1,[],java-maven,250328,164255,656.159,0,0,0,0,0,0.03,0.579412,0.016,0.72,5,0,1,0,1,0,0,0
45057,9608018304,54973527,github CI,feature/rebalance-keeper,1867cf2c7922d54c4e201597d1d75024db061157,.github/workflows/build.yml,failure,12442882,LanternLee,66,11,0.0,2.0,{'build'},pull_request,2,0,826.0,0,failure,2,54a4ccea1c6b4084d9109c738084dc6bd7cc7f28,39,416,256,2,1,37,517,5,153,1,1,2,5,35,42,33,1,34,174,12,0,12,34,38,72,1,1,0,128,2,8,116,37,0,0,6,0,0,47,1,[],java-maven,254654,166943,655.568,0,0,0,0,0,0.14,0.345833,0.064,0.556667,14,0,1,0,1,0,0,0
45058,7419562966,54973527,github CI,master,c419d8a8329a4343d1403852df52c611fbd385d6,.github/workflows/build.yml,failure,12442882,lmdyyh,60,8,0.0,0.0,,push,4,0,765.0,0,success,1,112a10d3f1136181c1fbdd9712827c56cc9d121b,24,931,692,0,0,30,1408,2,215,0,0,11,0,21,32,12,22,34,135,12,12,24,128,24,152,1,1,0,128,11,0,128,87,0,0,33,0,0,47,1,[],java-maven,248162,163043,657.002,0,0,0,0,0,0.084,0.508889,0.014,0.704286,0,0,1,0,1,0,0,1
45059,7418800011,54973527,github CI,feature/rebalance-keeper,0dbaae9a98848fec71de27631711bef528b94997,.github/workflows/build.yml,failure,12442882,passerbyzed,60,8,,,,pull_request,0,0,,1,failure,0,,0,0,0,0,0,0,0,0,0,0,0,0,0,0,0,0,0,0,0,0,0,0,0,0,0,0,0,0,128,0,0,0,0,0,0,0,0,0,47,1,[],java-maven,248163,163043,657.0,0,0,0,0,0,0.08,0.558491,0.012,0.694,0,0,1,0,0,0,0,0
45060,8274344354,54973527,github CI,feature/rebalance-keeper,a4d790649934b0360f2cf7f0d01d55ea67f57a32,.github/workflows/build.yml,failure,12442882,passerbyzed,61,6,,,,pull_request,0,0,,0,success,0,,0,0,0,0,0,0,0,0,0,0,0,0,0,0,0,0,0,0,0,0,0,0,0,0,0,0,0,0,128,0,0,0,0,0,0,0,0,0,47,1,[],java-maven,249877,163912,655.971,0,0,0,0,0,0.018,0.701429,0.016,0.82,0,0,1,0,0,1,0,0
45061,8372485158,54973527,github CI,feature/rebalance-keeper,141d0788c6165308e0b6c5aee72bc959df848c6f,.github/workflows/build.yml,failure,12442882,passerbyzed,62,6,,,,pull_request,0,0,,0,success,0,,0,0,0,0,0,0,0,0,0,0,0,0,0,0,0,0,0,0,0,0,0,0,0,0,0,0,0,0,128,0,0,0,0,0,0,0,0,0,47,1,[],java-maven,250315,164222,656.061,0,0,0,0,0,0.032,0.56,0.01,0.772222,1,0,1,0,0,1,0,0
45062,9594400992,54973527,github CI,feature/rebalance-keeper,4f31cc014af24cc35f12210f4d5aff01ed32aee8,.github/workflows/build.yml,failure,12442882,LanternLee,66,10,,,,pull_request,0,0,,1,failure,0,,0,0,0,0,0,0,0,0,0,0,0,0,0,0,0,0,0,0,0,0,0,0,0,0,0,0,0,0,128,0,0,0,0,0,0,0,0,0,47,1,[],java-maven,254654,166943,655.568,0,0,0,0,0,0.132,0.349524,0.054,0.636667,12,0,1,0,1,0,0,0
45063,9193786816,54973527,github CI,feature/rebalance-keeper,61946a26a33222e0bd3a996be2a774ed0ca4cef6,.github/workflows/build.yml,failure,12442882,passerbyzed,64,9,,,,pull_request,0,0,,0,success,0,,0,0,0,0,0,0,0,0,0,0,0,0,0,0,0,0,0,0,0,0,0,0,0,0,0,0,0,0,128,0,0,0,0,0,0,0,0,0,47,1,[],java-maven,251133,164560,655.27,0,0,0,0,0,0.04,0.533333,0.03,0.692857,0,0,1,0,0,1,0,0
45064,8198412514,54973527,github CI,bugfix/metaserver-fgc,104f1812d1e9c20ff09f40c9456842611468259f,.github/workflows/build.yml,failure,12442882,LanternLee,61,6,0.0,0.0,,pull_request,48,0,775.0,1,failure,5,fe23abdde630cf73bb7999c0513100bc069b643e,12,182,46,0,0,9,123,2,105,1,1,1,0,8,9,4,0,4,51,1,0,1,18,5,23,1,1,0,128,1,0,99,6,0,0,5,0,0,47,1,[],java-maven,249455,163832,656.76,0,0,0,0,0,0.008,0.773333,0.008,0.745,1,0,1,0,1,1,0,0
45065,8429670055,54973527,github CI,feature/rebalance-keeper,90bb60e03c3ca97f356cb4625a542db4ceb54fc7,.github/workflows/build.yml,failure,12442882,passerbyzed,62,6,,,,pull_request,0,0,,1,success,0,,0,0,0,0,0,0,0,0,0,0,0,0,0,0,0,0,0,0,0,0,0,0,0,0,0,0,0,0,128,0,0,0,0,0,0,0,0,0,47,1,[],java-maven,250533,164303,655.814,0,0,0,0,0,0.036,0.610476,0.006,0.766923,1,0,1,0,0,1,0,0
45066,8478131635,54973527,github CI,feature/rebalance-keeper,3bfc03be3693b0de2684d866f0203a56d367ad9a,.github/workflows/build.yml,failure,12442882,passerbyzed,63,7,,,,pull_request,0,0,,1,failure,0,,0,0,0,0,0,0,0,0,0,0,0,0,0,0,0,0,0,0,0,0,0,0,0,0,0,0,0,0,128,0,0,0,0,0,0,0,0,0,47,1,[],java-maven,250773,164371,655.457,0,0,0,0,0,0.056,0.524,0.024,0.594,1,0,1,0,0,1,0,0
45067,9559080854,54973527,github CI,feature/rebalance-keeper,0a1cff7e73a9c145913353753507de86245a9c81,.github/workflows/build.yml,failure,12442882,passerbyzed,66,10,,,,pull_request,0,0,,1,failure,0,,0,0,0,0,0,0,0,0,0,0,0,0,0,0,0,0,0,0,0,0,0,0,0,0,0,0,0,0,128,0,0,0,0,0,0,0,0,0,47,1,[],java-maven,253603,165985,654.507,0,0,0,0,0,0.116,0.285263,0.03,0.404167,0,0,1,0,0,0,0,0
45068,8227799001,54973527,github CI,bugfix/metaserver-fgc,f7b46c8eec564d3454fe1485513d1443795a1e1f,.github/workflows/build.yml,failure,12442882,LanternLee,61,6,,,,pull_request,0,0,,1,failure,0,,0,0,0,0,0,0,0,0,0,0,0,0,0,0,0,0,0,0,0,0,0,0,0,0,0,0,0,0,128,0,0,0,0,0,0,0,0,0,47,1,[],java-maven,249455,163832,656.76,0,0,0,0,0,0.012,0.630909,0.012,0.594,1,0,1,0,1,0,0,0
45069,9561086915,54973527,github CI,feature/rebalance-keeper,dadb20cbfa58b4be3d409e6f479bce36e26bb7c0,.github/workflows/build.yml,failure,12442882,passerbyzed,66,10,,,,pull_request,0,0,,1,failure,0,,0,0,0,0,0,0,0,0,0,0,0,0,0,0,0,0,0,0,0,0,0,0,0,0,0,0,0,0,128,0,0,0,0,0,0,0,0,0,47,1,[],java-maven,253590,165985,654.541,0,0,0,0,0,0.116,0.258095,0.032,0.345714,0,0,1,0,0,1,0,0
45070,9202990403,54973527,github CI,feature/rebalance-keeper,8b9e56c4f647c19263cae0c36df23de94ccab318,.github/workflows/build.yml,failure,12442882,passerbyzed,64,9,,,,pull_request,0,0,,0,success,0,,0,0,0,0,0,0,0,0,0,0,0,0,0,0,0,0,0,0,0,0,0,0,0,0,0,0,0,0,128,0,0,0,0,0,0,0,0,0,47,1,[],java-maven,251901,165282,656.139,0,0,0,0,0,0.044,0.478,0.036,0.535556,0,0,1,0,0,1,0,0
45071,9282975517,54973527,github CI,feature/rebalance-keeper,191661eb69e82d6461e8782cad6256736b34cdb6,.github/workflows/build.yml,failure,12442882,passerbyzed,66,12,,,,pull_request,0,0,,1,failure,0,,0,0,0,0,0,0,0,0,0,0,0,0,0,0,0,0,0,0,0,0,0,0,0,0,0,0,0,0,128,0,0,0,0,0,0,0,0,0,47,1,[],java-maven,252085,165297,655.719,0,0,0,0,0,0.068,0.435385,0.034,0.485833,0,0,1,0,0,1,0,0
45072,8277649610,54973527,github CI,feature/rebalance-keeper,eccfefbc856afdc7b78ff88d2e04b1d7a1572733,.github/workflows/build.yml,failure,12442882,passerbyzed,61,6,,,,pull_request,0,0,,1,success,0,,0,0,0,0,0,0,0,0,0,0,0,0,0,0,0,0,0,0,0,0,0,0,0,0,0,0,0,0,128,0,0,0,0,0,0,0,0,0,47,1,[],java-maven,250063,164142,656.403,0,0,0,0,0,0.022,0.589,0.02,0.655556,0,0,1,0,0,0,0,0
45073,8631245903,54973527,github CI,feature/proxy-event-optimize,b4b37d498964ef808c150f557fcbcb4c2a4a25ff,.github/workflows/build.yml,failure,12442882,LanternLee,64,8,0.0,0.0,,pull_request,22,0,791.0,0,failure,1,991054d17955de9f212cc4d1f295abc1a60e3555,12,51,12,0,0,9,49,2,14,0,1,0,0,11,11,4,0,4,41,2,0,2,5,0,5,1,1,0,128,0,0,12,2,0,0,1,0,0,47,1,[],java-maven,250645,164366,655.772,0,0,0,0,0,0.074,0.616429,0.004,0.83,4,0,1,0,1,0,0,0
45074,9609212721,54973527,github CI,feature/crdt-support-sync,9bc58ce9287b6f6f25108af5068848e9914b0eab,.github/workflows/build.yml,failure,12442882,tigerLuHai,66,10,0.0,1.0,{'feat'},pull_request,15,0,824.0,0,failure,1,d279f57625a000e498f0f0221e5bcf2cc6bf648c,113,3877,3210,2,1,127,4345,7,2617,1,1,44,8,83,135,16,86,102,413,7,35,42,190,107,297,1,1,0,128,44,12,1008,1609,2,0,17,0,0,47,1,[],java-maven,255174,166377,652.014,0,0,0,0,0,0.144,0.52,0.068,0.7075,1,0,1,0,0,0,0,0
45075,8687093056,54973527,github CI,feature/arm-aws-and-ut,90e39d34dd0e97373f1ddef37093d977e81835e2,.github/workflows/build.yml,failure,12442882,lmdyyh,64,8,0.0,0.0,,pull_request,6,0,793.0,1,success,1,2b6a21128d0d39a40f77ed7efcc4521669ef9904,2,3,3,0,0,1,4,2,2,1,1,0,0,1,1,0,0,0,7,0,0,0,0,0,0,0,1,0,128,0,0,1,1,0,0,0,0,0,47,1,[],java-maven,250619,164356,655.8,0,0,0,0,0,0.074,0.315714,0.012,0.630909,4,0,1,0,0,0,0,0
45076,7370758695,54973527,github CI,master,6ddce828fb6d5578f7db1946897ccc71c2517ec9,.github/workflows/build.yml,failure,12442882,brenoepics,60,8,,,,pull_request,0,0,,0,failure,0,,0,0,0,0,0,0,0,0,0,0,0,0,0,0,0,0,0,0,0,0,0,0,0,0,0,0,0,0,128,0,0,0,0,0,0,0,0,0,47,1,[],java-maven,247967,163002,657.354,0,0,0,0,0,0.078,0.768333,0.026,0.811667,0,0,1,0,1,1,0,1
45077,7409593690,54973527,github CI,feature/rebalance-keeper,b1ab13c270eb8a25c1ee0d6e7dc060387cef7bd9,.github/workflows/build.yml,failure,12442882,passerbyzed,60,8,,,,pull_request,0,0,,0,success,0,,0,0,0,0,0,0,0,0,0,0,0,0,0,0,0,0,0,0,0,0,0,0,0,0,0,0,0,0,128,0,0,0,0,0,0,0,0,0,47,1,[],java-maven,248096,162992,656.971,0,0,0,0,0,0.076,0.563673,0.008,0.826667,0,0,1,0,0,0,0,0
45078,7418648571,54973527,github CI,feature/rebalance-keeper,a60899178d9d09abbc7f2525f722056d7ee54e57,.github/workflows/build.yml,failure,12442882,passerbyzed,60,8,,,,pull_request,0,0,,1,success,0,,0,0,0,0,0,0,0,0,0,0,0,0,0,0,0,0,0,0,0,0,0,0,0,0,0,0,0,0,128,0,0,0,0,0,0,0,0,0,47,1,[],java-maven,248160,163043,657.008,0,0,0,0,0,0.078,0.569423,0.01,0.772222,0,0,1,0,0,0,0,0
45079,8227003015,54973527,github CI,bugfix/proxy-bugfix,463cc608fa4190d639888b24e687d8def6f78b23,.github/workflows/build.yml,failure,12442882,LanternLee,61,6,0.0,0.0,,pull_request,18,0,776.0,1,failure,1,fe23abdde630cf73bb7999c0513100bc069b643e,7,105,28,0,0,6,109,1,24,0,0,0,0,7,7,3,0,3,22,3,0,3,10,1,11,1,1,0,128,0,0,18,6,0,0,6,0,0,47,1,[],java-maven,249411,163751,656.551,0,0,0,0,0,0.01,0.695,0.01,0.661111,1,0,1,0,1,0,0,0
45080,9122254210,54973527,github CI,feature/arthas-logback,115c6e46a06786b9a89695e8801729bae37dfe54,.github/workflows/build.yml,failure,12442882,wangqifan,64,9,,,,pull_request,0,0,,0,failure,0,,0,0,0,0,0,0,0,0,0,0,0,0,0,0,0,0,0,0,0,0,0,0,0,0,0,0,0,0,128,0,0,0,0,0,0,0,0,0,47,1,[],java-maven,250769,164396,655.568,0,0,0,0,0,0.02,0.816667,0.014,0.821667,0,0,1,0,1,0,0,0
45081,8450581441,54973527,github CI,bugfix/register_cause_npe_2,ee8bf65d19ad137d0a62fece378fc9b2437bcf53,.github/workflows/build.yml,failure,12442882,YN-Zheng,62,6,0.0,0.0,,pull_request,14,0,783.0,1,failure,1,93d7c85ef16d8290b7511019776684d746d4dbb2,22,62,25,0,0,19,51,2,36,0,1,0,0,2,2,2,0,2,16,0,0,0,2,0,2,1,1,0,128,0,0,34,2,0,0,0,0,0,47,1,[],java-maven,250618,164356,655.803,0,0,0,0,0,0.048,0.68,0.018,0.701429,0,0,1,0,1,0,0,0
45082,7354517068,54973527,github CI,feature/console-fgc,bc2cab6311cab06d24186b9e2f346a052f902584,.github/workflows/build.yml,failure,12442882,LanternLee,60,8,,,,pull_request,0,0,,0,success,0,,0,0,0,0,0,0,0,0,0,0,0,0,0,0,0,0,0,0,0,0,0,0,0,0,0,0,0,0,128,0,0,0,0,0,0,0,0,0,47,1,[],java-maven,247965,163002,657.359,0,0,0,0,0,0.074,0.40125,0.028,0.7325,4,0,1,0,1,0,0,0
45083,7337463304,54973527,github CI,feature/rebalance-keeper,a96dc6a4228dc1714c5b31a5daed0e5b663b92d8,.github/workflows/build.yml,failure,12442882,passerbyzed,59,7,,,,pull_request,0,0,,1,success,0,,0,0,0,0,0,0,0,0,0,0,0,0,0,0,0,0,0,0,0,0,0,0,0,0,0,0,0,0,128,0,0,0,0,0,0,0,0,0,47,1,[],java-maven,247882,162982,657.498,0,0,0,0,0,0.066,0.555641,0.042,0.588919,1,0,1,0,0,1,0,0
45084,7189904103,54973527,github CI,feature/keeper-disk,a1f981c259fd8db8b90c5b8940d2f422c79ed0b1,.github/workflows/build.yml,failure,12442882,LanternLee,59,6,,,,pull_request,0,0,,1,success,0,,0,0,0,0,0,0,0,0,0,0,0,0,0,0,0,0,0,0,0,0,0,0,0,0,0,0,0,0,128,0,0,0,0,0,0,0,0,0,47,1,[],java-maven,246291,163042,661.989,0,0,0,0,0,0.064,0.451765,0.002,0.855714,4,0,1,0,1,0,0,0
45085,6955433058,54973527,github CI,feature/cluster-info,bb504527468926c9322f704fbc7873b75bd14e6c,.github/workflows/build.yml,failure,12442882,LanternLee,58,3,0.0,0.0,,pull_request,12,0,751.0,0,failure,1,80b56f6b14c67b01d2e57062b69fea6e524ee12e,6,288,98,0,0,9,386,1,0,0,0,3,0,6,9,8,0,8,164,1,0,1,16,17,33,1,0,0,128,3,0,0,0,0,0,0,0,0,47,1,[],java-maven,245952,162825,662.019,0,0,0,0,0,0.046,0.485625,0.038,0.481,2,0,1,0,1,0,0,0
45086,7028816699,54973527,github CI,bugfix/fix-proxy-npe,459a45fb1498a3a1625a9a3b741c714b12fbf9db,.github/workflows/build.yml,failure,12442882,passerbyzed,58,4,0.0,0.0,,pull_request,8,0,753.0,1,failure,1,52b46e09f8cc7216764110d04d0048c585b3e5e0,5,44,33,0,0,2,41,2,36,1,1,0,0,4,4,1,1,2,8,1,0,1,6,2,8,1,1,0,128,0,0,16,20,0,0,6,0,0,47,1,[],java-maven,245962,162826,661.997,0,0,0,0,0,0.064,0.516364,0.02,0.536364,0,0,1,0,1,0,0,0
45087,6938518921,54973527,github CI,master,6eeeaf03611595005e03f51995ee89016592fd34,.github/workflows/build.yml,failure,12442882,lmdyyh,58,3,0.0,0.0,,push,12,0,748.0,0,failure,1,9949bd04e1abd4c33d562adf921bce53bc2b5850,2,5,1,0,0,1,2,1,4,0,0,0,0,2,2,0,0,0,3,1,0,1,1,0,1,1,1,0,128,0,0,4,0,0,0,0,0,0,47,1,[],java-maven,245271,162665,663.205,0,0,0,0,0,0.03,0.531818,0.024,0.534545,0,0,1,0,1,1,0,1
45088,7257602579,54973527,github CI,feature/metaserver-fgc,64042f1c7759fe84486b11c11f79f990a3aee927,.github/workflows/build.yml,failure,12442882,LanternLee,59,6,0.0,0.0,,pull_request,6,0,758.0,1,failure,1,59f20fc7ac7295d18a746a2e4fbc6be9d969bb58,27,671,111,0,0,28,622,2,160,0,0,21,0,26,47,1,0,1,217,0,0,0,83,42,125,1,1,0,128,21,0,91,69,0,0,35,0,0,47,1,[],java-maven,246460,162930,661.081,0,0,0,0,0,0.05,0.3375,0.012,0.494,3,0,1,0,1,0,0,0
45089,6941086330,54973527,github CI,feature/hetero-support-non-gtid-replication,8165fc63ac98f7e0845ac45ad4822be39ef5d51c,.github/workflows/build.yml,failure,12442882,LanternLee,58,3,0.0,0.0,,pull_request,10,0,701.0,1,failure,36,6eeeaf03611595005e03f51995ee89016592fd34,80,837,238,1,0,56,781,4,294,0,1,0,0,77,77,55,1,56,405,19,1,20,42,16,58,1,1,0,128,1,0,227,67,0,0,38,0,0,47,1,[],java-maven,245743,162825,662.582,0,0,0,0,0,0.038,0.520667,0.032,0.621818,2,0,1,0,1,0,0,0
45090,7097647910,54973527,github CI,bugfix/keeper-rdb-handle-leak,24b2c57dca30227d43e82cf16ba21d2ae260a487,.github/workflows/build.yml,failure,12442882,LanternLee,59,6,0.0,0.0,,pull_request,45,0,755.0,1,failure,5,81172fc98e3cd8909f102f1adee4b4adc54999e5,14,289,150,0,0,10,169,1,270,0,1,0,1,14,15,12,5,17,66,7,0,7,42,20,62,1,1,0,128,0,1,176,94,0,0,13,0,0,47,1,[],java-maven,246085,162908,661.999,0,0,0,0,0,0.068,0.433,0.018,0.656667,4,0,1,0,1,0,0,0
45091,6943658817,54973527,github CI,feature/add_cat_when_migrate_keeper,68e10bde6ea80ef9835a7d0f30c2063eb6342ce8,.github/workflows/build.yml,failure,12442882,songyuyuyu,58,3,0.0,0.0,,pull_request,12,0,749.0,0,failure,1,6eeeaf03611595005e03f51995ee89016592fd34,2,15,4,0,0,2,19,1,0,0,0,0,0,2,2,0,0,0,4,0,0,0,3,0,3,1,0,0,128,0,0,0,0,0,0,0,0,0,47,1,[],java-maven,245282,162665,663.175,0,0,0,0,0,0.04,0.369231,0.034,0.371538,6,1,1,0,0,0,0,0
45092,6952183432,54973527,github CI,master,80b56f6b14c67b01d2e57062b69fea6e524ee12e,.github/workflows/build.yml,failure,12442882,lmdyyh,58,3,0.0,0.0,,push,8,0,750.0,1,success,1,bca2261be0fe1fdc4f9b4c0b9b94c0cb67cfd409,1,2,2,0,0,1,4,1,0,0,0,0,0,1,1,0,0,0,9,0,0,0,0,0,0,1,0,0,128,0,0,0,0,0,0,0,0,0,47,1,[],java-maven,245754,162825,662.553,0,0,0,0,0,0.044,0.484286,0.038,0.446923,0,0,1,0,1,1,0,1
45093,7258019064,54973527,github CI,master,0ef0151bbe3ff5ff32e78b2af6fb0390561d138c,.github/workflows/build.yml,failure,12442882,lmdyyh,59,6,0.0,0.0,,push,6,0,758.0,0,success,1,59f20fc7ac7295d18a746a2e4fbc6be9d969bb58,27,671,111,0,0,28,622,2,160,0,0,21,0,26,47,1,0,1,217,0,0,0,83,42,125,1,1,0,128,21,0,91,69,0,0,35,0,0,47,1,[],java-maven,246460,162930,661.081,0,0,0,0,0,0.052,0.518462,0.014,0.821667,0,0,1,0,1,0,0,1
45094,6928819273,54973527,github CI,feature/fix_test_fail,981fe8ae45aaccce5520ae53cf348641e26583ad,.github/workflows/build.yml,failure,12442882,songyuyuyu,58,4,0.0,0.0,,pull_request,12,0,748.0,0,failure,1,9949bd04e1abd4c33d562adf921bce53bc2b5850,2,5,1,0,0,1,2,1,4,0,0,0,0,2,2,0,0,0,3,1,0,1,1,0,1,1,1,0,128,0,0,4,0,0,0,0,0,0,47,1,[],java-maven,245271,162665,663.205,0,0,0,0,0,0.028,0.405,0.024,0.406667,5,1,1,0,0,0,0,0
45095,7190887430,54973527,github CI,feature/keeper-disk,23937f24bf5422a58c45e52112e0b54dd31ba6c3,.github/workflows/build.yml,failure,12442882,LanternLee,59,5,,,,pull_request,0,0,,1,failure,0,,0,0,0,0,0,0,0,0,0,0,0,0,0,0,0,0,0,0,0,0,0,0,0,0,0,0,0,0,128,0,0,0,0,0,0,0,0,0,47,1,[],java-maven,246312,163042,661.933,0,0,0,0,0,0.064,0.392941,0.004,0.711429,3,0,1,0,1,1,0,0
45096,7285731206,54973527,github CI,feature/upgrade-fireman,84a6e0a283531054810f07e6ee2ee5a0810b8114,.github/workflows/build.yml,failure,12442882,LanternLee,59,6,0.0,0.0,,pull_request,8,0,759.0,1,success,3,0ef0151bbe3ff5ff32e78b2af6fb0390561d138c,8,29,20,0,0,4,31,2,18,1,1,1,0,5,6,0,0,0,15,0,0,0,6,0,6,1,1,0,128,0,0,10,8,0,0,4,0,0,47,1,[],java-maven,246468,162932,661.068,0,0,0,0,0,0.06,0.395455,0.036,0.454667,3,0,1,0,1,0,0,0
45097,6872361110,54973527,github CI,master,42109dd9aa303fa10edc81de40a804352c430139,.github/workflows/build.yml,failure,12442882,lmdyyh,58,4,0.0,0.0,,push,10,0,743.0,0,success,1,69165343d0e07705feef5835e58221cd3f483b98,9,124,38,0,0,7,132,2,30,1,1,0,0,8,8,7,0,7,163,2,0,2,1,0,1,1,1,0,128,0,0,25,5,0,0,3,0,0,47,1,[],java-maven,249881,160456,642.13,0,0,0,0,0,0.008,0.851429,0.008,0.851429,0,0,1,0,1,1,0,1
45098,7274873761,54973527,github CI,feature/rebalance-keeper,90462526efb8e3dc1b1c347c1ce822cb86826655,.github/workflows/build.yml,failure,12442882,passerbyzed,60,7,,,,pull_request,0,0,,1,success,0,,0,0,0,0,0,0,0,0,0,0,0,0,0,0,0,0,0,0,0,0,0,0,0,0,0,0,0,0,128,0,0,0,0,0,0,0,0,0,47,1,[],java-maven,247599,162956,658.145,0,0,0,0,0,0.044,0.452,0.018,0.656667,1,0,1,0,0,1,0,0
45099,7319692610,54973527,github CI,feature/rebalance-keeper,402f6782c849e200e76c97bd64351de813f2cba1,.github/workflows/build.yml,failure,12442882,passerbyzed,60,8,,,,pull_request,0,0,,0,failure,0,,0,0,0,0,0,0,0,0,0,0,0,0,0,0,0,0,0,0,0,0,0,0,0,0,0,0,0,0,128,0,0,0,0,0,0,0,0,0,47,1,[],java-maven,247789,162985,657.757,0,0,0,0,0,0.07,0.380357,0.042,0.46619,1,0,1,0,0,1,0,0
45100,6887936477,54973527,github CI,feature/rebalance_keeper,2efe6212dbf7835457c3efec4edf879f9862fd97,.github/workflows/build.yml,failure,12442882,songyuyuyu,58,4,,,,pull_request,0,0,,0,failure,0,,0,0,0,0,0,0,0,0,0,0,0,0,0,0,0,0,0,0,0,0,0,0,0,0,0,0,0,0,128,0,0,0,0,0,0,0,0,0,47,1,[],java-maven,243578,162187,665.852,0,0,0,0,0,0.01,0.825,0.01,0.825,2,1,1,0,0,0,0,0
45101,7018838876,54973527,github CI,bugfix/fix-proxy-npe,7478d310bc6140532553f17ee5757a5c8761c16f,.github/workflows/build.yml,failure,12442882,passerbyzed,58,4,,,,pull_request,0,0,,0,failure,0,,0,0,0,0,0,0,0,0,0,0,0,0,0,0,0,0,0,0,0,0,0,0,0,0,0,0,0,0,128,0,0,0,0,0,0,0,0,0,47,1,[],java-maven,245970,162828,661.983,0,0,0,0,0,0.052,0.79,0.012,0.823333,0,0,1,0,1,0,0,0
45102,6940771263,54973527,github CI,feature/hetero-support-non-gtid-replication,13f83ffd05fc7403107b5778caeea9848d358378,.github/workflows/build.yml,failure,12442882,LanternLee,58,3,,,,pull_request,0,0,,1,failure,0,,0,0,0,0,0,0,0,0,0,0,0,0,0,0,0,0,0,0,0,0,0,0,0,0,0,0,0,0,128,0,0,0,0,0,0,0,0,0,47,1,[],java-maven,245743,162825,662.582,0,0,0,0,0,0.034,0.602308,0.028,0.762222,2,0,1,0,1,0,0,0
45103,6927175384,54973527,github CI,master,77647d14dabd32aa946c8ad942bc2aebeb6b42dc,.github/workflows/build.yml,failure,12442882,lmdyyh,58,4,0.0,0.0,,push,14,0,746.0,0,failure,1,c346720e3b228d24da97b824b3748a0e63eefd46,1,7,1,0,0,1,8,1,0,0,0,0,0,1,1,1,0,1,5,0,0,0,2,1,3,1,0,0,128,0,0,0,0,0,0,0,0,0,47,1,[],java-maven,245264,162661,663.208,0,0,0,0,0,0.022,0.654444,0.018,0.656667,0,0,1,0,1,1,0,1
45104,7028451673,54973527,github CI,bugfix/fix-proxy-npe,fcfd12e9621c9dda893c7f84713a72dd5aff330e,.github/workflows/build.yml,failure,12442882,passerbyzed,58,4,,,,pull_request,0,0,,1,failure,0,,0,0,0,0,0,0,0,0,0,0,0,0,0,0,0,0,0,0,0,0,0,0,0,0,0,0,0,0,128,0,0,0,0,0,0,0,0,0,47,1,[],java-maven,245962,162826,661.997,0,0,0,0,0,0.062,0.569,0.018,0.591,0,0,1,0,1,0,0,0
45105,6965340377,54973527,github CI,master,a6c247bb4506703516cfdbc81ea9f7e7f6a856a9,.github/workflows/build.yml,failure,12442882,lmdyyh,58,4,0.0,0.0,,push,12,0,751.0,0,failure,1,80b56f6b14c67b01d2e57062b69fea6e524ee12e,6,288,98,0,0,9,386,1,0,0,0,3,0,6,9,8,0,8,164,1,0,1,16,17,33,1,0,0,128,3,0,0,0,0,0,0,0,0,47,1,[],java-maven,245952,162825,662.019,0,0,0,0,0,0.048,0.450667,0.04,0.446154,0,0,1,0,1,1,0,1
45106,7276333584,54973527,github CI,feature/rebalance-keeper,90462526efb8e3dc1b1c347c1ce822cb86826655,.github/workflows/build.yml,failure,12442882,passerbyzed,60,7,,,,pull_request,0,0,,1,failure,0,,0,0,0,0,0,0,0,0,0,0,0,0,0,0,0,0,0,0,0,0,0,0,0,0,0,0,0,0,128,0,0,0,0,0,0,0,0,0,47,1,[],java-maven,247599,162956,658.145,0,0,0,0,0,0.048,0.397647,0.022,0.535455,1,0,1,0,0,1,0,0
45107,7262533514,54973527,github CI,feature/rebalance-keeper,16102cdfad2eeacb8dd685933032ff642b707af7,.github/workflows/build.yml,failure,12442882,passerbyzed,59,6,,,,pull_request,0,0,,0,failure,0,,0,0,0,0,0,0,0,0,0,0,0,0,0,0,0,0,0,0,0,0,0,0,0,0,0,0,0,0,128,0,0,0,0,0,0,0,0,0,47,1,[],java-maven,247666,162990,658.104,0,0,0,0,0,0.046,0.443846,0.018,0.701429,1,0,1,0,0,1,0,0
45108,6928503217,54973527,github CI,master,9949bd04e1abd4c33d562adf921bce53bc2b5850,.github/workflows/build.yml,failure,12442882,lmdyyh,58,4,0.0,0.0,,push,10,0,747.0,0,failure,1,77647d14dabd32aa946c8ad942bc2aebeb6b42dc,1,4,0,0,0,1,4,1,0,0,0,0,0,0,0,0,0,0,0,0,0,0,0,0,0,0,0,0,128,0,0,0,0,0,0,0,0,0,47,1,[],java-maven,245268,162661,663.197,0,0,0,0,0,0.026,0.587,0.022,0.589,0,0,1,0,1,1,0,1
45109,7321083089,54973527,github CI,feature/rebalance-keeper,3142e0410dfb4bc3e4b54c4fa2c5c236ea0d97ce,.github/workflows/build.yml,failure,12442882,passerbyzed,60,8,,,,pull_request,0,0,,1,success,0,,0,0,0,0,0,0,0,0,0,0,0,0,0,0,0,0,0,0,0,0,0,0,0,0,0,0,0,0,128,0,0,0,0,0,0,0,0,0,47,1,[],java-maven,247801,162985,657.725,0,0,0,0,0,0.072,0.388,0.044,0.468696,1,0,1,0,0,0,0,0
45110,7307897752,54973527,github CI,feature/rebalance-keeper,721c792d87e9ce488d9e7259c071da1c37ff25ca,.github/workflows/build.yml,failure,12442882,passerbyzed,60,8,,,,pull_request,0,0,,1,success,0,,0,0,0,0,0,0,0,0,0,0,0,0,0,0,0,0,0,0,0,0,0,0,0,0,0,0,0,0,128,0,0,0,0,0,0,0,0,0,47,1,[],java-maven,247785,162985,657.768,0,0,0,0,0,0.068,0.371538,0.042,0.462632,1,0,1,0,0,1,0,0
45111,7243057032,54973527,github CI,feature/metaserver-fgc,2b6c829c7285d347959198b0d3d9a1b2901610a3,.github/workflows/build.yml,failure,12442882,LanternLee,59,6,,,,pull_request,0,0,,0,failure,0,,0,0,0,0,0,0,0,0,0,0,0,0,0,0,0,0,0,0,0,0,0,0,0,0,0,0,0,0,128,0,0,0,0,0,0,0,0,0,47,1,[],java-maven,246461,162930,661.078,0,0,0,0,0,0.066,0.370556,0.008,0.62,3,0,1,0,1,0,0,0
45112,7028335657,54973527,github CI,bugfix/fix-proxy-npe,c0020635ef37da8e7881665cc951d852f755ae85,.github/workflows/build.yml,failure,12442882,passerbyzed,58,4,,,,pull_request,0,0,,0,failure,0,,0,0,0,0,0,0,0,0,0,0,0,0,0,0,0,0,0,0,0,0,0,0,0,0,0,0,0,0,128,0,0,0,0,0,0,0,0,0,47,1,[],java-maven,245970,162830,661.991,0,0,0,0,0,0.06,0.633333,0.016,0.657778,0,0,1,0,1,0,0,0
45113,6926564958,54973527,github CI,master,c346720e3b228d24da97b824b3748a0e63eefd46,.github/workflows/build.yml,failure,12442882,lmdyyh,58,4,0.0,0.0,,push,4,0,744.0,0,failure,1,42109dd9aa303fa10edc81de40a804352c430139,73,5691,515,1,0,108,3854,6,2351,1,1,63,0,66,129,89,24,113,344,35,14,49,552,81,633,1,1,0,128,66,0,2278,73,0,0,21,0,0,47,1,[],java-maven,245259,162661,663.221,0,0,0,0,0,0.016,0.74,0.012,0.7425,0,0,1,0,1,0,0,1
45114,7027537912,54973527,github CI,bugfix/fix-proxy-npe,e4b157cf536b387d6284a63277097c04fd58202d,.github/workflows/build.yml,failure,12442882,passerbyzed,58,4,,,,pull_request,0,0,,0,success,0,,0,0,0,0,0,0,0,0,0,0,0,0,0,0,0,0,0,0,0,0,0,0,0,0,0,0,0,0,128,0,0,0,0,0,0,0,0,0,47,1,[],java-maven,245968,162826,661.98,0,0,0,0,0,0.056,0.674286,0.012,0.705714,0,0,1,0,1,0,0,0
45115,6926107334,54973527,github CI,feature/rebalance_keeper,c9d0cd1ceeac9b42ca989e118a45dd786e16ebfb,.github/workflows/build.yml,failure,12442882,songyuyuyu,58,4,,,,pull_request,0,0,,1,failure,0,,0,0,0,0,0,0,0,0,0,0,0,0,0,0,0,0,0,0,0,0,0,0,0,0,0,0,0,0,128,0,0,0,0,0,0,0,0,0,47,1,[],java-maven,243633,162288,666.117,0,0,0,0,0,0.012,0.705714,0.008,0.708571,2,1,1,0,0,0,0,0
45116,7243876130,54973527,github CI,feature/metaserver-fgc,7a1bb3652307ce661fb07338a3a253bdee32b1b1,.github/workflows/build.yml,failure,12442882,LanternLee,59,6,,,,pull_request,0,0,,1,failure,0,,0,0,0,0,0,0,0,0,0,0,0,0,0,0,0,0,0,0,0,0,0,0,0,0,0,0,0,0,128,0,0,0,0,0,0,0,0,0,47,1,[],java-maven,246460,162930,661.081,0,0,0,0,0,0.068,0.350526,0.01,0.55,3,0,1,0,1,0,0,0
45117,7285175323,54973527,github CI,feature/rebalance-keeper,e3830fc10548ebc1153115d33f74091f30010aec,.github/workflows/build.yml,failure,12442882,passerbyzed,59,7,,,,pull_request,0,0,,0,failure,0,,0,0,0,0,0,0,0,0,0,0,0,0,0,0,0,0,0,0,0,0,0,0,0,0,0,0,0,0,128,0,0,0,0,0,0,0,0,0,47,1,[],java-maven,247721,162990,657.958,0,0,0,0,0,0.058,0.367143,0.034,0.455333,1,0,1,0,0,1,0,0
45118,7284361213,54973527,github CI,feature/upgrade-fireman,a86485518d33b6768ee382eefee8f2cc6a5c5c8f,.github/workflows/build.yml,failure,12442882,LanternLee,59,7,0.0,0.0,,pull_request,8,0,759.0,0,success,2,0ef0151bbe3ff5ff32e78b2af6fb0390561d138c,2,6,2,0,0,2,8,1,0,0,1,0,0,0,0,0,0,0,0,0,0,0,0,0,0,0,0,0,128,0,0,0,0,0,0,0,0,0,47,1,[],java-maven,246464,162930,661.07,0,0,0,0,0,0.05,0.430556,0.026,0.533636,3,0,1,0,1,1,0,0
45119,7272392883,54973527,github CI,feature/upgrade-fireman,46476bd65ac2659a42277f62230795bbc868bf8a,.github/workflows/build.yml,failure,12442882,lilongjiao,60,7,0.0,0.0,,pull_request,8,0,759.0,0,failure,1,0ef0151bbe3ff5ff32e78b2af6fb0390561d138c,1,1,1,0,0,1,2,1,0,0,0,0,0,0,0,0,0,0,0,0,0,0,0,0,0,0,0,0,128,0,0,0,0,0,0,0,0,0,47,1,[],java-maven,246460,162930,661.081,0,0,0,0,0,0.044,0.796667,0.016,0.82,0,1,1,0,0,1,0,0
45120,6927079654,54973527,github CI,feature/rebalance_keeper1,138cac00d48da8b5ed0eef78dd1f813e801710f5,.github/workflows/build.yml,failure,12442882,songyuyuyu,58,4,,,,pull_request,0,0,,0,failure,0,,0,0,0,0,0,0,0,0,0,0,0,0,0,0,0,0,0,0,0,0,0,0,0,0,0,0,0,0,128,0,0,0,0,0,0,0,0,0,47,1,[],java-maven,243638,162288,666.103,0,0,0,0,0,0.018,0.545556,0.014,0.547778,3,1,1,0,0,0,0,0
45121,7327551542,54973527,github CI,feature/rebalance-keeper,9cf602b46e86ceff814d675ed6792541163d9dab,.github/workflows/build.yml,failure,12442882,passerbyzed,60,8,,,,pull_request,0,0,,1,failure,0,,0,0,0,0,0,0,0,0,0,0,0,0,0,0,0,0,0,0,0,0,0,0,0,0,0,0,0,0,128,0,0,0,0,0,0,0,0,0,47,1,[],java-maven,247800,162985,657.728,0,0,0,0,0,0.078,0.351818,0.044,0.414615,1,0,1,0,0,0,0,0
45122,7285904252,54973527,github CI,master,352386f8ba4528993caec81f517df6d6926f4b6e,.github/workflows/build.yml,failure,12442882,lmdyyh,59,6,0.0,0.0,,push,8,0,759.0,0,failure,1,0ef0151bbe3ff5ff32e78b2af6fb0390561d138c,8,29,20,0,0,4,31,2,18,1,1,1,0,5,6,0,0,0,15,0,0,0,6,0,6,1,1,0,128,0,0,10,8,0,0,4,0,0,47,1,[],java-maven,246468,162932,661.068,0,0,0,0,0,0.062,0.569,0.038,0.687143,0,0,1,0,1,0,0,1
45123,6928442836,54973527,github CI,bugfix/remove_dubbo_in_proxy,06dae1f2bd30830f51ee4e85f2356601351706d6,.github/workflows/build.yml,failure,12442882,songyuyuyu,58,4,0.0,0.0,,pull_request,10,0,747.0,0,failure,1,77647d14dabd32aa946c8ad942bc2aebeb6b42dc,75,520,5698,1,0,110,3866,6,2351,1,1,0,63,67,130,24,90,114,349,14,35,49,82,554,636,1,1,0,128,0,66,73,2278,0,0,21,0,0,47,1,[],java-maven,249885,160456,642.119,0,0,0,0,0,0.024,0.443636,0.02,0.445455,4,1,1,0,0,0,0,0
45124,6848971971,54973527,github CI,feature/keeper-disk-health-check,0e5f1c48ca5cc36112c06d5762980fd67122cd03,.github/workflows/build.yml,failure,12442882,LanternLee,58,5,0.0,0.0,,pull_request,8,0,742.0,1,success,4,3ae22161c22bad4b3c92fbffe358ce38e080ce5a,18,667,71,0,0,20,572,2,166,0,1,11,0,15,26,9,2,11,88,2,0,2,63,6,69,1,1,0,128,10,0,125,41,0,0,1,0,0,47,1,[],java-maven,249816,160436,642.217,0,0,0,0,0,0.006,0.663333,0.006,0.663333,2,0,1,0,1,1,0,0
45125,7258190476,54973527,github CI,feature/keeper-disk,eddf76d0d1d894fdc37a31580ea49c6ed3d269c2,.github/workflows/build.yml,failure,12442882,LanternLee,59,6,,,,pull_request,0,0,,0,failure,0,,0,0,0,0,0,0,0,0,0,0,0,0,0,0,0,0,0,0,0,0,0,0,0,0,0,0,0,0,128,0,0,0,0,0,0,0,0,0,47,1,[],java-maven,246319,163045,661.926,0,0,0,0,0,0.052,0.368571,0.016,0.493333,4,0,1,0,1,0,0,0
45126,6844935773,54973527,github CI,feature/keeper-disk-health-check,3a61a4892692dfd3278f6f36e241a882ec439a04,.github/workflows/build.yml,failure,12442882,LanternLee,58,5,,,,pull_request,0,0,,1,failure,0,,0,0,0,0,0,0,0,0,0,0,0,0,0,0,0,0,0,0,0,0,0,0,0,0,0,0,0,0,128,0,0,0,0,0,0,0,0,0,47,1,[],java-maven,249794,160406,642.153,0,0,0,0,0,0.004,0.711429,0.004,0.711429,2,0,1,0,1,0,0,0
45127,6941014172,54973527,github CI,feature/hetero-support-non-gtid-replication,c7a5c7b386b26a549b67cff21e224066c9eb3e7d,.github/workflows/build.yml,failure,12442882,LanternLee,58,3,,,,pull_request,0,0,,1,failure,0,,0,0,0,0,0,0,0,0,0,0,0,0,0,0,0,0,0,0,0,0,0,0,0,0,0,0,0,0,128,0,0,0,0,0,0,0,0,0,47,1,[],java-maven,245743,162825,662.582,0,0,0,0,0,0.036,0.558571,0.03,0.685,2,0,1,0,1,0,0,0
45128,7027208592,54973527,github CI,bugfix/only-leader-load-meta,b6b815d438043084544a0ebacf3fbb8cec8607ef,.github/workflows/build.yml,failure,12442882,LanternLee,58,4,0.0,0.0,,pull_request,10,0,754.0,0,failure,1,dd4ebbcde9e3ef8807c60a745960c2aa8351809f,1,0,7,0,0,1,7,1,0,0,0,0,0,1,1,0,1,1,4,0,0,0,0,1,1,1,0,0,128,0,0,0,0,0,0,0,0,0,47,1,[],java-maven,245946,162825,662.036,0,0,0,0,0,0.054,0.454706,0.012,0.705714,3,0,1,0,1,1,0,0
45129,6845900760,54973527,github CI,feature/keeper-disk-health-check,7ef61ec3e68d30cea66aa4ac5e278bfe7192efa2,.github/workflows/build.yml,failure,12442882,LanternLee,58,5,,,,pull_request,0,0,,1,failure,0,,0,0,0,0,0,0,0,0,0,0,0,0,0,0,0,0,0,0,0,0,0,0,0,0,0,0,0,0,128,0,0,0,0,0,0,0,0,0,47,1,[],java-maven,249794,160406,642.153,0,0,0,0,0,0.004,0.711429,0.004,0.711429,2,0,1,0,1,0,0,0
45130,7307541495,54973527,github CI,feature/rebalance-keeper,b33215ace64a0e4b6913ff56e414bf4e9b92a25e,.github/workflows/build.yml,failure,12442882,passerbyzed,60,8,,,,pull_request,0,0,,1,success,0,,0,0,0,0,0,0,0,0,0,0,0,0,0,0,0,0,0,0,0,0,0,0,0,0,0,0,0,0,128,0,0,0,0,0,0,0,0,0,47,1,[],java-maven,247740,162989,657.903,0,0,0,0,0,0.066,0.36125,0.04,0.458824,1,0,1,0,0,1,0,0
45131,6939955078,54973527,github CI,feature/hetero-support-non-gtid-replication,e73cc7e8ab5860e4c8fc7ff794b5e72e2ab19c3e,.github/workflows/build.yml,failure,12442882,LanternLee,58,3,0.0,0.0,,pull_request,10,0,701.0,0,failure,35,6eeeaf03611595005e03f51995ee89016592fd34,79,819,228,1,0,56,781,4,266,0,1,0,0,76,76,53,0,53,403,19,1,20,41,16,57,1,1,0,128,1,0,209,57,0,0,36,0,0,47,1,[],java-maven,245736,162817,662.569,0,0,0,0,0,0.032,0.653333,0.026,0.85875,2,0,1,0,1,1,0,0
45132,6992908945,54973527,github CI,master,dd4ebbcde9e3ef8807c60a745960c2aa8351809f,.github/workflows/build.yml,failure,12442882,lmdyyh,58,4,0.0,0.0,,push,12,0,752.0,0,success,1,a6c247bb4506703516cfdbc81ea9f7e7f6a856a9,1,1,1,0,0,1,2,1,0,0,0,0,0,1,1,0,0,0,6,0,0,0,0,0,0,1,0,0,128,0,0,0,0,0,0,0,0,0,47,1,[],java-maven,245952,162825,662.019,0,0,0,0,0,0.05,0.421875,0.04,0.414286,0,0,1,0,1,1,0,1
45133,7284705384,54973527,github CI,feature/rebalance-keeper,feb00ed3bf1047c254d39b49cb6388bb01b7500f,.github/workflows/build.yml,failure,12442882,passerbyzed,59,7,,,,pull_request,0,0,,0,failure,0,,0,0,0,0,0,0,0,0,0,0,0,0,0,0,0,0,0,0,0,0,0,0,0,0,0,0,0,0,128,0,0,0,0,0,0,0,0,0,47,1,[],java-maven,247739,163032,658.08,0,0,0,0,0,0.054,0.3865,0.03,0.489286,1,0,1,0,0,1,0,0
45134,7219061046,54973527,github CI,feature/rebalance-keeper,2545f7ad8a057bf8b00ddea7d44934f6f3fa0f24,.github/workflows/build.yml,failure,12442882,passerbyzed,59,6,,,,pull_request,0,0,,0,failure,0,,0,0,0,0,0,0,0,0,0,0,0,0,0,0,0,0,0,0,0,0,0,0,0,0,0,0,0,0,128,0,0,0,0,0,0,0,0,0,47,1,[],java-maven,246774,162905,660.138,0,0,0,0,0,0.064,0.473333,0.006,0.828333,1,0,1,0,0,1,0,0
45135,6927152804,54973527,github CI,feature/reblance_keeper2,a2b211fe1ca10cf21528bc6e46e707458cd6d450,.github/workflows/build.yml,failure,12442882,songyuyuyu,58,4,0.0,0.0,,pull_request,14,0,746.0,1,failure,1,c346720e3b228d24da97b824b3748a0e63eefd46,1,7,1,0,0,1,8,1,0,0,0,0,0,1,1,1,0,1,5,0,0,0,2,1,3,1,0,0,128,0,0,0,0,0,0,0,0,0,47,1,[],java-maven,245264,162661,663.208,0,0,0,0,0,0.02,0.49,0.016,0.492,3,1,1,0,0,0,0,0
45136,6926219859,54973527,github CI,feature/rebalance_keeper,f6183278abeeed99508b82e976c765047da037b2,.github/workflows/build.yml,failure,12442882,songyuyuyu,58,4,0.0,0.0,,pull_request,4,0,744.0,1,failure,30,42109dd9aa303fa10edc81de40a804352c430139,194,6246,3208,1,0,205,6299,7,3154,1,1,64,19,153,236,99,89,188,949,39,35,74,593,235,828,1,1,0,128,67,21,2493,661,0,0,66,0,0,47,1,[],java-maven,243633,162288,666.117,0,0,0,0,0,0.014,0.61625,0.01,0.61875,2,1,1,0,0,0,0,0
45137,7028207598,54973527,github CI,master,52b46e09f8cc7216764110d04d0048c585b3e5e0,.github/workflows/build.yml,failure,12442882,lmdyyh,58,4,0.0,0.0,,push,10,0,754.0,0,success,1,dd4ebbcde9e3ef8807c60a745960c2aa8351809f,3,7,9,0,0,1,7,1,9,0,0,0,0,3,3,1,1,2,11,0,0,0,0,1,1,1,1,0,128,0,0,7,2,0,0,1,0,0,47,1,[],java-maven,245950,162830,662.045,0,0,0,0,0,0.058,0.394706,0.014,0.61625,0,0,1,0,1,1,0,1
45138,7297159074,54973527,github CI,feature/rebalance-keeper,9390192cb23e7a6d0b9224d770a544f703d7fe74,.github/workflows/build.yml,failure,12442882,passerbyzed,59,7,,,,pull_request,0,0,,0,success,0,,0,0,0,0,0,0,0,0,0,0,0,0,0,0,0,0,0,0,0,0,0,0,0,0,0,0,0,0,128,0,0,0,0,0,0,0,0,0,47,1,[],java-maven,247731,162989,657.927,0,0,0,0,0,0.064,0.349091,0.04,0.425,1,0,1,0,0,1,0,0
45139,7318640064,54973527,github CI,master,eb71fa5637d0da397e2acddf8cb1b0a88cc0d1b4,.github/workflows/build.yml,failure,12442882,LanternLee,60,8,0.0,0.0,,push,12,0,760.0,0,success,4,352386f8ba4528993caec81f517df6d6926f4b6e,9,148,82,0,0,6,105,1,125,0,0,2,0,9,11,2,2,4,90,2,0,2,31,0,31,1,1,0,128,2,0,59,66,0,0,3,0,0,47,1,[],java-maven,246509,162925,660.929,0,0,0,0,0,0.068,0.4025,0.042,0.486875,4,0,1,0,1,0,0,1
45140,7284624827,54973527,github CI,feature/upgrade-fireman,30136beb5aa34f2bfcce9a38b1a6d524458c7a15,.github/workflows/build.yml,failure,12442882,LanternLee,60,7,,,,pull_request,0,0,,1,failure,0,,0,0,0,0,0,0,0,0,0,0,0,0,0,0,0,0,0,0,0,0,0,0,0,0,0,0,0,0,128,0,0,0,0,0,0,0,0,0,47,1,[],java-maven,246463,162929,661.069,0,0,0,0,0,0.052,0.407368,0.028,0.488333,3,0,1,0,1,0,0,0
45141,7322013722,54973527,github CI,feature/rebalance-keeper,4262d414d01ae8c673a78cf546697a5907cdf08b,.github/workflows/build.yml,failure,12442882,passerbyzed,60,8,,,,pull_request,0,0,,1,failure,0,,0,0,0,0,0,0,0,0,0,0,0,0,0,0,0,0,0,0,0,0,0,0,0,0,0,0,0,0,128,0,0,0,0,0,0,0,0,0,47,1,[],java-maven,247803,162985,657.72,0,0,0,0,0,0.074,0.375161,0.046,0.44875,1,0,1,0,0,0,0,0
45142,7097252565,54973527,github CI,bugfix/keeper-rdb-handle-leak,0b6aeb6972dbae1d1526d026b83ffb6cd7c2b3f6,.github/workflows/build.yml,failure,12442882,LanternLee,59,6,0.0,0.0,,pull_request,45,0,755.0,0,success,4,81172fc98e3cd8909f102f1adee4b4adc54999e5,7,215,37,0,0,5,120,1,132,0,1,0,0,7,7,8,3,11,19,6,0,6,39,0,39,1,1,0,128,0,0,125,7,0,0,7,0,0,47,1,[],java-maven,246112,162944,662.073,0,0,0,0,0,0.066,0.456316,0.016,0.74,4,0,1,0,1,1,0,0
45143,7285008054,54973527,github CI,feature/upgrade-fireman,ec0df0f2dcc88817e675e9094dd3220b88d0bf2e,.github/workflows/build.yml,failure,12442882,LanternLee,60,7,,,,pull_request,0,0,,0,failure,0,,0,0,0,0,0,0,0,0,0,0,0,0,0,0,0,0,0,0,0,0,0,0,0,0,0,0,0,0,128,0,0,0,0,0,0,0,0,0,47,1,[],java-maven,246464,162932,661.078,0,0,0,0,0,0.056,0.386,0.032,0.449231,3,0,1,0,1,0,0,0
45144,7276349359,54973527,github CI,feature/rebalance-keeper,d3ca91df20dbec6be4e1898b0231ddbbabb15031,.github/workflows/build.yml,failure,12442882,passerbyzed,60,7,,,,pull_request,0,0,,1,failure,0,,0,0,0,0,0,0,0,0,0,0,0,0,0,0,0,0,0,0,0,0,0,0,0,0,0,0,0,0,128,0,0,0,0,0,0,0,0,0,47,1,[],java-maven,247701,162990,658.011,0,0,0,0,0,0.05,0.375,0.024,0.49,1,0,1,0,0,1,0,0
45145,6951901314,54973527,github CI,master,9d398da404984d3d7ca43b3184745dc8b67f2c27,.github/workflows/build.yml,failure,12442882,lmdyyh,58,3,0.0,0.0,,push,10,0,701.0,0,failure,1,6eeeaf03611595005e03f51995ee89016592fd34,80,837,238,1,0,56,781,4,294,0,1,0,0,77,77,55,1,56,405,19,1,20,42,16,58,1,1,0,128,1,0,227,67,0,0,38,0,0,47,1,[],java-maven,245743,162825,662.582,0,0,0,0,0,0.042,0.4825,0.036,0.485,0,0,1,0,1,1,0,1
45146,7275668394,54973527,github CI,feature/rebalance-keeper,e460cf01a3ec5ac7784ec924b5262712bfb29765,.github/workflows/build.yml,failure,12442882,passerbyzed,60,7,,,,pull_request,0,0,,1,failure,0,,0,0,0,0,0,0,0,0,0,0,0,0,0,0,0,0,0,0,0,0,0,0,0,0,0,0,0,0,128,0,0,0,0,0,0,0,0,0,47,1,[],java-maven,247656,162990,658.131,0,0,0,0,0,0.046,0.423125,0.02,0.59,1,0,1,0,0,1,0,0
45147,7327462842,54973527,github CI,feature/rebalance-keeper,5a71f454196a1e45024fd05726036928d6847df9,.github/workflows/build.yml,failure,12442882,passerbyzed,60,8,,,,pull_request,0,0,,1,failure,0,,0,0,0,0,0,0,0,0,0,0,0,0,0,0,0,0,0,0,0,0,0,0,0,0,0,0,0,0,128,0,0,0,0,0,0,0,0,0,47,1,[],java-maven,247800,162985,657.728,0,0,0,0,0,0.076,0.363125,0.042,0.4316,1,0,1,0,0,0,0,0
45148,7032772542,54973527,github CI,master,81172fc98e3cd8909f102f1adee4b4adc54999e5,.github/workflows/build.yml,success,12442882,lmdyyh,58,4,0.0,0.0,,push,8,0,753.0,0,failure,1,52b46e09f8cc7216764110d04d0048c585b3e5e0,5,44,33,0,0,2,41,2,36,1,1,0,0,4,4,1,1,2,8,1,0,1,6,2,8,1,1,0,128,0,0,16,20,0,0,6,0,0,47,1,[],java-maven,245962,162826,661.997,0,0,0,0,0,0.064,0.426667,0.018,0.656667,0,0,1,0,1,1,0,1
45149,6872185827,54973527,github CI,master,69165343d0e07705feef5835e58221cd3f483b98,.github/workflows/build.yml,success,12442882,lmdyyh,58,4,0.0,0.0,,push,8,0,742.0,0,success,1,3ae22161c22bad4b3c92fbffe358ce38e080ce5a,37,688,95,0,0,37,613,2,170,1,1,11,0,16,27,9,2,11,93,2,0,2,63,6,69,1,1,0,128,10,0,127,43,0,0,1,0,0,47,1,[],java-maven,249813,160436,642.224,0,0,0,0,0,0.006,0.995,0.006,0.995,0,0,1,0,1,1,0,1
45150,6872134097,54973527,github CI,feature/keeper-disk-health-check,0a6f1e0801553d8a1053267c85eb53293564ab94,.github/workflows/build.yml,success,12442882,LanternLee,58,4,0.0,0.0,,pull_request,8,0,742.0,1,success,6,3ae22161c22bad4b3c92fbffe358ce38e080ce5a,37,688,95,0,0,37,613,2,170,1,1,11,0,16,27,9,2,11,93,2,0,2,63,6,69,1,1,0,128,10,0,127,43,0,0,1,0,0,47,1,[],java-maven,249813,160436,642.224,0,0,0,0,0,0.006,0.724545,0.006,0.724545,1,0,1,0,1,0,0,0
45151,7328068419,54973527,github CI,feature/rebalance-keeper,ce854c1de9813e44eadaa7f65cce0be9a51e5fc5,.github/workflows/build.yml,success,12442882,passerbyzed,60,8,,,,pull_request,0,0,,1,success,0,,0,0,0,0,0,0,0,0,0,0,0,0,0,0,0,0,0,0,0,0,0,0,0,0,0,0,0,0,128,0,0,0,0,0,0,0,0,0,47,1,[],java-maven,247804,162989,657.734,0,0,0,0,0,0.078,0.405833,0.044,0.475172,1,0,1,0,0,0,0,0
45152,7329270479,54973527,github CI,feature/rebalance-keeper,2f9c7fc70d22d28b573ec33c73116351f109d681,.github/workflows/build.yml,success,12442882,passerbyzed,60,8,,,,pull_request,0,0,,1,success,0,,0,0,0,0,0,0,0,0,0,0,0,0,0,0,0,0,0,0,0,0,0,0,0,0,0,0,0,0,128,0,0,0,0,0,0,0,0,0,47,1,[],java-maven,247853,162989,657.604,0,0,0,0,0,0.078,0.451538,0.044,0.524375,1,0,1,0,0,0,0,0
45153,7329736968,54973527,github CI,feature/rebalance-keeper,fc5fe709a5884aa05523316594520c4754edb9ee,.github/workflows/build.yml,success,12442882,passerbyzed,60,8,,,,pull_request,0,0,,1,success,0,,0,0,0,0,0,0,0,0,0,0,0,0,0,0,0,0,0,0,0,0,0,0,0,0,0,0,0,0,128,0,0,0,0,0,0,0,0,0,47,1,[],java-maven,247845,162989,657.625,0,0,0,0,0,0.076,0.4905,0.044,0.552353,1,0,1,0,0,0,0,0
45154,6862137888,54973527,github CI,feature/keeper-disk-health-check,3156ca7fe469f16c7b8f322fc12cec1240fed107,.github/workflows/build.yml,success,12442882,LanternLee,58,5,0.0,0.0,,pull_request,8,0,742.0,1,failure,5,3ae22161c22bad4b3c92fbffe358ce38e080ce5a,19,668,75,0,0,21,577,2,166,0,1,11,0,16,27,9,2,11,93,2,0,2,63,6,69,1,1,0,128,10,0,125,41,0,0,1,0,0,47,1,[],java-maven,249813,160436,642.224,0,0,0,0,0,0.006,0.697,0.006,0.697,1,0,1,0,1,1,0,0
45155,7329724043,54973527,github CI,feature/rebalance-keeper,36c8176e127f05907fbecff9d1305cf061f09691,.github/workflows/build.yml,success,12442882,passerbyzed,60,8,,,,pull_request,0,0,,1,success,0,,0,0,0,0,0,0,0,0,0,0,0,0,0,0,0,0,0,0,0,0,0,0,0,0,0,0,0,0,128,0,0,0,0,0,0,0,0,0,47,1,[],java-maven,247845,162989,657.625,0,0,0,0,0,0.076,0.477436,0.044,0.538788,1,0,1,0,0,0,0,0
45156,7274824845,54973527,github CI,feature/rebalance-keeper,754357d5c4f08ff832b3b61b557a55d2cdf665b5,.github/workflows/build.yml,success,12442882,passerbyzed,60,7,,,,pull_request,0,0,,0,failure,0,,0,0,0,0,0,0,0,0,0,0,0,0,0,0,0,0,0,0,0,0,0,0,0,0,0,0,0,0,128,0,0,0,0,0,0,0,0,0,47,1,[],java-maven,247640,162956,658.036,0,0,0,0,0,0.042,0.485,0.016,0.74,1,0,1,0,0,1,0,0
45157,6872317080,54973527,github CI,ndi_dev,302ad46b3fb792ddadcffaeb50ff27ec63df9d35,.github/workflows/build.yml,success,12442882,ndi-trip,58,4,0.0,0.0,,pull_request,10,0,743.0,0,success,1,69165343d0e07705feef5835e58221cd3f483b98,9,124,38,0,0,7,132,2,30,1,1,0,0,8,8,7,0,7,163,2,0,2,1,0,1,1,1,0,128,0,0,25,5,0,0,3,0,0,47,1,[],java-maven,249881,160456,642.13,0,0,0,0,0,0.006,0.995,0.006,0.995,2,1,1,0,0,1,0,0
45158,6992897769,54973527,github CI,feature/fix-api-error,385b76301d9a4b8ecef5e0995b15bd6ab1bef7bb,.github/workflows/build.yml,success,12442882,ndi-trip,58,4,0.0,0.0,,pull_request,12,0,752.0,0,failure,1,a6c247bb4506703516cfdbc81ea9f7e7f6a856a9,1,1,1,0,0,1,2,1,0,0,0,0,0,1,1,0,0,0,6,0,0,0,0,0,0,1,0,0,128,0,0,0,0,0,0,0,0,0,47,1,[],java-maven,245952,162825,662.019,0,0,0,0,0,0.048,0.97,0.038,0.972857,4,1,1,0,0,0,0,0
45159,7257753624,54973527,github CI,feature/keeper-disk,7d545c69532eea85cc8240c1e8c90c80f6c4f261,.github/workflows/build.yml,success,12442882,LanternLee,59,6,,,,pull_request,0,0,,1,failure,0,,0,0,0,0,0,0,0,0,0,0,0,0,0,0,0,0,0,0,0,0,0,0,0,0,0,0,0,0,128,0,0,0,0,0,0,0,0,0,47,1,[],java-maven,246316,163042,661.922,0,0,0,0,0,0.05,0.369048,0.012,0.54,3,0,1,0,1,1,0,0
45160,7028128575,54973527,github CI,bugfix/fix-proxy-npe,d012d3388e84f702b476395e0f0fa75935063ec0,.github/workflows/build.yml,success,12442882,passerbyzed,58,4,,,,pull_request,0,0,,1,failure,0,,0,0,0,0,0,0,0,0,0,0,0,0,0,0,0,0,0,0,0,0,0,0,0,0,0,0,0,0,128,0,0,0,0,0,0,0,0,0,47,1,[],java-maven,245970,162830,661.991,0,0,0,0,0,0.056,0.715,0.012,0.7425,0,0,1,0,1,0,0,0
45161,7307637748,54973527,github CI,feature/rebalance-keeper,802b4232a9b60f0d380b836b0f6c3df2af8ccdf0,.github/workflows/build.yml,success,12442882,passerbyzed,60,8,,,,pull_request,0,0,,1,failure,0,,0,0,0,0,0,0,0,0,0,0,0,0,0,0,0,0,0,0,0,0,0,0,0,0,0,0,0,0,128,0,0,0,0,0,0,0,0,0,47,1,[],java-maven,247785,162985,657.768,0,0,0,0,0,0.066,0.3868,0.04,0.488889,1,0,1,0,0,1,0,0
45162,7318584763,54973527,github CI,feature/rebalance-keeper,372b9c126ac917cbb07ac1be1d52a9bd5bc3243e,.github/workflows/build.yml,success,12442882,passerbyzed,59,7,,,,pull_request,0,0,,1,failure,0,,0,0,0,0,0,0,0,0,0,0,0,0,0,0,0,0,0,0,0,0,0,0,0,0,0,0,0,0,128,0,0,0,0,0,0,0,0,0,47,1,[],java-maven,247789,162985,657.757,0,0,0,0,0,0.066,0.395185,0.042,0.4895,1,0,1,0,0,1,0,0
45163,7327592189,54973527,github CI,feature/rebalance-keeper,ef3f824cdb0d4c8325082c50fe0ec01143ebce7a,.github/workflows/build.yml,success,12442882,passerbyzed,60,8,,,,pull_request,0,0,,1,failure,0,,0,0,0,0,0,0,0,0,0,0,0,0,0,0,0,0,0,0,0,0,0,0,0,0,0,0,0,0,128,0,0,0,0,0,0,0,0,0,47,1,[],java-maven,247803,162989,657.736,0,0,0,0,0,0.078,0.370882,0.044,0.436296,1,0,1,0,0,0,0,0
45164,6952178083,54973527,github CI,master,bca2261be0fe1fdc4f9b4c0b9b94c0cb67cfd409,.github/workflows/build.yml,success,12442882,lmdyyh,58,3,0.0,0.0,,push,12,0,749.0,0,success,1,9d398da404984d3d7ca43b3184745dc8b67f2c27,2,15,4,0,0,2,19,1,0,0,0,0,0,2,2,0,0,0,4,0,0,0,3,0,3,1,0,0,128,0,0,0,0,0,0,0,0,0,47,1,[],java-maven,245754,162825,662.553,0,0,0,0,0,0.042,0.522308,0.036,0.485,0,0,1,0,1,1,0,1
45165,7109743959,54973527,github CI,master,59f20fc7ac7295d18a746a2e4fbc6be9d969bb58,.github/workflows/build.yml,success,12442882,LanternLee,59,6,0.0,0.0,,push,45,0,755.0,1,failure,5,81172fc98e3cd8909f102f1adee4b4adc54999e5,14,289,150,0,0,10,169,1,270,0,1,0,1,14,15,12,5,17,66,7,0,7,42,20,62,1,1,0,128,0,1,176,94,0,0,13,0,0,47,1,[],java-maven,246085,162908,661.999,0,0,0,0,0,0.068,0.46,0.012,0.7425,5,0,1,0,1,1,0,1
45166,7319860941,54973527,github CI,feature/rebalance-keeper,65543a11ed0b2ad9d7449775c0dbd13be58aadd7,.github/workflows/build.yml,success,12442882,passerbyzed,60,8,,,,pull_request,0,0,,1,failure,0,,0,0,0,0,0,0,0,0,0,0,0,0,0,0,0,0,0,0,0,0,0,0,0,0,0,0,0,0,128,0,0,0,0,0,0,0,0,0,47,1,[],java-maven,247799,162985,657.731,0,0,0,0,0,0.07,0.401724,0.042,0.490455,1,0,1,0,0,1,0,0
45167,7329783621,54973527,github CI,feature/rebalance-keeper,2c761ec794000170713fa2829223f14fb6f6adb6,.github/workflows/build.yml,success,12442882,passerbyzed,60,8,,,,pull_request,0,0,,1,success,0,,0,0,0,0,0,0,0,0,0,0,0,0,0,0,0,0,0,0,0,0,0,0,0,0,0,0,0,0,128,0,0,0,0,0,0,0,0,0,47,1,[],java-maven,247845,162989,657.625,0,0,0,0,0,0.076,0.502927,0.044,0.565143,1,0,1,0,0,0,0,0
45168,7328991260,54973527,github CI,feature/rebalance-keeper,3e8b2566d6f99359a7fe4a96baa675c3c86baf8b,.github/workflows/build.yml,success,12442882,passerbyzed,60,8,,,,pull_request,0,0,,1,success,0,,0,0,0,0,0,0,0,0,0,0,0,0,0,0,0,0,0,0,0,0,0,0,0,0,0,0,0,0,128,0,0,0,0,0,0,0,0,0,47,1,[],java-maven,247844,162989,657.627,0,0,0,0,0,0.078,0.437105,0.044,0.509032,1,0,1,0,0,0,0,0
45169,7285505648,54973527,github CI,feature/upgrade-fireman,fb38b7db6729e4b8714fecec6468c52aa62e9bd9,.github/workflows/build.yml,success,12442882,LanternLee,59,7,,,,pull_request,0,0,,0,failure,0,,0,0,0,0,0,0,0,0,0,0,0,0,0,0,0,0,0,0,0,0,0,0,0,0,0,0,0,0,128,0,0,0,0,0,0,0,0,0,47,1,[],java-maven,246468,162932,661.068,0,0,0,0,0,0.058,0.414762,0.034,0.487857,3,0,1,0,1,0,0,0
45170,6846176886,54973527,github CI,feature/keeper-disk-health-check,7de0e4c1d47139aa4057462c2b57e1436e01c50f,.github/workflows/build.yml,success,12442882,LanternLee,58,5,0.0,0.0,,pull_request,8,0,742.0,1,failure,3,3ae22161c22bad4b3c92fbffe358ce38e080ce5a,17,634,71,0,0,20,569,2,136,0,1,10,0,14,24,9,2,11,88,2,0,2,59,6,65,1,1,0,128,9,0,95,41,0,0,1,0,0,47,1,[],java-maven,249793,160406,642.156,0,0,0,0,0,0.004,0.7475,0.004,0.7475,2,0,1,0,1,0,0,0
45171,6952151020,54973527,github CI,ndi_dev,4259305d5bdc399e595e00cfde5a69450a06a92d,.github/workflows/build.yml,success,12442882,ndi-trip,58,3,0.0,0.0,,pull_request,8,0,750.0,0,failure,1,9d398da404984d3d7ca43b3184745dc8b67f2c27,1,2,2,0,0,1,4,1,0,0,0,0,0,1,1,0,0,0,9,0,0,0,0,0,0,1,0,0,128,0,0,0,0,0,0,0,0,0,47,1,[],java-maven,245743,162825,662.582,0,0,0,0,0,0.042,0.97,0.036,0.974286,3,1,1,0,0,0,0,0
45172,7027442538,54973527,github CI,bugfix/only-leader-load-meta,80788d9cfce0a673de2e8de9353208a05902bb88,.github/workflows/build.yml,success,12442882,LanternLee,58,4,0.0,0.0,,pull_request,10,0,754.0,1,failure,2,dd4ebbcde9e3ef8807c60a745960c2aa8351809f,3,7,9,0,0,1,7,1,9,0,0,0,0,3,3,1,1,2,11,0,0,0,0,1,1,1,1,0,128,0,0,7,2,0,0,1,0,0,47,1,[],java-maven,245950,162830,662.045,0,0,0,0,0,0.054,0.485,0.01,0.74375,3,0,1,0,1,0,0,0
45173,7297114141,54973527,github CI,bugfix/cluster-type-change,6a176e6c7759cd1401b3b2418609e5da05c528c2,.github/workflows/build.yml,success,12442882,LanternLee,59,7,0.0,0.0,,pull_request,12,0,760.0,0,failure,4,352386f8ba4528993caec81f517df6d6926f4b6e,17,168,111,0,0,10,136,2,143,0,1,3,0,14,17,2,2,4,105,2,0,2,35,2,37,1,1,0,128,2,0,67,76,0,0,7,0,0,47,1,[],java-maven,246501,162923,660.943,0,0,0,0,0,0.062,0.421304,0.038,0.488125,3,0,1,0,1,0,0,0
45174,7327756443,54973527,github CI,feature/rebalance-keeper,e0a97058032d6001c0d3dadf01b9cdb37ceaf41d,.github/workflows/build.yml,success,12442882,passerbyzed,60,8,,,,pull_request,0,0,,1,success,0,,0,0,0,0,0,0,0,0,0,0,0,0,0,0,0,0,0,0,0,0,0,0,0,0,0,0,0,0,128,0,0,0,0,0,0,0,0,0,47,1,[],java-maven,247804,162989,657.734,0,0,0,0,0,0.078,0.388857,0.044,0.456429,1,0,1,0,0,0,0,0
45175,7297689658,54973527,github CI,feature/rebalance-keeper,093e2d4abd5447c25c9ab327db5f5a8cb540e1cf,.github/workflows/build.yml,success,12442882,passerbyzed,59,7,,,,pull_request,0,0,,1,failure,0,,0,0,0,0,0,0,0,0,0,0,0,0,0,0,0,0,0,0,0,0,0,0,0,0,0,0,0,0,128,0,0,0,0,0,0,0,0,0,47,1,[],java-maven,247736,162989,657.914,0,0,0,0,0,0.064,0.377391,0.038,0.488125,1,0,1,0,0,1,0,0
45176,7283473142,54973527,github CI,feature/rebalance-keeper,4d88895a73a9c2a8970da3cd9308d1d8ae151a68,.github/workflows/build.yml,success,12442882,passerbyzed,59,7,,,,pull_request,0,0,,1,failure,0,,0,0,0,0,0,0,0,0,0,0,0,0,0,0,0,0,0,0,0,0,0,0,0,0,0,0,0,0,128,0,0,0,0,0,0,0,0,0,47,1,[],java-maven,247703,162990,658.006,0,0,0,0,0,0.05,0.407895,0.024,0.529231,1,0,1,0,0,1,0,0
45177,7328096769,54973527,github CI,feature/rebalance-keeper,a06b468ad25619317116dfbc3f90a3e7231a5a75,.github/workflows/build.yml,success,12442882,passerbyzed,60,8,,,,pull_request,0,0,,1,success,0,,0,0,0,0,0,0,0,0,0,0,0,0,0,0,0,0,0,0,0,0,0,0,0,0,0,0,0,0,128,0,0,0,0,0,0,0,0,0,47,1,[],java-maven,247804,162989,657.734,0,0,0,0,0,0.078,0.421892,0.044,0.492667,1,0,1,0,0,0,0,0
