id,run_id,repository_id,name,head_branch,head_sha,path,conclusion,workflow_id,actor_name,git_num_committers,repo_team_size_last_3_month,commit_message_issue_ref,gh_commits_on_files_touched,git_commit_attention,trigger_event,gh_pr_description_complexity,gh_num_pr_comments,pr_number,git_same_committer,gh_previous_build_result,git_commits,base_sha,gh_files_modified,gh_lines_added,gh_lines_deleted,gh_other_files,gh_hotspot_files_touched,gh_src_files,gh_src_churn,gh_files_type_modified,gh_test_churn,gh_files_entropy,gh_cross_module_changes,ast_class_added,ast_class_deleted,ast_class_modified,ast_class_changed,ast_met_added,ast_met_deleted,ast_met_changed,ast_met_sig_modified,ast_field_added,ast_field_deleted,ast_field_changed,ast_import_added,ast_import_deleted,ast_import_changed,src_ast_diff,test_ast_diff,gh_dependencies_churn,dependencies_count,gh_files_added,gh_files_deleted,gh_tests_added,gh_tests_deleted,gh_doc_files,gh_config_files,ast_met_body_modified,dockerfile_changed,docker_compose_changed,workflow_size,external_github_resource,test_frameworks,build_language,sloc_initial,test_lines_initial,test_lines_per_1000_sloc,tests_passed,tests_failed,tests_skipped,tests_total,tests_ran,repo_fail_rate_history,gh_committer_bayesian_trust_score_history,repo_fail_rate_recent,gh_committer_bayesian_trust_score_recent,git_committer_repo_exp,is_core_member,concurrent_jobs,committer_cross_project_exp,gh_committer_first_build,prev_build_same_files_touched,repo_ci_config_churn_nums,is_master
51521,7584949586,1553758,Build,lb_2895_UI_test_timeout,77279721996247b86e1106f4eac907ed48a3f7f4,.github/workflows/maven.yml,success,52327453,LorenzoBettini,192,7,0.0,0.0,,push,0,0,,1,success,1,f393871993f8a35f8ea8492822f0ab98b71bac97,2,70,38,0,0,0,0,2,108,1,0,0,0,1,1,0,0,0,8,0,0,0,0,0,0,0,1,0,16,0,0,70,38,0,0,0,0,0,54,0,[],java-maven,2989602,3622303,1211.63,0,0,0,0,1,0.0148148,0.936062,0.000925926,0.999822,115,0,3,0,1,0,0,0
51522,9476789417,1553758,Build,cd-202409,240575af5471a352c5c3d8044863aa873fffedec,.github/workflows/maven.yml,success,52327453,cdietrich,196,10,0.0,0.0,,push,8,0,3085.0,0,failure,1,f82bd8fef8269912d49c8d108806436c3f3cc9b2,7,7,7,2,0,1,2,3,8,1,1,0,0,1,1,0,0,0,1,0,0,0,0,0,0,1,0,0,22,0,0,4,4,0,0,1,0,0,89,0,[],java-maven,3046443,3754255,1232.34,0,0,0,0,1,0.0222222,0.836601,0.00740741,0.798148,24,1,5,0,0,0,0,0
51523,9081116313,1553758,Build,lb_java_21,d3c35d7af2dcfe656b9c0b7cff135a3ad5d6221e,.github/workflows/maven.yml,success,52327453,LorenzoBettini,195,11,0.0,0.0,,push,322,0,2986.0,1,success,37,ad4edb439aeb9cdc70a8fdf00a9188ce8b989384,39,487,198,19,0,9,29,8,493,3,1,1,0,7,8,4,3,7,8,1,3,4,13,15,28,1,1,0,20,2,0,339,154,2,1,14,0,0,95,0,[],java-maven,2989961,3623690,1211.95,0,0,0,0,1,0.0185185,0.919259,0.00648148,0.880447,71,0,5,0,1,0,0,0
51524,9116564568,1553758,Build,lb_2957,d3ce80ae4db3fa8d64df2d2f1db4d7a1f1cafbd7,.github/workflows/maven.yml,success,52327453,LorenzoBettini,195,11,,,,pull_request,0,0,,0,success,0,,0,0,0,0,0,0,0,0,0,0,0,0,0,0,0,0,0,0,0,0,0,0,0,0,0,0,0,0,21,0,0,0,0,0,0,0,0,0,95,0,[],java-maven,3059940,3767070,1231.09,0,0,0,0,1,0.0212963,0.923404,0.00740741,0.917918,85,0,5,0,1,1,0,0
51525,9058150719,1553758,Build,miklossy_issue_3007,ddef35476eda0332550d3194ffe52096cb24c480,.github/workflows/maven.yml,success,52327453,miklossy,195,11,0.0,0.0,,push,131,0,3024.0,0,success,1,4f311285f6c955808edf947bf80dd4553147b8c7,1,18,7,0,0,0,0,1,25,0,0,0,0,1,1,1,0,1,6,0,0,0,0,0,0,0,1,0,16,0,0,18,7,0,0,0,0,0,87,0,[],java-maven,2989783,3623412,1211.93,0,0,0,0,1,0.0166667,0.804487,0.00462963,0.784061,3,1,4,0,0,0,0,0
51526,7948480602,1553758,Build,main,84021e3ec58046fac227cf28eaaa0dcaac4da1bc,.github/workflows/maven.yml,success,52327453,cdietrich,193,7,0.0,0.0,,push,6,0,2935.0,1,success,1,95b6438f5db694d1ec115fc7f10a3ce3ecc9ce05,27,33,33,9,0,3,18,3,30,1,1,0,0,1,1,0,0,0,1,0,0,0,0,0,0,1,0,0,16,0,0,15,15,0,0,2,0,0,54,0,[],java-maven,2990202,3622725,1211.53,0,0,0,0,1,0.0,1.0,0.0,1.0,12,1,3,0,0,1,0,1
51527,9008453323,1553758,Build,main,26aeebb072c69820303dc7ce2d8b44bc54bb6f72,.github/workflows/maven.yml,success,52327453,cdietrich,195,11,0.0,0.0,,push,0,0,,1,success,1,4e6b5696dbe49b52e99d7d698cd7be697f70281b,1,1,1,0,0,0,0,1,2,0,0,0,0,0,0,0,0,0,0,0,0,0,0,0,0,0,0,0,16,0,0,1,1,0,0,0,0,0,87,0,[],java-maven,2989712,3623226,1211.9,0,0,0,0,1,0.0166667,0.895833,0.000925926,0.899537,8,1,4,0,0,1,0,1
51528,8911387502,1553758,Build,main,cbb2edc072534b24b78c94e1b98e0951992e22e1,.github/workflows/maven.yml,success,52327453,LorenzoBettini,195,11,0.0,0.0,,push,6,0,3025.0,1,success,1,0afffe3fb47c145e133fa6009b1df34f15114ffd,1,1,1,0,0,1,2,1,0,0,0,0,0,0,0,0,0,0,0,0,0,0,0,0,0,0,0,0,16,0,0,0,0,0,0,0,0,0,87,0,[],java-maven,2989712,3623226,1211.9,0,0,0,0,1,0.0222222,0.926731,0.000925926,0.999909,46,0,4,0,1,1,0,1
51529,7583708626,1553758,Build,main,f393871993f8a35f8ea8492822f0ab98b71bac97,.github/workflows/maven.yml,success,52327453,LorenzoBettini,192,7,0.0,0.0,,push,195,0,2913.0,1,success,4,e8ba5ad25c0570088b2da16d674dd42306d537e3,2,56,40,0,0,1,60,1,36,0,1,1,0,2,3,0,1,1,87,0,0,0,0,0,0,1,1,0,16,1,0,32,4,0,0,1,0,0,54,0,[],java-maven,2989570,3622271,1211.64,0,0,0,0,1,0.0148148,0.935382,0.000925926,0.999815,115,0,3,0,1,1,0,1
51530,9124735983,1553758,Build,cd-mwe2180M3,dc99ce2692492eec5b2cb366b569e4d9d453f245,.github/workflows/maven.yml,success,52327453,cdietrich,195,11,0.0,0.0,,push,8,0,3046.0,0,success,1,83e6497aa4513737a0b01db2a35081a85e18e6b0,30,46,46,10,0,3,18,3,36,1,1,0,0,1,1,0,0,0,1,0,0,0,0,0,0,1,0,0,22,0,0,18,18,0,0,2,0,0,95,0,[],java-maven,3060893,3768323,1231.12,0,0,0,0,1,0.0212963,0.849809,0.00740741,0.892788,16,1,5,0,0,0,0,0
51531,7889732743,1553758,Build,cd_lsp4j_0220,1974e21e7c82c9af8691024cb229d2cdf1fb5d71,.github/workflows/maven.yml,success,52327453,cdietrich,193,7,0.0,0.0,,push,10,0,2934.0,1,success,1,56e21956e314618e390963d6727ea1a113a7a90c,13,31,31,9,0,1,14,3,12,1,1,0,0,0,0,0,0,0,0,0,0,0,0,0,0,0,0,0,16,0,0,6,6,0,0,0,0,0,54,0,[],java-maven,2990202,3622725,1211.53,0,0,0,0,1,0.00555556,0.966846,0.0,1.0,9,1,3,0,0,0,0,0
51532,8784746344,1553758,Build,sz_nodemodel,f7e7025816ca70cfc9abb2d0469540dd7d017739,.github/workflows/maven.yml,success,52327453,szarnekow,194,11,0.0,0.0,,push,18,0,3006.0,0,success,10,683da6249a847fe956db6bc1d0743ebc3568973c,108,2201,2214,2,0,58,341,7,4051,1,1,1,0,82,83,3,1,4,519,0,1,1,137,81,218,1,1,0,16,2,0,2003,2048,1,0,166,0,0,63,0,[],java-maven,2988680,3622468,1212.06,0,0,0,0,1,0.012963,0.97338,0.000925926,0.999228,3,1,4,0,0,1,0,0
51533,8189221730,1553758,Build,cd_tycho50,189786ccf74808927ca3b2c1ec87ddcc17a7c880,.github/workflows/maven.yml,failure,52327453,LorenzoBettini,193,8,0.0,0.0,,push,0,0,,1,success,11,11d27ea02f896d44d4f66b7527478f0140dce929,10,25,17,2,0,3,16,5,22,2,1,0,0,1,1,0,0,0,3,0,0,0,0,0,0,1,0,0,16,0,0,18,4,0,0,1,0,0,63,0,[],java-maven,2985995,3622814,1213.27,0,0,0,0,1,0.00462963,0.943801,0.000925926,0.959815,21,0,4,0,1,0,0,0
51534,8031134623,1553758,Build,cd_mwe2170final,0e3af4b9a6a9930b5bcd274702702c9fcd42e1a1,.github/workflows/maven.yml,success,52327453,cdietrich,193,7,0.0,0.0,,push,10,0,2942.0,1,success,1,a01d1069e492eb54ab89a6d827a9543c358825ec,27,34,34,9,0,3,20,3,30,1,1,0,0,1,1,0,0,0,1,0,0,0,0,0,0,1,0,0,16,0,0,15,15,0,0,2,0,0,54,0,[],java-maven,2990265,3622778,1211.52,0,0,0,0,1,0.0037037,0.953058,0.0037037,0.912238,13,1,3,0,0,0,0,0
51535,9109322661,1553758,Build,main,f212edbe0aa9d85d9af8a864010e895cf979cee3,.github/workflows/maven.yml,success,52327453,LorenzoBettini,195,11,0.0,0.0,,push,184,0,3031.0,0,success,91,aa5fb2291ac5699cfb870aceb36e74e7308894e3,48,146133,1013,3,0,12,2193,14,144940,2,1,70,0,15,85,0,32,32,128,1,33,34,651,56,707,1,1,0,20,78,0,144884,56,0,0,14,0,0,95,0,[],java-maven,3061152,3768699,1231.14,0,0,0,0,1,0.0194444,0.925756,0.00555556,0.927579,84,0,5,0,1,1,0,1
51536,9223864592,1553758,Build,main,1ad3eeb309c6453ddc0d507221ee98aa6ce02470,.github/workflows/maven.yml,success,52327453,LorenzoBettini,195,11,0.0,0.0,,push,8,0,3066.0,1,success,1,1b97ae8afaa6eefd9c10f5f3c8591d5e8eb2e00b,1,24,10,0,0,1,34,1,0,0,0,0,0,1,1,0,0,0,42,0,0,0,0,0,0,1,0,0,22,0,0,0,0,0,0,0,0,0,89,0,[],java-maven,3062102,3770698,1231.41,0,0,0,0,1,0.0212963,0.911148,0.0111111,0.832176,134,0,5,0,1,1,0,1
51537,8835955272,1553758,Build,lb_java_21,d87ad74894c6ca18e924c134a1a35a7928edcabe,.github/workflows/maven.yml,success,52327453,LorenzoBettini,194,10,0.0,0.0,,push,0,0,,1,success,27,2a40f09ee61edf1d9a63f017bcf7aff5c08ca34b,5,456,4,1,0,2,28,3,416,1,1,3,0,3,6,0,0,0,17,0,0,0,23,0,23,1,1,0,20,4,0,415,1,0,1,0,0,0,95,0,[],java-maven,2989246,3623160,1212.06,0,0,0,0,1,0.0212963,0.893616,0.0111111,0.872134,27,0,5,0,1,1,0,0
51538,8764820762,1553758,Build,lb_java_21,4e695af2a177630cb710562995e561822b73f1bc,.github/workflows/maven.yml,success,52327453,LorenzoBettini,194,11,0.0,0.0,,push,0,0,,0,success,1,303fda49ecf7cd7681a5f67ecc53d79b5247cd59,2,2,10,0,0,0,0,1,12,0,0,0,0,2,2,0,0,0,4,0,0,0,0,0,0,0,1,0,20,0,0,2,10,0,0,0,0,0,67,0,[],java-maven,2988883,3622793,1212.09,0,0,0,0,1,0.012037,0.945785,0.0037037,0.998677,15,0,5,0,1,1,0,0
51539,9029744779,1553758,Build,lb_2349,45170d5018fdf50c580e0f830c933f27302e9e4d,.github/workflows/maven.yml,success,52327453,LorenzoBettini,195,11,0.0,0.0,,pull_request,184,0,3031.0,0,failure,90,aa5fb2291ac5699cfb870aceb36e74e7308894e3,93,146598,2192,18,0,19,2283,20,146320,2,1,70,5,37,112,3,37,40,254,4,34,38,669,91,760,1,1,0,16,75,6,145315,1005,1,1,79,0,0,87,0,[],java-maven,3060887,3768180,1231.07,0,0,0,0,1,0.0175926,0.933705,0.00185185,0.999158,41,0,4,0,1,1,0,0
51540,8680027306,1553758,Build,remove-eclipse-lazyStart,dbe0076bf4cee927dd594a28b1be387d0a07ea43,.github/workflows/maven.yml,success,52327453,HannesWell,194,9,0.0,0.0,,pull_request,20,0,2994.0,1,failure,1,9e3b1b496e157a58fe3bf556bb910f03c3a7a9a7,2,0,2,2,0,0,0,1,0,0,1,0,0,0,0,0,0,0,0,0,0,0,0,0,0,0,0,0,16,0,0,0,0,0,0,0,0,0,63,0,[],java-maven,2986093,3622926,1213.27,0,0,0,0,1,0.0111111,0.797778,0.00555556,0.821895,1,0,4,0,1,0,0,0
51541,7978503939,1553758,Build,cd_tycho50,9e607cf2b321e09dd809c55175501b17fadea90f,.github/workflows/maven.yml,success,52327453,cdietrich,193,7,0.0,0.0,,push,0,0,,1,success,11,8bf68416205956cb1dbcc047aba59f9e6e9fef1e,19,88,23,9,0,1,3,3,85,1,1,0,0,1,1,0,0,0,1,0,0,0,0,0,0,1,0,0,16,0,0,69,16,0,0,1,0,0,54,0,[],java-maven,2990279,3622778,1211.52,0,0,0,0,1,0.00277778,0.975271,0.00277778,0.949306,13,1,3,0,0,0,0,0
51542,9111695995,1553758,Build,lb_3001,8745a77798a0a9b53ddf0d7896ef672572be6485,.github/workflows/maven.yml,success,52327453,LorenzoBettini,195,11,,,,pull_request,0,0,,1,success,0,,0,0,0,0,0,0,0,0,0,0,0,0,0,0,0,0,0,0,0,0,0,0,0,0,0,0,0,0,21,0,0,0,0,0,0,0,0,0,95,0,[],java-maven,3059783,3767027,1231.14,0,0,0,0,1,0.0203704,0.921818,0.00648148,0.910812,85,0,5,0,1,0,0,0
51543,8860032527,1553758,Build,lb_java_21,8f8b905ed7080172ef40e119e9daaa016f2369c7,.github/workflows/maven.yml,success,52327453,LorenzoBettini,195,11,0.0,0.0,,push,0,0,,1,success,29,d87ad74894c6ca18e924c134a1a35a7928edcabe,34,789,75,10,0,12,441,3,385,2,1,5,0,7,12,4,0,4,40,0,0,0,112,0,112,1,1,0,20,5,0,369,16,0,0,2,0,0,95,0,[],java-maven,2989825,3623513,1211.95,0,0,0,0,1,0.0222222,0.905504,0.012037,0.886476,28,0,5,0,1,1,0,0
51544,9808257588,1553758,Build,cd-mwe-2190M1,000b7b9cf2e09a8dc75101a2161d91e8e08c3985,.github/workflows/maven.yml,success,52327453,cdietrich,196,9,0.0,1.0,,push,8,0,3098.0,1,success,1,8e712b0a8e6a12fae76750e0b55cf8d96e5e66df,14,26,26,3,0,4,8,2,32,1,1,0,0,0,0,0,0,0,0,0,0,0,0,0,0,0,0,0,22,0,0,16,16,0,0,0,0,0,89,0,[],java-maven,3046488,3754356,1232.36,0,0,0,0,1,0.0111111,0.877946,0.000925926,0.928241,25,1,5,0,0,0,0,0
51545,9108812869,1553758,Build,lb_3026,d10ede992641e4eb5ae37a02961e9936b5e3720a,.github/workflows/maven.yml,success,52327453,LorenzoBettini,195,11,0.0,0.0,,pull_request,98,0,3038.0,1,success,8,aa5fb2291ac5699cfb870aceb36e74e7308894e3,248,271,2036,0,0,0,0,2,2307,0,1,1,6,236,243,0,0,0,309,0,0,0,296,441,737,0,1,0,20,0,7,271,2036,0,0,0,0,0,95,0,[],java-maven,2988633,3621925,1211.9,0,0,0,0,1,0.0194444,0.924648,0.00555556,0.922009,82,0,5,0,1,1,0,0
51546,9485673599,1553758,Build,main,5536108c02972445a9b95c36321dfde42153896b,.github/workflows/maven.yml,success,52327453,cdietrich,196,10,0.0,0.0,,push,6,0,3084.0,1,success,1,f82bd8fef8269912d49c8d108806436c3f3cc9b2,2,43,146,0,0,2,189,1,0,0,0,0,0,0,0,0,0,0,0,0,0,0,0,0,0,0,0,0,22,0,0,0,0,0,0,0,0,0,89,0,[],java-maven,3046448,3754255,1232.34,0,0,0,0,1,0.0222222,0.845679,0.00740741,0.83179,26,1,5,0,0,1,0,1
51547,9223795739,1553758,Build,lb_docs,5bdbdecb8bcb6bf1f21ded6037f20b2dd5f9e906,.github/workflows/maven.yml,success,52327453,LorenzoBettini,195,11,0.0,0.0,,push,8,0,3066.0,1,success,1,750a921cd7cce7433a486e47f4b0ac501485897e,1,24,10,0,0,1,34,1,0,0,0,0,0,1,1,0,0,0,42,0,0,0,0,0,0,1,0,0,22,0,0,0,0,0,0,0,0,0,89,0,[],java-maven,3062102,3770698,1231.41,0,0,0,0,1,0.0212963,0.908963,0.0111111,0.820988,133,0,5,0,1,0,0,0
51548,8620887605,1553758,Build,lb_java_21,de23e17fdc255b163f1915cf5e5f183fbdf2ac39,.github/workflows/maven.yml,success,52327453,LorenzoBettini,194,9,0.0,0.0,,push,0,0,,1,success,1,7bf593e16195903ae337dffb82075b383f66f7f2,1,1,0,1,0,0,0,1,0,0,0,0,0,0,0,0,0,0,0,0,0,0,0,0,0,0,0,0,20,0,0,0,0,0,0,0,0,0,67,0,[],java-maven,2986270,3623212,1213.29,0,0,0,0,1,0.00833333,0.927083,0.00648148,0.927414,14,0,5,0,1,1,0,0
51549,9126073667,1553758,PR #3046,cd-mwe2180M3,dc99ce2692492eec5b2cb366b569e4d9d453f245,dynamic/github-code-scanning/codeql,success,79271691,cdietrich,195,11,0.0,0.0,,dynamic,8,0,3046.0,1,success,1,83e6497aa4513737a0b01db2a35081a85e18e6b0,30,46,46,10,0,3,18,3,36,1,1,0,0,1,1,0,0,0,1,0,0,0,0,0,0,1,0,0,22,0,0,18,18,0,0,2,0,0,0,0,[],java-maven,3060893,3768323,1231.12,0,0,0,0,0,0.0212963,0.854101,0.00648148,0.89838,16,1,1,0,0,0,0,0
51550,7357065510,1553758,Build,lb_xtend_validator_tests,5d39e3660fbdf3fa7a55330417aa7362e38b8dad,.github/workflows/maven.yml,success,52327453,LorenzoBettini,192,6,0.0,0.0,,push,36,0,2898.0,1,success,1,ab8c3fbf2a4aeae0d5f9a9e4e57daf6e8999f038,1,15,6,0,0,0,0,1,21,0,0,0,0,1,1,0,0,0,0,0,0,0,0,0,0,0,1,0,16,0,0,15,6,0,0,3,0,0,54,0,[],java-maven,2988702,3621981,1211.89,0,0,0,0,1,0.00462963,0.956954,0.0,1.0,17,0,3,0,1,1,0,0
51551,8683578670,1553758,Build,main,eb0420ab5ebf89e670f7e66b1802e9395bd541b2,.github/workflows/maven.yml,success,52327453,szarnekow,194,9,0.0,0.0,,push,163,0,2968.0,1,success,1,f738a5b6c3ee05a2530016374cf61576b33e3382,46,2562,343,3,0,50,2218,5,682,1,1,28,5,36,69,45,2,47,298,0,0,0,253,11,264,1,1,0,16,27,5,418,264,0,0,12,0,0,63,0,[],java-maven,2988718,3622513,1212.06,0,0,0,0,1,0.012037,0.972816,0.00648148,0.966697,3,1,4,0,0,1,0,1
51552,9173675548,1553758,Push on main,main,8cf255bf3a074389030513162344dd7c85014d61,dynamic/github-code-scanning/codeql,success,79271691,LorenzoBettini,195,11,0.0,0.0,,dynamic,51,0,3027.0,1,failure,2,f629b30bb1ee0682f359a277f59fd9bac693591f,2,69,7,0,0,0,0,1,76,0,1,0,0,2,2,4,0,4,10,0,0,0,4,1,5,0,1,0,22,0,0,69,7,0,0,5,0,0,0,0,[],java-maven,3062134,3770702,1231.4,0,0,0,0,0,0.0194444,0.93211,0.00648148,0.915991,133,0,1,0,1,1,0,1
51553,7445852495,1553758,Build,main,d0682d7b6227a8d5363e1ff6d5347bc732324131,.github/workflows/maven.yml,success,52327453,szarnekow,192,6,0.0,0.0,,push,0,0,,1,success,1,d364c056506792e4bff78123578deaeb0b8ce947,2,24,20,0,0,0,0,1,44,0,1,0,0,2,2,0,0,0,6,0,0,0,0,0,0,0,1,0,16,0,0,24,20,0,0,0,0,0,54,0,[],java-maven,2988576,3621632,1211.83,0,0,0,0,1,0.00740741,0.927249,0.000925926,0.95632,5,1,3,0,0,1,0,1
51554,9138361860,1553758,Build,cd-java-source-lang-21,4de0539f50c61e969dbf3ad245e6e4f459db9dda,.github/workflows/maven.yml,failure,52327453,cdietrich,195,11,0.0,0.0,,push,12,0,3048.0,0,success,12,19acf4bc164eeaf4bb9ebaa7a79b5bdc318c014e,33,15847,13602,1,0,2,37,11,29406,2,1,2,0,23,25,81,40,121,176,34,24,58,25,3,28,1,1,0,22,5,0,15812,13594,0,0,600,0,0,95,0,[],java-maven,3062125,3770548,1231.35,0,0,0,0,1,0.0222222,0.86715,0.00555556,0.90233,18,1,5,0,0,0,0,0
51555,8878517127,1553758,Build,LorenzoBettini-patch-1,6bd7974027c022826959ca62a0ea54b7a1afacc7,.github/workflows/maven.yml,success,52327453,LorenzoBettini,195,11,0.0,0.0,,push,81,0,3020.0,1,success,1,385e3292cd434c1ecdd4bb877e689a51147a281e,1,1,0,1,0,0,0,1,0,0,0,0,0,0,0,0,0,0,0,0,0,0,0,0,0,0,0,0,16,0,0,0,0,0,0,0,0,0,87,0,[],java-maven,2989654,3623235,1211.92,0,0,0,0,1,0.0222222,0.916437,0.0111111,0.889757,39,0,4,0,1,1,0,0
51556,7972205409,1553758,Build,lb_2936,22e3a3815870ef2eb8f8ef271ae445d0f174d447,.github/workflows/maven.yml,success,52327453,LorenzoBettini,193,7,0.0,0.0,,push,44,0,2938.0,1,success,1,372b12012ebe4539f5f5ac379f4332c81d4745a8,9,11,0,1,0,1,3,3,7,1,1,0,0,1,1,0,0,0,1,0,0,0,0,0,0,1,0,0,16,0,0,7,0,0,0,1,0,0,54,0,[],java-maven,2990222,3622733,1211.53,0,0,0,0,1,0.000925926,0.999906,0.000925926,0.999486,124,0,3,0,1,0,0,0
51557,7445216322,1553758,Build,sz_issue2351,28ff54e47cb60a4411d5bb3f5146622f844fa2bd,.github/workflows/maven.yml,success,52327453,szarnekow,192,6,0.0,0.0,,push,0,0,,1,success,1,dddc2743e673095e3038acd9b667998810579c81,1,568,2,0,0,1,36,2,534,1,1,1,0,1,2,0,0,0,22,0,0,0,3,0,3,1,1,0,16,2,0,534,0,0,0,0,0,0,54,0,[],java-maven,2988912,3622149,1211.86,0,0,0,0,1,0.00740741,0.902998,0.000925926,0.937211,3,1,3,0,0,0,0,0
51558,9443433301,1553758,PR #3081,lb_3026_2,32b07da4804a3492e8765b5556a97785662ff04f,dynamic/github-code-scanning/codeql,success,79271691,LorenzoBettini,196,10,0.0,0.0,,dynamic,38,0,3081.0,1,success,1,ce601cddf2a59d920ded641bd7d30fbf05038291,0,0,680,0,0,0,0,7,680,2,0,0,7,0,7,0,0,0,0,0,0,0,0,47,47,0,1,0,22,0,18,0,680,0,0,0,0,0,0,0,[],java-maven,3046443,3754255,1232.34,0,0,0,0,0,0.0203704,0.885832,0.00277778,0.946637,119,0,1,0,1,0,0,0
51559,9204618198,1553758,Push on main,main,39ac9112344365d187ac9b7627ddac7995ef4d3b,dynamic/github-code-scanning/codeql,success,79271691,LorenzoBettini,195,11,0.0,0.0,,dynamic,91,0,3063.0,1,success,1,322beedd35749c72d86366a696188d9eed73d5d8,1,4,0,0,0,1,4,1,0,0,0,0,0,0,0,0,0,0,0,0,0,0,0,0,0,0,0,0,22,0,0,0,0,0,0,0,0,0,0,0,[],java-maven,3062130,3770698,1231.4,0,0,0,0,0,0.0203704,0.919185,0.012037,0.841957,130,0,1,0,1,1,0,1
51560,7371471552,1553758,Build,cd_tycho40,0bd91d5d5d8e7d35223f5bdf04adf700f39b11c6,.github/workflows/maven.yml,success,52327453,cdietrich,192,6,0.0,0.0,,push,0,0,,0,success,22,62c68141df914720f230e045db8e09a7cacea5e1,49,111,84,17,0,12,32,7,61,2,1,1,0,6,7,0,0,0,2,0,0,0,4,0,4,1,0,0,16,1,0,33,28,0,0,2,0,0,54,0,[],java-maven,2988582,3621833,1211.89,0,0,0,0,1,0.00648148,0.8814,0.00185185,0.856481,15,1,3,0,0,0,0,0
51561,8765237252,1553758,Build,lb_2965,5c9d19703f400b32d4f1ec8a74e3291610fd0194,.github/workflows/maven.yml,success,52327453,LorenzoBettini,194,11,0.0,0.0,,push,66,0,3003.0,1,success,1,73bd1580bcea48d7ed27f990cadbc5ae4d308572,10,66,56,0,0,0,0,1,122,0,1,0,0,9,9,0,0,0,4,0,0,0,9,8,17,0,1,0,16,0,0,66,56,0,0,40,0,0,63,0,[],java-maven,2988636,3622459,1212.08,0,0,0,0,1,0.012037,0.950948,0.0037037,0.998971,15,0,4,0,1,0,0,0
51562,7447049026,1553758,Build,cd_tycho40,94403711f4078e91c32b07a2174489308aecde68,.github/workflows/maven.yml,success,52327453,cdietrich,192,6,0.0,0.0,,push,0,0,,0,success,9,0bd91d5d5d8e7d35223f5bdf04adf700f39b11c6,113,2607,2706,57,0,8,316,6,3335,1,1,2,1,8,11,3,1,4,123,1,0,1,30,25,55,1,1,0,16,2,2,1567,1768,0,0,3,0,0,54,0,[],java-maven,2988590,3621632,1211.82,0,0,0,0,1,0.00740741,0.861953,0.000925926,0.999228,6,1,3,0,0,0,0,0
51563,8958485727,1553758,Build,main,bc7f1691285b43ea102aee593273e1b144d48689,.github/workflows/maven.yml,success,52327453,LorenzoBettini,195,10,0.0,0.0,,push,12,0,3029.0,1,success,1,cbb2edc072534b24b78c94e1b98e0951992e22e1,6,6,6,3,0,3,6,2,0,1,0,0,0,3,3,0,0,0,4,0,0,0,0,0,0,1,0,0,16,0,0,0,0,0,0,0,0,0,87,0,[],java-maven,2989712,3623226,1211.9,0,0,0,0,1,0.0185185,0.928925,0.0,1.0,47,0,4,0,1,1,0,1
51564,8949366261,1553758,Build,lb_deprecated_last_update,bfb3c4e7c86c65924334eb1c27f4a260a72fe3a9,.github/workflows/maven.yml,success,52327453,LorenzoBettini,195,10,0.0,0.0,,push,12,0,3029.0,0,success,1,cbb2edc072534b24b78c94e1b98e0951992e22e1,6,6,6,3,0,3,6,2,0,1,0,0,0,3,3,0,0,0,4,0,0,0,0,0,0,1,0,0,16,0,0,0,0,0,0,0,0,0,87,0,[],java-maven,2989712,3623226,1211.9,0,0,0,0,1,0.0185185,0.928421,0.0,1.0,47,0,4,0,1,0,0,0
51565,8155137703,1553758,Build,sz_bundle_dep,701dea96abbf9e7b7870de2ecfb3900f0e1feeaf,.github/workflows/maven.yml,success,52327453,szarnekow,193,7,0.0,0.0,,push,12,0,2952.0,1,success,1,652e4b0ed1a6947d7fd068945fee13b56da2f37a,76,339,339,41,0,1,2,2,432,0,1,0,0,1,1,0,0,0,2,0,0,0,0,0,0,1,0,0,16,0,0,216,216,0,0,1,0,0,54,0,[],java-maven,2990265,3622778,1211.52,0,0,0,0,1,0.0037037,0.898148,0.0,1.0,0,1,3,0,0,1,0,0
51566,9109627332,1553758,Build,lb_java_21-2,9a8e43dfd2a39ca16c90cf25e81ae789b8f1c6d9,.github/workflows/maven.yml,success,52327453,LorenzoBettini,195,11,,,,pull_request,0,0,,1,cancelled,0,,0,0,0,0,0,0,0,0,0,0,0,0,0,0,0,0,0,0,0,0,0,0,0,0,0,0,0,0,21,0,0,0,0,0,0,0,0,0,95,0,[],java-maven,3062226,3770082,1231.16,0,0,0,0,1,0.0203704,0.920131,0.00648148,0.90218,84,0,5,0,1,1,0,0
51567,9131747162,1553758,Build,cd-java-source-lang-21,1ae01d3f8652afeacd223685b352b3dc7c53ea21,.github/workflows/maven.yml,success,52327453,cdietrich,195,11,0.0,0.0,,push,0,0,,1,success,1,efda57d69b85ded2f26764d5bebe0784807686c3,1,2,2,0,0,0,0,1,4,0,0,0,0,1,1,0,0,0,1,0,0,0,0,0,0,0,1,0,22,0,0,2,2,0,0,0,0,0,95,0,[],java-maven,3060901,3768329,1231.12,0,0,0,0,1,0.0212963,0.878417,0.00462963,0.925069,17,1,5,0,0,0,0,0
51568,8521824681,1553758,Build,sz_issue1329,da53ee975fd770602ee77e11fc25d485c5cee586,.github/workflows/maven.yml,success,52327453,szarnekow,194,9,0.0,0.0,,push,0,0,,1,success,2,80473bb1a3bcfbdbff6ad1f75b57a1e01caa04cc,2,7,1,0,0,1,2,1,6,0,1,0,0,2,2,1,0,1,7,0,0,0,0,0,0,1,1,0,16,0,0,6,0,0,0,0,0,0,63,0,[],java-maven,2986644,3622924,1213.04,0,0,0,0,1,0.00277778,0.999339,0.00185185,0.998971,3,1,4,0,0,1,0,0
51569,8818733938,1553758,Build,lb_2778,52adf4142954e063d4172033cdd17a55516f6091,.github/workflows/maven.yml,success,52327453,LorenzoBettini,194,11,0.0,0.0,,push,0,0,,1,success,9,75171aa5ace70b9c6c1c760fa9b348bb22f38fe8,28,90,54,11,0,4,14,7,38,2,1,0,0,4,4,1,0,1,14,0,0,0,1,0,1,1,1,0,16,0,0,23,15,1,1,4,0,0,87,0,[],java-maven,2988706,3622408,1212.03,0,0,0,0,1,0.0212963,0.886444,0.0111111,0.858674,27,0,4,0,1,0,0,0
51570,8434724981,1553758,Push on main,main,1d83f8991764af318c917f5e2b34d86981742172,dynamic/github-code-scanning/codeql,success,79271691,szarnekow,193,8,0.0,0.0,,dynamic,57,0,2964.0,0,success,1,1e42c1b22f58ebc86c0bc08bd331bfc3d2311e35,2,7,1,0,0,1,2,1,6,0,1,0,0,2,2,1,0,1,7,0,0,0,0,0,0,1,1,0,16,0,0,6,0,0,0,0,0,0,0,0,[],java-maven,2986082,3622924,1213.27,0,0,0,0,0,0.000925926,0.999768,0.0,1.0,3,1,1,0,0,1,0,1
51571,9676665056,1553758,Build,cd_tycho50,afe22eed3d25a61096246bb2b106e7eeb21064cd,.github/workflows/maven.yml,success,52327453,cdietrich,196,9,0.0,0.0,,push,0,0,,1,success,3,ee43d61b556c4c36998af012a8fabd5aa6c052ae,0,0,0,0,0,0,0,0,0,0,0,0,0,0,0,0,0,0,0,0,0,0,0,0,0,0,0,0,22,0,0,0,0,0,0,0,0,0,89,0,[],java-maven,3046449,3754311,1232.36,0,0,0,0,1,0.0111111,0.889757,0.000925926,0.944187,23,1,5,0,0,0,0,0
51572,9081288714,1553758,Build,main,568503fa74feb53b1a7f206016ecd25d790b60e2,.github/workflows/maven.yml,failure,52327453,cdietrich,195,11,0.0,0.0,,push,8,0,3035.0,1,success,1,93b386048ecebcafc7a4611f59278ba2e12f6168,2,13,5,0,0,2,18,1,0,0,1,0,0,0,0,0,0,0,0,0,0,0,0,0,0,0,0,0,16,0,0,0,0,0,0,0,0,0,87,0,[],java-maven,2989798,3623412,1211.93,0,0,0,0,1,0.0194444,0.829282,0.00740741,0.797531,11,1,4,0,0,1,0,1
51573,8862081782,1553758,Build,main,385e3292cd434c1ecdd4bb877e689a51147a281e,.github/workflows/maven.yml,success,52327453,LorenzoBettini,195,11,0.0,0.0,,push,123,0,2993.0,1,success,1,8d53e990c933ccd6829a56e6a77aa6d3ec6427b9,161,896,895,0,0,90,821,2,970,0,1,0,0,143,143,0,0,0,886,0,0,0,130,130,260,1,1,0,16,0,0,485,485,0,0,135,0,0,87,0,[],java-maven,2989654,3623235,1211.92,0,0,0,0,1,0.0222222,0.908081,0.0111111,0.876218,28,0,4,0,1,1,0,1
51574,9584711002,1553758,Push on main,main,74d2f7fac3bba4c78a6828d5b2317b985cc22e01,dynamic/github-code-scanning/codeql,success,79271691,LorenzoBettini,196,10,0.0,0.0,,dynamic,49,0,3092.0,1,success,1,1cb474441d19df9692dc69125dfab5042dd71814,2,5,35,0,0,1,19,1,21,0,1,0,0,2,2,0,1,1,7,0,0,0,0,2,2,1,1,0,22,0,0,3,18,0,0,0,0,0,0,0,[],java-maven,3046443,3754255,1232.34,0,0,0,0,0,0.012963,0.904437,0.00277778,0.907828,19,0,1,0,1,1,0,1
51575,8783660728,1553758,PR #3004,lb_2293,fadf9c715a71b064f7319392433257e7287a9956,dynamic/github-code-scanning/codeql,success,79271691,LorenzoBettini,194,11,0.0,0.0,,dynamic,0,0,,1,success,1,045b5142a2a67ab795624f18f51bfd5b18b406db,3,8,7,0,0,2,5,1,10,0,1,0,0,3,3,1,1,2,42,0,0,0,0,0,0,1,1,0,16,0,0,5,5,0,0,1,0,0,0,0,[],java-maven,2988693,3622481,1212.06,0,0,0,0,0,0.012963,0.950567,0.000925926,0.973562,20,0,1,0,1,1,0,0
51576,7413117857,1553758,Build,lb_xtend_validator_tests,9b52cd7684832c2ccf2c1965609555931c3d39d5,.github/workflows/maven.yml,success,52327453,LorenzoBettini,192,6,0.0,0.0,,push,53,0,2873.0,1,success,1,365f1fa4489ada3ce337f109de74ad14623fe7da,1,10,4,0,0,0,0,1,14,0,0,0,0,0,0,0,0,0,0,0,0,0,0,0,0,0,0,0,16,0,0,10,4,0,0,0,0,0,54,0,[],java-maven,2988552,3621788,1211.89,0,0,0,0,1,0.00648148,0.95668,0.00277778,0.968316,60,0,3,0,1,1,0,0
51577,8572992599,1553758,Build,replace-Maps_newHashMapWithExpectedSize,4394639a1f3d8882455da7d07f845d10cab8ea3d,.github/workflows/maven.yml,success,52327453,HannesWell,194,9,,,,pull_request,0,0,,0,success,0,,0,0,0,0,0,0,0,0,0,0,0,0,0,0,0,0,0,0,0,0,0,0,0,0,0,0,0,0,21,0,0,0,0,0,0,0,0,0,63,0,[],java-maven,2986077,3622922,1213.27,0,0,0,0,1,0.0037037,0.996914,0.00185185,0.998457,0,0,4,0,1,0,0,0
51578,8765844794,1553758,Push on main,main,70ef5061a13dd828427c9172e53f250794f0c963,dynamic/github-code-scanning/codeql,success,79271691,LorenzoBettini,194,11,0.0,0.0,,dynamic,31,0,2996.0,1,success,3,167a99119a401252400ef11786c353577cdf862e,1,31,5,0,0,1,15,2,0,1,1,0,0,0,0,0,0,0,0,0,0,0,0,0,0,0,0,0,16,1,0,0,0,1,0,0,0,0,0,0,[],java-maven,2988659,3622459,1212.07,0,0,0,0,0,0.012037,0.957955,0.0037037,0.999259,19,0,1,0,1,1,0,1
51579,7695305461,1553758,Build,cd_tycho40,8769ae58576493a61d05a8ea23994e21f73b91d4,.github/workflows/maven.yml,success,52327453,cdietrich,192,7,0.0,0.0,,push,0,0,,1,success,1,c71d51c6ef524f27258554f2f904dbb4857294dd,1,1,1,0,0,1,2,1,0,0,0,0,0,0,0,0,0,0,0,0,0,0,0,0,0,0,0,0,16,0,0,0,0,0,0,0,0,0,54,0,[],java-maven,2989625,3622278,1211.62,0,0,0,0,1,0.0166667,0.835586,0.0,1.0,3,1,3,0,0,0,0,0
51580,8804558293,1553758,Build,lb_gh_actions_macos,d1e4addb10caf7dd97b089f2af2ebb60a8a4b11d,.github/workflows/maven.yml,success,52327453,LorenzoBettini,194,11,0.0,0.0,,push,25,0,3008.0,1,success,1,acc868e261afb8b7fecaf3155a493299a0df016e,1,11,11,0,0,0,0,1,0,0,0,0,0,0,0,0,0,0,0,0,0,0,0,0,0,0,0,0,16,0,0,0,0,0,1,0,0,0,87,0,[],java-maven,2988704,3622468,1212.05,0,0,0,0,1,0.0194444,0.881854,0.00740741,0.843621,25,0,4,0,1,0,0,0
51581,8586834988,1553758,Build,main,1d2804aeab71aa3744cd9ea7122b8b399d957f32,.github/workflows/maven.yml,success,52327453,cdietrich,194,10,0.0,0.0,,push,87,0,2977.0,1,success,1,77020bbc801f2d5d01b9abd837c2be4f28b5f824,47,3101,3101,6,0,15,4138,8,1648,2,1,0,0,17,17,0,0,0,81,0,0,0,0,0,0,1,1,0,16,0,0,824,824,0,0,0,0,0,63,0,[],java-maven,2986082,3622924,1213.27,0,0,0,0,1,0.00555556,0.936632,0.0037037,0.88786,11,1,4,0,0,1,0,1
51582,7504806601,1553758,Build,cd_tycho40,2e4e1eeecbee20682e84cb40a6e8b149478edd12,.github/workflows/maven.yml,success,52327453,cdietrich,192,7,0.0,0.0,,push,0,0,,0,success,53,94403711f4078e91c32b07a2174489308aecde68,57,1074,538,13,0,9,194,9,1329,3,1,6,1,15,22,5,2,7,196,2,0,2,59,9,68,1,1,0,16,2,6,945,384,0,0,18,0,0,54,0,[],java-maven,2989543,3622193,1211.62,0,0,0,0,1,0.0175926,0.797801,0.0111111,0.789352,7,1,3,0,0,0,0,0
51583,9668836624,1553758,Build,lb_3077,ba07d300e21369224c9c827a1db8ecf1959e7e55,.github/workflows/maven.yml,success,52327453,LorenzoBettini,196,9,0.0,0.0,,push,0,0,,1,success,1,5dc5b24d643280a77279a6f5f0295ea0831d97b6,10,24,24,0,0,0,0,2,48,1,0,0,0,5,5,0,0,0,0,0,0,0,0,0,0,0,1,0,22,0,0,24,24,0,0,8,0,0,89,0,[],java-maven,3046832,3754691,1232.33,0,0,0,0,1,0.0111111,0.873264,0.00185185,0.999288,9,0,5,0,1,0,0,0
51584,9713508948,1553758,Build,cd-ProgressReportingTest,f9b46ab0a330a8fdcca135481cdb28aaf431e619,.github/workflows/maven.yml,success,52327453,cdietrich,196,9,0.0,0.0,,push,4,0,3097.0,0,success,1,1416419d21895381ef2d2d5ab0e859761e7f95cb,1,47,2,0,0,0,0,1,49,0,0,0,0,1,1,0,0,0,1,0,0,0,0,0,0,0,1,0,22,0,0,47,2,0,0,1,0,0,89,0,[],java-maven,3046488,3754356,1232.36,0,0,0,0,1,0.012963,0.868626,0.00185185,0.845442,26,1,5,0,0,0,0,0
51585,8799576639,1553758,PR #3008,lb_gh_actions_macos,136d31a54db226350187bffe2ab5af0309c9c146,dynamic/github-code-scanning/codeql,success,79271691,LorenzoBettini,194,11,0.0,0.0,,dynamic,25,0,3008.0,1,failure,1,b184d43692e5e642997122afec66eb69cfcbc18b,1,26,0,0,0,0,0,1,0,0,0,0,0,0,0,0,0,0,0,0,0,0,0,0,0,0,0,0,16,0,0,0,0,0,1,0,0,0,0,0,[],java-maven,2988704,3622468,1212.05,0,0,0,0,0,0.0185185,0.887603,0.00648148,0.84919,22,0,1,0,1,0,0,0
51586,7486448628,1553758,Build,cd_lsp4j0212,954f2dfbbfd4f55af755d994fc1be0daf7215e5d,.github/workflows/maven.yml,success,52327453,cdietrich,192,7,0.0,0.0,,push,6,0,2904.0,1,success,1,50a02846d6b47e3e587afbc4f186aad9ce981fe9,1,2,2,0,0,0,0,1,4,0,0,0,0,0,0,0,0,0,0,0,0,0,0,0,0,0,0,0,16,0,0,2,2,0,0,0,0,0,54,0,[],java-maven,2989540,3622195,1211.62,0,0,0,0,1,0.0175926,0.787159,0.0111111,0.770202,6,1,3,0,0,0,0,0
51587,7486449395,1553758,PR #2904,cd_lsp4j0212,954f2dfbbfd4f55af755d994fc1be0daf7215e5d,dynamic/github-code-scanning/codeql,success,79271691,cdietrich,192,7,0.0,0.0,,dynamic,6,0,2904.0,1,success,1,50a02846d6b47e3e587afbc4f186aad9ce981fe9,1,2,2,0,0,0,0,1,4,0,0,0,0,0,0,0,0,0,0,0,0,0,0,0,0,0,0,0,16,0,0,2,2,0,0,0,0,0,1,0,[],java-maven,2989540,3622195,1211.62,0,0,0,0,0,0.0175926,0.792616,0.0111111,0.780193,6,1,1,0,0,0,0,0
51588,8891716898,1553758,Push on main,main,c6717dc342df10a47d826f8492388e6b6226cdb1,dynamic/github-code-scanning/codeql,success,79271691,szarnekow,195,11,0.0,0.0,,dynamic,4,0,3023.0,1,success,1,896e9da6659dab15ec9b5fd8b26015291205928d,1,1,1,0,0,1,2,1,0,0,0,0,0,1,1,0,0,0,2,0,0,0,0,0,0,1,0,0,16,0,0,0,0,0,0,1,0,0,0,0,[],java-maven,2989712,3623226,1211.9,0,0,0,0,0,0.0222222,0.960168,0.00833333,0.997807,7,1,1,0,0,1,0,1
51589,9139291119,1553758,Push on main,main,334864bb0640826bb62a4f7f82f3fc6db1410b5f,dynamic/github-code-scanning/codeql,success,79271691,cdietrich,195,11,0.0,0.0,,dynamic,12,0,3048.0,1,success,2,fbc95c23c52f8ef8956b688100c9d74d2f4019e3,2,21,7,0,0,1,5,1,23,0,1,0,0,2,2,0,0,0,11,0,0,0,0,0,0,1,1,0,22,0,0,17,6,0,0,1,0,0,0,0,[],java-maven,3062125,3770553,1231.35,0,0,0,0,0,0.0222222,0.880174,0.00555556,0.915895,20,1,1,0,0,1,0,1
51590,9418350321,1553758,Build,main,ce601cddf2a59d920ded641bd7d30fbf05038291,.github/workflows/maven.yml,success,52327453,LorenzoBettini,196,10,0.0,0.0,,push,76,0,3079.0,1,success,2,21d8f07966f471af5b37aa195b9edfde4bd087d5,13,12,22537,35,0,48,5257,9,15763,1,1,0,147,0,147,0,0,0,0,0,0,0,0,1239,1239,1,1,0,22,0,180,0,15763,1,0,0,0,0,89,0,[],java-maven,3046841,3754935,1232.4,0,0,0,0,1,0.0194444,0.884788,0.00185185,0.940632,118,0,5,0,1,1,0,1
51591,8620887990,1553758,PR #2986,lb_java_21,de23e17fdc255b163f1915cf5e5f183fbdf2ac39,dynamic/github-code-scanning/codeql,success,79271691,LorenzoBettini,194,9,0.0,0.0,,dynamic,0,0,,1,success,1,7bf593e16195903ae337dffb82075b383f66f7f2,1,1,0,1,0,0,0,1,0,0,0,0,0,0,0,0,0,0,0,0,0,0,0,0,0,0,0,0,20,0,0,0,0,0,0,0,0,0,0,0,[],java-maven,2986270,3623212,1213.29,0,0,0,0,0,0.00833333,0.929598,0.00648148,0.929917,14,0,1,0,1,1,0,0
51592,8188880870,1553758,Build,main,03146da0abe813a229acdab054fcfa3a8c06acc3,.github/workflows/maven.yml,success,52327453,LorenzoBettini,193,8,0.0,0.0,,push,76,0,2955.0,1,success,8,7052e707e8f3cb652889493add0164e56666c729,10,26,12,2,0,3,12,5,22,2,1,0,0,1,1,0,0,0,3,0,0,0,0,0,0,1,0,0,16,0,0,18,4,0,0,1,0,0,63,0,[],java-maven,2985995,3622814,1213.27,0,0,0,0,1,0.0037037,0.970899,0.0,1.0,22,0,4,0,1,1,0,1
51593,7544778722,1553758,Build,cd_tycho40,430035cb8026927c5c525ea95fdb5617639bbfc4,.github/workflows/maven.yml,success,52327453,cdietrich,192,7,0.0,0.0,,push,0,0,,0,success,9,2e4e1eeecbee20682e84cb40a6e8b149478edd12,11,10,15,1,0,3,9,3,14,1,1,0,0,2,2,0,0,0,6,0,0,0,0,0,0,1,0,0,16,0,0,7,7,0,0,1,0,0,54,0,[],java-maven,2989538,3622193,1211.62,0,0,0,0,1,0.0175926,0.807429,0.0101852,0.770412,7,1,3,0,0,0,0,0
51594,8175711403,1553758,Build,lb_tycho4,a83ad0838a111b09bde4885f1c9b3d4ea232b351,.github/workflows/maven.yml,success,52327453,LorenzoBettini,193,8,0.0,0.0,,push,0,0,,0,success,1,e04783a5baaa49423b11b3e13c12c7370c5ae2b1,1,1,1,0,0,0,0,1,2,0,0,0,0,0,0,0,0,0,0,0,0,0,0,0,0,0,0,0,16,0,0,1,1,0,0,0,0,0,54,0,[],java-maven,2985888,3622788,1213.3,0,0,0,0,1,0.0037037,0.964879,0.0,1.0,21,0,3,0,1,1,0,0
51595,9132454068,1553758,Build,main,fbc95c23c52f8ef8956b688100c9d74d2f4019e3,.github/workflows/maven.yml,success,52327453,LorenzoBettini,195,11,0.0,0.0,,push,46,0,3047.0,1,success,3,731eac41309dde490e37c711d503fa2a6a89d63e,27,15675,13585,0,0,1,11,8,29249,2,1,2,0,18,20,75,40,115,120,34,24,58,14,0,14,1,1,0,22,2,0,15667,13582,0,0,599,0,0,95,0,[],java-maven,3062117,3770542,1231.35,0,0,0,0,1,0.0212963,0.928345,0.00462963,0.934279,121,0,5,0,1,1,0,1
51596,9032640158,1553758,Build,miklossy_issue_3007,4f311285f6c955808edf947bf80dd4553147b8c7,.github/workflows/maven.yml,success,52327453,miklossy,195,11,0.0,0.0,,push,0,0,,1,success,1,ef2e617ef58509f25a63be9a77c3a264a75b785a,1,4,4,0,0,0,0,1,8,0,0,0,0,1,1,0,0,0,6,0,0,0,0,0,0,0,1,0,16,0,0,4,4,0,0,0,0,0,87,0,[],java-maven,2989780,3623401,1211.93,0,0,0,0,1,0.0203704,0.787423,0.00462963,0.784061,2,1,4,0,0,0,0,0
51597,9170795443,1553758,Build,lb_3001,3e5dacd563945eb722e2fcde0209e4746ce87c7d,.github/workflows/maven.yml,success,52327453,LorenzoBettini,195,11,0.0,0.0,,pull_request,319,0,3042.0,0,success,11,c91a45430f1c86c63d27e2ae80a7c84084082b3c,88,254,157,1,0,1,8,3,399,0,1,0,1,85,86,0,1,1,22,0,0,0,0,6,6,0,1,0,22,0,1,244,155,0,0,76,0,0,95,0,[],java-maven,3062089,3770640,1231.39,0,0,0,0,1,0.0194444,0.929479,0.00462963,0.95295,128,0,5,0,1,0,0,0
51598,8600601283,1553758,Build,main,d0294ff3be854547062358d594d001acd171e276,.github/workflows/maven.yml,success,52327453,cdietrich,194,9,0.0,0.0,,push,0,0,,1,success,1,f863171c7fb59e1b6f01cf008f80a2af66cf6086,1,1,1,0,0,1,2,1,0,0,0,0,0,0,0,0,0,0,0,0,0,0,0,0,0,0,0,0,16,0,0,0,0,0,0,0,0,0,63,0,[],java-maven,2986082,3622924,1213.27,0,0,0,0,1,0.00740741,0.924074,0.00555556,0.883547,15,1,4,0,0,1,0,1
51599,8876016240,1553758,Build,lb_2293,45500f769b0b73c16b06166f1ec3d4f48dd435c2,.github/workflows/maven.yml,success,52327453,LorenzoBettini,195,11,0.0,0.0,,push,46,0,3004.0,1,success,9,0aa2b9d1e5544105e7b5a709326df5e10b02e662,161,896,895,0,0,90,821,2,970,0,1,0,0,143,143,0,0,0,886,0,0,0,130,130,260,1,1,0,16,0,0,485,485,0,0,135,0,0,87,0,[],java-maven,2989700,3623270,1211.92,0,0,0,0,1,0.0222222,0.908909,0.0111111,0.878352,36,0,4,0,1,1,0,0
51600,8675771918,1553758,Build,sz_issue1329,c817b84a1ff3d721c1033ca3296beb8bcbc30183,.github/workflows/maven.yml,success,52327453,szarnekow,194,9,0.0,0.0,,push,0,0,,1,success,1,2c6dda6653216a1c464f9cac9a126603f019beb5,35,1529,827,5,0,31,1424,9,884,2,1,8,7,25,40,24,2,26,182,8,0,8,115,58,173,1,1,0,16,9,16,174,710,0,0,6,0,0,63,0,[],java-maven,2987231,3622381,1212.62,0,0,0,0,1,0.00833333,0.997807,0.00277778,0.998737,0,1,4,0,0,0,0,0
51601,9495565089,1553758,Build,cd-new-fix-braces,5917642c5b5d4a729803fff96b661f1f36ed477c,.github/workflows/maven.yml,failure,52327453,cdietrich,196,10,0.0,0.0,,push,0,0,,1,success,1,ddbdab03abeabfdbcc4ab06e3f1377adc821fa50,1,2,2,0,0,1,4,1,0,0,0,0,0,0,0,0,0,0,0,0,0,0,0,0,0,0,0,0,22,0,0,0,0,0,0,0,0,0,89,0,[],java-maven,3046449,3754255,1232.34,0,0,0,0,1,0.0231481,0.854027,0.00833333,0.837366,29,1,5,0,0,0,0,0
51602,8613673942,1553758,Push on main,main,1476d8300d255139afd065f4d3c9bdef21bb5f51,dynamic/github-code-scanning/codeql,success,79271691,LorenzoBettini,194,9,0.0,0.0,,dynamic,60,0,2983.0,1,success,6,2495bee7115d66adc778d81acdf9dc0ad72fd6cb,81,314,278,11,0,23,204,2,292,1,1,0,0,45,45,10,8,18,321,0,0,0,0,0,0,1,1,0,16,0,0,146,146,0,0,24,0,0,0,0,[],java-maven,2986093,3622926,1213.27,0,0,0,0,0,0.00833333,0.911232,0.00648148,0.911634,13,0,1,0,1,1,0,1
51603,8675934371,1553758,PR #2969,sz_issue1329,dc737fb049c9549756eb66600c2d45098e417efd,dynamic/github-code-scanning/codeql,success,79271691,szarnekow,194,9,0.0,0.0,,dynamic,0,0,,1,success,1,0e568f5e73e1e8b6d2b6993e61b590bfec5826be,4,172,172,0,0,4,344,1,0,0,0,0,0,4,4,0,0,0,94,0,0,0,0,0,0,1,0,0,16,0,0,0,0,0,0,0,0,0,0,0,[],java-maven,2987231,3622381,1212.62,0,0,0,0,0,0.00833333,0.998264,0.00277778,0.999132,0,1,1,0,0,0,0,0
51604,9139291135,1553758,Build,main,334864bb0640826bb62a4f7f82f3fc6db1410b5f,.github/workflows/maven.yml,success,52327453,cdietrich,195,11,0.0,0.0,,push,12,0,3048.0,1,success,2,fbc95c23c52f8ef8956b688100c9d74d2f4019e3,2,21,7,0,0,1,5,1,23,0,1,0,0,2,2,0,0,0,11,0,0,0,0,0,0,1,1,0,22,0,0,17,6,0,0,1,0,0,95,0,[],java-maven,3062125,3770553,1231.35,0,0,0,0,1,0.0222222,0.880174,0.00555556,0.915895,20,1,5,0,0,1,0,1
51605,8818707530,1553758,Build,lb_2293,328083dfaa5cfec82b308ce758c1504cb916eb2e,.github/workflows/maven.yml,success,52327453,LorenzoBettini,194,11,0.0,0.0,,push,0,0,,1,success,15,9b8cc604f4921b2d7a80f58fe9b5d04e2033f9af,28,90,54,11,0,4,14,7,38,2,1,0,0,4,4,1,0,1,14,0,0,0,1,0,1,1,1,0,16,0,0,23,15,1,1,4,0,0,87,0,[],java-maven,2988752,3622503,1212.05,0,0,0,0,1,0.0212963,0.883834,0.0111111,0.853535,27,0,4,0,1,1,0,0
51606,9058151237,1553758,PR #3024,miklossy_issue_3007,ddef35476eda0332550d3194ffe52096cb24c480,dynamic/github-code-scanning/codeql,success,79271691,miklossy,195,11,0.0,0.0,,dynamic,131,0,3024.0,1,success,1,4f311285f6c955808edf947bf80dd4553147b8c7,1,18,7,0,0,0,0,1,25,0,0,0,0,1,1,1,0,1,6,0,0,0,0,0,0,0,1,0,16,0,0,18,7,0,0,0,0,0,0,0,[],java-maven,2989783,3623412,1211.93,0,0,0,0,0,0.0166667,0.811728,0.00462963,0.798457,3,1,1,0,0,0,0,0
51607,7767705507,1553758,Build,lb_2880-3,0c013b3ece993211d62e156052743984c618d3ad,.github/workflows/maven.yml,success,52327453,LorenzoBettini,193,8,,,,pull_request,0,0,,1,success,0,,0,0,0,0,0,0,0,0,0,0,0,0,0,0,0,0,0,0,0,0,0,0,0,0,0,0,0,0,21,0,0,0,0,0,0,0,0,0,54,0,[],java-maven,2989779,3622352,1211.58,0,0,0,0,1,0.0166667,0.930871,0.0,1.0,78,0,3,0,1,1,0,0
51608,7796818975,1553758,Build,main,447dc2cd0a04711cbb61e02d8eb58e86d856f6e8,.github/workflows/maven.yml,success,52327453,LorenzoBettini,193,8,0.0,0.0,,push,36,0,2898.0,1,success,44,88c9ed9b70c2275540cd0b6e6b780b4edc59f898,12,215,42,3,0,9,217,3,4,1,1,2,0,8,10,2,1,3,198,2,1,3,28,2,30,1,1,0,16,2,0,2,2,0,0,1,0,0,54,0,[],java-maven,2990202,3622683,1211.52,0,0,0,0,1,0.0157407,0.941551,0.0,1.0,147,0,3,0,1,1,0,1
51609,8835824889,1553758,Build,main,460fd5e7a6765cf4bb02049d7ef613ee8ace8c43,.github/workflows/maven.yml,success,52327453,LorenzoBettini,194,10,0.0,0.0,,push,14,0,3011.0,1,success,1,679f5bc762300361963870c74ce22c0f99525763,1,4,1,0,0,0,0,1,5,0,0,0,0,1,1,0,0,0,8,0,0,0,2,0,2,0,1,0,16,0,0,4,1,0,0,0,0,0,87,0,[],java-maven,2989075,3622882,1212.04,0,0,0,0,1,0.0212963,0.892484,0.0111111,0.870072,27,0,4,0,1,1,0,1
51610,8766558747,1553758,Build,internal-cleanups,8af825e83f211ee092cb7c34ba4754a7af87520c,.github/workflows/maven.yml,success,52327453,HannesWell,194,11,,,,pull_request,0,0,,0,success,0,,0,0,0,0,0,0,0,0,0,0,0,0,0,0,0,0,0,0,0,0,0,0,0,0,0,0,0,0,21,0,0,0,0,0,0,0,0,0,63,0,[],java-maven,2988626,3622453,1212.08,0,0,0,0,1,0.012963,0.831173,0.00462963,0.856041,3,0,4,0,1,0,0,0
51611,9173684612,1553758,Build,main,9047a4c2d1c07445d1d9bb51737b090f4377eb68,.github/workflows/maven.yml,failure,52327453,LorenzoBettini,195,11,0.0,0.0,,push,44,0,3052.0,1,success,2,8cf255bf3a074389030513162344dd7c85014d61,1,7,3,0,0,0,0,1,10,0,0,0,0,1,1,0,0,0,6,0,0,0,0,0,0,0,1,0,22,0,0,7,3,0,0,0,0,0,95,0,[],java-maven,3062134,3770706,1231.4,0,0,0,0,1,0.0203704,0.925722,0.00740741,0.899259,134,0,5,0,1,1,0,1
51612,7445779714,1553758,Build,sz_issue2351,a5a8d74f67243dcaeec5a828638340ba7fa44a00,.github/workflows/maven.yml,success,52327453,szarnekow,192,6,0.0,0.0,,push,0,0,,1,success,3,28ff54e47cb60a4411d5bb3f5146622f844fa2bd,107,2422,2308,57,0,7,309,6,2759,1,1,1,0,5,6,2,0,2,30,1,0,1,8,0,8,1,1,0,16,1,0,1386,1373,0,0,3,0,0,54,0,[],java-maven,2989094,3622162,1211.79,0,0,0,0,1,0.00740741,0.918519,0.000925926,0.949769,4,1,3,0,0,0,0,0
51613,8612736199,1553758,Build,main,2495bee7115d66adc778d81acdf9dc0ad72fd6cb,.github/workflows/maven.yml,success,52327453,LorenzoBettini,194,9,0.0,0.0,,push,511,0,2984.0,1,success,2,31b23bbd5699982c458e894b2027d1d73fada0d1,2,6,4,0,0,0,0,2,10,1,0,0,0,0,0,0,0,0,0,0,0,0,0,0,0,0,0,0,16,0,0,6,4,0,0,0,0,0,63,0,[],java-maven,2986085,3622926,1213.27,0,0,0,0,1,0.00833333,0.911232,0.00648148,0.903219,13,0,4,0,1,1,0,1
51614,8170282567,1553758,Build,issue_2945,a7c94a16c7f8e54f07635195f483baa703e618c0,.github/workflows/maven.yml,success,52327453,LorenzoBettini,193,8,,,,pull_request,0,0,,1,success,0,,0,0,0,0,0,0,0,0,0,0,0,0,0,0,0,0,0,0,0,0,0,0,0,0,0,0,0,0,21,0,0,0,0,0,0,0,0,0,54,0,[],java-maven,2990347,3622882,1211.53,0,0,0,0,1,0.0037037,0.959259,0.0,1.0,21,0,4,0,1,0,0,0
51615,8675763908,1553758,Build,sz_xbase_lsp,cef104e47c0036ad715a3c0ff26bd450659580c9,.github/workflows/maven.yml,success,52327453,szarnekow,194,9,0.0,0.0,,push,0,0,,1,success,1,a196450076093a30021ef0293280e72667154830,0,0,0,0,0,0,0,0,0,0,0,0,0,0,0,0,0,0,0,0,0,0,0,0,0,0,0,0,16,0,0,0,0,0,0,0,0,0,63,0,[],java-maven,2986669,3622381,1212.85,0,0,0,0,1,0.00833333,0.997396,0.00277778,0.998264,0,1,4,0,0,0,0,0
51616,7948480564,1553758,Push on main,main,84021e3ec58046fac227cf28eaaa0dcaac4da1bc,dynamic/github-code-scanning/codeql,success,79271691,cdietrich,193,7,0.0,0.0,,dynamic,6,0,2935.0,1,success,1,95b6438f5db694d1ec115fc7f10a3ce3ecc9ce05,27,33,33,9,0,3,18,3,30,1,1,0,0,1,1,0,0,0,1,0,0,0,0,0,0,1,0,0,16,0,0,15,15,0,0,2,0,0,1,0,[],java-maven,2990202,3622725,1211.53,0,0,0,0,0,0.0,1.0,0.0,1.0,12,1,1,0,0,1,0,1
51617,9721962620,1553758,Build,cd_tycho50,27bfbe13bf4a4dcac97907b7c076203d1ab9c6d0,.github/workflows/maven.yml,success,52327453,cdietrich,196,9,0.0,4.0,"{'chore', 'test', 'fix'}",push,0,0,,1,success,4,7fd1da1ef7965a097fda83a9a01ef82dafc69219,26,73,28,12,0,3,8,6,67,1,1,0,0,2,2,0,0,0,2,0,0,0,0,0,0,1,1,0,22,0,0,56,11,1,0,2,0,0,89,0,[],java-maven,3046494,3754356,1232.35,0,0,0,0,1,0.012963,0.875824,0.00185185,0.881808,27,1,5,0,0,0,0,0
51618,7527730046,1553758,Build,lb_2909,7d285e13ecad4905fbabc4ec466ed3d029dda32c,.github/workflows/maven.yml,success,52327453,LorenzoBettini,192,7,0.0,0.0,,push,44,0,2910.0,1,success,1,32b61ee98ab5f2e2f826f1adc3c4a0736c3c92be,9,9,9,1,0,1,2,3,14,1,1,0,0,1,1,0,0,0,3,0,0,0,0,0,0,1,0,0,16,0,0,7,7,0,0,1,0,0,54,0,[],java-maven,2989524,3622193,1211.63,0,0,0,0,1,0.0175926,0.92967,0.0101852,0.894772,113,0,3,0,1,0,0,0
51619,9890687300,1553758,Build,main,fc680307fc0da479e7edd47720846d5f50ae5d4d,.github/workflows/maven.yml,success,52327453,miklossy,196,9,1.0,1.0,,push,37,0,3101.0,1,success,1,f17d2521c4ce5667d5e6e7bdb8a235149fa00211,1,11,2,0,0,0,0,1,13,0,0,0,0,1,1,0,0,0,20,0,0,0,1,0,1,0,1,0,22,0,0,11,2,0,0,0,0,0,244,1,[],java-maven,3046494,3754369,1232.36,0,0,0,0,1,0.00555556,0.931481,0.000925926,0.933025,2,1,5,0,0,1,0,1
51620,8452977320,1553758,PR #2966,miklossy_formatter_abstract_base_class,538de855b6f6e667581fb95237cfca6637c365bf,dynamic/github-code-scanning/codeql,success,79271691,miklossy,194,9,0.0,0.0,,dynamic,0,0,,1,failure,1,63f641873dbc52dd83a939b53eec771326fad787,2,26,34,0,0,0,0,1,60,0,1,0,0,2,2,0,0,0,1,0,1,1,2,3,5,0,1,0,16,0,0,26,34,0,0,3,0,0,0,0,[],java-maven,2990266,3622794,1211.53,0,0,0,0,0,0.00277778,0.776235,0.00185185,0.776749,0,1,1,0,0,0,0,0
51621,7642801064,1553758,Build,main,63d33ab52f026ee16386c3a65d0c178d99acd20f,.github/workflows/maven.yml,success,52327453,cdietrich,192,7,0.0,0.0,,push,8,0,2919.0,1,success,1,4bf47b0c4b475a7fa76ebf788eaf78f324c96938,2,21,5,0,0,2,26,1,0,0,1,0,0,0,0,0,0,0,0,0,0,0,0,0,0,0,0,0,16,0,0,0,0,0,0,0,0,0,54,0,[],java-maven,2989571,3622268,1211.63,0,0,0,0,1,0.0194444,0.820062,0.00555556,0.914352,7,1,3,0,0,1,0,1
51622,8680286257,1553758,Build,sz_nodemodel,53efc267aa1f4c622135468daae916f9d612a912,.github/workflows/maven.yml,success,52327453,szarnekow,194,9,0.0,0.0,,push,0,0,,0,success,19,c9e765056dafd0c3819e3e321389d4d58f7e3499,218,3613,3534,41,0,72,4486,11,2039,2,1,1,0,87,88,11,8,19,544,0,0,0,18,0,18,1,1,0,16,0,0,1025,1014,1,0,30,0,0,63,0,[],java-maven,2987585,3623058,1212.7,0,0,0,0,1,0.0111111,0.997778,0.00555556,0.998366,0,1,4,0,0,1,0,0
51623,7448517804,1553758,Build,sz_issue2896,97ec83612a2102d41a70d7c046897cd72f691aa8,.github/workflows/maven.yml,success,52327453,szarnekow,192,6,0.0,0.0,,push,0,0,,0,success,1,c73589d4c13c2467d6da4b66def697d03a8cc8ab,2,2,4,2,0,0,0,1,0,0,1,0,0,0,0,0,0,0,0,0,0,0,0,0,0,0,0,0,16,0,0,0,0,0,0,0,0,0,54,0,[],java-maven,2988554,3621632,1211.83,0,0,0,0,1,0.00740741,0.934289,0.000925926,0.96136,5,1,3,0,0,0,0,0
51624,9416666717,1553758,Build,main,21d8f07966f471af5b37aa195b9edfde4bd087d5,.github/workflows/maven.yml,success,52327453,LorenzoBettini,196,10,0.0,0.0,,push,48,0,3078.0,0,success,2,0a0e95357593d5cd4b923207217d88d83173cc67,12,24,24,3,0,2,4,2,32,1,1,0,0,0,0,0,0,0,0,0,0,0,0,0,0,0,0,0,22,0,0,16,16,0,0,0,0,0,89,0,[],java-maven,3062192,3770698,1231.37,0,0,0,0,1,0.0203704,0.882506,0.00185185,0.932716,117,0,5,0,1,1,0,1
51625,9712632500,1553758,Build,cd-classgraph-48174,7961a35651ce09a06d005b2231ab972752c9eed4,.github/workflows/maven.yml,failure,52327453,cdietrich,196,9,0.0,0.0,,push,8,0,3095.0,0,success,4,4750a6d44db5a5cb148a72c1129878ac219add98,24,24,54,4,0,4,27,6,43,2,1,0,0,3,3,0,1,1,10,0,0,0,0,2,2,1,1,0,22,0,0,14,29,0,0,1,0,0,89,0,[],java-maven,3046443,3754311,1232.36,0,0,0,0,1,0.012037,0.877876,0.000925926,0.899537,24,1,5,0,0,0,0,0
51626,8675913421,1553758,PR #2969,sz_issue1329,0e568f5e73e1e8b6d2b6993e61b590bfec5826be,dynamic/github-code-scanning/codeql,success,79271691,szarnekow,194,9,0.0,0.0,,dynamic,0,0,,1,success,1,c817b84a1ff3d721c1033ca3296beb8bcbc30183,4,172,172,0,0,4,344,1,0,0,0,0,0,4,4,0,0,0,94,0,0,0,0,0,0,1,0,0,16,0,0,0,0,0,0,0,0,0,0,0,[],java-maven,2987231,3622381,1212.62,0,0,0,0,0,0.00833333,0.998106,0.00277778,0.999008,0,1,1,0,0,0,0,0
51627,9138472928,1553758,Build,cd-java-source-lang-21,f9a7bd99ae80774c0b587d4a07f5631c5c8af9ab,.github/workflows/maven.yml,success,52327453,cdietrich,195,11,0.0,0.0,,push,12,0,3048.0,1,success,1,4de0539f50c61e969dbf3ad245e6e4f459db9dda,2,7,2,0,0,1,2,1,7,0,1,0,0,2,2,0,0,0,11,0,0,0,0,0,0,1,1,0,22,0,0,6,1,0,0,0,0,0,95,0,[],java-maven,3062125,3770553,1231.35,0,0,0,0,1,0.0222222,0.872685,0.00555556,0.908249,19,1,5,0,0,0,0,0
51628,8838491613,1553758,Build,main,0ba9017030af03354685b17554c1b49498076176,.github/workflows/maven.yml,success,52327453,LorenzoBettini,194,10,0.0,0.0,,push,66,0,3016.0,1,success,1,460fd5e7a6765cf4bb02049d7ef613ee8ace8c43,1,1,13,0,0,1,14,1,0,0,0,0,0,1,1,0,0,0,5,0,0,0,0,0,0,1,0,0,16,0,0,0,0,0,0,0,0,0,87,0,[],java-maven,2989063,3622882,1212.05,0,0,0,0,1,0.0212963,0.900917,0.0111111,0.884921,28,0,4,0,1,1,0,1
51629,7726997517,1553758,Build,lb_2922,47b627c55679c578068032250e044f87f0b4c07a,.github/workflows/maven.yml,success,52327453,LorenzoBettini,193,8,0.0,0.0,,push,50,0,2923.0,1,success,1,24aea9e91c551792b740db0f9f559c3e8c167fc3,4,0,4,4,0,0,0,1,0,0,1,0,0,0,0,0,0,0,0,0,0,0,0,0,0,0,0,0,16,0,0,0,0,0,0,0,0,0,54,0,[],java-maven,2989699,3622278,1211.59,0,0,0,0,1,0.0166667,0.926707,0.0,1.0,74,0,3,0,1,0,0,0
51630,9807161838,1553758,Build,cd-mwe-2190M1,8e712b0a8e6a12fae76750e0b55cf8d96e5e66df,.github/workflows/maven.yml,success,52327453,cdietrich,196,9,0.0,0.0,,push,8,0,3098.0,0,success,1,3fed1b91173344567425dbc5aca80987641a2d7f,31,48,48,11,0,3,18,3,36,1,1,0,0,1,1,0,0,0,1,0,0,0,0,0,0,1,0,0,22,0,0,18,18,0,0,2,0,0,89,0,[],java-maven,3046488,3754356,1232.36,0,0,0,0,1,0.0111111,0.874132,0.00185185,0.856481,24,1,5,0,0,1,0,0
51631,9131724419,1553758,Build,cd-java-source-lang-21,efda57d69b85ded2f26764d5bebe0784807686c3,.github/workflows/maven.yml,success,52327453,cdietrich,195,11,0.0,0.0,,push,0,0,,0,success,1,cf4a3e464ec0a73592e33a872c869583fe9d6b3d,1,1,1,0,0,1,2,1,0,0,0,0,0,1,1,0,0,0,10,0,0,0,0,0,0,1,0,0,22,0,0,0,0,0,0,0,0,0,95,0,[],java-maven,3060901,3768329,1231.12,0,0,0,0,1,0.0212963,0.872338,0.00462963,0.919074,17,1,5,0,0,0,0,0
51632,9543291660,1553758,Build,cd_tycho50,7f20b912f091615c8f7dd36a56ac594a47408590,.github/workflows/maven.yml,success,52327453,cdietrich,196,10,0.0,0.0,,push,0,0,,1,success,6,639c5cb46553d843e5c4d3b584e62d87ca95627f,2,35,5,0,0,1,19,1,21,0,1,0,0,2,2,1,0,1,7,0,0,0,2,0,2,1,1,0,22,0,0,18,3,0,0,0,0,0,89,0,[],java-maven,3046477,3754270,1232.33,0,0,0,0,1,0.0194444,0.855754,0.00555556,0.922365,27,1,5,0,0,0,0,0
51633,7544798388,1553758,Build,cd_tycho405,73e02b2b1f937d8f664c6ff36e1ef8f7bfed9f25,.github/workflows/maven.yml,success,52327453,cdietrich,192,7,0.0,0.0,,push,0,0,,1,success,1,430035cb8026927c5c525ea95fdb5617639bbfc4,1,1,1,0,0,1,2,1,0,0,0,0,0,0,0,0,0,0,0,0,0,0,0,0,0,0,0,0,16,0,0,0,0,0,0,0,0,0,54,0,[],java-maven,2989538,3622193,1211.62,0,0,0,0,1,0.0175926,0.811908,0.0101852,0.780395,7,1,3,0,0,0,0,0
51634,7475319825,1553758,Build,lb_2874_Oomph_Java_17,d98883022ceec9c7d49c8c4c86589cb465a1a5b6,.github/workflows/maven.yml,success,52327453,LorenzoBettini,192,7,0.0,0.0,,push,40,0,2901.0,1,success,1,d05f413fc3d3d5bd7a72788e84dbacbab8be8c3f,1,2,2,1,0,0,0,1,0,0,0,0,0,0,0,0,0,0,0,0,0,0,0,0,0,0,0,0,16,0,0,0,0,0,0,0,0,0,54,0,[],java-maven,2989281,3622414,1211.8,0,0,0,0,1,0.012037,0.916905,0.00555556,0.864114,105,0,3,0,1,0,0,0
51635,8679731546,1553758,Build,text-blocks_in_compilerTests,952f634b89d02aec781ab3bb7d02729b3b33c65f,.github/workflows/maven.yml,failure,52327453,HannesWell,194,9,,,,pull_request,0,0,,1,failure,0,,0,0,0,0,0,0,0,0,0,0,0,0,0,0,0,0,0,0,0,0,0,0,0,0,0,0,0,0,21,0,0,0,0,0,0,0,0,0,63,0,[],java-maven,2986233,3623062,1213.26,0,0,0,0,1,0.0101852,0.815867,0.00462963,0.855489,1,0,4,0,1,0,0,0
51636,9206824675,1553758,Build,main,750a921cd7cce7433a486e47f4b0ac501485897e,.github/workflows/maven.yml,failure,52327453,LorenzoBettini,195,11,0.0,0.0,,push,26,0,3056.0,1,success,2,39ac9112344365d187ac9b7627ddac7995ef4d3b,2,2,32,0,0,1,22,2,0,1,1,0,0,0,0,0,0,0,0,0,0,0,0,0,0,0,0,0,22,0,0,0,0,0,1,0,0,0,89,0,[],java-maven,3062102,3770698,1231.41,0,0,0,0,1,0.0212963,0.913903,0.012037,0.838796,133,0,5,0,1,1,0,1
51637,7789098451,1553758,Build,lb_xtend-validation-tests,d635b5b3c0b38a3bd8961134a1dea97ee8b1e24d,.github/workflows/maven.yml,success,52327453,LorenzoBettini,193,8,0.0,0.0,,pull_request,85,0,2930.0,1,success,4,88c9ed9b70c2275540cd0b6e6b780b4edc59f898,3,62,63,0,0,2,22,1,103,0,1,0,0,2,2,0,1,1,87,0,1,1,0,1,1,1,0,0,16,0,0,61,42,0,0,0,0,0,54,0,[],java-maven,2990096,3622702,1211.57,0,0,0,0,1,0.0157407,0.942654,0.0,1.0,164,0,3,0,1,0,0,0
51638,9676646824,1553758,Build,cd_tycho50,3c0ed86e46da9b63485e6394e5606f1f86a5fcf4,.github/workflows/maven.yml,success,52327453,cdietrich,196,9,0.0,0.0,,push,0,0,,0,success,8,7f20b912f091615c8f7dd36a56ac594a47408590,23,23,53,4,0,3,25,6,43,2,1,0,0,3,3,0,1,1,10,0,0,0,0,2,2,1,1,0,22,0,0,14,29,0,0,1,0,0,89,0,[],java-maven,3046449,3754311,1232.36,0,0,0,0,1,0.0111111,0.886201,0.000925926,0.937211,23,1,5,0,0,0,0,0
51639,9445739085,1553758,Push on main,main,46aa88ea6daaf646d6cd1cea84d538e5d39fa09d,dynamic/github-code-scanning/codeql,success,79271691,github-advanced-security[bot],196,10,0.0,0.0,,dynamic,38,0,3081.0,0,failure,1,ce601cddf2a59d920ded641bd7d30fbf05038291,0,0,680,0,0,0,0,7,680,2,0,0,7,0,7,0,0,0,0,0,0,0,0,47,47,0,1,0,22,0,18,0,680,0,0,0,0,0,0,0,[],java-maven,3046443,3754255,1232.34,0,0,0,0,0,0.0194444,0.993519,0.0037037,0.997942,0,0,2,0,1,1,0,1
51640,7369249212,1553758,Build,main,cc49ec981065c35431f7771a47fa8d3028617421,.github/workflows/maven.yml,success,52327453,LorenzoBettini,192,6,0.0,0.0,,push,174,0,2882.0,1,success,15,2e07b1ce48aee6b3523785a8820e2a9848566b1d,10,29,7,5,0,6,8,4,0,2,1,1,0,5,6,0,0,0,1,0,0,0,4,0,4,1,0,0,16,1,0,0,0,0,0,0,0,0,54,0,[],java-maven,2988568,3621833,1211.9,0,0,0,0,1,0.00648148,0.964958,0.00185185,0.999559,35,0,3,0,1,1,0,1
51641,8908163023,1553758,Build,LorenzoBettini-patch-1,cac8bf03b772912715d5b1575dd9b6c7c17e8e2a,.github/workflows/maven.yml,success,52327453,LorenzoBettini,195,11,0.0,0.0,,push,6,0,3025.0,0,success,15,6bd7974027c022826959ca62a0ea54b7a1afacc7,14,131,229,65,0,10,103,4,127,1,1,2,0,9,11,6,0,6,89,0,0,0,12,2,14,1,1,0,16,1,95,59,68,0,0,3,0,0,87,0,[],java-maven,2989712,3623226,1211.9,0,0,0,0,1,0.0222222,0.925103,0.000925926,0.999917,45,0,4,0,1,0,0,0
51642,8067234585,1553758,Push on main,main,652e4b0ed1a6947d7fd068945fee13b56da2f37a,dynamic/github-code-scanning/codeql,success,79271691,cdietrich,193,7,0.0,0.0,,dynamic,8,0,2947.0,1,success,1,283868e02958eecb4f5761bbf03fa2458c15f2e9,10,19,19,8,0,1,2,2,4,0,1,0,0,0,0,0,0,0,0,0,0,0,0,0,0,0,0,0,16,0,0,2,2,0,0,0,0,0,0,0,[],java-maven,2990265,3622778,1211.52,0,0,0,0,0,0.0037037,0.963955,0.000925926,0.96412,20,1,1,0,0,1,0,1
51643,9109322348,1553758,Push on main,main,f212edbe0aa9d85d9af8a864010e895cf979cee3,dynamic/github-code-scanning/codeql,success,79271691,github-advanced-security[bot],195,11,0.0,0.0,,dynamic,184,0,3031.0,0,success,91,aa5fb2291ac5699cfb870aceb36e74e7308894e3,48,146133,1013,3,0,12,2193,14,144940,2,1,70,0,15,85,0,32,32,128,1,33,34,651,56,707,1,1,0,20,78,0,144884,56,0,0,14,0,0,0,0,[],java-maven,3061152,3768699,1231.14,0,0,0,0,0,0.0194444,0.991898,0.00555556,0.996914,0,0,2,0,1,1,0,1
51644,7780903249,1553758,Build,main,acc2d9f915577e8792f8f6031cf63de47f9c9c75,.github/workflows/maven.yml,success,52327453,LorenzoBettini,193,8,0.0,0.0,,push,189,0,2924.0,1,success,9,59784bceaf65acca467a01fac65ee82de22ab9df,7,257,21,1,0,4,127,2,148,1,1,2,0,5,7,5,0,5,75,0,0,0,12,1,13,1,1,0,16,2,0,142,6,0,0,1,0,0,54,0,[],java-maven,2990047,3622657,1211.57,0,0,0,0,1,0.0157407,0.939815,0.0,1.0,96,0,3,0,1,1,0,1
51645,8686739463,1553758,Build,documentSymbolService,96f8596ec588b6c82d2b61f143f5d106bde0853c,.github/workflows/maven.yml,success,52327453,rubenporras,194,9,0.0,0.0,,pull_request,31,0,2996.0,1,success,1,eb0420ab5ebf89e670f7e66b1802e9395bd541b2,1,10,5,0,0,1,15,1,0,0,0,0,0,0,0,0,0,0,0,0,0,0,0,0,0,0,0,0,16,0,0,0,0,0,0,0,0,0,63,0,[],java-maven,2988723,3622513,1212.06,0,0,0,0,1,0.012037,0.991402,0.00648148,0.99537,1,1,4,0,0,0,0,0
51646,7474690977,1553758,Build,lb-xtend-performance-tests,28f0dbd60e6486b802514b435721c3b66ca7b119,.github/workflows/maven.yml,success,52327453,LorenzoBettini,192,7,0.0,0.0,,pull_request,199,0,2891.0,1,success,10,d05f413fc3d3d5bd7a72788e84dbacbab8be8c3f,25,61,333,1,0,0,0,7,391,2,1,5,1,3,9,0,0,0,2,0,0,0,57,3,60,0,1,0,16,0,6,59,332,0,0,1,0,0,54,0,[],java-maven,2989487,3622141,1211.63,0,0,0,0,1,0.012037,0.91604,0.00555556,0.86034,105,0,3,0,1,0,0,0
51647,9236151853,1553758,Build,main,4ea5f7f9f1cbbe6c651afc8c116b67f143c92d88,.github/workflows/maven.yml,success,52327453,cdietrich,195,11,0.0,0.0,,push,10,0,3067.0,1,success,1,1ad3eeb309c6453ddc0d507221ee98aa6ce02470,30,46,46,10,0,3,18,3,36,1,1,0,0,1,1,0,0,0,1,0,0,0,0,0,0,1,0,0,22,0,0,18,18,0,0,2,0,0,89,0,[],java-maven,3062102,3770698,1231.41,0,0,0,0,1,0.0212963,0.850713,0.0111111,0.831019,23,1,5,0,0,1,0,1
51648,9810853473,1553758,Build,main,785a725aaa7a339f580df5c3b362312e8cc8d0d3,.github/workflows/maven.yml,success,52327453,cdietrich,196,9,0.0,2.0,{'chore'},push,8,0,3098.0,1,success,2,3fed1b91173344567425dbc5aca80987641a2d7f,45,74,74,14,0,7,26,4,68,2,1,0,0,1,1,0,0,0,1,0,0,0,0,0,0,1,0,0,22,0,0,34,34,0,0,2,0,0,89,0,[],java-maven,3046488,3754356,1232.36,0,0,0,0,1,0.0111111,0.881536,0.0,1.0,26,1,5,0,0,1,0,1
51649,7439472424,1553758,Build,sz_guava,b23c47343af1afa2559f489c32f6c379fa19469b,.github/workflows/maven.yml,success,52327453,szarnekow,192,6,0.0,0.0,,push,0,0,,1,success,1,c136b1fdd2c386d87006fd660f227d515e0b427a,27,3,28,12,0,1,2,3,16,0,1,0,0,1,1,0,0,0,1,0,0,0,0,0,0,1,0,0,16,0,0,1,15,0,0,1,0,0,54,0,[],java-maven,2988572,3621636,1211.83,0,0,0,0,1,0.00740741,0.864198,0.00185185,0.899074,2,1,3,0,0,0,0,0
51650,8680360762,1553758,Build,internal-cleanups,e43173ba7720b1f7d15389319785f02956ea35e6,.github/workflows/maven.yml,success,52327453,HannesWell,194,9,,,,pull_request,0,0,,0,success,0,,0,0,0,0,0,0,0,0,0,0,0,0,0,0,0,0,0,0,0,0,0,0,0,0,0,0,0,0,21,0,0,0,0,0,0,0,0,0,63,0,[],java-maven,2986046,3622919,1213.28,0,0,0,0,1,0.0111111,0.819444,0.00555556,0.848611,1,0,4,0,1,0,0,0
51651,9126896628,1553758,Build,lb_3045,a1ae2219f2d37defe6e324db40ee5430644c4563,.github/workflows/maven.yml,success,52327453,LorenzoBettini,195,11,0.0,0.0,,pull_request,46,0,3047.0,0,success,1,83e6497aa4513737a0b01db2a35081a85e18e6b0,3,273,3,0,0,1,11,2,265,1,1,0,0,2,2,1,0,1,46,0,0,0,0,0,0,1,1,0,22,0,0,265,0,0,0,0,0,0,95,0,[],java-maven,3061137,3768588,1231.11,0,0,0,0,1,0.0212963,0.92546,0.00555556,0.924306,109,0,5,0,1,1,0,0
51652,9173864620,1553758,PR #3053,lb_cleanup,b31a59ea9078c821a866dab4e6b94b563cf3a3e4,dynamic/github-code-scanning/codeql,success,79271691,LorenzoBettini,195,11,0.0,0.0,,dynamic,0,0,,1,failure,1,9047a4c2d1c07445d1d9bb51737b090f4377eb68,1,2,10,0,0,0,0,1,12,0,0,0,0,1,1,0,0,0,0,0,0,0,0,2,2,0,1,0,22,0,0,2,10,0,0,1,0,0,0,0,[],java-maven,3062127,3770698,1231.4,0,0,0,0,0,0.0212963,0.919518,0.00833333,0.883814,134,0,1,0,1,0,0,0
51653,8835988165,1553758,Build,lb_3014,d4a13375a5ae3a7b038ac05aef33fec959aebfb7,.github/workflows/maven.yml,success,52327453,LorenzoBettini,194,10,0.0,0.0,,push,0,0,,1,success,1,460fd5e7a6765cf4bb02049d7ef613ee8ace8c43,2,6,1,0,0,1,5,2,0,1,1,0,0,0,0,0,0,0,0,0,0,0,0,0,0,0,0,0,16,0,0,0,0,0,1,0,0,0,87,0,[],java-maven,2989080,3622882,1212.04,0,0,0,0,1,0.0212963,0.895809,0.0111111,0.876068,27,0,4,0,1,0,0,0
51654,8876029949,1553758,Build,lb_2778,ddf005042f1e28bb5dca6929726b0379754559d0,.github/workflows/maven.yml,success,52327453,LorenzoBettini,195,11,0.0,0.0,,push,82,0,3005.0,1,success,8,52adf4142954e063d4172033cdd17a55516f6091,198,2121,960,11,0,103,1266,4,1771,1,1,8,0,152,160,4,0,4,938,0,0,0,265,130,395,1,1,0,16,9,0,1269,502,0,0,137,0,0,87,0,[],java-maven,2989654,3623175,1211.9,0,0,0,0,1,0.0222222,0.910521,0.0111111,0.882407,37,0,4,0,1,0,0,0
51655,7978518109,1553758,Build,cd_tycho40,943eb2630c0bba1c74ddc9c87859f7452a9266c3,.github/workflows/maven.yml,success,52327453,cdietrich,193,7,0.0,0.0,,push,0,0,,1,success,13,3a89197017e4ef67319d561572e1518d7f572f68,19,88,23,9,0,1,3,3,85,1,1,0,0,1,1,0,0,0,1,0,0,0,0,0,0,1,0,0,16,0,0,69,16,0,0,1,0,0,54,0,[],java-maven,2990279,3622778,1211.52,0,0,0,0,1,0.00277778,0.97586,0.00277778,0.95172,13,1,3,0,0,0,0,0
51656,7729452128,1553758,PR #2923,lb_2922,eeeb52eebecf2af033a0b37f160134c98d1ba369,dynamic/github-code-scanning/codeql,success,79271691,LorenzoBettini,193,8,0.0,0.0,,dynamic,50,0,2923.0,1,success,2,47b627c55679c578068032250e044f87f0b4c07a,8,8,4,8,0,0,0,1,0,0,1,0,0,0,0,0,0,0,0,0,0,0,0,0,0,0,0,0,16,0,0,0,0,0,0,0,0,0,1,0,[],java-maven,2989699,3622278,1211.59,0,0,0,0,0,0.0166667,0.930077,0.0,1.0,76,0,1,0,1,0,0,0
51657,9415152367,1553758,Build,lb_3077,16f6c22f2b0da6f075d43256729948d2d388e731,.github/workflows/maven.yml,failure,52327453,LorenzoBettini,196,10,0.0,0.0,,push,0,0,,1,success,1,0a0e95357593d5cd4b923207217d88d83173cc67,25,409,15,0,0,2,47,2,377,1,1,1,0,11,12,0,0,0,25,0,0,0,8,0,8,1,1,0,22,1,0,368,9,0,0,36,0,0,89,0,[],java-maven,3062560,3771057,1231.34,0,0,0,0,1,0.0203704,0.88018,0.00185185,0.922365,116,0,5,0,1,0,0,0
51658,7439474400,1553758,PR #2893,sz_guava,b23c47343af1afa2559f489c32f6c379fa19469b,dynamic/github-code-scanning/codeql,success,79271691,szarnekow,192,6,0.0,0.0,,dynamic,0,0,,1,success,1,c136b1fdd2c386d87006fd660f227d515e0b427a,27,3,28,12,0,1,2,3,16,0,1,0,0,1,1,0,0,0,1,0,0,0,0,0,0,1,0,0,16,0,0,1,15,0,0,1,0,0,1,0,[],java-maven,2988572,3621636,1211.83,0,0,0,0,0,0.00740741,0.872685,0.00185185,0.908249,2,1,1,0,0,0,0,0
51659,9416666634,1553758,Push on main,main,21d8f07966f471af5b37aa195b9edfde4bd087d5,dynamic/github-code-scanning/codeql,success,79271691,github-advanced-security[bot],196,10,0.0,0.0,,dynamic,48,0,3078.0,0,success,2,0a0e95357593d5cd4b923207217d88d83173cc67,12,24,24,3,0,2,4,2,32,1,1,0,0,0,0,0,0,0,0,0,0,0,0,0,0,0,0,0,22,0,0,16,16,0,0,0,0,0,0,0,[],java-maven,3062192,3770698,1231.37,0,0,0,0,0,0.0203704,0.99321,0.00185185,0.998843,0,0,2,0,1,1,0,1
51660,8599898000,1553758,Push on main,main,3607c6332cc289edabae2a3d801581aa5337fc24,dynamic/github-code-scanning/codeql,success,79271691,cdietrich,194,9,0.0,0.0,,dynamic,0,0,,0,success,1,36837f5b3cd8201dfcb6ffedb17d48e9987d22fc,1,3,3,0,0,1,6,1,0,0,0,0,0,0,0,0,0,0,0,0,0,0,0,0,0,0,0,0,16,0,0,0,0,0,0,0,0,0,0,0,[],java-maven,2986082,3622924,1213.27,0,0,0,0,0,0.00648148,0.941931,0.00462963,0.90366,13,1,1,0,0,1,0,1
51661,8765844821,1553758,Build,main,70ef5061a13dd828427c9172e53f250794f0c963,.github/workflows/maven.yml,success,52327453,LorenzoBettini,194,11,0.0,0.0,,push,31,0,2996.0,1,success,3,167a99119a401252400ef11786c353577cdf862e,1,31,5,0,0,1,15,2,0,1,1,0,0,0,0,0,0,0,0,0,0,0,0,0,0,0,0,0,16,1,0,0,0,1,0,0,0,0,63,0,[],java-maven,2988659,3622459,1212.07,0,0,0,0,1,0.012037,0.958796,0.0037037,0.999288,19,0,4,0,1,1,0,1
51662,8000022868,1553758,Push on main,main,a01d1069e492eb54ab89a6d827a9543c358825ec,dynamic/github-code-scanning/codeql,success,79271691,cdietrich,193,7,0.0,0.0,,dynamic,6,0,2939.0,0,success,1,0c2b68eed167c5455263ef2e9436a9797f5de12e,1,1,1,0,0,1,2,1,0,0,0,0,0,0,0,0,0,0,0,0,0,0,0,0,0,0,0,0,16,0,0,0,0,0,0,0,0,0,1,0,[],java-maven,2990265,3622778,1211.52,0,0,0,0,0,0.00277778,0.974003,0.00277778,0.946637,12,1,1,0,0,1,0,1
51663,7951248261,1553758,Build,cd_tycho40,7f40e0a2764ef329b96b874a87883557c74274cc,.github/workflows/maven.yml,success,52327453,cdietrich,193,7,0.0,0.0,,push,0,0,,0,success,73,dc4d3733abf8070f11597d7c43069e9ff6e0aef2,5491,6375,5633,41,0,196,788,13,11033,1,1,8,0,5022,5030,8,1,9,15768,3,1,4,88,3,91,1,1,0,16,7,0,5727,5306,1,0,4,0,0,54,0,[],java-maven,2990216,3622725,1211.53,0,0,0,0,1,0.000925926,0.999868,0.000925926,0.999756,12,1,3,0,0,0,0,0
51664,9117566482,1553758,Build,lb_java_21-2,8f6d1a3c730eb24de9d190c9aa3fb9594152bdc0,.github/workflows/maven.yml,success,52327453,LorenzoBettini,195,11,0.0,0.0,,pull_request,64,0,3037.0,1,success,22,66267e369b90d8c50c3bfcfe5467a802f9e02b36,20,1696,281,2,0,4,44,13,1929,3,1,4,0,10,14,3,12,15,57,0,4,4,59,39,98,1,1,0,22,43,0,1656,273,0,1,13,0,0,95,0,[],java-maven,3060893,3768323,1231.12,0,0,0,0,1,0.0212963,0.923928,0.00740741,0.920078,107,0,5,0,1,0,0,0
51665,9394690155,1553758,Build,cd_tycho50,90d4f1e9f24c00348479200884ad4c1f80bdb69e,.github/workflows/maven.yml,success,52327453,cdietrich,196,11,0.0,0.0,,push,0,0,,0,success,1,460dea284b31cdcee96241a64f085b84d15dd0a9,1,1,1,1,0,0,0,1,0,0,0,0,0,0,0,0,0,0,0,0,0,0,0,0,0,0,0,0,22,0,0,0,0,0,0,0,0,0,89,0,[],java-maven,3062108,3770698,1231.41,0,0,0,0,1,0.0203704,0.867183,0.0,1.0,22,1,5,0,0,0,0,0
51666,8846659191,1553758,PR #3015,lb_3014,e7af2114875d1fb3f970e3567677de95546a3c9f,dynamic/github-code-scanning/codeql,success,79271691,LorenzoBettini,195,11,0.0,0.0,,dynamic,0,0,,1,success,1,d4a13375a5ae3a7b038ac05aef33fec959aebfb7,1,2,2,0,0,0,0,1,0,0,0,0,0,0,0,0,0,0,0,0,0,0,0,0,0,0,0,0,16,0,0,0,0,0,1,0,0,0,0,0,[],java-maven,2989080,3622882,1212.04,0,0,0,0,0,0.0212963,0.902822,0.0111111,0.888117,28,0,1,0,1,0,0,0
51667,9271980214,1553758,Build,main,65f5662494356f0db75a431ab5480b0905be0e5f,.github/workflows/maven.yml,success,52327453,LorenzoBettini,196,12,0.0,0.0,,push,36,0,3071.0,0,success,2,4ea5f7f9f1cbbe6c651afc8c116b67f143c92d88,3,17,1,0,0,2,16,3,0,2,1,0,0,0,0,0,0,0,0,0,0,0,0,0,0,0,0,0,22,0,0,0,0,1,0,0,0,0,89,0,[],java-maven,3062113,3770698,1231.4,0,0,0,0,1,0.0222222,0.889989,0.0037037,0.930396,118,0,5,0,1,1,0,1
51668,8848272643,1553758,Build,main,8d53e990c933ccd6829a56e6a77aa6d3ec6427b9,.github/workflows/maven.yml,success,52327453,szarnekow,195,11,0.0,0.0,,push,22,0,3017.0,1,success,1,a495298b9b5b13f840e3a5de38f11f838a160f28,5,744,18,0,0,8,409,1,353,0,1,5,0,5,10,4,0,4,34,0,0,0,112,0,112,1,1,0,16,5,0,353,0,0,0,0,0,0,87,0,[],java-maven,2989654,3623235,1211.92,0,0,0,0,1,0.0212963,0.953189,0.0111111,0.92963,5,1,4,0,0,1,0,1
51669,9162447125,1553758,Build,main,c91a45430f1c86c63d27e2ae80a7c84084082b3c,.github/workflows/maven.yml,success,52327453,cdietrich,195,11,0.0,0.0,,push,6,0,3050.0,1,success,1,2c4953968ff7216baa5f99597ceeff896c1586db,1,1,1,0,0,1,2,1,0,0,0,0,0,0,0,0,0,0,0,0,0,0,0,0,0,0,0,0,22,0,0,0,0,0,0,0,0,0,95,0,[],java-maven,3062125,3770553,1231.35,0,0,0,0,1,0.0212963,0.884783,0.00462963,0.920443,22,1,5,0,0,1,0,1
51670,9414234491,1553758,Build,lb_2974,a7fe242508d6a8663cfce6a175b3a0d1a01c71a3,.github/workflows/maven.yml,success,52327453,LorenzoBettini,196,10,0.0,0.0,,push,48,0,3078.0,1,success,1,bec74292cb525731ee587377fb73e554e236fa13,2,2,2,0,0,2,4,1,0,0,1,0,0,0,0,0,0,0,0,0,0,0,0,0,0,0,0,0,22,0,0,0,0,0,0,0,0,0,89,0,[],java-maven,3062192,3770698,1231.37,0,0,0,0,1,0.0212963,0.887813,0.000925926,0.999537,116,0,5,0,1,0,0,0
51671,8167430238,1553758,Build,cd_targets,0287a2e743e872f9b8b51a95aa8c77e6619cdfaa,.github/workflows/maven.yml,success,52327453,cdietrich,193,8,0.0,0.0,,push,0,0,,1,success,1,b07bbb501c6bf33d67598d41411cb29353b9f67e,1,1,1,1,0,0,0,1,0,0,0,0,0,0,0,0,0,0,0,0,0,0,0,0,0,0,0,0,16,0,0,0,0,0,0,0,0,0,54,0,[],java-maven,2985960,3622789,1213.27,0,0,0,0,1,0.0037037,0.961182,0.0,1.0,16,1,3,0,0,0,0,0
51672,8604203363,1553758,Build,main,31b23bbd5699982c458e894b2027d1d73fada0d1,.github/workflows/maven.yml,failure,52327453,LorenzoBettini,194,9,0.0,0.0,,push,0,0,,1,success,1,d0294ff3be854547062358d594d001acd171e276,1,1,1,0,0,1,2,1,0,0,0,0,0,0,0,0,0,0,0,0,0,0,0,0,0,0,0,0,16,0,0,0,0,0,0,0,0,0,63,0,[],java-maven,2986082,3622924,1213.27,0,0,0,0,1,0.00833333,0.863889,0.00648148,0.843661,9,0,4,0,1,1,0,1
51673,9172571382,1553758,Build,main,f629b30bb1ee0682f359a277f59fd9bac693591f,.github/workflows/maven.yml,failure,52327453,LorenzoBettini,195,11,0.0,0.0,,push,319,0,3042.0,1,success,11,c91a45430f1c86c63d27e2ae80a7c84084082b3c,88,254,157,1,0,1,8,3,399,0,1,0,1,85,86,0,1,1,22,0,0,0,0,6,6,0,1,0,22,0,1,244,155,0,0,76,0,0,95,0,[],java-maven,3062089,3770640,1231.39,0,0,0,0,1,0.0185185,0.938224,0.00555556,0.932716,132,0,5,0,1,1,0,1
51674,9131050979,1553758,Build,cd-java-source-lang-21,cf4a3e464ec0a73592e33a872c869583fe9d6b3d,.github/workflows/maven.yml,success,52327453,cdietrich,195,11,0.0,0.0,,push,0,0,,0,success,1,607b7b63f277655b2b45cbe4cdb2ab35e8e2d7a1,2,15,6,0,0,1,3,1,18,0,1,0,0,2,2,0,0,0,11,0,0,0,0,0,0,1,1,0,22,0,0,12,6,0,0,1,0,0,95,0,[],java-maven,3060901,3768329,1231.12,0,0,0,0,1,0.0212963,0.865619,0.00462963,0.912037,17,1,5,0,0,0,0,0
51675,8679696753,1553758,Build,text-blocks_in_compilerTests,21af3905816b715c2da9eb4aac81c319ec62f3d7,.github/workflows/maven.yml,failure,52327453,HannesWell,194,9,,,,pull_request,0,0,,1,success,0,,0,0,0,0,0,0,0,0,0,0,0,0,0,0,0,0,0,0,0,0,0,0,0,0,0,0,0,0,21,0,0,0,0,0,0,0,0,0,63,0,[],java-maven,2986229,3623058,1213.26,0,0,0,0,1,0.00925926,0.854938,0.0037037,0.921652,1,0,4,0,1,0,0,0
51676,8063523392,1553758,Build,cd_235,4372178fec571ff60f1d2be686c48fc311a432c4,.github/workflows/maven.yml,success,52327453,cdietrich,193,7,0.0,0.0,,push,6,0,2946.0,1,success,1,36938274943ca2305721ff07e5caf7af536bbd67,261,2013,2013,69,0,104,212,2,2450,1,1,0,0,0,0,0,0,0,0,0,0,0,0,0,0,0,0,0,16,0,0,1225,1225,0,0,0,0,0,54,0,[],java-maven,2990265,3622778,1211.52,0,0,0,0,1,0.0037037,0.95963,0.00277778,0.922543,17,1,3,0,0,0,0,0
51677,8970798730,1553758,Build,lb_2349,08b5090f3b514a3d83eebe83f1fdc25af017048c,.github/workflows/maven.yml,success,52327453,LorenzoBettini,195,10,0.0,0.0,,pull_request,184,0,3031.0,0,success,90,aa5fb2291ac5699cfb870aceb36e74e7308894e3,110,146630,2224,26,0,26,2305,20,146324,2,1,70,5,40,115,3,37,40,258,4,34,38,669,91,760,1,1,0,16,75,6,145317,1007,2,1,79,0,0,87,0,[],java-maven,3060887,3768180,1231.07,0,0,0,0,1,0.0166667,0.934652,0.0,1.0,49,0,4,0,1,1,0,0
51678,8065707930,1553758,Push on main,main,283868e02958eecb4f5761bbf03fa2458c15f2e9,dynamic/github-code-scanning/codeql,success,79271691,cdietrich,193,7,0.0,0.0,,dynamic,6,0,2946.0,1,success,1,36938274943ca2305721ff07e5caf7af536bbd67,261,2013,2013,69,0,104,212,2,2450,1,1,0,0,0,0,0,0,0,0,0,0,0,0,0,0,0,0,0,16,0,0,1225,1225,0,0,0,0,0,0,0,[],java-maven,2990265,3622778,1211.52,0,0,0,0,0,0.0037037,0.961915,0.000925926,0.959815,18,1,1,0,0,1,0,1
51679,9275298875,1553758,Build,main,e0f5f9746b6d0c75104dee6902138f69d95ed75e,.github/workflows/maven.yml,success,52327453,LorenzoBettini,196,12,0.0,0.0,,push,16,0,3072.0,1,success,2,65f5662494356f0db75a431ab5480b0905be0e5f,262,2356,2356,69,0,105,216,3,2892,1,1,0,0,1,1,0,0,0,2,0,0,0,0,0,0,1,0,0,22,0,0,1446,1446,0,0,1,0,0,89,0,[],java-maven,3062113,3770698,1231.4,0,0,0,0,1,0.0222222,0.893162,0.00277778,0.966204,121,0,5,0,1,1,0,1
51680,7366021805,1553758,Build,cd_mwe2170m0,06ac8e070690b403ad259fe2fbb4d5e020cf2663,.github/workflows/maven.yml,success,52327453,cdietrich,192,6,0.0,0.0,,push,18,0,2887.0,0,success,1,5c9a84681d57f5358558a6f160f768fd82cf1785,1,5,0,0,0,0,0,1,5,0,0,0,0,0,0,0,0,0,0,0,0,0,0,0,0,0,0,0,16,0,0,5,0,0,0,0,0,0,54,0,[],java-maven,2988564,3621833,1211.9,0,0,0,0,1,0.00648148,0.865586,0.00185185,0.832562,14,1,3,0,0,0,0,0
51681,7731673606,1553758,Build,cd_tycho50,a872af02bf6f6b80b6583d9f0b89d9e17a142a31,.github/workflows/maven.yml,success,52327453,cdietrich,193,8,0.0,0.0,,push,0,0,,1,success,11,e7a14d5326b142858d49b46e8781afd7efa5bce6,23,506,305,8,0,13,747,5,48,2,1,1,0,5,6,5,2,7,37,0,0,0,7,1,8,1,1,0,16,1,0,37,11,0,0,0,0,0,54,0,[],java-maven,2989736,3622304,1211.58,0,0,0,0,1,0.0166667,0.844017,0.0,1.0,3,1,3,0,0,0,0,0
51682,9066578971,1553758,Build,main,9ad95825dcb29a1511a08c2e43d03ee2e0434974,.github/workflows/maven.yml,success,52327453,LorenzoBettini,195,11,0.0,0.0,,push,131,0,3024.0,0,success,2,4a002897d799c886e3c17285b0b171efdca113db,8,342,153,0,0,0,0,3,487,1,1,1,0,4,5,4,3,7,4,1,3,4,13,15,28,0,1,0,16,1,0,336,151,1,0,14,0,0,87,0,[],java-maven,2989785,3623412,1211.93,0,0,0,0,1,0.0185185,0.9199,0.00648148,0.830633,45,0,4,0,1,1,0,1
51683,9109472260,1553758,Build,lb_java_21-2,98aec46128f08cca258cb88619a76d84e8928d77,.github/workflows/maven.yml,failure,52327453,LorenzoBettini,195,11,,,,pull_request,0,0,,1,success,0,,0,0,0,0,0,0,0,0,0,0,0,0,0,0,0,0,0,0,0,0,0,0,0,0,0,0,0,0,21,0,0,0,0,0,0,0,0,0,95,0,[],java-maven,3062226,3770078,1231.16,0,0,0,0,1,0.0203704,0.918965,0.00648148,0.895434,84,0,5,0,1,1,0,0
51684,9503672127,1553758,Build,main,65dc977d89616bdb272cfb831724405b3d5b3856,.github/workflows/maven.yml,success,52327453,cdietrich,196,10,0.0,0.0,,push,6,0,3088.0,1,success,2,6a72a14a6ac5e42efa8f29abe3439154a6e9e924,3,3,614,0,0,3,617,2,0,1,0,0,0,0,0,0,0,0,0,0,0,0,0,0,0,0,0,0,22,0,0,0,0,0,0,0,0,0,89,0,[],java-maven,3046443,3754255,1232.34,0,0,0,0,1,0.0212963,0.864555,0.00740741,0.881264,30,1,5,0,0,1,0,1
51685,9268956993,1553758,Build,lb_eclipse_doc_regen,98825ecd74b5db7df7200e153cd3e50708ee9627,.github/workflows/maven.yml,success,52327453,LorenzoBettini,196,12,0.0,0.0,,push,0,0,,1,success,1,a821f43fdeb745ab018b499d2b7115025e59aff4,7,72,56,0,0,7,128,2,0,1,0,0,0,0,0,0,0,0,0,0,0,0,0,0,0,0,0,0,22,0,0,0,0,0,0,0,0,0,89,0,[],java-maven,3062113,3770698,1231.4,0,0,0,0,1,0.0222222,0.885452,0.00740741,0.891534,117,0,5,0,1,0,0,0
51686,8766255164,1553758,Build,lb_2293,efa5aa17de66895b3952271ad21b38b8a9e17619,.github/workflows/maven.yml,failure,52327453,LorenzoBettini,194,11,0.0,0.0,,push,0,0,,1,success,1,3a9f915d129db092e4fe2b8fe9518fba15bafb64,4,29,3,0,0,1,7,1,25,0,1,0,0,2,2,3,0,3,8,0,0,0,0,0,0,1,1,0,16,0,0,23,2,0,0,0,0,0,63,0,[],java-maven,2988692,3622481,1212.06,0,0,0,0,1,0.012963,0.944276,0.00462963,0.966995,20,0,4,0,1,0,0,0
51687,8833612908,1553758,Build,main,679f5bc762300361963870c74ce22c0f99525763,.github/workflows/maven.yml,success,52327453,szarnekow,194,10,0.0,0.0,,push,134,0,2784.0,1,success,1,f1e805adfc082f96b47a14246894e284bc3b1cda,3,444,1,1,0,2,28,2,411,1,1,3,0,2,5,0,0,0,9,0,0,0,21,0,21,1,1,0,16,4,0,411,0,0,0,0,0,0,87,0,[],java-maven,2989072,3622879,1212.04,0,0,0,0,1,0.0212963,0.951012,0.0111111,0.90404,4,1,4,0,0,1,0,1
51688,7623282113,1553758,Build,main,4bf47b0c4b475a7fa76ebf788eaf78f324c96938,.github/workflows/maven.yml,success,52327453,LorenzoBettini,192,7,0.0,0.0,,push,77,0,2918.0,1,success,1,5cbc3cf008f20b007fda3be16288322c0d8277d9,95,95,98,0,0,0,0,3,193,1,1,0,0,86,86,0,0,0,243,0,0,0,0,0,0,0,1,0,16,0,0,95,98,0,0,0,0,0,54,0,[],java-maven,2989555,3622268,1211.64,0,0,0,0,1,0.0194444,0.932407,0.00555556,0.953283,117,0,3,0,1,1,0,1
51689,9131276148,1553758,Build,main,731eac41309dde490e37c711d503fa2a6a89d63e,.github/workflows/maven.yml,success,52327453,LorenzoBettini,195,11,0.0,0.0,,push,71,0,3044.0,1,success,8,607b7b63f277655b2b45cbe4cdb2ab35e8e2d7a1,6,172,17,1,0,1,26,4,157,2,1,0,0,5,5,6,0,6,56,0,0,0,11,3,14,1,1,0,22,3,0,145,12,0,0,1,0,0,95,0,[],java-maven,3061020,3768456,1231.11,0,0,0,0,1,0.0212963,0.927409,0.00462963,0.931292,120,0,5,0,1,1,0,1
51690,7372188636,1553758,Build,lb_xbase_cleanup,28a2e11d74f3c671e6b18f0d24c7af99046b6f36,.github/workflows/maven.yml,success,52327453,LorenzoBettini,192,6,,,,pull_request,0,0,,1,success,0,,0,0,0,0,0,0,0,0,0,0,0,0,0,0,0,0,0,0,0,0,0,0,0,0,0,0,0,0,21,0,0,0,0,0,0,0,0,0,54,0,[],java-maven,2988536,3621833,1211.91,0,0,0,0,1,0.00740741,0.950212,0.00277778,0.957755,39,0,3,0,1,0,0,0
51691,8177034200,1553758,Build,lb_tycho4,0a9d0728b2c71db3171ae9e898c81872a819c65b,.github/workflows/maven.yml,success,52327453,LorenzoBettini,193,8,0.0,0.0,,push,0,0,,1,success,1,a83ad0838a111b09bde4885f1c9b3d4ea232b351,1,15,0,0,0,0,0,1,15,0,0,0,0,0,0,0,0,0,0,0,0,0,0,0,0,0,0,0,16,0,0,15,0,0,0,0,0,0,54,0,[],java-maven,2985902,3622803,1213.3,0,0,0,0,1,0.0037037,0.966049,0.0,1.0,21,0,3,0,1,0,0,0
51692,9076994989,1553758,Build,main,93b386048ecebcafc7a4611f59278ba2e12f6168,.github/workflows/maven.yml,success,52327453,LorenzoBettini,195,11,0.0,0.0,,push,55,0,3015.0,1,success,4,9ad95825dcb29a1511a08c2e43d03ee2e0434974,2,7,2,0,0,1,5,2,0,1,1,0,0,0,0,0,0,0,0,0,0,0,0,0,0,0,0,0,16,0,0,0,0,0,1,0,0,0,87,0,[],java-maven,2989790,3623412,1211.93,0,0,0,0,1,0.0185185,0.918608,0.00648148,0.872975,45,0,4,0,1,1,0,1
51693,7554579369,1553758,Scheduled,main,4eaa306d49576c79e2b3e8b8a483cf426e9ba873,dynamic/github-code-scanning/codeql,success,79271691,github-advanced-security[bot],192,7,0.0,0.0,,dynamic,0,0,,0,success,1,8f1972148435c3bb9836282eec53e18d739659d7,1,1,1,0,0,1,2,1,0,0,0,0,0,0,0,0,0,0,0,0,0,0,0,0,0,0,0,0,16,0,0,0,0,0,0,0,0,0,1,0,[],java-maven,2989524,3622193,1211.63,0,0,0,0,0,0.0166667,0.991667,0.00555556,0.996032,0,0,1,0,1,1,0,1
51694,8678770942,1553758,Build,repalace-guava-ContainersStateFactory,35915a71dc7c2c94b62b3586e2bf34cd4e673576,.github/workflows/maven.yml,success,52327453,HannesWell,194,9,,,,pull_request,0,0,,1,success,0,,0,0,0,0,0,0,0,0,0,0,0,0,0,0,0,0,0,0,0,0,0,0,0,0,0,0,0,0,21,0,0,0,0,0,0,0,0,0,63,0,[],java-maven,2986110,3622926,1213.26,0,0,0,0,1,0.00833333,0.872396,0.00277778,0.998264,1,0,4,0,1,0,0,0
51695,7533352909,1553758,Build,lb_xtend_validation_tests,a7e0cc79b6bbc57a2891fe3526de9ef08607003b,.github/workflows/maven.yml,success,52327453,LorenzoBettini,192,7,0.0,0.0,,pull_request,166,0,2911.0,1,success,6,8f1972148435c3bb9836282eec53e18d739659d7,4,66,26,0,0,1,2,2,90,1,1,0,0,3,3,0,0,0,88,0,0,0,0,0,0,1,1,0,16,0,0,64,26,0,0,11,0,0,54,0,[],java-maven,2989564,3622231,1211.63,0,0,0,0,1,0.0175926,0.9326,0.0101852,0.898981,121,0,3,0,1,0,0,0
51696,9345248404,1553758,Build,cd-r202406,98a962423f7d8f11ce238556d135664c3dd1df9e,.github/workflows/maven.yml,success,52327453,cdietrich,196,12,0.0,0.0,,push,4,0,3074.0,0,success,1,e0f5f9746b6d0c75104dee6902138f69d95ed75e,1,81,2,2,0,0,0,2,0,1,1,0,0,0,0,0,0,0,0,0,0,0,0,0,0,0,0,0,22,1,0,0,0,0,0,0,0,0,89,0,[],java-maven,3062192,3770698,1231.37,0,0,0,0,1,0.0222222,0.839506,0.0,1.0,24,1,5,0,0,0,0,0
51697,9395332986,1553758,PR #3076,cd-433-i-builds,1e24ff097bf40785d542f5a9452d44f7d92b2836,dynamic/github-code-scanning/codeql,success,79271691,cdietrich,196,11,0.0,0.0,,dynamic,10,0,3076.0,1,success,1,33e7729bbee6283b70711e27a65f3cb688f69c96,11,12,12,10,0,0,0,1,4,0,1,0,0,0,0,0,0,0,0,0,0,0,0,0,0,0,0,0,22,0,0,2,2,0,0,0,0,0,0,0,[],java-maven,3062192,3770698,1231.37,0,0,0,0,0,0.0203704,0.871399,0.0,1.0,23,1,1,0,0,0,0,0
51698,8200939751,1553758,Build,issue_2945,ab8618a604519cedb246910f244f459da685379e,.github/workflows/maven.yml,success,52327453,florianpirchner,193,8,0.0,0.0,,pull_request,18,0,2949.0,1,success,1,03146da0abe813a229acdab054fcfa3a8c06acc3,105,7277,528,50,0,89,6825,11,618,2,1,81,0,7,88,1,0,1,38,1,1,2,341,1,342,1,1,0,16,84,1,343,275,0,1,6,0,0,54,0,[],java-maven,2990347,3622882,1211.53,0,0,0,0,1,0.00462963,0.998071,0.000925926,0.999486,1,0,4,0,1,0,0,0
51699,9586112983,1553758,Build,cd-tycho-408,00ae663aac42418d03bc7f2054ece560d807da4b,.github/workflows/maven.yml,success,52327453,cdietrich,196,10,0.0,0.0,,push,10,0,3093.0,0,success,1,2bab8a213fbc6bdeb79a5a2b149924ef8d0cbed1,1,1,1,0,0,1,2,1,0,0,0,0,0,0,0,0,0,0,0,0,0,0,0,0,0,0,0,0,22,0,0,0,0,0,0,0,0,0,89,0,[],java-maven,3046471,3754270,1232.33,0,0,0,0,1,0.012963,0.863308,0.00277778,0.935036,22,1,5,0,0,0,0,0
51700,8892883560,1553758,Build,lb_java_21,ad4edb439aeb9cdc70a8fdf00a9188ce8b989384,.github/workflows/maven.yml,success,52327453,LorenzoBettini,195,11,0.0,0.0,,push,0,0,,1,success,41,ef482c9e7d94a703f09f7c23e285c1c75cdc99f9,14,132,229,66,0,10,109,4,121,1,1,2,0,9,11,6,0,6,141,0,0,0,11,1,12,1,1,0,20,1,95,56,65,0,0,3,0,0,95,0,[],java-maven,2989883,3623504,1211.92,0,0,0,0,1,0.0222222,0.923977,0.00648148,0.955406,45,0,5,0,1,0,0,0
51701,9494974913,1553758,Build,cd_tycho50,b26459961abf8fdcee5f3779179e2f10c47f9798,.github/workflows/maven.yml,success,52327453,cdietrich,196,10,0.0,0.0,,push,0,0,,1,success,6,1a3833d37ca28bd097f251a0d2fc0d925d55624f,1,10,2,1,0,0,0,1,0,0,0,0,0,0,0,0,0,0,0,0,0,0,0,0,0,0,0,0,22,0,0,0,0,0,0,0,0,0,89,0,[],java-maven,3046454,3754255,1232.34,0,0,0,0,1,0.0222222,0.862826,0.00740741,0.860792,29,1,5,0,0,0,0,0
51702,9584212838,1553758,Build,cd-tycho-408,2bab8a213fbc6bdeb79a5a2b149924ef8d0cbed1,.github/workflows/maven.yml,success,52327453,cdietrich,196,10,0.0,0.0,,push,0,0,,0,success,1,1cb474441d19df9692dc69125dfab5042dd71814,6,8,8,1,0,2,6,3,6,1,1,0,0,1,1,0,0,0,3,0,0,0,0,0,0,1,0,0,22,0,0,3,3,0,0,1,0,0,89,0,[],java-maven,3046471,3754270,1232.33,0,0,0,0,1,0.012963,0.858512,0.00277778,0.935036,21,1,5,0,0,0,0,0
51703,8205180242,1553758,Build,issue_2945,ab8618a604519cedb246910f244f459da685379e,.github/workflows/maven.yml,success,52327453,LorenzoBettini,193,8,0.0,0.0,,pull_request,18,0,2949.0,0,success,1,03146da0abe813a229acdab054fcfa3a8c06acc3,105,7277,528,50,0,89,6825,11,618,2,1,81,0,7,88,1,0,1,38,1,1,2,341,1,342,1,1,0,16,84,1,343,275,0,1,6,0,0,54,0,[],java-maven,2990347,3622882,1211.53,0,0,0,0,1,0.00462963,0.948124,0.000925926,0.96412,21,0,4,0,1,0,0,0
51704,7774499867,1553758,Build,main,59784bceaf65acca467a01fac65ee82de22ab9df,.github/workflows/maven.yml,success,52327453,szarnekow,193,8,0.0,0.0,,push,26,0,2927.0,1,success,1,a1442552e09de90d0ffa62446b2b0c132ddff005,2,15,3,0,0,2,18,1,0,0,0,0,0,2,2,0,0,0,10,0,0,0,2,0,2,1,0,0,16,0,0,0,0,0,0,0,0,0,54,0,[],java-maven,2989882,3622521,1211.59,0,0,0,0,1,0.0166667,0.896893,0.0,1.0,7,1,3,0,0,1,0,1
51705,9713491675,1553758,Push on main,main,1416419d21895381ef2d2d5ab0e859761e7f95cb,dynamic/github-code-scanning/codeql,success,79271691,github-advanced-security[bot],196,9,0.0,0.0,,dynamic,8,0,3095.0,0,failure,1,bedfe08bc1c74a38ec3d58d8179dc3278545de1f,25,26,26,12,0,3,8,6,18,1,1,0,0,1,1,0,0,0,1,0,0,0,0,0,0,1,0,0,22,0,0,9,9,1,0,1,0,0,0,0,[],java-maven,3046443,3754311,1232.36,0,0,0,0,0,0.012963,0.995014,0.00185185,0.998677,0,0,2,0,1,1,0,1
51706,9463027055,1553758,Build,lb_3077,54e5f6e95872b728ac6b1d588838fd221f5f6ddb,.github/workflows/maven.yml,failure,52327453,LorenzoBettini,196,10,0.0,0.0,,push,0,0,,0,success,9,16f6c22f2b0da6f075d43256729948d2d388e731,56,122,23327,53,0,55,5287,12,16517,2,1,0,154,1,155,0,0,0,1,0,0,0,0,1286,1286,1,1,0,22,0,198,37,16480,2,0,1,0,0,89,0,[],java-maven,3046811,3754614,1232.31,0,0,0,0,1,0.0222222,0.880088,0.00648148,0.8556,115,0,5,0,1,0,0,0
51707,7729451644,1553758,Build,lb_2922,eeeb52eebecf2af033a0b37f160134c98d1ba369,.github/workflows/maven.yml,success,52327453,LorenzoBettini,193,8,0.0,0.0,,push,50,0,2923.0,1,success,2,47b627c55679c578068032250e044f87f0b4c07a,8,8,4,8,0,0,0,1,0,0,1,0,0,0,0,0,0,0,0,0,0,0,0,0,0,0,0,0,16,0,0,0,0,0,0,0,0,0,54,0,[],java-maven,2989699,3622278,1211.59,0,0,0,0,1,0.0166667,0.929264,0.0,1.0,76,0,3,0,1,0,0,0
51708,9175835616,1553758,Build,lb_ghactions_cleanup,882edaefd25404e5e99e468336aa0865bd35903b,.github/workflows/maven.yml,success,52327453,LorenzoBettini,195,11,,,,pull_request,0,0,,1,success,0,,0,0,0,0,0,0,0,0,0,0,0,0,0,0,0,0,0,0,0,0,0,0,0,0,0,0,0,0,21,0,0,0,0,0,0,0,0,0,89,0,[],java-maven,3062097,3770553,1231.36,0,0,0,0,1,0.0231481,0.926162,0.012037,0.871633,132,0,5,0,1,0,0,0
51709,7474618521,1553758,Push on main,main,d05f413fc3d3d5bd7a72788e84dbacbab8be8c3f,dynamic/github-code-scanning/codeql,success,79271691,LorenzoBettini,192,7,0.0,0.0,,dynamic,56,0,2900.0,0,success,2,b85670bc0c8107c2941a5f19348d0ca2a394e258,1,60,6,0,0,0,0,1,66,0,0,0,0,1,1,0,0,0,1,0,0,0,0,1,1,0,1,0,16,0,0,60,6,0,0,1,0,0,1,0,[],java-maven,2989281,3622414,1211.8,0,0,0,0,0,0.012037,0.914253,0.00555556,0.852124,105,0,1,0,1,1,0,1
51710,7973559806,1553758,Build,sz_delete_packrat,0df288a18537a7199985b7f8ea39ea6352522361,.github/workflows/maven.yml,success,52327453,LorenzoBettini,193,7,0.0,0.0,,push,0,0,,1,success,12,2d8a175b9d94fc46067cdd5d5096d5cd4b207c81,5457,5672,5560,37,0,177,386,12,10693,1,1,0,0,5006,5006,0,0,0,15423,0,0,0,0,0,0,1,1,0,16,0,0,5394,5299,1,0,3,0,0,54,0,[],java-maven,2985881,3622778,1213.3,0,0,0,0,1,0.00277778,0.981566,0.00277778,0.932407,126,0,3,0,1,0,0,0
51711,8925538851,1553758,Build,lb_compilation_test_result,14cac5d781294ea9f343e0a530561e1ce5b1dbed,.github/workflows/maven.yml,success,52327453,LorenzoBettini,195,11,0.0,0.0,,push,0,0,,1,success,1,38b911893ae1aac496bea8cc20d1864d888930d4,2,63,1,0,0,0,0,1,64,0,1,0,0,2,2,4,0,4,10,0,0,0,4,0,4,0,1,0,16,0,0,63,1,0,0,0,0,0,87,0,[],java-maven,2989757,3623288,1211.9,0,0,0,0,1,0.0222222,0.927258,0.000925926,0.999911,46,0,4,0,1,0,0,0
51712,8694328781,1553758,Build,main,38b56acfdb9ffeefefe812089e3428bcc46aece7,.github/workflows/maven.yml,success,52327453,LorenzoBettini,194,10,0.0,0.0,,push,20,0,2994.0,1,success,1,9b26bcf10ee6999dca9219263f42ff6378d09e8d,2,0,2,2,0,0,0,1,0,0,1,0,0,0,0,0,0,0,0,0,0,0,0,0,0,0,0,0,16,0,0,0,0,0,0,0,0,0,63,0,[],java-maven,2988716,3622515,1212.06,0,0,0,0,1,0.012037,0.93757,0.0037037,0.999259,14,0,4,0,1,1,0,1
51713,9083150914,1553758,Build,main,aa5fb2291ac5699cfb870aceb36e74e7308894e3,.github/workflows/maven.yml,success,52327453,LorenzoBettini,195,11,0.0,0.0,,push,322,0,2986.0,1,success,26,9964dba09d8fdf1f8292e914898322db38ea96c1,35,731,381,3,0,5,61,6,1022,2,1,7,0,19,26,1,0,1,125,0,0,0,27,3,30,1,1,0,20,7,0,650,372,0,1,52,0,0,95,0,[],java-maven,2989969,3623690,1211.95,0,0,0,0,1,0.0194444,0.921115,0.00740741,0.898148,72,0,5,0,1,1,0,1
51714,7489798815,1553758,Build,lb_2332_maven_deprecated_methods,0343c8710bb1c4f16a6c518be352d42b4bda13d3,.github/workflows/maven.yml,success,52327453,LorenzoBettini,192,7,0.0,0.0,,pull_request,328,0,2906.0,1,success,1,d7e44bf1019cc3b308546d23909f37bb2bdab08e,3,0,12,0,0,2,10,1,2,0,0,0,0,3,3,0,1,1,3,0,0,0,0,2,2,1,1,0,16,0,0,0,2,0,0,2,0,0,54,0,[],java-maven,2989529,3622193,1211.63,0,0,0,0,1,0.0175926,0.922231,0.0111111,0.87963,106,0,3,0,1,0,0,0
51715,9868127348,1553758,PR #3100,refs/pull/3100/head,e05ec05347d5877deb82b2e3d458ca5567e60ba0,dynamic/github-code-scanning/codeql,success,79271691,cdietrich,196,9,0.0,0.0,,dynamic,6,0,3100.0,1,success,1,785a725aaa7a339f580df5c3b362312e8cc8d0d3,1,1,1,0,0,1,2,1,0,0,0,0,0,0,0,0,0,0,0,0,0,0,0,0,0,0,0,0,22,0,0,0,0,0,0,0,0,0,220,1,[],java-maven,3046488,3754356,1232.36,0,0,0,0,0,0.00648148,0.920121,0.000925926,0.999644,23,1,1,0,0,0,0,0
51716,8880464326,1553758,PR #3021,sz_nodemodel,be0c6b9d3898c67a82f6e10377af2fd74e286bc8,dynamic/github-code-scanning/codeql,success,79271691,szarnekow,195,11,0.0,0.0,,dynamic,4,0,3021.0,1,success,16,2478074efd20877cd10cc550b9171104cf285fc1,199,1051,967,10,0,100,912,5,1068,1,1,2,0,150,152,6,0,6,911,0,0,0,143,131,274,1,1,0,16,1,0,561,507,0,0,139,0,0,0,0,[],java-maven,2989712,3623286,1211.92,0,0,0,0,0,0.0222222,0.955083,0.0111111,0.92963,5,1,1,0,0,1,0,0
51717,9872835840,1553758,Scheduled,main,f17d2521c4ce5667d5e6e7bdb8a235149fa00211,dynamic/github-code-scanning/codeql,success,79271691,github-advanced-security[bot],196,9,0.0,1.0,,dynamic,50,0,3099.0,0,success,1,60240c94231fb428d1791bedfd35f25ea7f113be,4,20,16,0,0,0,0,1,36,0,1,0,0,4,4,0,0,0,10,0,0,0,0,0,0,0,1,0,22,0,0,20,16,0,0,3,0,0,244,1,[],java-maven,3046489,3754360,1232.36,0,0,0,0,0,0.00648148,0.996759,0.000925926,0.999339,0,0,1,0,1,1,0,1
51718,7451364282,1553758,Build,lb_xbase_cleanup-1,7ac3f496fd906b5cdbeef5932ff0d17388d405b6,.github/workflows/maven.yml,success,52327453,LorenzoBettini,192,7,0.0,0.0,,pull_request,229,0,2890.0,0,success,10,cd0c81ed86c77631b711fb7efbc6e74ed1f1abef,2,43,70,0,0,2,113,1,0,0,1,0,0,2,2,2,1,3,82,0,0,0,0,2,2,1,0,0,16,0,0,0,0,0,0,0,0,0,54,0,[],java-maven,2989045,3622166,1211.81,0,0,0,0,1,0.00740741,0.959506,0.000925926,0.999768,70,0,3,0,1,0,0,0
51719,8675628138,1553758,Build,sz_xbase_lsp,a196450076093a30021ef0293280e72667154830,.github/workflows/maven.yml,success,52327453,szarnekow,194,9,0.0,0.0,,push,0,0,,1,success,1,47514d614ace02526a866447ce99fcacf7b50bb1,8,1041,86,5,0,12,1079,2,0,1,1,8,0,3,11,0,2,2,75,0,0,0,87,7,94,1,0,0,16,9,0,0,0,0,0,0,0,0,63,0,[],java-maven,2986669,3622381,1212.85,0,0,0,0,1,0.00833333,0.997222,0.00277778,0.998016,0,1,4,0,0,0,0,0
51720,8689194891,1553758,Build,main,9b26bcf10ee6999dca9219263f42ff6378d09e8d,.github/workflows/maven.yml,success,52327453,LorenzoBettini,194,9,0.0,0.0,,push,76,0,2992.0,1,success,1,eb0420ab5ebf89e670f7e66b1802e9395bd541b2,70,206,206,0,0,54,314,1,98,0,1,0,0,68,68,0,0,0,502,0,0,0,66,68,134,1,1,0,16,0,0,50,48,0,0,15,0,0,63,0,[],java-maven,2988716,3622515,1212.06,0,0,0,0,1,0.012037,0.933542,0.00462963,0.959074,14,0,4,0,1,1,0,1
51721,9208200536,1553758,Build,lb_3057-retriesCount,8a82f45be036d90cee2840d3f3995e729cf61ac7,.github/workflows/maven.yml,success,52327453,LorenzoBettini,195,11,0.0,0.0,,push,34,0,3064.0,1,failure,1,750a921cd7cce7433a486e47f4b0ac501485897e,1,1,1,1,0,0,0,1,0,0,0,0,0,0,0,0,0,0,0,0,0,0,0,0,0,0,0,0,22,0,0,0,0,0,0,0,0,0,89,0,[],java-maven,3062102,3770698,1231.41,0,0,0,0,1,0.0212963,0.914566,0.012037,0.828507,133,0,5,0,1,0,0,0
51722,9717203381,1553758,Build,main,3fed1b91173344567425dbc5aca80987641a2d7f,.github/workflows/maven.yml,success,52327453,cdietrich,196,9,0.0,1.0,{'fix'},push,4,0,3097.0,1,success,1,1416419d21895381ef2d2d5ab0e859761e7f95cb,1,47,2,0,0,0,0,1,49,0,0,0,0,1,1,0,0,0,1,0,0,0,0,0,0,0,1,0,22,0,0,47,2,0,0,1,0,0,89,0,[],java-maven,3046488,3754356,1232.36,0,0,0,0,1,0.012963,0.8741,0.00185185,0.874421,27,1,5,0,0,1,0,1
51723,8167444336,1553758,Build,cd_targets,463d0ccdff1232db2d4b5becf23231f64e318741,.github/workflows/maven.yml,success,52327453,cdietrich,193,8,0.0,0.0,,push,8,0,2954.0,1,success,1,0287a2e743e872f9b8b51a95aa8c77e6619cdfaa,1,0,5,0,0,0,0,1,5,0,0,0,0,0,0,0,0,0,0,0,0,0,0,0,0,0,0,0,16,0,0,0,5,0,0,0,0,0,54,0,[],java-maven,2985955,3622784,1213.27,0,0,0,0,1,0.0037037,0.961915,0.0,1.0,17,1,3,0,0,0,0,0
51724,7371471931,1553758,Build,cd_tycho50,e5426cd6e36b9dd6c1d798087281b03eda8ebec9,.github/workflows/maven.yml,success,52327453,cdietrich,192,6,0.0,0.0,,push,0,0,,1,success,21,b648a29b75f7e5d97881b38cfa13926e90a8290a,49,111,84,17,0,12,32,7,61,2,1,1,0,6,7,0,0,0,2,0,0,0,4,0,4,1,0,0,16,1,0,33,28,0,0,2,0,0,54,0,[],java-maven,2988582,3621833,1211.89,0,0,0,0,1,0.00648148,0.884788,0.00185185,0.866049,15,1,3,0,0,0,0,0
51725,9172493056,1553758,Build,lb_3051,99ab54758eabf1a2ad5109a38d214abb597470de,.github/workflows/maven.yml,success,52327453,LorenzoBettini,195,11,0.0,0.0,,push,44,0,3052.0,1,success,1,2c80763af8c2f7d800bf779110c8d87a2ee4517b,1,1,1,0,0,0,0,1,2,0,0,0,0,1,1,0,0,0,6,0,0,0,0,0,0,0,1,0,22,0,0,1,1,0,0,0,0,0,95,0,[],java-maven,3062125,3770557,1231.35,0,0,0,0,1,0.0175926,0.944625,0.00462963,0.95183,131,0,5,0,1,0,0,0
51726,9271555442,1553758,Build,lb_eclipse_doc_regen,6cb570dca6682d2df86656c8357f9a32b6f9aac8,.github/workflows/maven.yml,success,52327453,LorenzoBettini,196,12,0.0,0.0,,push,36,0,3071.0,1,success,1,98825ecd74b5db7df7200e153cd3e50708ee9627,5,56,56,0,0,5,112,1,0,0,0,0,0,0,0,0,0,0,0,0,0,0,0,0,0,0,0,0,22,0,0,0,0,0,0,0,0,0,89,0,[],java-maven,3062113,3770698,1231.4,0,0,0,0,1,0.0222222,0.887767,0.0037037,0.92524,117,0,5,0,1,0,0,0
51727,7971996141,1553758,Build,lb_2936,84348b0041277d7acb9d75bd822fcd5d0f5c0789,.github/workflows/maven.yml,success,52327453,LorenzoBettini,193,7,0.0,0.0,,push,44,0,2938.0,0,success,1,84021e3ec58046fac227cf28eaaa0dcaac4da1bc,1,2,1,0,0,0,0,1,3,0,0,0,0,0,0,0,0,0,0,0,0,0,0,0,0,0,0,0,16,0,0,2,1,0,0,0,0,0,54,0,[],java-maven,2990203,3622726,1211.53,0,0,0,0,1,0.000925926,0.999901,0.000925926,0.999339,122,0,3,0,1,1,0,0
51728,8876017234,1553758,PR #3004,lb_2293,45500f769b0b73c16b06166f1ec3d4f48dd435c2,dynamic/github-code-scanning/codeql,success,79271691,LorenzoBettini,195,11,0.0,0.0,,dynamic,46,0,3004.0,1,success,9,0aa2b9d1e5544105e7b5a709326df5e10b02e662,161,896,895,0,0,90,821,2,970,0,1,0,0,143,143,0,0,0,886,0,0,0,130,130,260,1,1,0,16,0,0,485,485,0,0,135,0,0,0,0,[],java-maven,2989700,3623270,1211.92,0,0,0,0,0,0.0222222,0.909722,0.0111111,0.880414,36,0,1,0,1,1,0,0
51729,7450200090,1553758,Build,main,4fcf4e5a0de7bfe2e0e270ecf6ba4ac78f43068a,.github/workflows/maven.yml,success,52327453,szarnekow,192,7,0.0,0.0,,push,10,0,2897.0,1,success,1,c73589d4c13c2467d6da4b66def697d03a8cc8ab,1,1,2,1,0,0,0,1,0,0,0,0,0,0,0,0,0,0,0,0,0,0,0,0,0,0,0,0,16,0,0,0,0,0,0,0,0,0,54,0,[],java-maven,2988555,3621632,1211.83,0,0,0,0,1,0.00740741,0.943416,0.000925926,0.967593,6,1,3,0,0,1,0,1
51730,8680286321,1553758,PR #2968,sz_nodemodel,53efc267aa1f4c622135468daae916f9d612a912,dynamic/github-code-scanning/codeql,success,79271691,szarnekow,194,9,0.0,0.0,,dynamic,0,0,,1,success,19,c9e765056dafd0c3819e3e321389d4d58f7e3499,218,3613,3534,41,0,72,4486,11,2039,2,1,1,0,87,88,11,8,19,544,0,0,0,18,0,18,1,1,0,16,0,0,1025,1014,1,0,30,0,0,0,0,[],java-maven,2987585,3623058,1212.7,0,0,0,0,0,0.0111111,0.997863,0.00555556,0.998457,0,1,1,0,0,1,0,0
51731,9090853588,1553758,Build,lb_java_21-2,51b5fe5f394bae10989f3f69d2e817d71ad62c37,.github/workflows/maven.yml,success,52327453,LorenzoBettini,195,11,,,,pull_request,0,0,,1,success,0,,0,0,0,0,0,0,0,0,0,0,0,0,0,0,0,0,0,0,0,0,0,0,0,0,0,0,0,0,21,0,0,0,0,0,0,0,0,0,95,0,[],java-maven,2991043,3625066,1211.97,0,0,0,0,1,0.0194444,0.922329,0.00740741,0.907407,72,0,5,0,1,1,0,0
51732,9111508994,1553758,Build,main,579d91ebb2b0fa4e0be74e092dfbde1bdd9d743b,.github/workflows/maven.yml,success,52327453,LorenzoBettini,195,11,0.0,0.0,,push,98,0,3038.0,1,success,9,f212edbe0aa9d85d9af8a864010e895cf979cee3,248,303,2062,0,0,0,0,2,2365,0,1,1,6,236,243,0,0,0,309,0,0,0,299,439,738,0,1,0,20,0,7,303,2062,0,0,0,0,0,95,0,[],java-maven,3059819,3766940,1231.1,0,0,0,0,1,0.0203704,0.921263,0.00648148,0.908109,85,0,5,0,1,1,0,1
51733,8796253482,1553758,Build,lb_2293,d5e4e9e8416765ad1808df0378d8140173dcfae1,.github/workflows/maven.yml,failure,52327453,LorenzoBettini,194,11,0.0,0.0,,push,0,0,,0,success,1,8ea116b0289dbace6edc8cfe0e9d3f1ae104512c,2,15,1,0,0,1,2,1,14,0,1,0,0,2,2,2,0,2,0,0,0,0,0,0,0,1,1,0,16,0,0,14,0,0,0,0,0,0,63,0,[],java-maven,2988717,3622495,1212.06,0,0,0,0,1,0.0157407,0.921866,0.0037037,0.913757,20,0,4,0,1,1,0,0
51734,9445738906,1553758,Build,main,46aa88ea6daaf646d6cd1cea84d538e5d39fa09d,.github/workflows/maven.yml,failure,52327453,LorenzoBettini,196,10,0.0,0.0,,push,38,0,3081.0,1,success,1,ce601cddf2a59d920ded641bd7d30fbf05038291,0,0,680,0,0,0,0,7,680,2,0,0,7,0,7,0,0,0,0,0,0,0,0,47,47,0,1,0,22,0,18,0,680,0,0,0,0,0,89,0,[],java-maven,3046443,3754255,1232.34,0,0,0,0,1,0.0194444,0.89226,0.0037037,0.899074,117,0,5,0,1,1,0,1
51735,8575773563,1553758,Build,replace-guava-in-scopes,87334e33c38100b588ee016b20a8f0907b0464a2,.github/workflows/maven.yml,success,52327453,HannesWell,194,9,,,,pull_request,0,0,,1,failure,0,,0,0,0,0,0,0,0,0,0,0,0,0,0,0,0,0,0,0,0,0,0,0,0,0,0,0,0,0,21,0,0,0,0,0,0,0,0,0,63,0,[],java-maven,2986086,3622918,1213.27,0,0,0,0,1,0.00462963,0.886317,0.00277778,0.887346,1,0,4,0,1,0,0,0
51736,7530141733,1553758,Build,lb_xtend_validation_tests,6de5fe9d2187c7dbea141d0d831658f1c8345530,.github/workflows/maven.yml,success,52327453,LorenzoBettini,192,7,0.0,0.0,,pull_request,166,0,2911.0,1,success,4,8f1972148435c3bb9836282eec53e18d739659d7,4,58,23,0,0,1,2,2,79,1,1,0,0,3,3,0,0,0,88,0,0,0,0,0,0,1,1,0,16,0,0,56,23,0,0,9,0,0,54,0,[],java-maven,2989559,3622226,1211.63,0,0,0,0,1,0.0175926,0.930872,0.0101852,0.898981,118,0,3,0,1,1,0,0
51737,7767955295,1553758,Build,lb_2880-3,e6d387cad17694508e83ac95bb70e15d6ad52991,.github/workflows/maven.yml,success,52327453,LorenzoBettini,193,8,,,,pull_request,0,0,,1,success,0,,0,0,0,0,0,0,0,0,0,0,0,0,0,0,0,0,0,0,0,0,0,0,0,0,0,0,0,0,21,0,0,0,0,0,0,0,0,0,54,0,[],java-maven,2989835,3622414,1211.58,0,0,0,0,1,0.0166667,0.931648,0.0,1.0,78,0,3,0,1,1,0,0
51738,9587047503,1553758,Build,main,df499791d2288b5ab85253c528754ba69ab3648a,.github/workflows/maven.yml,success,52327453,cdietrich,196,10,0.0,0.0,,push,10,0,3093.0,1,success,1,74d2f7fac3bba4c78a6828d5b2317b985cc22e01,7,9,9,1,0,3,8,3,6,1,1,0,0,1,1,0,0,0,3,0,0,0,0,0,0,1,0,0,22,0,0,3,3,0,0,1,0,0,89,0,[],java-maven,3046443,3754255,1232.34,0,0,0,0,1,0.0138889,0.85829,0.0037037,0.913757,24,1,5,0,0,1,0,1
51739,10035457513,1553758,Build,cd-require-mocha-bump,6bf44a4f71c2fc6cf21e821cefec60f6af44d710,.github/workflows/maven.yml,failure,52327453,cdietrich,196,8,0.0,0.0,,push,0,0,,1,success,1,fc680307fc0da479e7edd47720846d5f50ae5d4d,2,660,54,0,0,2,714,1,0,0,0,0,0,0,0,0,0,0,0,0,0,0,0,0,0,0,0,0,22,0,0,0,0,0,0,0,0,0,244,1,[],java-maven,3046494,3754369,1232.36,0,0,0,0,1,0.00833333,0.804398,0.0037037,0.664609,10,1,5,0,0,0,0,0
51740,8067251819,1553758,Build,cd_tycho40,f801c161bc31106c97e19b876bba1404ddaa7851,.github/workflows/maven.yml,success,52327453,cdietrich,193,7,0.0,0.0,,push,0,0,,1,cancelled,9,81c27003ddeac4b9d3b61b3806260cad8129d74f,270,2032,2032,77,0,104,214,3,2454,1,1,0,0,0,0,0,0,0,0,0,0,0,0,0,0,0,0,0,16,0,0,1227,1227,0,0,0,0,0,54,0,[],java-maven,2990279,3622778,1211.52,0,0,0,0,1,0.0037037,0.965788,0.000925926,0.967593,20,1,3,0,0,0,0,0
51741,7357222116,1553758,Build,lb_xtend_validator_tests,c2789f6692e7ffd139c8d1e51e54b3d0e7123da6,.github/workflows/maven.yml,success,52327453,LorenzoBettini,192,6,0.0,0.0,,push,36,0,2898.0,1,success,1,5d39e3660fbdf3fa7a55330417aa7362e38b8dad,1,5,2,0,0,0,0,1,7,0,0,0,0,1,1,0,0,0,0,0,0,0,0,0,0,0,1,0,16,0,0,5,2,0,0,1,0,0,54,0,[],java-maven,2988705,3621984,1211.89,0,0,0,0,1,0.00462963,0.958711,0.0,1.0,18,0,3,0,1,1,0,0
51742,9175760328,1553758,PR #3053,lb_cleanup,fe6a4a1624a3003ba4baabf376705e75a20a77b3,dynamic/github-code-scanning/codeql,success,79271691,LorenzoBettini,195,11,0.0,0.0,,dynamic,8,0,3053.0,1,failure,2,b31a59ea9078c821a866dab4e6b94b563cf3a3e4,21,31,31,10,0,2,4,4,20,1,1,0,0,1,1,0,0,0,1,0,0,0,0,0,0,1,0,0,22,0,0,10,10,0,0,1,0,0,0,0,[],java-maven,3062127,3770698,1231.4,0,0,0,0,0,0.0231481,0.92562,0.012037,0.869256,132,0,1,0,1,0,0,0
51743,9776492389,1553758,Scheduled,main,3fed1b91173344567425dbc5aca80987641a2d7f,dynamic/github-code-scanning/codeql,success,79271691,github-advanced-security[bot],196,9,0.0,1.0,{'fix'},dynamic,4,0,3097.0,0,success,1,1416419d21895381ef2d2d5ab0e859761e7f95cb,1,47,2,0,0,0,0,1,49,0,0,0,0,1,1,0,0,0,1,0,0,0,0,0,0,0,1,0,22,0,0,47,2,0,0,1,0,0,0,0,[],java-maven,3046488,3754356,1232.36,0,0,0,0,0,0.012963,0.995014,0.00185185,0.998843,0,0,1,0,1,1,0,1
51744,7586242414,1553758,PR #2916,sz_nodemodel,dedfdc1fd9e9fe5391ee8f6ccc060eed4d61e6e7,dynamic/github-code-scanning/codeql,success,79271691,szarnekow,192,7,0.0,0.0,,dynamic,0,0,,1,failure,1,5bd7c49ab7e75e82329178540cd28f125a986d95,1,5,1,0,0,1,6,1,0,0,0,0,0,1,1,1,0,1,9,0,0,0,0,0,0,1,0,0,16,0,0,0,0,0,0,0,0,0,1,0,[],java-maven,2989630,3622271,1211.61,0,0,0,0,0,0.0194444,0.864506,0.00555556,0.633838,5,1,1,0,0,1,0,0
51745,9717203224,1553758,Push on main,main,3fed1b91173344567425dbc5aca80987641a2d7f,dynamic/github-code-scanning/codeql,success,79271691,cdietrich,196,9,0.0,1.0,{'fix'},dynamic,4,0,3097.0,1,success,1,1416419d21895381ef2d2d5ab0e859761e7f95cb,1,47,2,0,0,0,0,1,49,0,0,0,0,1,1,0,0,0,1,0,0,0,0,0,0,0,1,0,22,0,0,47,2,0,0,1,0,0,0,0,[],java-maven,3046488,3754356,1232.36,0,0,0,0,0,0.012963,0.872327,0.00185185,0.866049,27,1,1,0,0,1,0,1
51746,8178507434,1553758,Build,main,7052e707e8f3cb652889493add0164e56666c729,.github/workflows/maven.yml,success,52327453,cdietrich,193,8,0.0,0.0,,push,8,0,2954.0,0,success,1,462ae2833df2e8c2a535592697e597edf4de0bb6,2,82,8,2,0,0,0,2,7,1,1,0,0,0,0,0,0,0,0,0,0,0,0,0,0,0,0,0,16,1,0,1,6,0,0,0,0,0,63,0,[],java-maven,2985974,3622800,1213.27,0,0,0,0,1,0.0037037,0.9633,0.0,1.0,18,1,4,0,0,1,0,1
51747,8038592399,1553758,Build,cd_tycho40,81c27003ddeac4b9d3b61b3806260cad8129d74f,.github/workflows/maven.yml,success,52327453,cdietrich,193,7,0.0,0.0,,push,0,0,,1,success,8,943eb2630c0bba1c74ddc9c87859f7452a9266c3,28,35,35,9,0,4,22,3,30,1,1,0,0,1,1,0,0,0,1,0,0,0,0,0,0,1,0,0,16,0,0,15,15,0,0,2,0,0,54,0,[],java-maven,2990279,3622778,1211.52,0,0,0,0,1,0.0037037,0.957053,0.0037037,0.908249,14,1,3,0,0,0,0,0
51748,8681013312,1553758,Push on main,main,f738a5b6c3ee05a2530016374cf61576b33e3382,dynamic/github-code-scanning/codeql,success,79271691,github-advanced-security[bot],194,9,0.0,0.0,,dynamic,20,0,2969.0,0,success,2,9e3b1b496e157a58fe3bf556bb910f03c3a7a9a7,33,2321,788,6,0,38,2173,9,884,2,1,18,7,22,47,22,2,24,94,8,0,8,169,58,227,1,1,0,16,19,16,174,710,0,0,5,0,0,0,0,[],java-maven,2987226,3622381,1212.62,0,0,0,0,0,0.012037,0.994985,0.00648148,0.99537,0,0,2,0,1,1,0,1
51749,7447051304,1553758,Build,cd_tycho50,0ea141b46560d6a2e10feb1562e83df0c5f04513,.github/workflows/maven.yml,success,52327453,cdietrich,192,6,0.0,0.0,,push,0,0,,1,success,8,e5426cd6e36b9dd6c1d798087281b03eda8ebec9,113,2607,2706,57,0,8,316,6,3335,1,1,2,1,8,11,3,1,4,123,1,0,1,30,25,55,1,1,0,16,2,2,1567,1768,0,0,3,0,0,54,0,[],java-maven,2988590,3621632,1211.82,0,0,0,0,1,0.00740741,0.867955,0.000925926,0.999339,6,1,3,0,0,0,0,0
51750,8200813493,1553758,Build,issue_2945,4e2cd0270fb5f46910aa251e406219a8d7cbe39a,.github/workflows/maven.yml,success,52327453,florianpirchner,193,8,,,,pull_request,0,0,,0,success,0,,0,0,0,0,0,0,0,0,0,0,0,0,0,0,0,0,0,0,0,0,0,0,0,0,0,0,0,0,21,0,0,0,0,0,0,0,0,0,54,0,[],java-maven,2990347,3622882,1211.53,0,0,0,0,1,0.00462963,0.997896,0.000925926,0.999421,0,0,4,0,1,0,0,0
51751,7639618684,1553758,Build,cd_regenDocs,132f41f2645fb57af6843c991c67b777e36c6f8f,.github/workflows/maven.yml,success,52327453,cdietrich,192,7,0.0,0.0,,push,8,0,2919.0,0,success,1,4bf47b0c4b475a7fa76ebf788eaf78f324c96938,2,21,5,0,0,2,26,1,0,0,1,0,0,0,0,0,0,0,0,0,0,0,0,0,0,0,0,0,16,0,0,0,0,0,0,0,0,0,54,0,[],java-maven,2989571,3622268,1211.63,0,0,0,0,1,0.0194444,0.807209,0.00555556,0.885802,6,1,3,0,0,0,0,0
51752,8613674033,1553758,Build,main,1476d8300d255139afd065f4d3c9bdef21bb5f51,.github/workflows/maven.yml,success,52327453,LorenzoBettini,194,9,0.0,0.0,,push,60,0,2983.0,1,success,6,2495bee7115d66adc778d81acdf9dc0ad72fd6cb,81,314,278,11,0,23,204,2,292,1,1,0,0,45,45,10,8,18,321,0,0,0,0,0,0,1,1,0,16,0,0,146,146,0,0,24,0,0,63,0,[],java-maven,2986093,3622926,1213.27,0,0,0,0,1,0.00833333,0.911232,0.00648148,0.911634,13,0,4,0,1,1,0,1
51753,9084793868,1553758,Build,lb_java_21-2,5c29854749bac94203ff0aa7a86e06560ea8c161,.github/workflows/maven.yml,success,52327453,LorenzoBettini,195,11,,,,pull_request,0,0,,1,success,0,,0,0,0,0,0,0,0,0,0,0,0,0,0,0,0,0,0,0,0,0,0,0,0,0,0,0,0,0,21,0,0,0,0,0,0,0,0,0,95,0,[],java-maven,2991043,3625066,1211.97,0,0,0,0,1,0.0194444,0.921727,0.00740741,0.902998,72,0,5,0,1,1,0,0
51754,8357628916,1553758,Scheduled,main,feb9ed96d19d9b41e3e0667aa4f90c2188dbb8fd,dynamic/github-code-scanning/codeql,success,79271691,github-advanced-security[bot],193,8,0.0,0.0,,dynamic,14,0,2960.0,0,success,1,7276c2e2db87a695e67ea09fc911fcd3b6ee6f79,15,18,18,11,0,1,4,3,8,1,1,0,0,1,1,0,0,0,1,0,0,0,0,0,0,1,0,0,16,0,0,4,4,0,0,1,0,0,0,0,[],java-maven,2986077,3622918,1213.27,0,0,0,0,0,0.00185185,0.999074,0.0,1.0,0,0,1,0,1,1,0,1
51755,7973507816,1553758,Build,main,0c2b68eed167c5455263ef2e9436a9797f5de12e,.github/workflows/maven.yml,success,52327453,LorenzoBettini,193,7,0.0,0.0,,push,85,0,2930.0,1,success,4,dfef72e1b86ef9815c4bd69f33e8ffabd144f912,1,60,15,0,0,0,0,1,75,0,0,0,0,0,0,0,0,0,0,0,0,0,0,0,0,0,0,0,16,0,0,60,15,0,0,0,0,0,54,0,[],java-maven,2990265,3622778,1211.52,0,0,0,0,1,0.00277778,0.981224,0.00277778,0.927579,126,0,3,0,1,1,0,1
51756,8612497519,1553758,Build,lb_bootstrap_2.35.0.M0,ced73742f00e30874b4bfed033e009ba02c3dae5,.github/workflows/maven.yml,success,52327453,LorenzoBettini,194,9,0.0,0.0,,push,4,0,2985.0,1,success,1,31b23bbd5699982c458e894b2027d1d73fada0d1,1,1,1,0,0,1,2,1,0,0,0,0,0,0,0,0,0,0,0,0,0,0,0,0,0,0,0,0,16,0,0,0,0,0,0,0,0,0,63,0,[],java-maven,2986082,3622924,1213.27,0,0,0,0,1,0.00833333,0.897917,0.00648148,0.887088,12,0,4,0,1,0,0,0
51757,9679176254,1553758,PR #3080,lb_3077,a33af2e49acf4bfc33003fb258fbaa89910481de,dynamic/github-code-scanning/codeql,success,79271691,LorenzoBettini,196,9,0.0,0.0,,dynamic,0,0,,1,success,1,ba07d300e21369224c9c827a1db8ecf1959e7e55,10,90,11,0,0,7,77,2,24,1,1,0,0,8,8,5,0,5,87,3,0,3,0,0,0,1,1,0,22,0,0,21,3,0,0,1,0,0,0,0,[],java-maven,3046875,3754709,1232.31,0,0,0,0,0,0.0111111,0.884127,0.000925926,0.999711,9,0,1,0,1,0,0,0
51758,8892884175,1553758,PR #2986,lb_java_21,ad4edb439aeb9cdc70a8fdf00a9188ce8b989384,dynamic/github-code-scanning/codeql,success,79271691,LorenzoBettini,195,11,0.0,0.0,,dynamic,0,0,,1,success,41,ef482c9e7d94a703f09f7c23e285c1c75cdc99f9,14,132,229,66,0,10,109,4,121,1,1,2,0,9,11,6,0,6,141,0,0,0,11,1,12,1,1,0,20,1,95,56,65,0,0,3,0,0,0,0,[],java-maven,2989883,3623504,1211.92,0,0,0,0,0,0.0222222,0.924544,0.00648148,0.956052,45,0,1,0,1,0,0,0
51759,8859951376,1553758,Build,lb_2293,0aa2b9d1e5544105e7b5a709326df5e10b02e662,.github/workflows/maven.yml,success,52327453,LorenzoBettini,195,11,0.0,0.0,,push,0,0,,0,failure,14,328083dfaa5cfec82b308ce758c1504cb916eb2e,39,1230,70,11,0,15,455,4,801,2,1,9,0,10,19,4,0,4,57,0,0,0,141,1,142,1,1,0,16,9,0,784,17,0,0,3,0,0,87,0,[],java-maven,2989700,3623270,1211.92,0,0,0,0,1,0.0222222,0.903704,0.012037,0.886476,28,0,4,0,1,1,0,0
51760,7727365888,1553758,Build,lb_2895_UI_test_timeout,bd12ec3c47a808320395cd0427f99773a7278be5,.github/workflows/maven.yml,success,52327453,LorenzoBettini,193,8,0.0,0.0,,push,130,0,2915.0,1,success,1,a9a54160067bd9496dcbc454319c783e13faf1e9,2,2,2,0,0,0,0,2,4,1,0,0,0,1,1,0,0,0,8,0,0,0,0,0,0,0,1,0,16,0,0,2,2,0,0,0,0,0,54,0,[],java-maven,2989698,3622304,1211.6,0,0,0,0,1,0.0166667,0.928431,0.0,1.0,74,0,3,0,1,0,0,0
51761,8837110209,1553758,Build,sz_nodemodel,2478074efd20877cd10cc550b9171104cf285fc1,.github/workflows/maven.yml,success,52327453,szarnekow,194,10,0.0,0.0,,push,22,0,3017.0,0,success,10,f7e7025816ca70cfc9abb2d0469540dd7d017739,34,1269,72,12,0,13,449,7,794,2,1,8,0,9,17,4,0,4,44,0,0,0,133,0,133,1,1,0,16,9,0,779,15,1,1,3,0,0,87,0,[],java-maven,2989663,3623232,1211.92,0,0,0,0,1,0.0212963,0.949846,0.0111111,0.912037,4,1,4,0,0,1,0,0
51762,7951251077,1553758,Build,cd_tycho40,3a89197017e4ef67319d561572e1518d7f572f68,.github/workflows/maven.yml,success,52327453,cdietrich,193,7,0.0,0.0,,push,0,0,,1,success,1,7f40e0a2764ef329b96b874a87883557c74274cc,1,1,1,0,0,1,2,1,0,0,0,0,0,0,0,0,0,0,0,0,0,0,0,0,0,0,0,0,16,0,0,0,0,0,0,0,0,0,54,0,[],java-maven,2990216,3622725,1211.53,0,0,0,0,1,0.000925926,0.999871,0.000925926,0.999768,12,1,3,0,0,0,0,0
51763,9493455446,1553758,Build,cd_tycho50,1a3833d37ca28bd097f251a0d2fc0d925d55624f,.github/workflows/maven.yml,success,52327453,cdietrich,196,10,0.0,0.0,,push,0,0,,1,success,7,f422be72d18f4611214a792262b5fbf171db86dd,10,51,154,3,0,3,191,5,8,2,1,0,0,1,1,0,0,0,1,0,0,0,0,0,0,1,0,0,22,0,0,4,4,0,0,1,0,0,89,0,[],java-maven,3046454,3754255,1232.34,0,0,0,0,1,0.0222222,0.853801,0.00740741,0.85048,27,1,5,0,0,0,0,0
51764,8846658415,1553758,Build,lb_3014,e7af2114875d1fb3f970e3567677de95546a3c9f,.github/workflows/maven.yml,success,52327453,LorenzoBettini,195,11,0.0,0.0,,push,0,0,,0,success,1,d4a13375a5ae3a7b038ac05aef33fec959aebfb7,1,2,2,0,0,0,0,1,0,0,0,0,0,0,0,0,0,0,0,0,0,0,0,0,0,0,0,0,16,0,0,0,0,0,1,0,0,0,87,0,[],java-maven,2989080,3622882,1212.04,0,0,0,0,1,0.0212963,0.901879,0.0111111,0.886541,28,0,5,0,1,0,0,0
51765,9030326226,1553758,PR #3024,miklossy_issue_3007,75049df2670e535a4442e2cac19834ab2d17c8b9,dynamic/github-code-scanning/codeql,success,79271691,miklossy,195,11,0.0,0.0,,dynamic,0,0,,1,failure,5,fe3f940962a1efa3503021d441de7fffec4a901f,29,43,43,17,0,9,24,6,6,2,1,0,0,3,3,0,0,0,4,0,0,0,0,0,0,1,0,0,16,0,0,3,3,1,0,0,0,0,0,0,[],java-maven,2989781,3623400,1211.93,0,0,0,0,0,0.0194444,0.804894,0.0037037,0.816498,2,1,1,0,0,0,0,0
51766,9108094887,1553758,Build,lb_2349,4f5b36a890d369a2ec6f0badc8795a4808fb4f67,.github/workflows/maven.yml,success,52327453,LorenzoBettini,195,11,0.0,0.0,,pull_request,184,0,3031.0,0,success,91,aa5fb2291ac5699cfb870aceb36e74e7308894e3,48,146133,1013,3,0,12,2193,14,144940,2,1,70,0,15,85,0,32,32,128,1,33,34,651,56,707,1,1,0,20,78,0,144884,56,0,0,14,0,0,95,0,[],java-maven,3061152,3768699,1231.14,0,0,0,0,1,0.0194444,0.924081,0.00555556,0.918889,81,0,5,0,1,0,0,0
51767,9131778707,1553758,PR #3048,cd-java-source-lang-21,19acf4bc164eeaf4bb9ebaa7a79b5bdc318c014e,dynamic/github-code-scanning/codeql,success,79271691,cdietrich,195,11,0.0,0.0,,dynamic,0,0,,1,success,1,1ae01d3f8652afeacd223685b352b3dc7c53ea21,1,1,1,0,0,0,0,1,2,0,0,0,0,1,1,0,0,0,1,0,0,0,0,0,0,0,1,0,22,0,0,1,1,0,0,0,0,0,0,0,[],java-maven,3060901,3768329,1231.12,0,0,0,0,0,0.0212963,0.886523,0.00462963,0.932562,17,1,1,0,0,0,0,0
51768,9911234043,1553758,PR #3103,refs/pull/3103/head,839911c9ebcc1fb7c18ae4563f03f6334b4e596b,dynamic/github-code-scanning/codeql,success,79271691,cdietrich,196,9,0.0,0.0,,dynamic,0,0,,1,failure,1,60240c94231fb428d1791bedfd35f25ea7f113be,1,2,1,1,0,0,0,1,0,0,0,0,0,0,0,0,0,0,0,0,0,0,0,0,0,0,0,0,22,0,0,0,0,0,0,0,0,0,220,1,[],java-maven,3046488,3754356,1232.36,0,0,0,0,0,0.00740741,0.865844,0.00277778,0.845085,14,1,1,0,0,0,0,0
51769,8108867045,1553758,Build,issue_2945,39f3a97396458b8bdf191f63c19ae480a7eadcd7,.github/workflows/maven.yml,success,52327453,florianpirchner,193,7,,,,pull_request,0,0,,0,success,0,,0,0,0,0,0,0,0,0,0,0,0,0,0,0,0,0,0,0,0,0,0,0,0,0,0,0,0,0,21,0,0,0,0,0,0,0,0,0,54,0,[],java-maven,2990344,3622882,1211.53,0,0,0,0,1,0.0037037,0.997942,0.000925926,0.999486,0,0,3,0,1,0,0,0
51770,8765177340,1553758,PR #3002,lb_2998,08f234d27182d174996e310c77507ee2281e8d91,dynamic/github-code-scanning/codeql,success,79271691,LorenzoBettini,194,11,0.0,0.0,,dynamic,0,0,,1,cancelled,1,73bd1580bcea48d7ed27f990cadbc5ae4d308572,12,15,11,0,0,4,12,4,14,2,1,0,0,7,7,0,0,0,0,0,0,0,0,0,0,1,1,0,16,0,0,5,9,0,0,0,0,0,0,0,[],java-maven,2988640,3622445,1212.07,0,0,0,0,0,0.012037,0.949752,0.0037037,0.998911,15,0,1,0,1,0,0,0
51771,7424396354,1553758,Build,lb-xtend-performance-tests,c7a9c9041d0fb717f3ab0153e085d13a53cc83af,.github/workflows/maven.yml,success,52327453,LorenzoBettini,192,6,,,,pull_request,0,0,,1,success,0,,0,0,0,0,0,0,0,0,0,0,0,0,0,0,0,0,0,0,0,0,0,0,0,0,0,0,0,0,21,0,0,0,0,0,0,0,0,0,54,0,[],java-maven,2988640,3621462,1211.74,0,0,0,0,1,0.00648148,0.959022,0.00277778,0.96379,60,0,3,0,1,1,0,0
51772,7595508133,1553758,Build,cd_tycho40,08183a629b1aad7e1bb8d8e114248f15ed34cba6,.github/workflows/maven.yml,success,52327453,cdietrich,192,7,0.0,0.0,,push,0,0,,1,success,16,430035cb8026927c5c525ea95fdb5617639bbfc4,8,150,94,0,0,5,110,3,134,1,1,1,0,3,4,1,1,2,87,0,0,0,0,0,0,1,1,0,16,1,0,106,28,0,0,11,0,0,54,0,[],java-maven,2989569,3622271,1211.64,0,0,0,0,1,0.0194444,0.811693,0.00555556,0.897222,5,1,3,0,0,0,0,0
51773,8065708086,1553758,Build,main,283868e02958eecb4f5761bbf03fa2458c15f2e9,.github/workflows/maven.yml,success,52327453,cdietrich,193,7,0.0,0.0,,push,6,0,2946.0,1,success,1,36938274943ca2305721ff07e5caf7af536bbd67,261,2013,2013,69,0,104,212,2,2450,1,1,0,0,0,0,0,0,0,0,0,0,0,0,0,0,0,0,0,16,0,0,1225,1225,0,0,0,0,0,54,0,[],java-maven,2990265,3622778,1211.52,0,0,0,0,1,0.0037037,0.961915,0.000925926,0.959815,18,1,3,0,0,1,0,1
51774,8675934204,1553758,Build,sz_issue1329,dc737fb049c9549756eb66600c2d45098e417efd,.github/workflows/maven.yml,success,52327453,szarnekow,194,9,0.0,0.0,,push,0,0,,1,success,1,0e568f5e73e1e8b6d2b6993e61b590bfec5826be,4,172,172,0,0,4,344,1,0,0,0,0,0,4,4,0,0,0,94,0,0,0,0,0,0,1,0,0,16,0,0,0,0,0,0,0,0,0,63,0,[],java-maven,2987231,3622381,1212.62,0,0,0,0,1,0.00833333,0.998188,0.00277778,0.999074,0,1,4,0,0,0,0,0
51775,7876860422,1553758,PR #2932,cd_gradle86,7fabab6f9e992dbe2cecad9acac6c5465e526e32,dynamic/github-code-scanning/codeql,success,79271691,cdietrich,193,7,0.0,0.0,,dynamic,8,0,2932.0,1,success,1,58dfd777cd495f163c689bdd0508619864810c8f,10,55,55,2,0,0,0,2,88,1,1,0,0,0,0,0,0,0,0,0,0,0,0,0,0,0,0,0,16,0,0,44,44,0,0,0,0,0,1,0,[],java-maven,2990202,3622725,1211.53,0,0,0,0,0,0.00555556,0.963294,0.0,1.0,7,1,1,0,0,0,0,0
51776,7756103214,1553758,Build,main,28d84f0b381cae7708253234d5b09ff218b0548a,.github/workflows/maven.yml,success,52327453,cdietrich,193,8,0.0,0.0,,push,12,0,2926.0,1,success,1,88acf1555988cd81e1756abc0d6d2c3f1f1efa11,10,17,17,1,0,2,6,4,24,2,1,0,0,1,1,0,0,0,0,0,0,0,0,0,0,1,0,0,16,0,0,12,12,0,0,0,0,0,54,0,[],java-maven,2989722,3622304,1211.59,0,0,0,0,1,0.0166667,0.858527,0.0,1.0,5,1,3,0,0,1,0,1
51777,8171346515,1553758,Build,lb_tycho4,610c3da6c3bd124687a8c7be542d32fb78536f01,.github/workflows/maven.yml,success,52327453,LorenzoBettini,193,8,0.0,0.0,,push,0,0,,1,success,1,a27a3e578bfeb14f257ffb252afb3812d6b007b9,1,0,1,0,0,0,0,1,1,0,0,0,0,0,0,0,0,0,0,0,0,0,0,0,0,0,0,0,16,0,0,0,1,0,0,0,0,0,54,0,[],java-maven,2985888,3622788,1213.3,0,0,0,0,1,0.0037037,0.962277,0.0,1.0,21,0,3,0,1,1,0,0
51778,8882353056,1553758,Build,lb_xtend_regen,bc51517d56ee56516c095a097875185c8f35cfc5,.github/workflows/maven.yml,success,52327453,LorenzoBettini,195,11,0.0,0.0,,push,62,0,3022.0,0,success,1,341050e055a9054582e74efea4b2b0da781c2dda,2,20,20,0,0,2,40,1,0,0,0,0,0,2,2,0,0,0,75,0,0,0,0,0,0,1,0,0,16,0,0,0,0,0,0,0,0,0,87,0,[],java-maven,2989712,3623286,1211.92,0,0,0,0,1,0.0222222,0.919111,0.0111111,0.896242,42,0,4,0,1,0,0,0
51779,8400635590,1553758,PR #2961,cd/orbit202406,45d4f77ca633e0bce21e0284f9b58d52d7d0f513,dynamic/github-code-scanning/codeql,success,79271691,cdietrich,193,8,0.0,0.0,,dynamic,0,0,,1,success,1,feb9ed96d19d9b41e3e0667aa4f90c2188dbb8fd,21,49,49,11,0,2,6,4,34,1,1,0,0,1,1,0,0,0,1,0,0,0,0,0,0,1,0,0,16,0,0,17,17,0,0,1,0,0,0,0,[],java-maven,2986077,3622918,1213.27,0,0,0,0,0,0.000925926,0.999895,0.0,1.0,14,1,1,0,0,0,0,0
51780,8620676077,1553758,Build,lb_java_21,7bf593e16195903ae337dffb82075b383f66f7f2,.github/workflows/maven.yml,cancelled,52327453,LorenzoBettini,194,9,0.0,0.0,,push,0,0,,1,success,1,f914b1f39101c447c9fbc53ec8bda1f8c04018a2,4,3,7,0,0,1,4,1,6,0,1,0,0,4,4,0,1,1,101,0,0,0,0,0,0,1,1,0,20,0,0,3,3,0,0,3,0,0,67,0,[],java-maven,2986270,3623212,1213.29,0,0,0,0,1,0.00833333,0.921474,0.00648148,0.92183,14,0,5,0,1,1,0,0
51781,9586222791,1553758,Build,cd-gradle-88,5de163d8925ee41c1fbc955bba1847c5e2a722ee,.github/workflows/maven.yml,failure,52327453,cdietrich,196,10,0.0,0.0,,push,8,0,3094.0,1,success,1,74d2f7fac3bba4c78a6828d5b2317b985cc22e01,15,10,10,3,0,0,0,3,16,2,1,0,0,0,0,0,0,0,0,0,0,0,0,0,0,0,0,0,22,0,0,8,8,0,0,0,0,0,89,0,[],java-maven,3046443,3754311,1232.36,0,0,0,0,1,0.0138889,0.851321,0.0037037,0.905671,23,1,5,0,0,0,0,0
51782,7503372632,1553758,Build,main,7465b3e4af40cd757800a788c88bef14fc0d305f,.github/workflows/maven.yml,success,52327453,szarnekow,192,7,0.0,0.0,,push,30,0,2903.0,1,success,1,6880c8e869ef7f14bf5626286b31efd41945e4ee,10,19,19,8,0,1,2,2,4,0,1,0,0,0,0,0,0,0,0,0,0,0,0,0,0,0,0,0,16,0,0,2,2,0,0,0,0,0,54,0,[],java-maven,2989529,3622193,1211.63,0,0,0,0,1,0.0175926,0.929819,0.0111111,0.947293,7,1,3,0,0,1,0,1
51783,7313193302,1553758,Build,cd_tycho50,b648a29b75f7e5d97881b38cfa13926e90a8290a,.github/workflows/maven.yml,success,52327453,cdietrich,192,7,0.0,0.0,,push,0,0,,1,success,10,aede68033e19770f556078205bc2d496b07b892c,33,58,49,20,0,6,29,6,14,2,1,0,0,1,1,1,0,1,15,0,0,0,0,0,0,1,0,0,16,0,0,7,7,1,0,0,0,0,54,0,[],java-maven,2988573,3621828,1211.89,0,0,0,0,1,0.00740741,0.863864,0.0037037,0.898148,17,1,3,0,0,0,0,0
51784,8880459227,1553758,Build,sz_nodemodel,be0c6b9d3898c67a82f6e10377af2fd74e286bc8,.github/workflows/maven.yml,success,52327453,szarnekow,195,11,0.0,0.0,,push,4,0,3021.0,0,success,16,2478074efd20877cd10cc550b9171104cf285fc1,199,1051,967,10,0,100,912,5,1068,1,1,2,0,150,152,6,0,6,911,0,0,0,143,131,274,1,1,0,16,1,0,561,507,0,0,139,0,0,87,0,[],java-maven,2989712,3623286,1211.92,0,0,0,0,1,0.0222222,0.954106,0.0111111,0.924603,5,1,4,0,0,1,0,0
51785,9175727575,1553758,Build,cd_tycho50,81a080a57cfaf56af3578b6d9557864e8bf30957,.github/workflows/maven.yml,failure,52327453,cdietrich,195,11,0.0,0.0,,push,0,0,,1,success,19,fa3874997e86a38431d639480919ddab720e762a,112,361,198,11,0,3,12,5,505,1,1,0,1,89,90,4,1,5,39,0,0,0,4,7,11,1,1,0,22,0,1,330,175,0,0,82,0,0,95,0,[],java-maven,3062140,3770706,1231.4,0,0,0,0,1,0.0222222,0.850637,0.0111111,0.865432,24,1,5,0,0,0,0,0
51786,8535097776,1553758,PR #2966,miklossy_formatter_abstract_base_class,7fe793adfb7a58fb5180e015ae83727e8f33b2d9,dynamic/github-code-scanning/codeql,success,79271691,miklossy,194,9,0.0,0.0,,dynamic,104,0,2966.0,1,success,1,a4d9485ef6834dbce2ae9b00a2a177f791e74d54,1,5,4,0,0,0,0,1,9,0,0,0,0,1,1,0,0,0,2,0,0,0,1,1,2,0,1,0,16,0,0,5,4,0,0,0,0,0,0,0,[],java-maven,2985992,3622858,1213.28,0,0,0,0,0,0.00277778,0.865741,0.00185185,0.866049,0,1,1,0,0,0,0,0
51787,9668690679,1553758,PR #3080,lb_3077,5bcc2292b6a795a8fa807cc9db59d472c61470fd,dynamic/github-code-scanning/codeql,success,79271691,LorenzoBettini,196,9,0.0,0.0,,dynamic,0,0,,1,success,1,5dc5b24d643280a77279a6f5f0295ea0831d97b6,2,3,3,0,0,0,0,2,6,1,0,0,0,1,1,0,0,0,0,0,0,0,0,0,0,0,1,0,22,0,0,3,3,0,0,1,0,0,0,0,[],java-maven,3046832,3754691,1232.33,0,0,0,0,0,0.0111111,0.869176,0.00185185,0.999228,9,0,1,0,1,0,0,0
51788,8680105511,1553758,Build,emit_java.utils.Objects_in_generate_code,26bb0154143a4267acc8debe584619cb0fe2f4b7,.github/workflows/maven.yml,success,52327453,HannesWell,194,9,,,,pull_request,0,0,,1,success,0,,0,0,0,0,0,0,0,0,0,0,0,0,0,0,0,0,0,0,0,0,0,0,0,0,0,0,0,0,21,0,0,0,0,0,0,0,0,0,63,0,[],java-maven,2986093,3622926,1213.27,0,0,0,0,1,0.0111111,0.805556,0.00555556,0.83179,1,0,4,0,1,0,0,0
51789,8055029674,1553758,Push on main,main,36938274943ca2305721ff07e5caf7af536bbd67,dynamic/github-code-scanning/codeql,success,79271691,cdietrich,193,7,0.0,0.0,,dynamic,6,0,2944.0,1,success,1,748d40a1cd0c0400ac799ab3038e6e0e8b77e9cb,9,9,9,8,0,0,0,1,2,0,1,0,0,0,0,0,0,0,0,0,0,0,0,0,0,0,0,0,16,0,0,1,1,0,0,0,0,0,0,0,[],java-maven,2990265,3622778,1211.52,0,0,0,0,0,0.0037037,0.958806,0.00277778,0.919444,16,1,1,0,0,1,0,1
51790,7616405810,1553758,Build,lb_regen-xbase-test-languages,8ad31a02f74c476e137d909b653c654e5ed9ea93,.github/workflows/maven.yml,success,52327453,LorenzoBettini,192,7,0.0,0.0,,pull_request,77,0,2918.0,0,success,1,5cbc3cf008f20b007fda3be16288322c0d8277d9,95,95,98,0,0,0,0,3,193,1,1,0,0,86,86,0,0,0,243,0,0,0,0,0,0,0,1,0,16,0,0,95,98,0,0,0,0,0,54,0,[],java-maven,2989555,3622268,1211.64,0,0,0,0,1,0.0194444,0.931095,0.00555556,0.951058,116,0,3,0,1,0,0,0
51791,7594116852,1553758,PR #2916,sz_nodemodel,6ccbe0aedb03696cd1cd09bd0bdb12f819526996,dynamic/github-code-scanning/codeql,success,79271691,szarnekow,192,7,0.0,0.0,,dynamic,55,0,2916.0,1,success,1,d9168ccf82154eb02c5232ca748e944af279f0b0,2,5,1,0,0,2,6,1,0,0,0,0,0,2,2,0,0,0,12,0,0,0,0,0,0,1,0,0,16,0,0,0,0,0,0,0,0,0,1,0,[],java-maven,2989634,3622271,1211.61,0,0,0,0,0,0.0194444,0.875567,0.00555556,0.731481,5,1,1,0,0,1,0,0
51792,7372107836,1553758,Build,lb_xbase_cleanup,fdad9842c53185582bc15547e96118b3cedf82e0,.github/workflows/maven.yml,success,52327453,LorenzoBettini,192,6,,,,pull_request,0,0,,1,failure,0,,0,0,0,0,0,0,0,0,0,0,0,0,0,0,0,0,0,0,0,0,0,0,0,0,0,0,0,0,21,0,0,0,0,0,0,0,0,0,54,0,[],java-maven,2988542,3621833,1211.91,0,0,0,0,1,0.00740741,0.949383,0.00277778,0.955918,39,0,3,0,1,0,0,0
51793,9879849892,1553758,Build,cd-npm-adv,e4ce05f9bcfcbc74bd0125282fb747e1d2d67a21,.github/workflows/maven.yml,success,52327453,cdietrich,196,9,0.0,0.0,,push,0,0,,0,success,1,f17d2521c4ce5667d5e6e7bdb8a235149fa00211,2,48,48,0,0,2,96,1,0,0,0,0,0,0,0,0,0,0,0,0,0,0,0,0,0,0,0,0,22,0,0,0,0,0,0,0,0,0,220,1,[],java-maven,3046489,3754360,1232.36,0,0,0,0,1,0.00648148,0.916127,0.000925926,0.999711,21,1,5,0,0,0,0,0
51794,8939754721,1553758,PR #3024,miklossy_issue_3007,33665f17d74a6c410e23f5259b60f008ee2914d0,dynamic/github-code-scanning/codeql,success,79271691,miklossy,195,11,0.0,0.0,,dynamic,0,0,,1,success,1,79797f92dd3ae948d6fc3e2bb486bf72fb6333d7,6,85,44,0,0,0,0,2,129,1,1,0,0,5,5,0,0,0,6,0,0,0,0,7,7,0,1,0,16,0,0,85,44,0,0,17,0,0,0,0,[],java-maven,2989778,3623397,1211.93,0,0,0,0,0,0.0203704,0.876362,0.000925926,0.999486,2,1,1,0,0,0,0,0
51795,7788797220,1553758,Build,main,88c9ed9b70c2275540cd0b6e6b780b4edc59f898,.github/workflows/maven.yml,success,52327453,LorenzoBettini,193,8,0.0,0.0,,push,89,0,2929.0,1,success,2,84eac4d10640e8df44818dfef7288c5109b15a09,3,48,2,0,0,2,22,1,28,0,1,0,0,2,2,1,0,1,87,1,0,1,1,0,1,1,0,0,16,0,0,27,1,0,0,0,0,0,54,0,[],java-maven,2990092,3622683,1211.56,0,0,0,0,1,0.0157407,0.942654,0.0,1.0,164,0,3,0,1,1,0,1
51796,7582688874,1553758,Build,lb_2912,eff2e7b33406a479127f9e48cf0b81c37465c4a3,.github/workflows/maven.yml,success,52327453,LorenzoBettini,192,7,0.0,0.0,,pull_request,195,0,2913.0,0,failure,4,e8ba5ad25c0570088b2da16d674dd42306d537e3,2,56,40,0,0,1,60,1,36,0,1,1,0,2,3,0,1,1,87,0,0,0,0,0,0,1,1,0,16,1,0,32,4,0,0,1,0,0,54,0,[],java-maven,2989570,3622271,1211.64,0,0,0,0,1,0.0148148,0.933977,0.000925926,0.999807,114,0,3,0,1,0,0,0
51797,8401706148,1553758,Build,main,1e42c1b22f58ebc86c0bc08bd331bfc3d2311e35,.github/workflows/maven.yml,success,52327453,cdietrich,193,8,0.0,0.0,,push,8,0,2961.0,0,success,1,feb9ed96d19d9b41e3e0667aa4f90c2188dbb8fd,24,53,53,12,0,3,10,6,34,1,1,0,0,1,1,0,0,0,1,0,0,0,0,0,0,1,0,0,16,0,0,17,17,1,0,1,0,0,63,0,[],java-maven,2986077,3622918,1213.27,0,0,0,0,1,0.000925926,0.999899,0.0,1.0,16,1,4,0,0,1,0,1
51798,7472624455,1553758,Build,lb-xtend-performance-tests,28f0dbd60e6486b802514b435721c3b66ca7b119,.github/workflows/maven.yml,failure,52327453,LorenzoBettini,192,7,0.0,0.0,,pull_request,199,0,2891.0,1,failure,10,d05f413fc3d3d5bd7a72788e84dbacbab8be8c3f,25,61,333,1,0,0,0,7,391,2,1,5,1,3,9,0,0,0,2,0,0,0,57,3,60,0,1,0,16,0,6,59,332,0,0,1,0,0,54,0,[],java-maven,2989487,3622141,1211.63,0,0,0,0,1,0.012037,0.908407,0.00555556,0.820437,103,0,3,0,1,0,0,0
51799,8553940000,1553758,Build,cd_tycho50,428cce6d10fa5aa2696c00ca5a75ca4febb97982,.github/workflows/maven.yml,success,52327453,cdietrich,194,9,0.0,0.0,,push,0,0,,1,success,9,591d80ba65e2fbf5b9cffcc31ba514fcdedb1f64,59,277,145,25,0,10,78,9,192,2,1,2,0,7,9,2,0,2,18,1,0,1,12,0,12,1,1,0,16,5,0,151,41,1,0,4,0,0,63,0,[],java-maven,2986088,3622924,1213.27,0,0,0,0,1,0.00277778,0.999369,0.0,1.0,8,1,4,0,0,0,0,0
51800,8680475158,1553758,Build,sz_issue1329,7984bde95536098ea7717e71155900499c1453e2,.github/workflows/maven.yml,success,52327453,szarnekow,194,9,0.0,0.0,,push,20,0,2969.0,0,success,1,dc737fb049c9549756eb66600c2d45098e417efd,4,41,51,1,0,3,90,2,0,1,1,0,0,3,3,0,2,2,88,0,0,0,0,0,0,1,0,0,16,0,0,0,0,0,0,1,0,0,63,0,[],java-maven,2987226,3622381,1212.62,0,0,0,0,1,0.0111111,0.998084,0.00555556,0.998677,0,1,4,0,0,0,0,0
51801,7450204148,1553758,Push on main,main,cd0c81ed86c77631b711fb7efbc6e74ed1f1abef,dynamic/github-code-scanning/codeql,success,79271691,szarnekow,192,7,0.0,0.0,,dynamic,24,0,2894.0,1,success,1,4fcf4e5a0de7bfe2e0e270ecf6ba4ac78f43068a,1,565,2,0,0,1,33,2,534,1,1,1,0,1,2,0,0,0,22,0,0,0,3,0,3,1,1,0,16,2,0,534,0,0,0,0,0,0,1,0,[],java-maven,2989074,3622166,1211.8,0,0,0,0,0,0.00740741,0.944945,0.000925926,0.968605,7,1,1,0,0,1,0,1
51802,8055029790,1553758,Build,main,36938274943ca2305721ff07e5caf7af536bbd67,.github/workflows/maven.yml,success,52327453,cdietrich,193,7,0.0,0.0,,push,6,0,2944.0,1,success,1,748d40a1cd0c0400ac799ab3038e6e0e8b77e9cb,9,9,9,8,0,0,0,1,2,0,1,0,0,0,0,0,0,0,0,0,0,0,0,0,0,0,0,0,16,0,0,1,1,0,0,0,0,0,54,0,[],java-maven,2990265,3622778,1211.52,0,0,0,0,1,0.0037037,0.958806,0.00277778,0.919444,16,1,3,0,0,1,0,1
51803,8171473871,1553758,Build,lb_tycho4,e04783a5baaa49423b11b3e13c12c7370c5ae2b1,.github/workflows/maven.yml,success,52327453,LorenzoBettini,193,8,0.0,0.0,,push,0,0,,1,success,1,610c3da6c3bd124687a8c7be542d32fb78536f01,2,2,2,1,0,1,2,2,0,1,1,0,0,0,0,0,0,0,0,0,0,0,0,0,0,0,0,0,16,0,0,0,0,0,0,0,0,0,54,0,[],java-maven,2985888,3622788,1213.3,0,0,0,0,1,0.0037037,0.963624,0.0,1.0,21,0,3,0,1,1,0,0
51804,9091749417,1553758,Build,lb_java_21-2,6ec2a2facaa759033f4da606fa2ff8804a05d244,.github/workflows/maven.yml,success,52327453,LorenzoBettini,195,11,,,,pull_request,0,0,,1,success,0,,0,0,0,0,0,0,0,0,0,0,0,0,0,0,0,0,0,0,0,0,0,0,0,0,0,0,0,0,21,0,0,0,0,0,0,0,0,0,95,0,[],java-maven,2991043,3625069,1211.97,0,0,0,0,1,0.0194444,0.923506,0.00740741,0.915123,79,0,5,0,1,1,0,0
51805,8321491997,1553758,Build,cd_eclipse202406,b92f15caee2d76f1e1ac8e0b64212842594033e7,.github/workflows/maven.yml,success,52327453,cdietrich,193,9,0.0,0.0,,push,0,0,,1,success,1,7276c2e2db87a695e67ea09fc911fcd3b6ee6f79,14,17,17,10,0,1,4,3,8,1,1,0,0,1,1,0,0,0,1,0,0,0,0,0,0,1,0,0,16,0,0,4,4,0,0,1,0,0,63,0,[],java-maven,2986077,3622918,1213.27,0,0,0,0,1,0.0037037,0.957053,0.0,1.0,14,1,4,0,0,0,0,0
51806,8155145877,1553758,PR #2952,sz_bundle_dep,701dea96abbf9e7b7870de2ecfb3900f0e1feeaf,dynamic/github-code-scanning/codeql,success,79271691,szarnekow,193,7,0.0,0.0,,dynamic,12,0,2952.0,1,success,1,652e4b0ed1a6947d7fd068945fee13b56da2f37a,76,339,339,41,0,1,2,2,432,0,1,0,0,1,1,0,0,0,2,0,0,0,0,0,0,1,0,0,16,0,0,216,216,0,0,1,0,0,0,0,[],java-maven,2990265,3622778,1211.52,0,0,0,0,0,0.0037037,0.907407,0.0,1.0,0,1,1,0,0,1,0,0
51807,7731379471,1553758,Build,main,88acf1555988cd81e1756abc0d6d2c3f1f1efa11,.github/workflows/maven.yml,success,52327453,LorenzoBettini,193,8,0.0,0.0,,push,50,0,2923.0,1,success,5,6f513e4abb6f397f8f0ef1e423a72353c6a98f2d,17,52,28,8,0,8,60,3,4,1,1,0,0,0,0,0,0,0,0,0,0,0,0,0,0,0,0,0,16,0,0,2,2,0,0,0,0,0,54,0,[],java-maven,2989722,3622304,1211.59,0,0,0,0,1,0.0166667,0.932407,0.0,1.0,78,0,3,0,1,1,0,1
51808,9559895245,1553758,PR #3080,lb_3077,a1a12699b7942ce965a74df066040f6fef5af569,dynamic/github-code-scanning/codeql,success,79271691,LorenzoBettini,196,10,0.0,0.0,,dynamic,0,0,,1,failure,7,54e5f6e95872b728ac6b1d588838fd221f5f6ddb,13,76,752,3,0,5,783,6,29,2,1,0,0,3,3,1,0,1,8,0,0,0,2,0,2,1,1,0,22,0,0,22,7,0,0,1,0,0,0,0,[],java-maven,3046839,3754629,1232.3,0,0,0,0,0,0.0203704,0.839104,0.00555556,0.774691,37,0,1,0,1,0,0,0
51809,8184014567,1553758,Build,cd_tycho50,11d27ea02f896d44d4f66b7527478f0140dce929,.github/workflows/maven.yml,success,52327453,cdietrich,193,8,0.0,0.0,,push,0,0,,1,success,15,b94af35d8cd21c17e2aa81e5556b6a06c7901879,94,495,7140,48,0,85,6785,9,492,2,1,0,79,5,84,0,0,0,31,1,0,1,1,329,330,1,1,0,16,1,79,257,235,0,1,4,0,0,63,0,[],java-maven,2985988,3622800,1213.27,0,0,0,0,1,0.0037037,0.964587,0.0,1.0,18,1,4,0,0,0,0,0
51810,7477386980,1553758,Build,lb_bootstrap_m1,84c9ea3f104ce938ed76423f3e4e734859c29088,.github/workflows/maven.yml,success,52327453,LorenzoBettini,192,7,0.0,0.0,,push,0,0,,1,success,1,15aa26aa16991fd3299771482ca8059fbdea57ca,10,19,19,8,0,1,2,2,4,0,1,0,0,0,0,0,0,0,0,0,0,0,0,0,0,0,0,0,16,0,0,2,2,0,0,0,0,0,54,0,[],java-maven,2989540,3622195,1211.62,0,0,0,0,1,0.012037,0.919398,0.00555556,0.86769,106,0,3,0,1,0,0,0
51811,7505760579,1553758,Build,main,32b61ee98ab5f2e2f826f1adc3c4a0736c3c92be,.github/workflows/maven.yml,success,52327453,LorenzoBettini,192,7,0.0,0.0,,push,115,0,2907.0,1,success,3,47a553bd09a910c668176a39218b5b74bc187ea4,1,0,5,0,0,1,5,1,0,0,0,0,0,1,1,0,0,0,3,0,0,0,0,0,0,1,0,0,16,0,0,0,0,0,0,0,0,0,54,0,[],java-maven,2989524,3622193,1211.63,0,0,0,0,1,0.0175926,0.929053,0.0111111,0.892435,113,0,3,0,1,1,0,1
51812,9170831903,1553758,Build,lb_compilation_test_result,2f09e5fbc46e0b9203260bcc5acb26292b852f7f,.github/workflows/maven.yml,success,52327453,LorenzoBettini,195,11,0.0,0.0,,push,51,0,3027.0,0,success,179,14cac5d781294ea9f343e0a530561e1ce5b1dbed,424,151692,4010,32,0,35,2417,25,153022,2,1,85,5,293,383,15,47,62,691,2,40,42,1073,552,1625,1,1,0,22,134,6,150083,2939,2,1,96,0,0,95,0,[],java-maven,3062170,3770615,1231.35,0,0,0,0,1,0.0194444,0.930021,0.00462963,0.954019,130,0,5,0,1,0,0,0
51813,8678820426,1553758,Build,replace-guava-in-scopes,3eccb8af166728c3d387973a05e9791db9ec01be,.github/workflows/maven.yml,success,52327453,HannesWell,194,9,,,,pull_request,0,0,,1,success,0,,0,0,0,0,0,0,0,0,0,0,0,0,0,0,0,0,0,0,0,0,0,0,0,0,0,0,0,0,21,0,0,0,0,0,0,0,0,0,63,0,[],java-maven,2986101,3622920,1213.26,0,0,0,0,1,0.00833333,0.886574,0.00277778,0.998611,1,0,4,0,1,0,0,0
51814,7787310761,1553758,Build,lb_2928,fca40be2066b48161d41f32b00113536af81a7d4,.github/workflows/maven.yml,success,52327453,LorenzoBettini,193,8,0.0,0.0,,push,89,0,2929.0,1,success,1,9ba134b12a9ac8c0aa7b8e4918672ba89ac6c293,1,4,2,0,0,0,0,1,6,0,0,0,0,0,0,0,0,0,0,0,0,0,0,0,0,0,0,0,16,0,0,4,2,0,0,0,0,0,54,0,[],java-maven,2990092,3622683,1211.56,0,0,0,0,1,0.0157407,0.940983,0.0,1.0,170,0,3,0,1,0,0,0
51815,8613694055,1553758,Push on main,main,9e3b1b496e157a58fe3bf556bb910f03c3a7a9a7,dynamic/github-code-scanning/codeql,success,79271691,LorenzoBettini,194,9,0.0,0.0,,dynamic,4,0,2985.0,1,success,1,1476d8300d255139afd065f4d3c9bdef21bb5f51,1,1,1,0,0,1,2,1,0,0,0,0,0,0,0,0,0,0,0,0,0,0,0,0,0,0,0,0,16,0,0,0,0,0,0,0,0,0,0,0,[],java-maven,2986093,3622926,1213.27,0,0,0,0,0,0.00833333,0.914931,0.00648148,0.915316,14,0,1,0,1,1,0,1
51816,7445585461,1553758,Push on main,main,d364c056506792e4bff78123578deaeb0b8ce947,dynamic/github-code-scanning/codeql,success,79271691,szarnekow,192,6,0.0,0.0,,dynamic,22,0,2893.0,1,success,1,316daf75a256bfca1add4c2f53ac20389bb78e11,41,13,59,18,0,2,7,3,33,0,1,0,0,2,2,0,0,0,3,0,0,0,0,0,0,1,0,0,16,0,0,4,29,0,0,2,0,0,1,0,[],java-maven,2988572,3621628,1211.83,0,0,0,0,0,0.00740741,0.911433,0.000925926,0.944187,4,1,1,0,0,1,0,1
51817,8939754098,1553758,Build,miklossy_issue_3007,33665f17d74a6c410e23f5259b60f008ee2914d0,.github/workflows/maven.yml,success,52327453,miklossy,195,11,0.0,0.0,,push,0,0,,0,success,1,79797f92dd3ae948d6fc3e2bb486bf72fb6333d7,6,85,44,0,0,0,0,2,129,1,1,0,0,5,5,0,0,0,6,0,0,0,0,7,7,0,1,0,16,0,0,85,44,0,0,17,0,0,87,0,[],java-maven,2989778,3623397,1211.93,0,0,0,0,1,0.0203704,0.868634,0.000925926,0.999421,2,1,4,0,0,0,0,0
51818,8613694350,1553758,Build,main,9e3b1b496e157a58fe3bf556bb910f03c3a7a9a7,.github/workflows/maven.yml,success,52327453,LorenzoBettini,194,9,0.0,0.0,,push,4,0,2985.0,1,success,1,1476d8300d255139afd065f4d3c9bdef21bb5f51,1,1,1,0,0,1,2,1,0,0,0,0,0,0,0,0,0,0,0,0,0,0,0,0,0,0,0,0,16,0,0,0,0,0,0,0,0,0,63,0,[],java-maven,2986093,3622926,1213.27,0,0,0,0,1,0.00833333,0.918333,0.00648148,0.918704,14,0,4,0,1,1,0,1
51819,9810853502,1553758,Push on main,main,785a725aaa7a339f580df5c3b362312e8cc8d0d3,dynamic/github-code-scanning/codeql,success,79271691,cdietrich,196,9,0.0,2.0,{'chore'},dynamic,8,0,3098.0,1,success,2,3fed1b91173344567425dbc5aca80987641a2d7f,45,74,74,14,0,7,26,4,68,2,1,0,0,1,1,0,0,0,1,0,0,0,0,0,0,1,0,0,22,0,0,34,34,0,0,2,0,0,0,0,[],java-maven,3046488,3754356,1232.36,0,0,0,0,0,0.0111111,0.883253,0.0,1.0,26,1,1,0,0,1,0,1
51820,8157053155,1553758,Build,sz_bundle_dep,5074fa7b17c5d901c73c1235dad72817f5fe7c4f,.github/workflows/maven.yml,success,52327453,szarnekow,193,7,0.0,0.0,,push,12,0,2952.0,1,success,1,e966628fe12aff3e7f539ea970d3cc8e8f1e2bbe,1,1,1,0,0,1,2,1,0,0,0,0,0,0,0,0,0,0,0,0,0,0,0,0,0,0,0,0,16,0,0,0,0,0,0,0,0,0,54,0,[],java-maven,2990265,3622778,1211.52,0,0,0,0,1,0.0037037,0.936343,0.0,1.0,0,1,3,0,0,0,0,0
51821,7444570021,1553758,Build,main,316daf75a256bfca1add4c2f53ac20389bb78e11,.github/workflows/maven.yml,success,52327453,szarnekow,192,6,0.0,0.0,,push,94,0,2892.0,1,success,1,dddc2743e673095e3038acd9b667998810579c81,100,2437,2277,52,0,5,302,6,2760,1,1,1,0,3,4,2,0,2,27,1,0,1,8,0,8,1,1,0,16,1,0,1399,1361,0,0,1,0,0,54,0,[],java-maven,2988572,3621653,1211.83,0,0,0,0,1,0.00740741,0.886831,0.000925926,0.922721,3,1,3,0,0,1,0,1
51822,9131724919,1553758,PR #3048,cd-java-source-lang-21,efda57d69b85ded2f26764d5bebe0784807686c3,dynamic/github-code-scanning/codeql,success,79271691,cdietrich,195,11,0.0,0.0,,dynamic,0,0,,1,success,1,cf4a3e464ec0a73592e33a872c869583fe9d6b3d,1,1,1,0,0,1,2,1,0,0,0,0,0,1,1,0,0,0,10,0,0,0,0,0,0,1,0,0,22,0,0,0,0,0,0,0,0,0,0,0,[],java-maven,3060901,3768329,1231.12,0,0,0,0,0,0.0212963,0.875452,0.00462963,0.922187,17,1,1,0,0,0,0,0
51823,7753484712,1553758,Build,cd_issue2925,5554cc803f009d2ca392fe0b2c783b36f04ac0c6,.github/workflows/maven.yml,success,52327453,cdietrich,193,8,0.0,0.0,,push,12,0,2926.0,1,success,1,88acf1555988cd81e1756abc0d6d2c3f1f1efa11,10,17,17,1,0,2,6,4,24,2,1,0,0,1,1,0,0,0,0,0,0,0,0,0,0,1,0,0,16,0,0,12,12,0,0,0,0,0,54,0,[],java-maven,2989722,3622304,1211.59,0,0,0,0,1,0.0166667,0.847917,0.0,1.0,4,1,3,0,0,0,0,0
51824,7727954705,1553758,Build,lb_2880-3,83315ea820cb0688e3d26b89766e6f82bdbb18cd,.github/workflows/maven.yml,success,52327453,LorenzoBettini,193,8,,,,pull_request,0,0,,1,success,0,,0,0,0,0,0,0,0,0,0,0,0,0,0,0,0,0,0,0,0,0,0,0,0,0,0,0,0,0,21,0,0,0,0,0,0,0,0,0,54,0,[],java-maven,2989731,3622321,1211.59,0,0,0,0,1,0.0166667,0.930077,0.0,1.0,74,0,3,0,1,1,0,0
51825,8883853161,1553758,Build,main,7414f04e5830c964344b04acecff980c878d36ea,.github/workflows/maven.yml,success,52327453,szarnekow,195,11,0.0,0.0,,push,4,0,3021.0,1,success,1,70997d9d907649df6fdc3592451c8ab77bcc6c92,1,1,1,0,0,1,2,1,0,0,0,0,0,1,1,0,0,0,2,0,0,0,0,0,0,1,0,0,16,0,0,0,0,0,0,1,0,0,87,0,[],java-maven,2989712,3623286,1211.92,0,0,0,0,1,0.0222222,0.956916,0.0101852,0.938181,6,1,4,0,0,1,0,1
51826,8765824433,1553758,Build,main,167a99119a401252400ef11786c353577cdf862e,.github/workflows/maven.yml,success,52327453,LorenzoBettini,194,11,0.0,0.0,,push,66,0,3003.0,1,success,1,73bd1580bcea48d7ed27f990cadbc5ae4d308572,10,66,56,0,0,0,0,1,122,0,1,0,0,9,9,0,0,0,4,0,0,0,9,8,17,0,1,0,16,0,0,66,56,0,0,40,0,0,63,0,[],java-maven,2988636,3622459,1212.08,0,0,0,0,1,0.012037,0.956166,0.0037037,0.999195,17,0,4,0,1,1,0,1
51827,9112520471,1553758,Build,cd-xyz,a62e379930fe0e1e1acc1936807696a6decc0233,.github/workflows/maven.yml,success,52327453,cdietrich,195,11,0.0,0.0,,push,0,0,,0,success,1,c03b09ef2e798e20b07ce4d4ec3ea7c2f306b832,1,1,1,0,0,0,0,1,2,0,0,0,0,1,1,0,0,0,6,0,0,0,0,0,0,0,1,0,20,0,0,1,1,0,0,0,0,0,95,0,[],java-maven,3061152,3768699,1231.14,0,0,0,0,1,0.0203704,0.858557,0.00648148,0.926257,14,1,5,0,0,0,0,0
51828,9395320634,1553758,Build,cd-433-i-builds,1e24ff097bf40785d542f5a9452d44f7d92b2836,.github/workflows/maven.yml,success,52327453,cdietrich,196,11,0.0,0.0,,push,10,0,3076.0,1,success,1,33e7729bbee6283b70711e27a65f3cb688f69c96,11,12,12,10,0,0,0,1,4,0,1,0,0,0,0,0,0,0,0,0,0,0,0,0,0,0,0,0,22,0,0,2,2,0,0,0,0,0,89,0,[],java-maven,3062192,3770698,1231.37,0,0,0,0,1,0.0203704,0.869325,0.0,1.0,23,1,5,0,0,0,0,0
51829,9008456645,1553758,Build,cd_tycho50,2adaeb4dd0a15e88188c2aab5ce18f223b323713,.github/workflows/maven.yml,failure,52327453,cdietrich,195,11,0.0,0.0,,push,0,0,,1,success,29,de2b8e6d881b81e999d3e83cdcc492b30183d272,228,2282,1218,85,0,120,1391,8,1896,2,1,10,0,162,172,10,0,10,1030,0,0,0,276,131,407,1,1,0,16,10,95,1327,569,1,0,140,0,0,87,0,[],java-maven,2989718,3623226,1211.9,0,0,0,0,1,0.0175926,0.852954,0.00185185,0.81734,8,1,4,0,0,0,0,0
51830,8156997691,1553758,Build,main,5f8a28ca7f272480d09ed30d74b937cbd0f13370,.github/workflows/maven.yml,success,52327453,szarnekow,193,7,0.0,0.0,,push,33,0,2951.0,1,success,1,652e4b0ed1a6947d7fd068945fee13b56da2f37a,1,3,3,0,0,1,6,1,0,0,0,0,0,1,1,0,0,0,3,0,0,0,0,0,0,1,0,0,16,0,0,0,0,0,0,0,0,0,54,0,[],java-maven,2990265,3622778,1211.52,0,0,0,0,1,0.0037037,0.932099,0.0,1.0,0,1,3,0,0,1,0,1
51831,9091678732,1553758,Build,lb_3026,b88e932a05571fd2855447f7f61284724be7229d,.github/workflows/maven.yml,success,52327453,LorenzoBettini,195,11,0.0,0.0,,pull_request,98,0,3038.0,1,success,7,aa5fb2291ac5699cfb870aceb36e74e7308894e3,248,269,2036,0,0,0,0,2,2305,0,1,1,6,236,243,0,0,0,309,0,0,0,295,441,736,0,1,0,20,0,7,269,2036,0,0,0,0,0,95,0,[],java-maven,2988631,3621923,1211.9,0,0,0,0,1,0.0194444,0.922922,0.00740741,0.911433,79,0,5,0,1,1,0,0
51832,9112073276,1553758,Build,lb_java_21-2,8e4c424ccf63bcf195bd063f8f6eaed0c01250bd,.github/workflows/maven.yml,success,52327453,LorenzoBettini,195,11,,,,pull_request,0,0,,1,success,0,,0,0,0,0,0,0,0,0,0,0,0,0,0,0,0,0,0,0,0,0,0,0,0,0,0,0,0,0,21,0,0,0,0,0,0,0,0,0,95,0,[],java-maven,3060893,3768323,1231.12,0,0,0,0,1,0.0203704,0.922365,0.00648148,0.91336,85,0,5,0,1,1,0,0
51833,7586746662,1553758,Build,sz_nodemodel,d9168ccf82154eb02c5232ca748e944af279f0b0,.github/workflows/maven.yml,success,52327453,szarnekow,192,7,0.0,0.0,,push,0,0,,1,success,1,dedfdc1fd9e9fe5391ee8f6ccc060eed4d61e6e7,1,5,1,0,0,1,6,1,0,0,0,0,0,1,1,0,0,0,10,0,0,0,0,0,0,1,0,0,16,0,0,0,0,0,0,0,0,0,54,0,[],java-maven,2989634,3622271,1211.61,0,0,0,0,1,0.0194444,0.867452,0.00555556,0.664352,5,1,3,0,0,1,0,0
51834,9443412871,1553758,Build,lb_3026_2,32b07da4804a3492e8765b5556a97785662ff04f,.github/workflows/maven.yml,success,52327453,LorenzoBettini,196,10,0.0,0.0,,push,38,0,3081.0,0,failure,1,ce601cddf2a59d920ded641bd7d30fbf05038291,0,0,680,0,0,0,0,7,680,2,0,0,7,0,7,0,0,0,0,0,0,0,0,47,47,0,1,0,22,0,18,0,680,0,0,0,0,0,89,0,[],java-maven,3046443,3754255,1232.34,0,0,0,0,1,0.0203704,0.884744,0.00277778,0.943673,119,0,5,0,1,0,0,0
51835,7584998800,1553758,PR #2915,lb_2895_UI_test_timeout,77279721996247b86e1106f4eac907ed48a3f7f4,dynamic/github-code-scanning/codeql,success,79271691,LorenzoBettini,192,7,0.0,0.0,,dynamic,0,0,,1,success,1,f393871993f8a35f8ea8492822f0ab98b71bac97,2,70,38,0,0,0,0,2,108,1,0,0,0,1,1,0,0,0,8,0,0,0,0,0,0,0,1,0,16,0,0,70,38,0,0,0,0,0,1,0,[],java-maven,2989602,3622303,1211.63,0,0,0,0,0,0.0148148,0.936728,0.000925926,0.999829,115,0,1,0,1,0,0,0
51836,8816100799,1553758,Build,main,f1e805adfc082f96b47a14246894e284bc3b1cda,.github/workflows/maven.yml,success,52327453,LorenzoBettini,194,11,0.0,0.0,,push,36,0,3013.0,1,success,1,fb3945314122a94313b71035d563611767398bd0,23,40,38,11,0,3,12,6,18,1,1,0,0,1,1,0,0,0,1,0,0,0,0,0,0,1,0,0,16,0,0,9,9,1,0,1,0,0,87,0,[],java-maven,2988706,3622468,1212.05,0,0,0,0,1,0.0231481,0.882375,0.0111111,0.850823,27,0,4,0,1,1,0,1
51837,8681013335,1553758,Build,main,f738a5b6c3ee05a2530016374cf61576b33e3382,.github/workflows/maven.yml,success,52327453,szarnekow,194,9,0.0,0.0,,push,20,0,2969.0,1,success,2,9e3b1b496e157a58fe3bf556bb910f03c3a7a9a7,33,2321,788,6,0,38,2173,9,884,2,1,18,7,22,47,22,2,24,94,8,0,8,169,58,227,1,1,0,16,19,16,174,710,0,0,5,0,0,63,0,[],java-maven,2987226,3622381,1212.62,0,0,0,0,1,0.012037,0.968818,0.00648148,0.960292,2,1,4,0,0,1,0,1
51838,7788796898,1553758,Push on main,main,88c9ed9b70c2275540cd0b6e6b780b4edc59f898,dynamic/github-code-scanning/codeql,success,79271691,LorenzoBettini,193,8,0.0,0.0,,dynamic,89,0,2929.0,1,success,2,84eac4d10640e8df44818dfef7288c5109b15a09,3,48,2,0,0,2,22,1,28,0,1,0,0,2,2,1,0,1,87,1,0,1,1,0,1,1,0,0,16,0,0,27,1,0,0,0,0,0,1,0,[],java-maven,2990092,3622683,1211.56,0,0,0,0,0,0.0157407,0.942108,0.0,1.0,164,0,1,0,1,1,0,1
51839,7813605236,1553758,Scheduled,main,58dfd777cd495f163c689bdd0508619864810c8f,dynamic/github-code-scanning/codeql,success,79271691,github-advanced-security[bot],193,8,0.0,0.0,,dynamic,6,0,2931.0,0,success,1,447dc2cd0a04711cbb61e02d8eb58e86d856f6e8,5414,5473,5426,24,0,173,351,6,10480,0,1,0,0,5004,5004,0,0,0,15421,0,0,0,0,0,0,1,1,0,16,0,0,5261,5219,1,0,0,0,0,1,0,[],java-maven,2990202,3622725,1211.53,0,0,0,0,0,0.0111111,0.99495,0.0,1.0,0,0,1,0,1,1,0,1
51840,7365651263,1553758,Build,lb_2881,3abeb80496e34e446e5aae4b5776ae0fffd9d9e9,.github/workflows/maven.yml,success,52327453,LorenzoBettini,192,6,0.0,0.0,,push,174,0,2882.0,0,success,1,54b9a1c70ed121918cb7d7bb715a4977cb3f0c42,1,1,0,1,0,0,0,1,0,0,0,0,0,0,0,0,0,0,0,0,0,0,0,0,0,0,0,0,16,0,0,0,0,0,0,0,0,0,54,0,[],java-maven,2988540,3621828,1211.91,0,0,0,0,1,0.00648148,0.961653,0.00185185,0.999421,20,0,3,0,1,1,0,0
51841,7586747045,1553758,PR #2916,sz_nodemodel,d9168ccf82154eb02c5232ca748e944af279f0b0,dynamic/github-code-scanning/codeql,success,79271691,szarnekow,192,7,0.0,0.0,,dynamic,0,0,,1,success,1,dedfdc1fd9e9fe5391ee8f6ccc060eed4d61e6e7,1,5,1,0,0,1,6,1,0,0,0,0,0,1,1,0,0,0,10,0,0,0,0,0,0,1,0,0,16,0,0,0,0,0,0,0,0,0,1,0,[],java-maven,2989634,3622271,1211.61,0,0,0,0,0,0.0194444,0.870272,0.00555556,0.690171,5,1,1,0,0,1,0,0
51842,8848067458,1553758,Push on main,main,a495298b9b5b13f840e3a5de38f11f838a160f28,dynamic/github-code-scanning/codeql,success,79271691,cdietrich,195,11,0.0,0.0,,dynamic,8,0,3019.0,1,success,2,0ba9017030af03354685b17554c1b49498076176,28,44,44,10,0,3,18,3,32,1,1,0,0,1,1,0,0,0,1,0,0,0,0,0,0,1,0,0,16,0,0,16,16,0,0,2,0,0,0,0,[],java-maven,2989063,3622882,1212.05,0,0,0,0,0,0.0212963,0.885931,0.0111111,0.924603,14,1,1,0,0,1,0,1
51843,8826949347,1553758,Build,cd_tycho50,de2b8e6d881b81e999d3e83cdcc492b30183d272,.github/workflows/maven.yml,success,52327453,cdietrich,194,10,0.0,0.0,,push,0,0,,0,success,11,8c3049fc8fe8651ee8af30043ddefcabb73e9333,28,90,54,11,0,4,14,7,38,2,1,0,0,4,4,1,0,1,14,0,0,0,1,0,1,1,1,0,16,0,0,23,15,1,1,4,0,0,87,0,[],java-maven,2988712,3622468,1212.05,0,0,0,0,1,0.0212963,0.871672,0.0111111,0.894444,11,1,4,0,0,0,0,0
51844,8678766934,1553758,Build,repalace-guava-ContainersStateFactory,e83b2408f01ad1a25e8c1da37d7b0edb49ac549c,.github/workflows/maven.yml,success,52327453,HannesWell,194,9,,,,pull_request,0,0,,0,success,0,,0,0,0,0,0,0,0,0,0,0,0,0,0,0,0,0,0,0,0,0,0,0,0,0,0,0,0,0,21,0,0,0,0,0,0,0,0,0,63,0,[],java-maven,2986111,3622926,1213.26,0,0,0,0,1,0.00833333,0.863889,0.00277778,0.998016,1,0,4,0,1,0,0,0
51845,8611537299,1553758,Build,lb_2982,1cdd29ba10140561c5d5637c7df5a4bdb50bd7c7,.github/workflows/maven.yml,success,52327453,LorenzoBettini,194,9,0.0,0.0,,push,511,0,2984.0,1,failure,1,0e6367b2a324553ee77e067e37d70ffda38cc68a,1,2,1,0,0,0,0,1,3,0,0,0,0,0,0,0,0,0,0,0,0,0,0,0,0,0,0,0,16,0,0,2,1,0,0,0,0,0,63,0,[],java-maven,2986085,3622926,1213.27,0,0,0,0,1,0.00833333,0.872396,0.00648148,0.854828,9,0,4,0,1,0,0,0
51846,9587052109,1553758,Build,main,bedfe08bc1c74a38ec3d58d8179dc3278545de1f,.github/workflows/maven.yml,success,52327453,cdietrich,196,10,0.0,0.0,,push,8,0,3094.0,1,success,1,df499791d2288b5ab85253c528754ba69ab3648a,15,10,10,3,0,0,0,3,16,2,1,0,0,0,0,0,0,0,0,0,0,0,0,0,0,0,0,0,22,0,0,8,8,0,0,0,0,0,89,0,[],java-maven,3046443,3754311,1232.36,0,0,0,0,1,0.0138889,0.86047,0.0037037,0.916152,25,1,5,0,0,1,0,1
51847,9129730912,1553758,Build,lb_2957,bd8ea14a31d736a75fc884f61bfa35d41b8c833e,.github/workflows/maven.yml,success,52327453,LorenzoBettini,195,11,0.0,0.0,,pull_request,71,0,3044.0,1,success,8,607b7b63f277655b2b45cbe4cdb2ab35e8e2d7a1,6,172,17,1,0,1,26,4,157,2,1,0,0,5,5,6,0,6,56,0,0,0,11,3,14,1,1,0,22,3,0,145,12,0,0,1,0,0,95,0,[],java-maven,3061020,3768456,1231.11,0,0,0,0,1,0.0212963,0.926447,0.00462963,0.92802,119,0,5,0,1,0,0,0
51848,8693377428,1553758,Build,emit_java.utils.Objects_in_generate_code,720e7a97b7e5c92cc12bfa3d480153ba569b0fc0,.github/workflows/maven.yml,success,52327453,HannesWell,194,9,0.0,0.0,,pull_request,123,0,2993.0,0,success,1,9b26bcf10ee6999dca9219263f42ff6378d09e8d,161,896,895,0,0,90,821,2,970,0,1,0,0,143,143,0,0,0,886,0,0,0,130,130,260,1,1,0,16,0,0,485,485,0,0,135,0,0,63,0,[],java-maven,2988716,3622515,1212.06,0,0,0,0,1,0.012037,0.825511,0.00462963,0.856041,2,0,4,0,1,0,0,0
51849,8553745329,1553758,Push on main,main,4f1669f20b5f2bdd0ad5d4663b2b9261753fd389,dynamic/github-code-scanning/codeql,success,79271691,github-advanced-security[bot],194,9,0.0,0.0,,dynamic,46,0,2972.0,0,success,1,1d83f8991764af318c917f5e2b34d86981742172,52,74,74,23,0,8,34,7,42,2,1,0,0,3,3,0,0,0,4,0,0,0,0,0,0,1,0,0,16,0,0,21,21,1,0,3,0,0,0,0,[],java-maven,2986082,3622924,1213.27,0,0,0,0,0,0.00277778,0.998737,0.0,1.0,0,0,2,0,1,1,0,1
51850,8701038678,1553758,Build,lb_java_21,303fda49ecf7cd7681a5f67ecc53d79b5247cd59,.github/workflows/maven.yml,success,52327453,LorenzoBettini,194,10,0.0,0.0,,push,0,0,,0,success,28,de23e17fdc255b163f1915cf5e5f183fbdf2ac39,148,5089,1339,9,0,141,4704,12,1665,1,1,46,12,125,183,67,4,71,848,8,0,8,488,137,625,1,1,0,20,46,21,642,1023,0,0,32,0,0,67,0,[],java-maven,2988893,3622801,1212.09,0,0,0,0,1,0.012037,0.939406,0.0037037,0.999288,14,0,5,0,1,1,0,0
51851,7384869406,1553758,PR #2889,lb_xbase_cleanup-2,30c2d6609c8348f2c8c881a29b58ad01c9080777,dynamic/github-code-scanning/codeql,success,79271691,LorenzoBettini,192,6,0.0,0.0,,dynamic,72,0,2889.0,1,success,1,da2e5b8a6c24c02f3a15da91453ef638c0bd4542,3,16,33,1,0,2,22,2,0,1,0,0,0,2,2,0,0,0,75,0,0,0,0,1,1,1,0,0,16,0,0,0,0,0,0,0,0,0,1,0,[],java-maven,2988549,3621833,1211.9,0,0,0,0,0,0.00740741,0.953276,0.00277778,0.96379,49,0,1,0,1,0,0,0
51852,8848067517,1553758,Build,main,a495298b9b5b13f840e3a5de38f11f838a160f28,.github/workflows/maven.yml,success,52327453,cdietrich,195,11,0.0,0.0,,push,8,0,3019.0,1,success,2,0ba9017030af03354685b17554c1b49498076176,28,44,44,10,0,3,18,3,32,1,1,0,0,1,1,0,0,0,1,0,0,0,0,0,0,1,0,0,16,0,0,16,16,0,0,2,0,0,87,0,[],java-maven,2989063,3622882,1212.05,0,0,0,0,1,0.0212963,0.885931,0.0111111,0.924603,14,1,4,0,0,1,0,1
51853,8245823197,1553758,Build,main,9ffc0c906cfc651db57d477dae970225c4057ed7,.github/workflows/maven.yml,success,52327453,LorenzoBettini,193,9,0.0,0.0,,push,18,0,2949.0,1,success,1,03146da0abe813a229acdab054fcfa3a8c06acc3,3,125,7,0,0,1,28,4,104,2,1,2,0,2,4,1,0,1,7,1,0,1,12,0,12,1,1,0,16,5,0,104,0,0,0,1,0,0,63,0,[],java-maven,2986077,3622918,1213.27,0,0,0,0,1,0.00462963,0.950655,0.000925926,0.962792,22,0,4,0,1,1,0,1
51854,7948602747,1553758,Build,cd_tycho50,8bf68416205956cb1dbcc047aba59f9e6e9fef1e,.github/workflows/maven.yml,success,52327453,cdietrich,193,7,0.0,0.0,,push,0,0,,1,success,72,a872af02bf6f6b80b6583d9f0b89d9e17a142a31,5491,6375,5633,41,0,196,788,13,11033,1,1,8,0,5022,5030,8,1,9,15768,3,1,4,88,3,91,1,1,0,16,7,0,5727,5306,1,0,4,0,0,54,0,[],java-maven,2990216,3622725,1211.53,0,0,0,0,1,0.0,1.0,0.0,1.0,12,1,3,0,0,0,0,0
51855,10035470287,1553758,PR #3107,refs/pull/3107/head,6bf44a4f71c2fc6cf21e821cefec60f6af44d710,dynamic/github-code-scanning/codeql,success,79271691,cdietrich,196,8,0.0,0.0,,dynamic,0,0,,1,failure,1,fc680307fc0da479e7edd47720846d5f50ae5d4d,2,660,54,0,0,2,714,1,0,0,0,0,0,0,0,0,0,0,0,0,0,0,0,0,0,0,0,0,22,0,0,0,0,0,0,0,0,0,220,1,[],java-maven,3046494,3754369,1232.36,0,0,0,0,0,0.00925926,0.793685,0.00462963,0.664738,11,1,1,0,0,0,0,0
51856,8620860886,1553758,PR #2986,lb_java_21,7bf593e16195903ae337dffb82075b383f66f7f2,dynamic/github-code-scanning/codeql,success,79271691,LorenzoBettini,194,9,0.0,0.0,,dynamic,0,0,,1,cancelled,1,f914b1f39101c447c9fbc53ec8bda1f8c04018a2,4,3,7,0,0,1,4,1,6,0,1,0,0,4,4,0,1,1,101,0,0,0,0,0,0,1,1,0,20,0,0,3,3,0,0,3,0,0,0,0,[],java-maven,2986270,3623212,1213.29,0,0,0,0,0,0.00833333,0.924383,0.00648148,0.924726,14,0,1,0,1,1,0,0
51857,8321499852,1553758,Build,cd_eclipse202406,5d957f3f4303634faf34fb0872d11831466a341a,.github/workflows/maven.yml,success,52327453,cdietrich,193,9,0.0,0.0,,push,14,0,2960.0,1,success,1,b92f15caee2d76f1e1ac8e0b64212842594033e7,1,1,1,1,0,0,0,1,0,0,0,0,0,0,0,0,0,0,0,0,0,0,0,0,0,0,0,0,16,0,0,0,0,0,0,0,0,0,63,0,[],java-maven,2986077,3622918,1213.27,0,0,0,0,1,0.0037037,0.958806,0.0,1.0,15,1,4,0,0,0,0,0
51858,7527737193,1553758,PR #2910,lb_2909,7d285e13ecad4905fbabc4ec466ed3d029dda32c,dynamic/github-code-scanning/codeql,success,79271691,LorenzoBettini,192,7,0.0,0.0,,dynamic,44,0,2910.0,1,success,1,32b61ee98ab5f2e2f826f1adc3c4a0736c3c92be,9,9,9,1,0,1,2,3,14,1,1,0,0,1,1,0,0,0,3,0,0,0,0,0,0,1,0,0,16,0,0,7,7,0,0,1,0,0,1,0,[],java-maven,2989524,3622193,1211.63,0,0,0,0,0,0.0175926,0.930276,0.0101852,0.89692,113,0,1,0,1,0,0,0
51859,9115745920,1553758,Build,cd_tycho50,60c3a54ac91e73c842373c52d014651a75cf3e5b,.github/workflows/maven.yml,success,52327453,cdietrich,195,11,0.0,0.0,,push,0,0,,1,success,139,2adaeb4dd0a15e88188c2aab5ce18f223b323713,367,147660,3652,20,0,22,2295,22,148824,1,1,79,5,275,359,5,35,40,566,2,36,38,990,511,1501,1,1,0,20,86,6,146178,2646,1,1,80,0,0,95,0,[],java-maven,3059825,3766940,1231.1,0,0,0,0,1,0.0212963,0.845258,0.00740741,0.886831,15,1,5,0,0,0,0,0
51860,8879373055,1553758,Build,main,70997d9d907649df6fdc3592451c8ab77bcc6c92,.github/workflows/maven.yml,success,52327453,LorenzoBettini,195,11,0.0,0.0,,push,46,0,3004.0,1,success,9,385e3292cd434c1ecdd4bb877e689a51147a281e,8,105,13,0,0,5,57,2,61,1,1,2,0,4,6,6,0,6,9,0,0,0,11,1,12,1,1,0,16,1,0,56,5,0,0,1,0,0,87,0,[],java-maven,2989712,3623286,1211.92,0,0,0,0,1,0.0222222,0.918459,0.0111111,0.894693,40,0,4,0,1,1,0,1
51861,8876497850,1553758,Build,lb_2293,d7c67a38d2ac345fd935ad15f3c8732f4f5d0e16,.github/workflows/maven.yml,success,52327453,LorenzoBettini,195,11,0.0,0.0,,push,46,0,3004.0,1,success,1,45500f769b0b73c16b06166f1ec3d4f48dd435c2,3,19,3,0,0,0,0,2,22,1,1,0,0,0,0,0,0,0,0,0,0,0,0,0,0,0,0,0,16,0,0,19,3,0,0,0,0,0,87,0,[],java-maven,2989712,3623286,1211.92,0,0,0,0,1,0.0222222,0.915033,0.0111111,0.893098,38,0,4,0,1,0,0,0
51862,7806058554,1553758,Push on main,main,58dfd777cd495f163c689bdd0508619864810c8f,dynamic/github-code-scanning/codeql,success,79271691,cdietrich,193,8,0.0,0.0,,dynamic,6,0,2931.0,1,success,1,447dc2cd0a04711cbb61e02d8eb58e86d856f6e8,5414,5473,5426,24,0,173,351,6,10480,0,1,0,0,5004,5004,0,0,0,15421,0,0,0,0,0,0,1,1,0,16,0,0,5261,5219,1,0,0,0,0,1,0,[],java-maven,2990202,3622725,1211.53,0,0,0,0,0,0.0138889,0.851965,0.0,1.0,7,1,1,0,0,1,0,1
51863,9463027643,1553758,PR #3080,lb_3077,54e5f6e95872b728ac6b1d588838fd221f5f6ddb,dynamic/github-code-scanning/codeql,success,79271691,LorenzoBettini,196,10,0.0,0.0,,dynamic,0,0,,1,failure,9,16f6c22f2b0da6f075d43256729948d2d388e731,56,122,23327,53,0,55,5287,12,16517,2,1,0,154,1,155,0,0,0,1,0,0,0,0,1286,1286,1,1,0,22,0,198,37,16480,2,0,1,0,0,0,0,[],java-maven,3046811,3754614,1232.31,0,0,0,0,0,0.0222222,0.881264,0.00648148,0.862163,115,0,1,0,1,0,0,0
51864,9204618152,1553758,Build,main,39ac9112344365d187ac9b7627ddac7995ef4d3b,.github/workflows/maven.yml,success,52327453,LorenzoBettini,195,11,0.0,0.0,,push,91,0,3063.0,1,success,1,322beedd35749c72d86366a696188d9eed73d5d8,1,4,0,0,0,1,4,1,0,0,0,0,0,0,0,0,0,0,0,0,0,0,0,0,0,0,0,0,22,0,0,0,0,0,0,0,0,0,95,0,[],java-maven,3062130,3770698,1231.4,0,0,0,0,1,0.0203704,0.918533,0.012037,0.838796,130,0,5,0,1,1,0,1
51865,7356145863,1553758,Build,lb_xtend_validator_tests,ab8c3fbf2a4aeae0d5f9a9e4e57daf6e8999f038,.github/workflows/maven.yml,success,52327453,LorenzoBettini,192,6,0.0,0.0,,push,36,0,2898.0,1,success,2,af655083057b03bc43e9345e8d839cd90cb43b43,3,57,15,0,0,0,0,2,72,1,0,0,0,2,2,2,0,2,0,0,0,0,0,0,0,0,1,0,16,0,0,57,15,0,0,5,0,0,54,0,[],java-maven,2988693,3621972,1211.89,0,0,0,0,1,0.00462963,0.955041,0.0,1.0,16,0,3,0,1,1,0,0
51866,9081669654,1553758,PR #3036,cd/lsp4j023,92aaababeafbcbf1245ea8e14739e77840ce3b08,dynamic/github-code-scanning/codeql,success,79271691,cdietrich,195,11,0.0,0.0,,dynamic,12,0,3036.0,1,failure,1,568503fa74feb53b1a7f206016ecd25d790b60e2,15,34,34,11,0,1,14,3,12,1,1,0,0,0,0,0,0,0,0,0,0,0,0,0,0,0,0,0,16,0,0,6,6,0,0,0,0,0,0,0,[],java-maven,2989798,3623412,1211.93,0,0,0,0,0,0.0194444,0.836111,0.00740741,0.810185,12,1,1,0,0,0,0,0
51867,8573056074,1553758,Build,renormalize-lineendings,9c1779d8b11210fce63c0d247a7eca688a66afd0,.github/workflows/maven.yml,success,52327453,HannesWell,194,9,0.0,0.0,,pull_request,87,0,2977.0,1,success,1,77020bbc801f2d5d01b9abd837c2be4f28b5f824,47,3101,3101,6,0,15,4138,8,1648,2,1,0,0,17,17,0,0,0,81,0,0,0,0,0,0,1,1,0,16,0,0,824,824,0,0,0,0,0,63,0,[],java-maven,2986082,3622924,1213.27,0,0,0,0,1,0.0037037,0.997355,0.00185185,0.998677,1,0,4,0,1,0,0,0
51868,7477812783,1553758,Build,cd_lsp4j0212,c5dc873c6c0ca6fd301d079c9f52563beefeb6a0,.github/workflows/maven.yml,failure,52327453,cdietrich,192,7,0.0,0.0,,push,0,0,,1,success,1,a64e112b3a0e27e7ed13b1b664341d81ff970734,0,0,0,0,0,0,0,0,0,0,0,0,0,0,0,0,0,0,0,0,0,0,0,0,0,0,0,0,16,0,0,0,0,0,0,0,0,0,54,0,[],java-maven,2989228,3622360,1211.8,0,0,0,0,1,0.0148148,0.818783,0.00833333,0.829861,6,1,3,0,0,1,0,0
51869,8168557497,1553758,PR #2950,lb-gh-windows,83ecc709e46aae6a1b2e4e17ac99d85986ec6a31,dynamic/github-code-scanning/codeql,success,79271691,LorenzoBettini,193,8,0.0,0.0,,dynamic,115,0,2950.0,1,success,10,cfb60982ca3de6a05f5392a4c6c91f8782c5ea6f,83,384,7118,43,0,83,6781,6,467,1,1,0,79,4,83,0,0,0,31,1,0,1,1,329,330,1,1,0,16,0,79,245,222,0,0,3,0,0,0,0,[],java-maven,2985900,3622805,1213.3,0,0,0,0,0,0.0037037,0.951499,0.0,1.0,20,0,1,0,1,0,0,0
51870,7657291442,1553758,Build,main,b125aa28d17001d797d6eba236b5be70b0cfc2cc,.github/workflows/maven.yml,success,52327453,szarnekow,192,7,0.0,0.0,,push,60,0,2753.0,1,success,1,63d33ab52f026ee16386c3a65d0c178d99acd20f,4,66,15,0,0,2,63,1,18,0,1,0,0,1,1,0,0,0,0,2,0,2,0,0,0,1,0,0,16,0,0,14,4,0,0,0,0,0,54,0,[],java-maven,2989611,3622278,1211.62,0,0,0,0,1,0.0194444,0.880447,0.00555556,0.763072,5,1,3,0,0,1,0,1
51871,9462880014,1553758,Build,cd_tycho50,f422be72d18f4611214a792262b5fbf171db86dd,.github/workflows/maven.yml,success,52327453,cdietrich,196,10,0.0,0.0,,push,0,0,,1,success,8,7847e73ac9c16f817ec48083342ff8c9f119160a,35,86,766,18,0,6,26,10,722,3,1,0,7,1,8,0,0,0,1,0,0,0,0,47,47,1,1,0,22,0,18,21,701,1,0,1,0,0,89,0,[],java-maven,3046449,3754255,1232.34,0,0,0,0,1,0.0212963,0.831854,0.00555556,0.788012,26,1,5,0,0,0,0,0
51872,9494218177,1553758,Build,cd-oomph202409,6f85eb46154e35ca80f7fe5927271bc5b535a3cd,.github/workflows/maven.yml,success,52327453,cdietrich,196,10,0.0,0.0,,push,8,0,3086.0,1,success,1,2553144826aebe119efa800d9ae05ef01f9b4207,1,10,2,1,0,0,0,1,0,0,0,0,0,0,0,0,0,0,0,0,0,0,0,0,0,0,0,0,22,0,0,0,0,0,0,0,0,0,89,0,[],java-maven,3046448,3754255,1232.34,0,0,0,0,1,0.0222222,0.8557,0.00740741,0.838519,28,1,5,0,0,0,0,0
51873,8528172207,1553758,Build,miklossy_formatter_abstract_base_class,a4d9485ef6834dbce2ae9b00a2a177f791e74d54,.github/workflows/maven.yml,success,52327453,miklossy,194,9,0.0,0.0,,push,0,0,,0,success,1,087f315e21f2cbd10853a040ea331a40f785e3d9,29,1857,1940,0,0,0,0,2,3797,1,1,0,0,13,13,3,1,4,5,0,0,0,57,2,59,0,1,0,16,0,0,1857,1940,0,0,149,0,0,63,0,[],java-maven,2985992,3622857,1213.28,0,0,0,0,1,0.00277778,0.832176,0.00185185,0.832562,0,1,4,0,0,0,0,0
51874,7418966793,1553758,Build,lb_xtend_validator_tests,6140007abc5a017ebb316118f61c4ce5ce011477,.github/workflows/maven.yml,success,52327453,LorenzoBettini,192,6,0.0,0.0,,push,53,0,2873.0,1,success,1,9b52cd7684832c2ccf2c1965609555931c3d39d5,2,36,15,0,0,0,0,2,51,1,0,0,0,1,1,0,0,0,0,0,0,0,0,0,0,0,1,0,16,0,0,36,15,0,0,3,0,0,54,0,[],java-maven,2988573,3621809,1211.89,0,0,0,0,1,0.00648148,0.957883,0.00277778,0.97018,60,0,3,0,1,0,0,0
51875,8675769650,1553758,Build,sz_issue1329,2c6dda6653216a1c464f9cac9a126603f019beb5,.github/workflows/maven.yml,success,52327453,szarnekow,194,9,0.0,0.0,,push,20,0,2969.0,1,success,18,da53ee975fd770602ee77e11fc25d485c5cee586,197,3547,3509,41,0,53,4406,11,2028,2,1,0,0,67,67,10,8,18,410,0,0,0,0,0,0,1,1,0,16,0,0,1015,1013,1,0,30,0,0,63,0,[],java-maven,2986655,3622926,1213.04,0,0,0,0,1,0.00833333,0.997549,0.00277778,0.998457,0,1,4,0,0,1,0,0
51876,7876857216,1553758,Build,cd_gradle86,7fabab6f9e992dbe2cecad9acac6c5465e526e32,.github/workflows/maven.yml,success,52327453,cdietrich,193,7,0.0,0.0,,push,8,0,2932.0,0,success,1,58dfd777cd495f163c689bdd0508619864810c8f,10,55,55,2,0,0,0,2,88,1,1,0,0,0,0,0,0,0,0,0,0,0,0,0,0,0,0,0,16,0,0,44,44,0,0,0,0,0,54,0,[],java-maven,2990202,3622725,1211.53,0,0,0,0,1,0.00555556,0.961934,0.0,1.0,7,1,3,0,0,0,0,0
51877,9414170186,1553758,Build,lb_3026,7fec4dcd96a39da67cf90eb9bb8c3082dfb9cf68,.github/workflows/maven.yml,success,52327453,LorenzoBettini,196,10,0.0,0.0,,push,76,0,3079.0,1,success,1,0a0e95357593d5cd4b923207217d88d83173cc67,11,4,22493,34,0,47,5218,8,15763,1,1,0,147,0,147,0,0,0,0,0,0,0,0,1239,1239,1,1,0,22,0,180,0,15763,1,0,0,0,0,89,0,[],java-maven,3046874,3754935,1232.39,0,0,0,0,1,0.0212963,0.8855,0.000925926,0.999421,114,0,5,0,1,1,0,0
51878,9484233112,1553758,PR #3084,cd-braces-fix,8fb8b89ec6128220c0448dd108870162bca4fffb,dynamic/github-code-scanning/codeql,success,79271691,cdietrich,196,10,0.0,0.0,,dynamic,6,0,3084.0,1,success,1,f82bd8fef8269912d49c8d108806436c3f3cc9b2,2,43,146,0,0,2,189,1,0,0,0,0,0,0,0,0,0,0,0,0,0,0,0,0,0,0,0,0,22,0,0,0,0,0,0,0,0,0,0,0,[],java-maven,3046448,3754255,1232.34,0,0,0,0,0,0.0222222,0.84127,0.00740741,0.816498,25,1,1,0,0,0,0,0
51879,9414215092,1553758,Build,lb_3026,a1188ce8a00ebb844af06aed7aec1702f75acfe5,.github/workflows/maven.yml,success,52327453,LorenzoBettini,196,10,0.0,0.0,,push,76,0,3079.0,1,success,1,7fec4dcd96a39da67cf90eb9bb8c3082dfb9cf68,2,8,44,1,0,1,39,2,0,1,0,0,0,0,0,0,0,0,0,0,0,0,0,0,0,0,0,0,22,0,0,0,0,0,0,0,0,0,89,0,[],java-maven,3046841,3754935,1232.4,0,0,0,0,1,0.0212963,0.886669,0.000925926,0.999486,115,0,5,0,1,0,0,0
51880,9049870771,1553758,Build,main,4a002897d799c886e3c17285b0b171efdca113db,.github/workflows/maven.yml,success,52327453,cdietrich,195,11,0.0,0.0,,push,8,0,3030.0,0,success,1,26aeebb072c69820303dc7ce2d8b44bc54bb6f72,1,95,0,2,0,0,0,1,0,0,0,0,0,0,0,0,0,0,0,0,0,0,0,0,0,0,0,0,16,1,0,0,0,0,0,0,0,0,87,0,[],java-maven,2989712,3623226,1211.9,0,0,0,0,1,0.0203704,0.859007,0.00462963,0.831404,9,1,4,0,0,1,0,1
51881,8680644393,1553758,Build,sz_nodemodel,a5883ca1ab8a8f58b58c81c9b03fe03396b47b98,.github/workflows/maven.yml,success,52327453,szarnekow,194,9,0.0,0.0,,push,0,0,,1,failure,1,eae395b5ae7ce3743011065e6d328397ae38adc6,0,0,0,0,0,0,0,0,0,0,0,0,0,0,0,0,0,0,0,0,0,0,0,0,0,0,0,0,16,0,0,0,0,0,0,0,0,0,63,0,[],java-maven,2987585,3623058,1212.7,0,0,0,0,1,0.012037,0.966869,0.00648148,0.956983,0,1,4,0,0,0,0,0
51882,9141166107,1553758,Push on main,main,2c4953968ff7216baa5f99597ceeff896c1586db,dynamic/github-code-scanning/codeql,success,79271691,LorenzoBettini,195,11,0.0,0.0,,dynamic,0,0,,1,failure,1,334864bb0640826bb62a4f7f82f3fc6db1410b5f,1,1,1,1,0,0,0,1,0,0,0,0,0,0,0,0,0,0,0,0,0,0,0,0,0,0,0,0,22,0,0,0,0,0,0,0,0,0,0,0,[],java-maven,3062125,3770553,1231.35,0,0,0,0,0,0.0222222,0.919485,0.00648148,0.915991,117,0,1,0,1,1,0,1
51883,9397841653,1553758,Build,main,0a0e95357593d5cd4b923207217d88d83173cc67,.github/workflows/maven.yml,success,52327453,cdietrich,196,11,0.0,0.0,,push,10,0,3076.0,0,success,1,33e7729bbee6283b70711e27a65f3cb688f69c96,11,12,12,10,0,0,0,1,4,0,1,0,0,0,0,0,0,0,0,0,0,0,0,0,0,0,0,0,22,0,0,2,2,0,0,0,0,0,89,0,[],java-maven,3062192,3770698,1231.37,0,0,0,0,1,0.0203704,0.875356,0.0,1.0,24,1,5,0,0,1,0,1
51884,9582690702,1553758,PR #3092,lb_3089,129ebcfeebfc5ba58d2592aac4c5ab57f6695920,dynamic/github-code-scanning/codeql,success,79271691,LorenzoBettini,196,10,0.0,0.0,,dynamic,49,0,3092.0,1,success,1,1cb474441d19df9692dc69125dfab5042dd71814,2,5,35,0,0,1,19,1,21,0,1,0,0,2,2,0,1,1,7,0,0,0,0,2,2,1,1,0,22,0,0,3,18,0,0,0,0,0,0,0,[],java-maven,3046443,3754255,1232.34,0,0,0,0,0,0.012963,0.90069,0.00277778,0.887346,18,0,1,0,1,0,0,0
51885,9213033009,1553758,Build,main,1b97ae8afaa6eefd9c10f5f3c8591d5e8eb2e00b,.github/workflows/maven.yml,success,52327453,LorenzoBettini,195,11,0.0,0.0,,push,34,0,3064.0,1,success,1,750a921cd7cce7433a486e47f4b0ac501485897e,1,1,1,1,0,0,0,1,0,0,0,0,0,0,0,0,0,0,0,0,0,0,0,0,0,0,0,0,22,0,0,0,0,0,0,0,0,0,89,0,[],java-maven,3062102,3770698,1231.41,0,0,0,0,1,0.0212963,0.911148,0.0111111,0.832176,134,0,5,0,1,1,0,1
51886,8098018297,1553758,Build,issue_2945,46afbcca05726fd4cf6fef408ffb7a18662c7264,.github/workflows/maven.yml,success,52327453,florianpirchner,193,7,,,,pull_request,0,0,,1,success,0,,0,0,0,0,0,0,0,0,0,0,0,0,0,0,0,0,0,0,0,0,0,0,0,0,0,0,0,0,21,0,0,0,0,0,0,0,0,0,54,0,[],java-maven,2990344,3622882,1211.53,0,0,0,0,1,0.0037037,0.997355,0.000925926,0.999339,0,0,3,0,1,0,0,0
51887,9414234852,1553758,PR #3078,lb_2974,a7fe242508d6a8663cfce6a175b3a0d1a01c71a3,dynamic/github-code-scanning/codeql,success,79271691,LorenzoBettini,196,10,0.0,0.0,,dynamic,48,0,3078.0,1,success,1,bec74292cb525731ee587377fb73e554e236fa13,2,2,2,0,0,2,4,1,0,0,1,0,0,0,0,0,0,0,0,0,0,0,0,0,0,0,0,0,22,0,0,0,0,0,0,0,0,0,0,0,[],java-maven,3062192,3770698,1231.37,0,0,0,0,0,0.0212963,0.888935,0.000925926,0.999579,116,0,1,0,1,0,0,0
51888,7899619011,1553758,Build,main,95b6438f5db694d1ec115fc7f10a3ce3ecc9ce05,.github/workflows/maven.yml,success,52327453,cdietrich,193,7,0.0,0.0,,push,10,0,2934.0,1,success,1,56e21956e314618e390963d6727ea1a113a7a90c,13,31,31,9,0,1,14,3,12,1,1,0,0,0,0,0,0,0,0,0,0,0,0,0,0,0,0,0,16,0,0,6,6,0,0,0,0,0,54,0,[],java-maven,2990202,3622725,1211.53,0,0,0,0,1,0.00555556,0.966846,0.0,1.0,10,1,3,0,0,1,0,1
51889,9235106928,1553758,Build,cd-mwe2180-release,c81a566ce16e2c8c0e3b15605e385243d62e31ac,.github/workflows/maven.yml,failure,52327453,cdietrich,195,11,0.0,0.0,,push,10,0,3067.0,0,success,1,1ad3eeb309c6453ddc0d507221ee98aa6ce02470,30,46,46,10,0,3,18,3,36,1,1,0,0,1,1,0,0,0,1,0,0,0,0,0,0,1,0,0,22,0,0,18,18,0,0,2,0,0,89,0,[],java-maven,3062102,3770698,1231.41,0,0,0,0,1,0.0212963,0.842992,0.0111111,0.806878,22,1,5,0,0,0,0,0
51890,7476980875,1553758,Build,main,15aa26aa16991fd3299771482ca8059fbdea57ca,.github/workflows/maven.yml,success,52327453,LorenzoBettini,192,7,0.0,0.0,,push,199,0,2891.0,0,success,10,d05f413fc3d3d5bd7a72788e84dbacbab8be8c3f,24,55,273,1,0,0,0,7,325,2,1,5,1,2,8,0,0,0,1,0,0,0,56,3,59,0,1,0,16,0,6,53,272,0,0,0,0,0,54,0,[],java-maven,2989540,3622195,1211.62,0,0,0,0,1,0.012037,0.918584,0.00555556,0.871083,106,0,3,0,1,1,0,1
51891,9462864732,1553758,Build,main,f82bd8fef8269912d49c8d108806436c3f3cc9b2,.github/workflows/maven.yml,success,52327453,cdietrich,196,10,0.0,0.0,,push,4,0,3082.0,1,success,3,46aa88ea6daaf646d6cd1cea84d538e5d39fa09d,35,86,86,18,0,6,26,6,42,2,1,0,0,1,1,0,0,0,1,0,0,0,0,0,0,1,0,0,22,0,0,21,21,1,0,1,0,0,89,0,[],java-maven,3046443,3754255,1232.34,0,0,0,0,1,0.0212963,0.829486,0.00555556,0.776235,26,1,5,0,0,1,0,1
51892,7592791168,1553758,Build,lb_tycho50-1,4ff9573220b2e0843d70e16095994e012fe6a4e4,.github/workflows/maven.yml,success,52327453,LorenzoBettini,192,7,0.0,0.0,,push,73,0,2917.0,1,success,5,3203ee56dcece8a5ae486d8a44cec1360db0f196,4,67,56,1,0,2,72,3,36,1,1,1,0,2,3,0,1,1,87,0,0,0,0,0,0,1,1,0,16,1,0,32,4,0,0,1,0,0,54,0,[],java-maven,2989555,3622271,1211.64,0,0,0,0,1,0.0194444,0.928311,0.00555556,0.957176,115,0,3,0,1,0,0,0
51893,7594057401,1553758,Build,main,5cbc3cf008f20b007fda3be16288322c0d8277d9,.github/workflows/maven.yml,success,52327453,LorenzoBettini,192,7,0.0,0.0,,push,73,0,2917.0,1,success,1,f393871993f8a35f8ea8492822f0ab98b71bac97,4,18,30,0,0,4,48,1,0,0,1,0,0,0,0,0,0,0,0,0,0,0,0,0,0,0,0,0,16,0,0,0,0,0,0,0,0,0,54,0,[],java-maven,2989555,3622271,1211.64,0,0,0,0,1,0.0194444,0.930419,0.00555556,0.961934,116,0,3,0,1,1,0,1
51894,7505760613,1553758,Push on main,main,32b61ee98ab5f2e2f826f1adc3c4a0736c3c92be,dynamic/github-code-scanning/codeql,success,79271691,LorenzoBettini,192,7,0.0,0.0,,dynamic,115,0,2907.0,0,success,3,47a553bd09a910c668176a39218b5b74bc187ea4,1,0,5,0,0,1,5,1,0,0,0,0,0,1,1,0,0,0,3,0,0,0,0,0,0,1,0,0,16,0,0,0,0,0,0,0,0,0,1,0,[],java-maven,2989524,3622193,1211.63,0,0,0,0,0,0.0175926,0.929053,0.0111111,0.892435,113,0,1,0,1,1,0,1
51895,8876266601,1553758,Build,lb_java_21,ef482c9e7d94a703f09f7c23e285c1c75cdc99f9,.github/workflows/maven.yml,success,52327453,LorenzoBettini,195,11,0.0,0.0,,push,0,0,,1,success,26,8f8b905ed7080172ef40e119e9daaa016f2369c7,162,899,898,0,0,90,821,2,976,0,1,0,0,144,144,0,0,0,887,0,0,0,131,131,262,1,1,0,20,0,0,488,488,0,0,135,0,0,95,0,[],java-maven,2989825,3623513,1211.95,0,0,0,0,1,0.0222222,0.91358,0.0111111,0.889757,37,0,5,0,1,1,0,0
51896,9487258378,1553758,PR #3085,cd-202409,240575af5471a352c5c3d8044863aa873fffedec,dynamic/github-code-scanning/codeql,success,79271691,cdietrich,196,10,0.0,0.0,,dynamic,8,0,3085.0,1,success,1,f82bd8fef8269912d49c8d108806436c3f3cc9b2,7,7,7,2,0,1,2,3,8,1,1,0,0,1,1,0,0,0,1,0,0,0,0,0,0,1,0,0,22,0,0,4,4,0,0,1,0,0,0,0,[],java-maven,3046443,3754255,1232.34,0,0,0,0,0,0.0222222,0.847793,0.00740741,0.838519,26,1,1,0,0,0,0,0
51897,8521813105,1553758,Build,sz_issue1329,80473bb1a3bcfbdbff6ad1f75b57a1e01caa04cc,.github/workflows/maven.yml,success,52327453,szarnekow,194,9,0.0,0.0,,push,0,0,,1,success,1,c19ea8702c5fe8fd6d78d2c035cb29ed95b643b8,4,787,189,1,0,10,972,2,0,0,0,7,0,3,10,29,18,47,1,10,3,13,53,15,68,1,0,0,16,7,0,0,0,0,0,1,0,0,63,0,[],java-maven,2986639,3622918,1213.04,0,0,0,0,1,0.00277778,0.999306,0.00185185,0.998843,3,1,4,0,0,1,0,0
51898,9127136713,1553758,Build,main,607b7b63f277655b2b45cbe4cdb2ab35e8e2d7a1,.github/workflows/maven.yml,success,52327453,cdietrich,195,11,0.0,0.0,,push,8,0,3046.0,1,success,1,83e6497aa4513737a0b01db2a35081a85e18e6b0,30,46,46,10,0,3,18,3,36,1,1,0,0,1,1,0,0,0,1,0,0,0,0,0,0,1,0,0,22,0,0,18,18,0,0,2,0,0,95,0,[],java-maven,3060893,3768323,1231.12,0,0,0,0,1,0.0212963,0.861987,0.00555556,0.907828,17,1,5,0,0,1,0,1
51899,8142529186,1553758,PR #2950,lb-gh-windows,cfb60982ca3de6a05f5392a4c6c91f8782c5ea6f,dynamic/github-code-scanning/codeql,success,79271691,LorenzoBettini,193,7,0.0,0.0,,dynamic,0,0,,1,success,1,b9d2d70a9c448639ac0c24e712b1034252a427e9,1,1,0,0,0,0,0,1,1,0,0,0,0,1,1,0,0,0,3,0,0,0,0,0,0,0,1,0,16,0,0,1,0,0,0,1,0,0,0,0,[],java-maven,2990278,3622782,1211.52,0,0,0,0,0,0.0037037,0.963624,0.0,1.0,26,0,1,0,1,0,0,0
51900,7357986261,1553758,PR #2873,lb_xtend_validator_tests,e424b1aa9a667bcb02b39ba1fd23417dd225f059,dynamic/github-code-scanning/codeql,success,79271691,LorenzoBettini,192,6,0.0,0.0,,dynamic,36,0,2898.0,1,success,1,c2789f6692e7ffd139c8d1e51e54b3d0e7123da6,1,12,9,0,0,0,0,1,21,0,0,0,0,0,0,0,0,0,0,0,0,0,0,0,0,0,0,0,16,0,0,12,9,0,0,0,0,0,1,0,[],java-maven,2988708,3621987,1211.89,0,0,0,0,0,0.00462963,0.961093,0.0,1.0,19,0,1,0,1,1,0,0
51901,9082956721,1553758,Build,main,9964dba09d8fdf1f8292e914898322db38ea96c1,.github/workflows/maven.yml,success,52327453,cdietrich,195,11,0.0,0.0,,push,12,0,3036.0,1,success,1,568503fa74feb53b1a7f206016ecd25d790b60e2,15,34,34,11,0,1,14,3,12,1,1,0,0,0,0,0,0,0,0,0,0,0,0,0,0,0,0,0,16,0,0,6,6,0,0,0,0,0,87,0,[],java-maven,2989798,3623412,1211.93,0,0,0,0,1,0.0194444,0.848251,0.00740741,0.831276,13,1,4,0,0,1,0,1
51902,7767608332,1553758,Build,lb_2880-3,2812f7f5f38cabca479c944f387fd0d62fe44b0e,.github/workflows/maven.yml,success,52327453,LorenzoBettini,193,8,,,,pull_request,0,0,,1,success,0,,0,0,0,0,0,0,0,0,0,0,0,0,0,0,0,0,0,0,0,0,0,0,0,0,0,0,0,0,21,0,0,0,0,0,0,0,0,0,54,0,[],java-maven,2989786,3622352,1211.58,0,0,0,0,1,0.0166667,0.930077,0.0,1.0,78,0,3,0,1,1,0,0
51903,7768192541,1553758,Build,sz_nodemodel,bb2c5105f8edda841a18907a3011eefc86fb2ef5,.github/workflows/maven.yml,success,52327453,szarnekow,193,8,0.0,0.0,,push,0,0,,0,success,13,6ccbe0aedb03696cd1cd09bd0bdb12f819526996,135,322,205,9,0,19,224,9,283,2,1,0,0,91,91,0,0,0,261,2,0,2,2,0,2,1,1,0,16,0,0,158,125,0,0,0,0,0,54,0,[],java-maven,2989731,3622304,1211.58,0,0,0,0,1,0.0166667,0.887346,0.0,1.0,6,1,3,0,0,1,0,0
51904,8450517166,1553758,Scheduled,main,1d83f8991764af318c917f5e2b34d86981742172,dynamic/github-code-scanning/codeql,success,79271691,github-advanced-security[bot],194,9,0.0,0.0,,dynamic,57,0,2964.0,0,success,1,1e42c1b22f58ebc86c0bc08bd331bfc3d2311e35,2,7,1,0,0,1,2,1,6,0,1,0,0,2,2,1,0,1,7,0,0,0,0,0,0,1,1,0,16,0,0,6,0,0,0,0,0,0,0,0,[],java-maven,2986082,3622924,1213.27,0,0,0,0,0,0.000925926,0.999579,0.0,1.0,0,0,1,0,1,1,0,1
51905,8678817714,1553758,Build,internal-cleanups,c67352b26efd63b40dcd28cb1a0fa854703ec7b1,.github/workflows/maven.yml,success,52327453,HannesWell,194,9,,,,pull_request,0,0,,1,success,0,,0,0,0,0,0,0,0,0,0,0,0,0,0,0,0,0,0,0,0,0,0,0,0,0,0,0,0,0,21,0,0,0,0,0,0,0,0,0,63,0,[],java-maven,2986044,3622919,1213.28,0,0,0,0,1,0.00833333,0.879902,0.00277778,0.998457,1,0,4,0,1,0,0,0
51906,7768449040,1553758,Build,temp-xtend-anonymous-class-2,5d926c239abfa96a81efade60c5a0fb34b565c96,.github/workflows/maven.yml,success,52327453,LorenzoBettini,193,8,0.0,0.0,,pull_request,36,0,2898.0,1,success,43,88c9ed9b70c2275540cd0b6e6b780b4edc59f898,218,1125,1613,25,0,44,1379,14,1237,2,1,8,8,117,133,6,13,19,627,2,4,6,89,68,157,1,1,0,16,8,7,457,780,0,0,17,0,0,54,0,[],java-maven,2989339,3622360,1211.76,0,0,0,0,1,0.0166667,0.93315,0.0,1.0,80,0,3,0,1,1,0,0
51907,8575777710,1553758,Build,replace-guava-in-scopes,91bee503ec6029190a7c0c28c16d3bdb3a9ffb47,.github/workflows/maven.yml,success,52327453,HannesWell,194,9,,,,pull_request,0,0,,1,success,0,,0,0,0,0,0,0,0,0,0,0,0,0,0,0,0,0,0,0,0,0,0,0,0,0,0,0,0,0,21,0,0,0,0,0,0,0,0,0,63,0,[],java-maven,2986085,3622918,1213.27,0,0,0,0,1,0.00462963,0.897685,0.00277778,0.898611,1,0,4,0,1,0,0,0
51908,8680298622,1553758,Build,sz_nodemodel,eae395b5ae7ce3743011065e6d328397ae38adc6,.github/workflows/maven.yml,success,52327453,szarnekow,194,9,0.0,0.0,,push,0,0,,1,success,1,53efc267aa1f4c622135468daae916f9d612a912,1,8,0,0,0,1,8,1,0,0,0,0,0,1,1,0,0,0,4,0,0,0,0,0,0,1,0,0,16,0,0,0,0,0,0,0,0,0,63,0,[],java-maven,2987585,3623058,1212.7,0,0,0,0,1,0.0111111,0.997942,0.00555556,0.998538,0,1,4,0,0,1,0,0
51909,8032563097,1553758,Build,main,748d40a1cd0c0400ac799ab3038e6e0e8b77e9cb,.github/workflows/maven.yml,success,52327453,cdietrich,193,7,0.0,0.0,,push,10,0,2942.0,1,success,1,a01d1069e492eb54ab89a6d827a9543c358825ec,27,34,34,9,0,3,20,3,30,1,1,0,0,1,1,0,0,0,1,0,0,0,0,0,0,1,0,0,16,0,0,15,15,0,0,2,0,0,54,0,[],java-maven,2990265,3622778,1211.52,0,0,0,0,1,0.0037037,0.956119,0.0037037,0.922365,14,1,3,0,0,1,0,1
51910,8153997860,1553758,Build,master,96a782b4ba99b4a0a7fdb274749d252cec9bc34a,.github/workflows/maven.yml,success,52327453,rubenporras,193,7,0.0,0.0,,pull_request,33,0,2951.0,0,success,1,652e4b0ed1a6947d7fd068945fee13b56da2f37a,1,3,3,0,0,1,6,1,0,0,0,0,0,1,1,0,0,0,3,0,0,0,0,0,0,1,0,0,16,0,0,0,0,0,0,0,0,0,54,0,[],java-maven,2990265,3622778,1211.52,0,0,0,0,1,0.0037037,0.996914,0.0,1.0,0,1,3,0,0,0,0,0
51911,9584710961,1553758,Build,main,74d2f7fac3bba4c78a6828d5b2317b985cc22e01,.github/workflows/maven.yml,success,52327453,LorenzoBettini,196,10,0.0,0.0,,push,49,0,3092.0,0,success,1,1cb474441d19df9692dc69125dfab5042dd71814,2,5,35,0,0,1,19,1,21,0,1,0,0,2,2,0,1,1,7,0,0,0,0,2,2,1,1,0,22,0,0,3,18,0,0,0,0,0,89,0,[],java-maven,3046443,3754255,1232.34,0,0,0,0,1,0.012963,0.9026,0.00277778,0.898611,19,0,5,0,1,1,0,1
51912,9175715057,1553758,Build,main,781b73b81c96534072930fa85d948facae737e79,.github/workflows/maven.yml,failure,52327453,cdietrich,195,11,0.0,0.0,,push,40,0,3055.0,1,success,1,9047a4c2d1c07445d1d9bb51737b090f4377eb68,21,31,31,10,0,2,4,4,20,1,1,0,0,1,1,0,0,0,1,0,0,0,0,0,0,1,0,0,22,0,0,10,10,0,0,1,0,0,95,0,[],java-maven,3062134,3770706,1231.4,0,0,0,0,1,0.0212963,0.862602,0.0101852,0.882537,24,1,5,0,0,1,0,1
51913,8067234758,1553758,Build,main,652e4b0ed1a6947d7fd068945fee13b56da2f37a,.github/workflows/maven.yml,success,52327453,cdietrich,193,7,0.0,0.0,,push,8,0,2947.0,1,success,1,283868e02958eecb4f5761bbf03fa2458c15f2e9,10,19,19,8,0,1,2,2,4,0,1,0,0,0,0,0,0,0,0,0,0,0,0,0,0,0,0,0,16,0,0,2,2,0,0,0,0,0,54,0,[],java-maven,2990265,3622778,1211.52,0,0,0,0,1,0.0037037,0.964587,0.000925926,0.965358,20,1,3,0,0,1,0,1
51914,9175759344,1553758,Build,lb_cleanup,fe6a4a1624a3003ba4baabf376705e75a20a77b3,.github/workflows/maven.yml,failure,52327453,LorenzoBettini,195,11,0.0,0.0,,push,8,0,3053.0,0,failure,2,b31a59ea9078c821a866dab4e6b94b563cf3a3e4,21,31,31,10,0,2,4,4,20,1,1,0,0,1,1,0,0,0,1,0,0,0,0,0,0,1,0,0,22,0,0,10,10,0,0,1,0,0,95,0,[],java-maven,3062127,3770698,1231.4,0,0,0,0,1,0.0231481,0.925069,0.012037,0.866789,132,0,5,0,1,0,0,0
51915,7774291302,1553758,Build,lb_2880-3,90c17f2cd8803d2e99ed61c3122e944c1fd0afb6,.github/workflows/maven.yml,success,52327453,LorenzoBettini,193,8,0.0,0.0,,pull_request,189,0,2924.0,1,success,9,a1442552e09de90d0ffa62446b2b0c132ddff005,7,257,21,1,0,4,127,2,148,1,1,2,0,5,7,5,0,5,75,0,0,0,12,1,13,1,1,0,16,2,0,142,6,0,0,1,0,0,54,0,[],java-maven,2990041,3622657,1211.57,0,0,0,0,1,0.0166667,0.935965,0.0,1.0,92,0,3,0,1,0,0,0
51916,8891716756,1553758,Build,main,c6717dc342df10a47d826f8492388e6b6226cdb1,.github/workflows/maven.yml,success,52327453,szarnekow,195,11,0.0,0.0,,push,4,0,3023.0,1,success,1,896e9da6659dab15ec9b5fd8b26015291205928d,1,1,1,0,0,1,2,1,0,0,0,0,0,1,1,0,0,0,2,0,0,0,0,0,0,1,0,0,16,0,0,0,0,0,0,1,0,0,87,0,[],java-maven,2989712,3623226,1211.9,0,0,0,0,1,0.0222222,0.960168,0.00833333,0.997807,7,1,4,0,0,1,0,1
51917,9488576713,1553758,Push on main,main,2553144826aebe119efa800d9ae05ef01f9b4207,dynamic/github-code-scanning/codeql,success,79271691,cdietrich,196,10,0.0,0.0,,dynamic,8,0,3085.0,1,success,1,5536108c02972445a9b95c36321dfde42153896b,7,7,7,2,0,1,2,3,8,1,1,0,0,1,1,0,0,0,1,0,0,0,0,0,0,1,0,0,22,0,0,4,4,0,0,1,0,0,0,0,[],java-maven,3046448,3754255,1232.34,0,0,0,0,0,0.0222222,0.84985,0.00740741,0.844729,27,1,1,0,0,1,0,1
51918,8599963007,1553758,Build,main,f863171c7fb59e1b6f01cf008f80a2af66cf6086,.github/workflows/maven.yml,success,52327453,cdietrich,194,9,0.0,0.0,,push,0,0,,1,success,1,3607c6332cc289edabae2a3d801581aa5337fc24,1,2,2,0,0,1,4,1,0,0,0,0,0,0,0,0,0,0,0,0,0,0,0,0,0,0,0,0,16,0,0,0,0,0,0,0,0,0,63,0,[],java-maven,2986082,3622924,1213.27,0,0,0,0,1,0.00740741,0.920078,0.00555556,0.873843,14,1,4,0,0,1,0,1
51919,7444582101,1553758,PR #2893,sz_guava,b43e20ee6396dabdfc2997f86cb2277d17593b8a,dynamic/github-code-scanning/codeql,success,79271691,szarnekow,192,6,0.0,0.0,,dynamic,22,0,2893.0,1,success,5,b23c47343af1afa2559f489c32f6c379fa19469b,13,4,17,5,0,0,0,1,14,0,1,0,0,0,0,0,0,0,0,0,0,0,0,0,0,0,0,0,16,0,0,3,11,0,0,0,0,0,1,0,[],java-maven,2988572,3621628,1211.83,0,0,0,0,0,0.00740741,0.898148,0.000925926,0.933025,3,1,1,0,0,0,0,0
51920,7594116709,1553758,Build,sz_nodemodel,6ccbe0aedb03696cd1cd09bd0bdb12f819526996,.github/workflows/maven.yml,success,52327453,szarnekow,192,7,0.0,0.0,,push,55,0,2916.0,0,success,1,d9168ccf82154eb02c5232ca748e944af279f0b0,2,5,1,0,0,2,6,1,0,0,0,0,0,2,2,0,0,0,12,0,0,0,0,0,0,1,0,0,16,0,0,0,0,0,0,0,0,0,54,0,[],java-maven,2989634,3622271,1211.61,0,0,0,0,1,0.0194444,0.872975,0.00555556,0.712302,5,1,3,0,0,1,0,0
51921,7388210918,1553758,Build,main,dddc2743e673095e3038acd9b667998810579c81,.github/workflows/maven.yml,success,52327453,LorenzoBettini,192,6,0.0,0.0,,push,34,0,2885.0,1,success,1,da2e5b8a6c24c02f3a15da91453ef638c0bd4542,3,157,375,0,0,0,0,5,532,2,0,1,1,0,2,0,0,0,0,0,0,0,22,25,47,0,1,0,16,1,2,157,375,0,0,0,0,0,54,0,[],java-maven,2988390,3621615,1211.9,0,0,0,0,1,0.00740741,0.954671,0.00277778,0.966204,58,0,3,0,1,1,0,1
51922,7887194763,1553758,Build,main,56e21956e314618e390963d6727ea1a113a7a90c,.github/workflows/maven.yml,success,52327453,cdietrich,193,7,0.0,0.0,,push,8,0,2932.0,1,success,1,58dfd777cd495f163c689bdd0508619864810c8f,10,55,55,2,0,0,0,2,88,1,1,0,0,0,0,0,0,0,0,0,0,0,0,0,0,0,0,0,16,0,0,44,44,0,0,0,0,0,54,0,[],java-maven,2990202,3622725,1211.53,0,0,0,0,1,0.00555556,0.965741,0.0,1.0,8,1,3,0,0,1,0,1
51923,9488576911,1553758,Build,main,2553144826aebe119efa800d9ae05ef01f9b4207,.github/workflows/maven.yml,success,52327453,cdietrich,196,10,0.0,0.0,,push,8,0,3085.0,1,success,1,5536108c02972445a9b95c36321dfde42153896b,7,7,7,2,0,1,2,3,8,1,1,0,0,1,1,0,0,0,1,0,0,0,0,0,0,1,0,0,22,0,0,4,4,0,0,1,0,0,89,0,[],java-maven,3046448,3754255,1232.34,0,0,0,0,1,0.0222222,0.851852,0.00740741,0.85048,27,1,5,0,0,1,0,1
51924,8876043939,1553758,Build,lb_3014,a064b20b221a25d07003d8c40044669cbdfe0960,.github/workflows/maven.yml,success,52327453,LorenzoBettini,195,11,0.0,0.0,,push,0,0,,1,success,7,e7af2114875d1fb3f970e3567677de95546a3c9f,195,1685,970,10,0,102,1262,4,1355,1,1,5,0,150,155,4,0,4,926,0,0,0,242,130,372,1,1,0,16,5,0,854,501,0,0,137,0,0,87,0,[],java-maven,2989659,3623235,1211.92,0,0,0,0,1,0.0222222,0.912077,0.0111111,0.886201,37,0,5,0,1,0,0,0
51925,8837115440,1553758,PR #3017,sz_nodemodel,2478074efd20877cd10cc550b9171104cf285fc1,dynamic/github-code-scanning/codeql,success,79271691,szarnekow,194,10,0.0,0.0,,dynamic,22,0,3017.0,1,success,10,f7e7025816ca70cfc9abb2d0469540dd7d017739,34,1269,72,12,0,13,449,7,794,2,1,8,0,9,17,4,0,4,44,0,0,0,133,0,133,1,1,0,16,9,0,779,15,1,1,3,0,0,0,0,[],java-maven,2989663,3623232,1211.92,0,0,0,0,0,0.0212963,0.951012,0.0111111,0.918803,4,1,1,0,0,1,0,0
51926,7365651480,1553758,PR #2882,lb_2881,3abeb80496e34e446e5aae4b5776ae0fffd9d9e9,dynamic/github-code-scanning/codeql,success,79271691,LorenzoBettini,192,6,0.0,0.0,,dynamic,174,0,2882.0,1,success,1,54b9a1c70ed121918cb7d7bb715a4977cb3f0c42,1,1,0,1,0,0,0,1,0,0,0,0,0,0,0,0,0,0,0,0,0,0,0,0,0,0,0,0,16,0,0,0,0,0,0,0,0,0,1,0,[],java-maven,2988540,3621828,1211.91,0,0,0,0,0,0.00648148,0.962363,0.00185185,0.999455,20,0,1,0,1,1,0,0
51927,8836503067,1553758,Build,lb_regen,b116ac6811dc3dc8a9e1dd81f04c1194680fa117,.github/workflows/maven.yml,success,52327453,LorenzoBettini,194,10,0.0,0.0,,push,66,0,3016.0,1,success,1,460fd5e7a6765cf4bb02049d7ef613ee8ace8c43,1,1,13,0,0,1,14,1,0,0,0,0,0,1,1,0,0,0,5,0,0,0,0,0,0,1,0,0,16,0,0,0,0,0,0,0,0,0,87,0,[],java-maven,2989063,3622882,1212.05,0,0,0,0,1,0.0212963,0.897914,0.0111111,0.879768,27,0,4,0,1,0,0,0
51928,9223864287,1553758,Push on main,main,1ad3eeb309c6453ddc0d507221ee98aa6ce02470,dynamic/github-code-scanning/codeql,success,79271691,LorenzoBettini,195,11,0.0,0.0,,dynamic,8,0,3066.0,1,success,1,1b97ae8afaa6eefd9c10f5f3c8591d5e8eb2e00b,1,24,10,0,0,1,34,1,0,0,0,0,0,1,1,0,0,0,42,0,0,0,0,0,0,1,0,0,22,0,0,0,0,0,0,0,0,0,0,0,[],java-maven,3062102,3770698,1231.41,0,0,0,0,0,0.0212963,0.910432,0.0111111,0.828605,134,0,1,0,1,1,0,1
51929,9858381621,1553758,Build,refactoring_the_AbstractLinkedEditingIntegrationTest,6b0b6e48ffb35fbff37f0f2542b8690796dabeeb,.github/workflows/maven.yml,failure,52327453,miklossy,196,9,0.0,0.0,,push,0,0,,0,success,1,785a725aaa7a339f580df5c3b362312e8cc8d0d3,4,20,16,0,0,0,0,1,36,0,1,0,0,4,4,0,0,0,10,0,0,0,0,0,0,0,1,0,22,0,0,20,16,0,0,3,0,0,220,1,[],java-maven,3046489,3754360,1232.36,0,0,0,0,1,0.00740741,0.82716,0.000925926,0.832562,0,1,5,0,0,0,0,0
51930,7973437505,1553758,Build,main,dfef72e1b86ef9815c4bd69f33e8ffabd144f912,.github/workflows/maven.yml,failure,52327453,LorenzoBettini,193,7,0.0,0.0,,push,44,0,2938.0,1,success,3,84021e3ec58046fac227cf28eaaa0dcaac4da1bc,18,28,8,9,0,1,3,3,10,1,1,0,0,1,1,0,0,0,1,0,0,0,0,0,0,1,0,0,16,0,0,9,1,0,0,1,0,0,54,0,[],java-maven,2990222,3622733,1211.53,0,0,0,0,1,0.00277778,0.980502,0.00277778,0.915509,125,0,3,0,1,1,0,1
51931,7451208327,1553758,Build,cd_tycho50,b27645c9c4409f5eb220c804f59ac3af05844034,.github/workflows/maven.yml,success,52327453,cdietrich,192,7,0.0,0.0,,push,0,0,,1,success,1,e18a1cfc135cd56d9516a7b321f35d35e4b8ca97,1,1,1,1,0,0,0,1,0,0,0,0,0,0,0,0,0,0,0,0,0,0,0,0,0,0,0,0,16,0,0,0,0,0,0,0,0,0,54,0,[],java-maven,2988590,3621632,1211.82,0,0,0,0,1,0.00740741,0.878519,0.000925926,0.999486,6,1,3,0,0,0,0,0
51932,8891805630,1553758,Build,main,0afffe3fb47c145e133fa6009b1df34f15114ffd,.github/workflows/maven.yml,success,52327453,LorenzoBettini,195,11,0.0,0.0,,push,62,0,3022.0,1,success,2,c6717dc342df10a47d826f8492388e6b6226cdb1,3,23,23,0,0,2,40,1,6,0,1,0,0,3,3,0,0,0,76,0,0,0,1,1,2,1,1,0,16,0,0,3,3,0,0,0,0,0,87,0,[],java-maven,2989712,3623226,1211.9,0,0,0,0,1,0.0222222,0.923401,0.00833333,0.928991,45,0,4,0,1,1,0,1
51933,7444581906,1553758,Build,sz_guava,b43e20ee6396dabdfc2997f86cb2277d17593b8a,.github/workflows/maven.yml,success,52327453,szarnekow,192,6,0.0,0.0,,push,22,0,2893.0,1,success,5,b23c47343af1afa2559f489c32f6c379fa19469b,13,4,17,5,0,0,0,1,14,0,1,0,0,0,0,0,0,0,0,0,0,0,0,0,0,0,0,0,16,0,0,3,11,0,0,0,0,0,54,0,[],java-maven,2988572,3621628,1211.83,0,0,0,0,1,0.00740741,0.892788,0.000925926,0.928241,3,1,3,0,0,0,0,0
51934,8876030513,1553758,PR #3005,lb_2778,ddf005042f1e28bb5dca6929726b0379754559d0,dynamic/github-code-scanning/codeql,success,79271691,LorenzoBettini,195,11,0.0,0.0,,dynamic,82,0,3005.0,1,success,8,52adf4142954e063d4172033cdd17a55516f6091,198,2121,960,11,0,103,1266,4,1771,1,1,8,0,152,160,4,0,4,938,0,0,0,265,130,395,1,1,0,16,9,0,1269,502,0,0,137,0,0,0,0,[],java-maven,2989654,3623175,1211.9,0,0,0,0,0,0.0222222,0.911306,0.0111111,0.884335,37,0,1,0,1,0,0,0
51935,9172571363,1553758,Push on main,main,f629b30bb1ee0682f359a277f59fd9bac693591f,dynamic/github-code-scanning/codeql,success,79271691,LorenzoBettini,195,11,0.0,0.0,,dynamic,319,0,3042.0,1,success,11,c91a45430f1c86c63d27e2ae80a7c84084082b3c,88,254,157,1,0,1,8,3,399,0,1,0,1,85,86,0,1,1,22,0,0,0,0,6,6,0,1,0,22,0,1,244,155,0,0,76,0,0,0,0,[],java-maven,3062089,3770640,1231.39,0,0,0,0,0,0.0185185,0.938224,0.00555556,0.932716,132,0,1,0,1,1,0,1
51936,9461635408,1553758,Build,cd-orbit-202409,9fd7ea67a054308e450349c2a410e1b86bd4a1c8,.github/workflows/maven.yml,success,52327453,cdietrich,196,10,0.0,0.0,,push,4,0,3082.0,1,failure,1,5205c2920df43dc02f902744def26b851536872c,25,26,26,12,0,3,8,6,18,1,1,0,0,1,1,0,0,0,1,0,0,0,0,0,0,1,0,0,22,0,0,9,9,1,0,1,0,0,89,0,[],java-maven,3046443,3754255,1232.34,0,0,0,0,1,0.0212963,0.824544,0.00555556,0.731481,26,1,5,0,0,0,0,0
51937,9869154881,1553758,Push on main,main,60240c94231fb428d1791bedfd35f25ea7f113be,dynamic/github-code-scanning/codeql,success,79271691,cdietrich,196,9,0.0,1.0,,dynamic,6,0,3100.0,1,success,1,785a725aaa7a339f580df5c3b362312e8cc8d0d3,1,1,1,0,0,1,2,1,0,0,0,0,0,0,0,0,0,0,0,0,0,0,0,0,0,0,0,0,22,0,0,0,0,0,0,0,0,0,244,1,[],java-maven,3046488,3754356,1232.36,0,0,0,0,0,0.00648148,0.921369,0.000925926,0.999691,23,1,1,0,0,1,0,1
51938,7595507448,1553758,Build,cd_tycho50,980578e2d474bc9e76959c937c1a45eb9a725be1,.github/workflows/maven.yml,success,52327453,cdietrich,192,7,0.0,0.0,,push,0,0,,0,success,9,a1c6d7db5819be6522e50ec94d4c48a8c38c58e0,6,74,70,0,0,5,108,2,36,1,1,1,0,2,3,0,1,1,87,0,0,0,0,0,0,1,1,0,16,1,0,32,4,0,0,1,0,0,54,0,[],java-maven,2989569,3622271,1211.64,0,0,0,0,1,0.0194444,0.807209,0.00555556,0.885802,5,1,3,0,0,0,0,0
51939,9427092091,1553758,Build,cd_tycho50,7847e73ac9c16f817ec48083342ff8c9f119160a,.github/workflows/maven.yml,failure,52327453,cdietrich,196,10,0.0,0.0,,push,0,0,,0,success,9,bce38e85cc03ea2b9a9100464b2938279fdd538a,35,48,22573,47,0,50,5261,10,15799,2,1,0,147,0,147,0,0,0,0,0,0,0,0,1239,1239,1,1,0,22,0,180,18,15781,1,0,0,0,0,89,0,[],java-maven,3046847,3754935,1232.4,0,0,0,0,1,0.0203704,0.849226,0.00277778,0.874132,24,1,5,0,0,0,0,0
51940,8582451037,1553758,Build,lb_tycho-4.0.7,5cf3ef820fa3b45821f0b16ac4d0c055656ee01d,.github/workflows/maven.yml,success,52327453,LorenzoBettini,194,10,0.0,0.0,,push,4,0,2980.0,0,success,1,77020bbc801f2d5d01b9abd837c2be4f28b5f824,6,6,6,1,0,3,6,3,4,1,1,0,0,1,1,0,0,0,3,0,0,0,0,0,0,1,0,0,16,0,0,2,2,0,0,1,0,0,63,0,[],java-maven,2986082,3622924,1213.27,0,0,0,0,1,0.00555556,0.996528,0.0037037,0.996914,3,0,4,0,1,0,0,0
51941,8679805481,1553758,Build,replace-guava-objects,7ef3a285921c1031228832291a35890095e5ce15,.github/workflows/maven.yml,success,52327453,HannesWell,194,9,0.0,0.0,,pull_request,76,0,2992.0,1,failure,1,9e3b1b496e157a58fe3bf556bb910f03c3a7a9a7,70,206,206,0,0,54,314,1,98,0,1,0,0,68,68,0,0,0,502,0,0,0,66,68,134,1,1,0,16,0,0,50,48,0,0,15,0,0,63,0,[],java-maven,2986091,3622928,1213.27,0,0,0,0,1,0.0101852,0.823873,0.00462963,0.865123,1,0,4,0,1,0,0,0
51942,10116209652,1553758,Build,main,d6e15953e8d950a88dd5ff66115a2b3e240f265b,.github/workflows/maven.yml,failure,52327453,cdietrich,197,8,0.0,1.0,{'fix'},push,69,0,3111.0,0,success,1,34a6e3b7e5b4cdc3f1aa5462929def021a8051ed,1,6,1,0,0,1,7,1,0,0,0,0,0,0,0,0,0,0,0,0,0,0,0,0,0,0,0,0,22,0,0,0,0,0,0,0,0,0,244,1,[],java-maven,3046514,3754369,1232.35,0,0,0,0,1,0.012037,0.756545,0.00833333,0.612179,8,1,5,0,0,1,0,1
51943,9495152080,1553758,Build,cd-new-fix-braces,ddbdab03abeabfdbcc4ab06e3f1377adc821fa50,.github/workflows/maven.yml,success,52327453,cdietrich,196,10,0.0,0.0,,push,0,0,,1,success,1,b26459961abf8fdcee5f3779179e2f10c47f9798,2,1,612,0,0,2,613,1,0,0,0,0,0,0,0,0,0,0,0,0,0,0,0,0,0,0,0,0,22,0,0,0,0,0,0,0,0,0,89,0,[],java-maven,3046449,3754255,1232.34,0,0,0,0,1,0.0222222,0.864499,0.00740741,0.865432,29,1,5,0,0,1,0,0
51944,7395323165,1553758,Build,lb_xbase_cleanup-1,15b244df8293c79627f6d02f6cf5b71864282a02,.github/workflows/maven.yml,success,52327453,LorenzoBettini,192,6,0.0,0.0,,pull_request,36,0,2898.0,1,success,9,88c9ed9b70c2275540cd0b6e6b780b4edc59f898,308,3724,5025,78,0,45,1535,14,5440,2,1,7,11,122,140,4,17,21,614,0,6,6,87,99,186,1,1,0,16,8,11,2295,3145,0,0,33,0,0,54,0,[],java-maven,2988540,3621833,1211.91,0,0,0,0,1,0.00740741,0.955338,0.00277778,0.967294,60,0,3,0,1,0,0,0
51945,9131074742,1553758,PR #3048,cd-java-source-lang-21,cf4a3e464ec0a73592e33a872c869583fe9d6b3d,dynamic/github-code-scanning/codeql,success,79271691,cdietrich,195,11,0.0,0.0,,dynamic,0,0,,1,success,1,607b7b63f277655b2b45cbe4cdb2ab35e8e2d7a1,2,15,6,0,0,1,3,1,18,0,1,0,0,2,2,0,0,0,11,0,0,0,0,0,0,1,1,0,22,0,0,12,6,0,0,1,0,0,0,0,[],java-maven,3060901,3768329,1231.12,0,0,0,0,0,0.0212963,0.869065,0.00462963,0.915702,17,1,1,0,0,0,0,0
51946,7478450372,1553758,PR #2904,cd_lsp4j0212,bfc947dda8f94a4ef545ca6efc46aecc4f4ad06a,dynamic/github-code-scanning/codeql,success,79271691,cdietrich,192,7,0.0,0.0,,dynamic,0,0,,1,failure,1,9f2e95e663db24a625fd5d10b1fb2bad199f51b8,1,9,26,0,0,1,35,1,0,0,0,0,0,1,1,0,1,1,64,0,0,0,1,0,1,1,0,0,16,0,0,0,0,0,0,0,0,0,1,0,[],java-maven,2989257,3622360,1211.79,0,0,0,0,0,0.0175926,0.768915,0.0111111,0.733918,6,1,1,0,0,1,0,0
51947,7726823222,1553758,Build,lb_2922,24aea9e91c551792b740db0f9f559c3e8c167fc3,.github/workflows/maven.yml,success,52327453,LorenzoBettini,193,8,0.0,0.0,,push,50,0,2923.0,1,success,1,c04e6abaa22cae3840e3ff9eeb046a09ab268438,1,24,0,0,0,1,24,1,0,0,0,0,0,0,0,0,0,0,0,0,0,0,0,0,0,0,0,0,16,0,0,0,0,0,0,0,0,0,54,0,[],java-maven,2989699,3622278,1211.59,0,0,0,0,1,0.0166667,0.925813,0.0,1.0,73,0,3,0,1,1,0,0
51948,9094343354,1553758,Scheduled,main,aa5fb2291ac5699cfb870aceb36e74e7308894e3,dynamic/github-code-scanning/codeql,success,79271691,github-advanced-security[bot],195,11,0.0,0.0,,dynamic,322,0,2986.0,0,success,26,9964dba09d8fdf1f8292e914898322db38ea96c1,35,731,381,3,0,5,61,6,1022,2,1,7,0,19,26,1,0,1,125,0,0,0,27,3,30,1,1,0,20,7,0,650,372,0,1,52,0,0,0,0,[],java-maven,2989969,3623690,1211.95,0,0,0,0,0,0.0194444,0.991162,0.00740741,0.995885,0,0,1,0,1,1,0,1
51949,8783660229,1553758,Build,lb_2293,fadf9c715a71b064f7319392433257e7287a9956,.github/workflows/maven.yml,success,52327453,LorenzoBettini,194,11,0.0,0.0,,push,0,0,,0,success,1,045b5142a2a67ab795624f18f51bfd5b18b406db,3,8,7,0,0,2,5,1,10,0,1,0,0,3,3,1,1,2,42,0,0,0,0,0,0,1,1,0,16,0,0,5,5,0,0,1,0,0,63,0,[],java-maven,2988693,3622481,1212.06,0,0,0,0,1,0.012963,0.949757,0.000925926,0.972848,20,0,4,0,1,1,0,0
51950,7503554202,1553758,Build,main,47a553bd09a910c668176a39218b5b74bc187ea4,.github/workflows/maven.yml,success,52327453,LorenzoBettini,192,7,0.0,0.0,,push,40,0,2901.0,1,success,1,7465b3e4af40cd757800a788c88bef14fc0d305f,1,2,2,1,0,0,0,1,0,0,0,0,0,0,0,0,0,0,0,0,0,0,0,0,0,0,0,0,16,0,0,0,0,0,0,0,0,0,54,0,[],java-maven,2989529,3622193,1211.63,0,0,0,0,1,0.0175926,0.926473,0.0111111,0.885101,110,0,3,0,1,1,0,1
51951,9559894899,1553758,Build,lb_3077,a1a12699b7942ce965a74df066040f6fef5af569,.github/workflows/maven.yml,failure,52327453,LorenzoBettini,196,10,0.0,0.0,,push,0,0,,0,success,7,54e5f6e95872b728ac6b1d588838fd221f5f6ddb,13,76,752,3,0,5,783,6,29,2,1,0,0,3,3,1,0,1,8,0,0,0,2,0,2,1,1,0,22,0,0,22,7,0,0,1,0,0,89,0,[],java-maven,3046839,3754629,1232.3,0,0,0,0,1,0.0203704,0.836737,0.00555556,0.746528,37,0,5,0,1,0,0,0
51952,7477400656,1553758,PR #2903,lb_bootstrap_m1,84c9ea3f104ce938ed76423f3e4e734859c29088,dynamic/github-code-scanning/codeql,success,79271691,LorenzoBettini,192,7,0.0,0.0,,dynamic,0,0,,1,success,1,15aa26aa16991fd3299771482ca8059fbdea57ca,10,19,19,8,0,1,2,2,4,0,1,0,0,0,0,0,0,0,0,0,0,0,0,0,0,0,0,0,16,0,0,2,2,0,0,0,0,0,1,0,[],java-maven,2989540,3622195,1211.62,0,0,0,0,0,0.012037,0.920196,0.00555556,0.871083,106,0,1,0,1,0,0,0
51953,9484228601,1553758,Build,cd-braces-fix,8fb8b89ec6128220c0448dd108870162bca4fffb,.github/workflows/maven.yml,success,52327453,cdietrich,196,10,0.0,0.0,,push,6,0,3084.0,0,success,1,f82bd8fef8269912d49c8d108806436c3f3cc9b2,2,43,146,0,0,2,189,1,0,0,0,0,0,0,0,0,0,0,0,0,0,0,0,0,0,0,0,0,22,0,0,0,0,0,0,0,0,0,89,0,[],java-maven,3046448,3754255,1232.34,0,0,0,0,1,0.0222222,0.838969,0.00740741,0.80776,25,1,5,0,0,0,0,0
51954,9030325497,1553758,Build,miklossy_issue_3007,75049df2670e535a4442e2cac19834ab2d17c8b9,.github/workflows/maven.yml,failure,52327453,miklossy,195,11,0.0,0.0,,push,0,0,,1,success,5,fe3f940962a1efa3503021d441de7fffec4a901f,29,43,43,17,0,9,24,6,6,2,1,0,0,3,3,0,0,0,4,0,0,0,0,0,0,1,0,0,16,0,0,3,3,1,0,0,0,0,87,0,[],java-maven,2989781,3623400,1211.93,0,0,0,0,1,0.0194444,0.795139,0.0037037,0.798148,2,1,4,0,0,0,0,0
51955,7477825975,1553758,PR #2904,cd_lsp4j0212,edd330f0d50780e357e1abc83eef5be6f8b8ddb5,dynamic/github-code-scanning/codeql,success,79271691,cdietrich,192,7,0.0,0.0,,dynamic,0,0,,1,failure,1,c5dc873c6c0ca6fd301d079c9f52563beefeb6a0,0,0,0,0,0,0,0,0,0,0,0,0,0,0,0,0,0,0,0,0,0,0,0,0,0,0,0,0,16,0,0,0,0,0,0,0,0,0,1,0,[],java-maven,2989228,3622360,1211.8,0,0,0,0,0,0.0157407,0.803913,0.00925926,0.796914,6,1,1,0,0,1,0,0
51956,7692057283,1553758,Build,cd_tycho50,e7a14d5326b142858d49b46e8781afd7efa5bce6,.github/workflows/maven.yml,success,52327453,cdietrich,192,7,0.0,0.0,,push,0,0,,1,success,7,980578e2d474bc9e76959c937c1a45eb9a725be1,101,182,118,0,0,4,89,4,211,1,1,0,0,87,87,0,0,0,243,2,0,2,0,0,0,1,1,0,16,0,0,109,102,0,0,0,0,0,54,0,[],java-maven,2989625,3622278,1211.62,0,0,0,0,1,0.0166667,0.831019,0.0,1.0,3,1,3,0,0,0,0,0
51957,8156664703,1553758,Build,sz_bundle_dep,e966628fe12aff3e7f539ea970d3cc8e8f1e2bbe,.github/workflows/maven.yml,success,52327453,szarnekow,193,7,0.0,0.0,,push,0,0,,1,success,1,701dea96abbf9e7b7870de2ecfb3900f0e1feeaf,1,12,12,0,0,1,24,1,0,0,0,0,0,0,0,0,0,0,0,0,0,0,0,0,0,0,0,0,16,0,0,0,0,0,0,0,0,0,54,0,[],java-maven,2990265,3622778,1211.52,0,0,0,0,1,0.0037037,0.915123,0.0,1.0,0,1,3,0,0,0,0,0
51958,7413118218,1553758,PR #2873,lb_xtend_validator_tests,9b52cd7684832c2ccf2c1965609555931c3d39d5,dynamic/github-code-scanning/codeql,success,79271691,LorenzoBettini,192,6,0.0,0.0,,dynamic,53,0,2873.0,1,success,1,365f1fa4489ada3ce337f109de74ad14623fe7da,1,10,4,0,0,0,0,1,14,0,0,0,0,0,0,0,0,0,0,0,0,0,0,0,0,0,0,0,16,0,0,10,4,0,0,0,0,0,1,0,[],java-maven,2988552,3621788,1211.89,0,0,0,0,0,0.00648148,0.95729,0.00277778,0.969276,60,0,1,0,1,1,0,0
51959,9485673275,1553758,Push on main,main,5536108c02972445a9b95c36321dfde42153896b,dynamic/github-code-scanning/codeql,success,79271691,cdietrich,196,10,0.0,0.0,,dynamic,6,0,3084.0,1,success,1,f82bd8fef8269912d49c8d108806436c3f3cc9b2,2,43,146,0,0,2,189,1,0,0,0,0,0,0,0,0,0,0,0,0,0,0,0,0,0,0,0,0,22,0,0,0,0,0,0,0,0,0,0,0,[],java-maven,3046448,3754255,1232.34,0,0,0,0,0,0.0222222,0.843506,0.00740741,0.824477,26,1,1,0,0,1,0,1
51960,8557042944,1553758,PR #2973,cd_mwe2180M1,811d4b37c173e2b615656120376bd99129f617e5,dynamic/github-code-scanning/codeql,success,79271691,cdietrich,194,9,0.0,0.0,,dynamic,0,0,,1,failure,1,4f1669f20b5f2bdd0ad5d4663b2b9261753fd389,30,46,46,10,0,5,22,3,32,1,1,0,0,1,1,0,0,0,1,0,0,0,0,0,0,1,0,0,16,0,0,16,16,0,0,2,0,0,0,0,[],java-maven,2986082,3622924,1213.27,0,0,0,0,0,0.00277778,0.957755,0.000925926,0.899537,8,1,1,0,0,0,0,0
51961,8000022929,1553758,Build,main,a01d1069e492eb54ab89a6d827a9543c358825ec,.github/workflows/maven.yml,success,52327453,cdietrich,193,7,0.0,0.0,,push,6,0,2939.0,1,success,1,0c2b68eed167c5455263ef2e9436a9797f5de12e,1,1,1,0,0,1,2,1,0,0,0,0,0,0,0,0,0,0,0,0,0,0,0,0,0,0,0,0,16,0,0,0,0,0,0,0,0,0,54,0,[],java-maven,2990265,3622778,1211.52,0,0,0,0,1,0.00277778,0.974653,0.00277778,0.949306,12,1,3,0,0,1,0,1
51962,8168556746,1553758,Build,lb-gh-windows,83ecc709e46aae6a1b2e4e17ac99d85986ec6a31,.github/workflows/maven.yml,success,52327453,LorenzoBettini,193,8,0.0,0.0,,push,115,0,2950.0,0,success,10,cfb60982ca3de6a05f5392a4c6c91f8782c5ea6f,83,384,7118,43,0,83,6781,6,467,1,1,0,79,4,83,0,0,0,31,1,0,1,1,329,330,1,1,0,16,0,79,245,222,0,0,3,0,0,63,0,[],java-maven,2985900,3622805,1213.3,0,0,0,0,1,0.0037037,0.949074,0.0,1.0,20,0,4,0,1,0,0,0
51963,8797588957,1553758,PR #3008,lb_gh_actions_macos,b184d43692e5e642997122afec66eb69cfcbc18b,dynamic/github-code-scanning/codeql,success,79271691,LorenzoBettini,194,11,0.0,0.0,,dynamic,25,0,3008.0,1,failure,1,995655fd9b4b011c007861808214720bee04c34a,1,2,2,0,0,0,0,1,0,0,0,0,0,0,0,0,0,0,0,0,0,0,0,0,0,0,0,0,16,0,0,0,0,0,1,0,0,0,0,0,[],java-maven,2988680,3622468,1212.06,0,0,0,0,0,0.0166667,0.910539,0.00462963,0.888246,21,0,1,0,1,0,0,0
51964,9413775633,1553758,Build,lb_2974,bec74292cb525731ee587377fb73e554e236fa13,.github/workflows/maven.yml,success,52327453,LorenzoBettini,196,10,0.0,0.0,,push,48,0,3078.0,0,failure,1,0a0e95357593d5cd4b923207217d88d83173cc67,10,22,22,3,0,0,0,1,32,0,1,0,0,0,0,0,0,0,0,0,0,0,0,0,0,0,0,0,22,0,0,16,16,0,0,0,0,0,89,0,[],java-maven,3062192,3770698,1231.37,0,0,0,0,1,0.0212963,0.88309,0.000925926,0.999228,114,0,5,0,1,1,0,0
51965,9161457407,1553758,PR #3050,cd/bs235m2,abebd750fc48e0342777e8809f6d70afb23f19e0,dynamic/github-code-scanning/codeql,success,79271691,cdietrich,195,11,0.0,0.0,,dynamic,6,0,3050.0,0,success,1,2c4953968ff7216baa5f99597ceeff896c1586db,1,1,1,0,0,1,2,1,0,0,0,0,0,0,0,0,0,0,0,0,0,0,0,0,0,0,0,0,22,0,0,0,0,0,0,0,0,0,0,0,[],java-maven,3062125,3770553,1231.35,0,0,0,0,0,0.0222222,0.880174,0.00462963,0.916024,21,1,1,0,0,0,0,0
51966,9032570911,1553758,Build,miklossy_issue_3007,ef2e617ef58509f25a63be9a77c3a264a75b785a,.github/workflows/maven.yml,failure,52327453,miklossy,195,11,0.0,0.0,,push,0,0,,1,success,1,75049df2670e535a4442e2cac19834ab2d17c8b9,1,6,5,0,0,0,0,1,11,0,0,0,0,1,1,0,0,0,6,0,0,0,0,0,0,0,1,0,16,0,0,6,5,0,0,0,0,0,87,0,[],java-maven,2989780,3623401,1211.93,0,0,0,0,1,0.0203704,0.768098,0.00462963,0.748071,2,1,4,0,0,0,0,0
51967,8701038891,1553758,PR #2986,lb_java_21,303fda49ecf7cd7681a5f67ecc53d79b5247cd59,dynamic/github-code-scanning/codeql,success,79271691,LorenzoBettini,194,10,0.0,0.0,,dynamic,0,0,,1,success,28,de23e17fdc255b163f1915cf5e5f183fbdf2ac39,148,5089,1339,9,0,141,4704,12,1665,1,1,46,12,125,183,67,4,71,848,8,0,8,488,137,625,1,1,0,20,46,21,642,1023,0,0,32,0,0,0,0,[],java-maven,2988893,3622801,1212.09,0,0,0,0,0,0.012037,0.941138,0.0037037,0.999314,14,0,1,0,1,1,0,0
51968,7365699528,1553758,PR #2882,lb_2881,7338790cdc92c3d80f06f7f89f288a037c906fb6,dynamic/github-code-scanning/codeql,success,79271691,LorenzoBettini,192,6,0.0,0.0,,dynamic,174,0,2882.0,1,success,4,3abeb80496e34e446e5aae4b5776ae0fffd9d9e9,3,52,43,4,0,1,42,5,0,2,0,1,0,0,1,0,0,0,0,0,0,0,4,0,4,1,0,0,16,1,1,0,0,0,0,0,0,0,1,0,[],java-maven,2988563,3621828,1211.9,0,0,0,0,0,0.00648148,0.963707,0.00185185,0.999513,20,0,1,0,1,0,0,0
51969,8675224430,1553758,Build,sz_xbase_lsp,47514d614ace02526a866447ce99fcacf7b50bb1,.github/workflows/maven.yml,success,52327453,szarnekow,194,9,0.0,0.0,,push,0,0,,0,success,24,0d468f3b8108634a7ab8d0c09bceb65901854fd5,206,3665,3536,41,0,62,4551,11,2028,2,1,0,0,76,76,20,8,28,448,1,0,1,0,0,0,1,1,0,16,0,0,1015,1013,1,0,33,0,0,63,0,[],java-maven,2985940,3622381,1213.15,0,0,0,0,1,0.00833333,0.997024,0.00277778,0.997685,0,1,4,0,0,0,0,0
51970,9678317470,1553758,Scheduled,main,bedfe08bc1c74a38ec3d58d8179dc3278545de1f,dynamic/github-code-scanning/codeql,success,79271691,github-advanced-security[bot],196,9,0.0,0.0,,dynamic,8,0,3094.0,0,success,1,df499791d2288b5ab85253c528754ba69ab3648a,15,10,10,3,0,0,0,3,16,2,1,0,0,0,0,0,0,0,0,0,0,0,0,0,0,0,0,0,22,0,0,8,8,0,0,0,0,0,0,0,[],java-maven,3046443,3754311,1232.36,0,0,0,0,0,0.0111111,0.99537,0.000925926,0.999228,0,0,1,0,1,1,0,1
51971,8765324111,1553758,Build,lb_2998,9e3155297ed5975b2e2e81285ebbe2129414b508,.github/workflows/maven.yml,success,52327453,LorenzoBettini,194,11,0.0,0.0,,push,55,0,3002.0,1,success,1,08f234d27182d174996e310c77507ee2281e8d91,7,7,0,0,0,2,2,1,5,0,1,0,0,7,7,0,0,0,0,0,0,0,0,0,0,1,1,0,16,0,0,5,0,0,0,0,0,0,63,0,[],java-maven,2988640,3622450,1212.07,0,0,0,0,1,0.012037,0.953178,0.0037037,0.999074,16,0,4,0,1,0,0,0
51972,9174456685,1553758,Build,cd-gson2110,73fed79aeabb5ba54eca1454b9b63930cfdce355,.github/workflows/maven.yml,failure,52327453,cdietrich,195,11,0.0,0.0,,push,0,0,,0,success,1,9047a4c2d1c07445d1d9bb51737b090f4377eb68,21,31,31,10,0,2,4,4,20,1,1,0,0,1,1,0,0,0,1,0,0,0,0,0,0,1,0,0,22,0,0,10,10,0,0,1,0,0,95,0,[],java-maven,3062134,3770706,1231.4,0,0,0,0,1,0.0212963,0.870791,0.00925926,0.896249,22,1,5,0,0,0,0,0
51973,7774168465,1553758,Push on main,main,a1442552e09de90d0ffa62446b2b0c132ddff005,dynamic/github-code-scanning/codeql,success,79271691,LorenzoBettini,193,8,0.0,0.0,,dynamic,58,0,2921.0,0,success,4,28d84f0b381cae7708253234d5b09ff218b0548a,3,221,1,0,0,1,3,3,219,1,1,3,0,0,3,0,0,0,0,0,0,0,32,0,32,0,1,0,16,3,0,218,1,0,0,0,0,0,1,0,[],java-maven,2989876,3622521,1211.6,0,0,0,0,0,0.0166667,0.934588,0.0,1.0,83,0,1,0,1,1,0,1
51974,9582670092,1553758,Build,lb_3089,129ebcfeebfc5ba58d2592aac4c5ab57f6695920,.github/workflows/maven.yml,success,52327453,LorenzoBettini,196,10,0.0,0.0,,push,49,0,3092.0,0,success,1,1cb474441d19df9692dc69125dfab5042dd71814,2,5,35,0,0,1,19,1,21,0,1,0,0,2,2,0,1,1,7,0,0,0,0,2,2,1,1,0,22,0,0,3,18,0,0,0,0,0,89,0,[],java-maven,3046443,3754255,1232.34,0,0,0,0,1,0.012963,0.898704,0.00277778,0.873264,18,0,5,0,1,0,0,0
51975,7503590584,1553758,Build,lb_2792_marker_location,b3d8e0a697c3dcea52fd998f1fe35c19f420e9a2,.github/workflows/maven.yml,success,52327453,LorenzoBettini,192,7,0.0,0.0,,pull_request,115,0,2907.0,1,success,2,6880c8e869ef7f14bf5626286b31efd41945e4ee,1,1,4,0,0,1,5,1,0,0,0,0,0,1,1,0,0,0,3,0,0,0,0,0,0,1,0,0,16,0,0,0,0,0,0,0,0,0,54,0,[],java-maven,2989526,3622193,1211.63,0,0,0,0,1,0.0175926,0.927135,0.0111111,0.887654,111,0,3,0,1,0,0,0
51976,8782053781,1553758,Build,lb_2778,75171aa5ace70b9c6c1c760fa9b348bb22f38fe8,.github/workflows/maven.yml,success,52327453,LorenzoBettini,194,11,0.0,0.0,,push,0,0,,0,success,1,3a9f915d129db092e4fe2b8fe9518fba15bafb64,0,0,190,65,0,0,0,1,60,0,1,0,0,0,0,0,0,0,0,0,0,0,0,0,0,0,0,0,16,0,95,0,60,0,0,0,0,0,63,0,[],java-maven,2988673,3622400,1212.04,0,0,0,0,1,0.012963,0.948054,0.000925926,0.971296,20,0,4,0,1,0,0,0
51977,8818786759,1553758,Build,lb_java_21,2a40f09ee61edf1d9a63f017bcf7aff5c08ca34b,.github/workflows/maven.yml,success,52327453,LorenzoBettini,194,11,0.0,0.0,,push,0,0,,1,success,26,94b6c73a1d957388a788fbad094d7c72ab100df5,25,46,44,11,0,3,12,6,30,2,1,0,0,2,2,0,0,0,1,0,0,0,0,0,0,1,1,0,20,0,0,15,15,1,0,3,0,0,91,0,[],java-maven,2988873,3622746,1212.08,0,0,0,0,1,0.0212963,0.88894,0.0111111,0.863465,27,0,5,0,1,1,0,0
51978,8675913000,1553758,Build,sz_issue1329,0e568f5e73e1e8b6d2b6993e61b590bfec5826be,.github/workflows/maven.yml,success,52327453,szarnekow,194,9,0.0,0.0,,push,0,0,,1,success,1,c817b84a1ff3d721c1033ca3296beb8bcbc30183,4,172,172,0,0,4,344,1,0,0,0,0,0,4,4,0,0,0,94,0,0,0,0,0,0,1,0,0,16,0,0,0,0,0,0,0,0,0,63,0,[],java-maven,2987231,3622381,1212.62,0,0,0,0,1,0.00833333,0.998016,0.00277778,0.998932,0,1,4,0,0,0,0,0
51979,7730567164,1553758,Push on main,main,6f513e4abb6f397f8f0ef1e423a72353c6a98f2d,dynamic/github-code-scanning/codeql,success,79271691,github-advanced-security[bot],193,8,0.0,0.0,,dynamic,130,0,2915.0,0,success,1,6d4713366a8590fc4bf06217ff40258c78a36024,2,35,9,0,0,0,0,2,44,1,0,0,0,1,1,0,0,0,8,0,0,0,0,0,0,0,1,0,16,0,0,35,9,0,0,0,0,0,1,0,[],java-maven,2989698,3622304,1211.6,0,0,0,0,0,0.0166667,0.991667,0.0,1.0,0,0,2,0,1,1,0,1
51980,8184631797,1553758,Build,lb_tycho4,173afcc840827524bcfc7fea62f61694c39ec0d3,.github/workflows/maven.yml,success,52327453,LorenzoBettini,193,8,0.0,0.0,,push,76,0,2955.0,1,success,15,0a9d0728b2c71db3171ae9e898c81872a819c65b,12,129,28,5,0,2,4,6,49,2,1,0,0,2,2,0,0,0,3,1,0,1,1,0,1,0,1,0,16,1,0,30,19,0,1,3,0,0,63,0,[],java-maven,2985995,3622814,1213.27,0,0,0,0,1,0.0037037,0.968171,0.0,1.0,28,0,4,0,1,0,0,0
51981,8340552446,1553758,Build,main,feb9ed96d19d9b41e3e0667aa4f90c2188dbb8fd,.github/workflows/maven.yml,success,52327453,cdietrich,193,9,0.0,0.0,,push,14,0,2960.0,1,success,1,7276c2e2db87a695e67ea09fc911fcd3b6ee6f79,15,18,18,11,0,1,4,3,8,1,1,0,0,1,1,0,0,0,1,0,0,0,0,0,0,1,0,0,16,0,0,4,4,0,0,1,0,0,63,0,[],java-maven,2986077,3622918,1213.27,0,0,0,0,1,0.0037037,0.961182,0.0,1.0,16,1,4,0,0,1,0,1
51982,8142459812,1553758,Build,lb-gh-windows,cfb60982ca3de6a05f5392a4c6c91f8782c5ea6f,.github/workflows/maven.yml,success,52327453,LorenzoBettini,193,7,0.0,0.0,,push,0,0,,1,success,1,b9d2d70a9c448639ac0c24e712b1034252a427e9,1,1,0,0,0,0,0,1,1,0,0,0,0,1,1,0,0,0,3,0,0,0,0,0,0,0,1,0,16,0,0,1,0,0,0,1,0,0,63,0,[],java-maven,2990278,3622782,1211.52,0,0,0,0,1,0.0037037,0.962277,0.0,1.0,26,0,4,0,1,0,0,0
51983,9676673187,1553758,Build,cd_tycho50,7fd1da1ef7965a097fda83a9a01ef82dafc69219,.github/workflows/maven.yml,success,52327453,cdietrich,196,9,0.0,0.0,,push,0,0,,1,success,2,afe22eed3d25a61096246bb2b106e7eeb21064cd,0,0,0,0,0,0,0,0,0,0,0,0,0,0,0,0,0,0,0,0,0,0,0,0,0,0,0,0,22,0,0,0,0,0,0,0,0,0,89,0,[],java-maven,3046449,3754311,1232.36,0,0,0,0,1,0.0111111,0.891453,0.000925926,0.947125,23,1,5,0,0,0,0,0
51984,8140834983,1553758,Build,lb-gh-windows,b9d2d70a9c448639ac0c24e712b1034252a427e9,.github/workflows/maven.yml,success,52327453,LorenzoBettini,193,7,0.0,0.0,,push,0,0,,0,success,1,d1c93ea084e8302166056a421b819cad1ec5f913,6,4,4,4,0,2,4,2,0,1,1,0,0,0,0,0,0,0,0,0,0,0,0,0,0,0,0,0,16,0,0,0,0,0,0,0,0,0,63,0,[],java-maven,2990277,3622781,1211.52,0,0,0,0,1,0.0037037,0.960826,0.0,1.0,27,0,4,0,1,1,0,0
51985,8401114268,1553758,PR #2961,cd/orbit202406,c487ba8a351b18b53c213531fa098a20c0dd1583,dynamic/github-code-scanning/codeql,success,79271691,cdietrich,193,8,0.0,0.0,,dynamic,8,0,2961.0,1,success,1,feb9ed96d19d9b41e3e0667aa4f90c2188dbb8fd,24,53,53,12,0,3,10,6,34,1,1,0,0,1,1,0,0,0,1,0,0,0,0,0,0,1,0,0,16,0,0,17,17,1,0,1,0,0,0,0,[],java-maven,2986077,3622918,1213.27,0,0,0,0,0,0.000925926,0.999897,0.0,1.0,15,1,1,0,0,0,0,0
51986,7463946418,1553758,Build,lb_tycho40_2895,245619f63b88708a308657b0be020ddab1963426,.github/workflows/maven.yml,success,52327453,LorenzoBettini,192,7,0.0,0.0,,push,0,0,,1,success,1,f0c013b1ba18cd1905c090aa4da10110bde55986,2,3,13,0,0,0,0,2,16,1,0,0,0,1,1,0,0,0,8,0,0,0,0,0,0,0,1,0,16,0,0,3,13,0,0,0,0,0,54,0,[],java-maven,2989232,3622350,1211.8,0,0,0,0,1,0.00740741,0.962963,0.000925926,0.999815,93,0,3,0,1,0,0,0
51987,8814022331,1553758,Push on main,main,fb3945314122a94313b71035d563611767398bd0,dynamic/github-code-scanning/codeql,success,79271691,cdietrich,194,11,0.0,0.0,,dynamic,14,0,3009.0,0,success,1,e7dce5713bc2adc0187afacb4c31a8a1d10bdbc7,2,6,6,0,0,0,0,2,12,1,0,0,0,1,1,0,0,0,0,0,0,0,0,0,0,0,1,0,16,0,0,6,6,0,0,2,0,0,0,0,[],java-maven,2988704,3622468,1212.05,0,0,0,0,0,0.0222222,0.896296,0.0101852,0.993634,11,1,1,0,0,1,0,1
51988,7973559976,1553758,PR #2937,sz_delete_packrat,0df288a18537a7199985b7f8ea39ea6352522361,dynamic/github-code-scanning/codeql,success,79271691,LorenzoBettini,193,7,0.0,0.0,,dynamic,0,0,,1,success,12,2d8a175b9d94fc46067cdd5d5096d5cd4b207c81,5457,5672,5560,37,0,177,386,12,10693,1,1,0,0,5006,5006,0,0,0,15423,0,0,0,0,0,0,1,1,0,16,0,0,5394,5299,1,0,3,0,0,1,0,[],java-maven,2985881,3622778,1213.3,0,0,0,0,0,0.00277778,0.981895,0.00277778,0.936632,126,0,1,0,1,0,0,0
51989,8799576072,1553758,Build,lb_gh_actions_macos,136d31a54db226350187bffe2ab5af0309c9c146,.github/workflows/maven.yml,failure,52327453,LorenzoBettini,194,11,0.0,0.0,,push,25,0,3008.0,1,success,1,b184d43692e5e642997122afec66eb69cfcbc18b,1,26,0,0,0,0,0,1,0,0,0,0,0,0,0,0,0,0,0,0,0,0,0,0,0,0,0,0,16,0,0,0,0,0,1,0,0,0,87,0,[],java-maven,2988704,3622468,1212.05,0,0,0,0,1,0.0185185,0.88602,0.00648148,0.845323,22,0,4,0,1,0,0,0
51990,7477696419,1553758,Build,sz_xbase_lsp,59c632db7eef792d06574e5e747e094f990b0cc7,.github/workflows/maven.yml,success,52327453,szarnekow,192,7,0.0,0.0,,push,0,0,,1,failure,17,6a33588f2d59b055a0d30e9d5fbf010fbe9f6d72,25,115,279,1,0,0,0,7,391,2,1,5,1,3,9,0,0,0,2,0,0,0,56,4,60,0,1,0,16,0,6,113,278,0,0,1,0,0,54,0,[],java-maven,2989299,3621650,1211.54,0,0,0,0,1,0.0138889,0.923264,0.00740741,0.941799,7,1,3,0,0,0,0,0
51991,7768523857,1553758,Build,temp-xtend-anonymous-class-2,6af742c8bceb96792ea6d06325536ed8b0a31209,.github/workflows/maven.yml,success,52327453,LorenzoBettini,193,8,0.0,0.0,,pull_request,36,0,2898.0,0,success,44,88c9ed9b70c2275540cd0b6e6b780b4edc59f898,218,1123,1612,25,0,44,1378,14,1237,2,1,8,8,117,133,6,13,19,627,2,4,6,89,68,157,1,1,0,16,8,7,457,780,0,0,17,0,0,54,0,[],java-maven,2989338,3622360,1211.76,0,0,0,0,1,0.0166667,0.933877,0.0,1.0,81,0,3,0,1,0,0,0
51992,7639630246,1553758,PR #2919,cd_regenDocs,132f41f2645fb57af6843c991c67b777e36c6f8f,dynamic/github-code-scanning/codeql,success,79271691,cdietrich,192,7,0.0,0.0,,dynamic,8,0,2919.0,1,success,1,4bf47b0c4b475a7fa76ebf788eaf78f324c96938,2,21,5,0,0,2,26,1,0,0,1,0,0,0,0,0,0,0,0,0,0,0,0,0,0,0,0,0,16,0,0,0,0,0,0,0,0,0,1,0,[],java-maven,2989571,3622268,1211.63,0,0,0,0,0,0.0194444,0.811693,0.00555556,0.897222,6,1,1,0,0,0,0,0
51993,9415168054,1553758,PR #3080,lb_3077,16f6c22f2b0da6f075d43256729948d2d388e731,dynamic/github-code-scanning/codeql,success,79271691,LorenzoBettini,196,10,0.0,0.0,,dynamic,0,0,,1,failure,1,0a0e95357593d5cd4b923207217d88d83173cc67,25,409,15,0,0,2,47,2,377,1,1,1,0,11,12,0,0,0,25,0,0,0,8,0,8,1,1,0,22,1,0,368,9,0,0,36,0,0,0,0,[],java-maven,3062560,3771057,1231.34,0,0,0,0,0,0.0203704,0.881354,0.00185185,0.92791,116,0,1,0,1,0,0,0
51994,8884227096,1553758,Build,main,655cdc1afba4c50aed9d97c78a66a5e2bbf42371,.github/workflows/maven.yml,success,52327453,LorenzoBettini,195,11,0.0,0.0,,push,81,0,3020.0,1,success,1,7414f04e5830c964344b04acecff980c878d36ea,1,1,0,1,0,0,0,1,0,0,0,0,0,0,0,0,0,0,0,0,0,0,0,0,0,0,0,0,16,0,0,0,0,0,0,0,0,0,87,0,[],java-maven,2989712,3623286,1211.92,0,0,0,0,1,0.0222222,0.921007,0.0101852,0.912305,43,0,4,0,1,1,0,1
51995,7787372210,1553758,PR #2929,lb_2928,fca40be2066b48161d41f32b00113536af81a7d4,dynamic/github-code-scanning/codeql,success,79271691,LorenzoBettini,193,8,0.0,0.0,,dynamic,89,0,2929.0,1,success,1,9ba134b12a9ac8c0aa7b8e4918672ba89ac6c293,1,4,2,0,0,0,0,1,6,0,0,0,0,0,0,0,0,0,0,0,0,0,0,0,0,0,0,0,16,0,0,4,2,0,0,0,0,0,1,0,[],java-maven,2990092,3622683,1211.56,0,0,0,0,0,0.0157407,0.941551,0.0,1.0,170,0,1,0,1,0,0,0
51996,8463608258,1553758,Build,miklossy_formatter_abstract_base_class,087f315e21f2cbd10853a040ea331a40f785e3d9,.github/workflows/maven.yml,success,52327453,miklossy,194,9,0.0,0.0,,push,0,0,,1,success,30,538de855b6f6e667581fb95237cfca6637c365bf,317,2769,9268,89,0,195,7075,13,3144,2,1,2,79,11,92,2,0,2,47,2,0,2,13,329,342,1,1,0,16,6,79,1645,1499,1,1,9,0,0,63,0,[],java-maven,2986083,3622940,1213.28,0,0,0,0,1,0.00277778,0.798611,0.00185185,0.799074,0,1,4,0,0,0,0,0
51997,9275331866,1553758,Push on main,main,e0f5f9746b6d0c75104dee6902138f69d95ed75e,dynamic/github-code-scanning/codeql,success,79271691,LorenzoBettini,196,12,0.0,0.0,,dynamic,16,0,3072.0,1,success,2,65f5662494356f0db75a431ab5480b0905be0e5f,262,2356,2356,69,0,105,216,3,2892,1,1,0,0,1,1,0,0,0,2,0,0,0,0,0,0,1,0,0,22,0,0,1446,1446,0,0,1,0,0,0,0,[],java-maven,3062113,3770698,1231.4,0,0,0,0,0,0.0222222,0.89418,0.00277778,0.967294,121,0,1,0,1,1,0,1
51998,7800677994,1553758,PR #2931,cd/regen_langs2024,acd0963bdd4fb8db88c1cc01bbd039b16ba0dcbc,dynamic/github-code-scanning/codeql,success,79271691,cdietrich,193,8,0.0,0.0,,dynamic,6,0,2931.0,0,success,1,447dc2cd0a04711cbb61e02d8eb58e86d856f6e8,5414,5473,5426,24,0,173,351,6,10480,0,1,0,0,5004,5004,0,0,0,15421,0,0,0,0,0,0,1,1,0,16,0,0,5261,5219,1,0,0,0,0,1,0,[],java-maven,2990202,3622725,1211.53,0,0,0,0,0,0.0157407,0.848032,0.0,1.0,6,1,1,0,0,0,0,0
51999,9503681698,1553758,Build,cd_tycho50,639c5cb46553d843e5c4d3b584e62d87ca95627f,.github/workflows/maven.yml,success,52327453,cdietrich,196,10,0.0,0.0,,push,0,0,,1,success,7,b26459961abf8fdcee5f3779179e2f10c47f9798,3,3,614,0,0,3,617,2,0,1,0,0,0,0,0,0,0,0,0,0,0,0,0,0,0,0,0,0,22,0,0,0,0,0,0,0,0,0,89,0,[],java-maven,3046449,3754255,1232.34,0,0,0,0,1,0.0212963,0.866187,0.00740741,0.884656,30,1,5,0,0,0,0,0
52000,7782133733,1553758,Build,main,84eac4d10640e8df44818dfef7288c5109b15a09,.github/workflows/maven.yml,success,52327453,LorenzoBettini,193,8,0.0,0.0,,push,82,0,2908.0,1,success,3,acc2d9f915577e8792f8f6031cf63de47f9c9c75,1,10,2,0,0,1,12,1,0,0,0,1,0,0,1,0,0,0,0,0,0,0,13,0,13,1,0,0,16,0,0,0,0,0,0,0,0,0,54,0,[],java-maven,2990053,3622657,1211.57,0,0,0,0,1,0.0157407,0.940983,0.0,1.0,97,0,3,0,1,1,0,1
52001,9204866097,1553758,Build,lb_ghactions_cleanup,5e124d4f46993d7e9f2f7472fb3f3f87ba9082d1,.github/workflows/maven.yml,success,52327453,LorenzoBettini,195,11,0.0,0.0,,pull_request,26,0,3056.0,1,success,2,39ac9112344365d187ac9b7627ddac7995ef4d3b,2,2,32,0,0,1,22,2,0,1,1,0,0,0,0,0,0,0,0,0,0,0,0,0,0,0,0,0,22,0,0,0,0,0,1,0,0,0,89,0,[],java-maven,3062102,3770698,1231.41,0,0,0,0,1,0.0203704,0.919827,0.012037,0.844996,132,0,5,0,1,0,0,0
52002,9676656004,1553758,Build,cd_tycho50,ee43d61b556c4c36998af012a8fabd5aa6c052ae,.github/workflows/maven.yml,success,52327453,cdietrich,196,9,0.0,0.0,,push,0,0,,1,success,3,3c0ed86e46da9b63485e6394e5606f1f86a5fcf4,0,0,0,0,0,0,0,0,0,0,0,0,0,0,0,0,0,0,0,0,0,0,0,0,0,0,0,0,22,0,0,0,0,0,0,0,0,0,89,0,[],java-maven,3046449,3754311,1232.36,0,0,0,0,1,0.0111111,0.888007,0.000925926,0.940904,23,1,5,0,0,0,0,0
52003,9131747963,1553758,PR #3048,cd-java-source-lang-21,1ae01d3f8652afeacd223685b352b3dc7c53ea21,dynamic/github-code-scanning/codeql,success,79271691,cdietrich,195,11,0.0,0.0,,dynamic,0,0,,1,success,1,efda57d69b85ded2f26764d5bebe0784807686c3,1,2,2,0,0,0,0,1,4,0,0,0,0,1,1,0,0,0,1,0,0,0,0,0,0,0,1,0,22,0,0,2,2,0,0,0,0,0,0,0,[],java-maven,3060901,3768329,1231.12,0,0,0,0,0,0.0212963,0.881245,0.00462963,0.927745,17,1,1,0,0,0,0,0
52004,8155091262,1553758,Build,sz_delete_packrat,1781d5bb1607952bd9507b37fefb1264c5295243,.github/workflows/maven.yml,success,52327453,szarnekow,193,7,0.0,0.0,,push,10,0,2937.0,0,success,6,0df288a18537a7199985b7f8ea39ea6352522361,287,2069,2058,78,0,105,234,5,2495,1,1,0,0,1,1,0,0,0,1,0,0,0,0,0,0,1,0,0,16,0,0,1253,1242,0,0,2,0,0,54,0,[],java-maven,2985881,3622789,1213.31,0,0,0,0,1,0.0037037,0.872685,0.0,1.0,0,1,3,0,0,0,0,0
52005,9397841724,1553758,Push on main,main,0a0e95357593d5cd4b923207217d88d83173cc67,dynamic/github-code-scanning/codeql,success,79271691,github-advanced-security[bot],196,11,0.0,0.0,,dynamic,10,0,3076.0,0,success,1,33e7729bbee6283b70711e27a65f3cb688f69c96,11,12,12,10,0,0,0,1,4,0,1,0,0,0,0,0,0,0,0,0,0,0,0,0,0,0,0,0,22,0,0,2,2,0,0,0,0,0,0,0,[],java-maven,3062192,3770698,1231.37,0,0,0,0,0,0.0203704,0.992725,0.0,1.0,0,0,2,0,1,1,0,1
52006,7466404298,1553758,Build,lb-xtend-performance-tests,6e8db0670192bd1977e3c1c3b39d8a1310f41497,.github/workflows/maven.yml,failure,52327453,LorenzoBettini,192,7,0.0,0.0,,pull_request,199,0,2891.0,1,failure,8,d05f413fc3d3d5bd7a72788e84dbacbab8be8c3f,23,35,331,1,0,0,0,7,363,2,1,5,1,1,7,0,0,0,1,0,0,0,55,3,58,0,1,0,16,0,6,33,330,0,0,1,0,0,54,0,[],java-maven,2989478,3622117,1211.62,0,0,0,0,1,0.00925926,0.940632,0.00277778,0.922543,101,0,3,0,1,1,0,0
52007,8065756355,1553758,Build,cd_bs234release,a503e0624cdc15a31acdd2a7ee10f039ea243f1c,.github/workflows/maven.yml,success,52327453,cdietrich,193,7,0.0,0.0,,dynamic,8,0,2947.0,1,success,1,283868e02958eecb4f5761bbf03fa2458c15f2e9,10,19,19,8,0,1,2,2,4,0,1,0,0,0,0,0,0,0,0,0,0,0,0,0,0,0,0,0,16,0,0,2,2,0,0,0,0,0,0,0,[],java-maven,2990265,3622778,1211.52,0,0,0,0,0,0.0037037,0.9633,0.000925926,0.962792,19,1,1,0,0,0,0,0
52008,8169959632,1553758,Build,main,462ae2833df2e8c2a535592697e597edf4de0bb6,.github/workflows/maven.yml,success,52327453,LorenzoBettini,193,8,0.0,0.0,,push,115,0,2950.0,1,success,6,37af9fa0ff85f1b49245f8f3796baf53e306343b,11,47,20,4,0,2,4,5,42,2,1,0,0,2,2,0,0,0,3,1,0,1,1,0,1,0,1,0,16,0,0,29,13,0,1,3,0,0,63,0,[],java-maven,2985900,3622805,1213.3,0,0,0,0,1,0.0037037,0.957562,0.0,1.0,21,0,4,0,1,1,0,1
52009,8468204146,1553758,Build,sz_nodemodel,c9e765056dafd0c3819e3e321389d4d58f7e3499,.github/workflows/maven.yml,success,52327453,szarnekow,194,9,0.0,0.0,,push,0,0,,0,success,104,aa284e201ac76c43bd3e9760f39711a720ed2a2f,5803,11665,15199,119,0,434,10010,19,14875,1,1,38,84,5062,5184,55,4,59,16086,5,1,6,352,343,695,1,1,0,16,40,84,7820,7055,2,1,23,0,0,63,0,[],java-maven,2987567,3623047,1212.71,0,0,0,0,1,0.00277778,0.999369,0.00185185,0.998843,3,1,4,0,0,0,0,0
52010,7396334447,1553758,Scheduled,main,dddc2743e673095e3038acd9b667998810579c81,dynamic/github-code-scanning/codeql,success,79271691,github-advanced-security[bot],192,6,0.0,0.0,,dynamic,34,0,2885.0,0,success,1,da2e5b8a6c24c02f3a15da91453ef638c0bd4542,3,157,375,0,0,0,0,5,532,2,0,1,1,0,2,0,0,0,0,0,0,0,22,25,47,0,1,0,16,1,2,157,375,0,0,0,0,0,1,0,[],java-maven,2988390,3621615,1211.9,0,0,0,0,0,0.00740741,0.99537,0.00277778,0.998016,0,0,1,0,1,1,0,1
52011,8680228199,1553758,Build,internal-cleanups,b5cd50d3a236b4ba71c9128b7d13deaecdd77feb,.github/workflows/maven.yml,success,52327453,HannesWell,194,9,,,,pull_request,0,0,,1,success,0,,0,0,0,0,0,0,0,0,0,0,0,0,0,0,0,0,0,0,0,0,0,0,0,0,0,0,0,0,21,0,0,0,0,0,0,0,0,0,63,0,[],java-maven,2986046,3622919,1213.28,0,0,0,0,1,0.0111111,0.812757,0.00555556,0.840643,1,0,4,0,1,0,0,0
52012,7479982645,1553758,Build,cd_lsp4j0212,50a02846d6b47e3e587afbc4f186aad9ce981fe9,.github/workflows/maven.yml,success,52327453,cdietrich,192,7,0.0,0.0,,push,6,0,2904.0,1,success,23,bfc947dda8f94a4ef545ca6efc46aecc4f4ad06a,27,158,349,1,0,2,113,7,391,2,1,5,1,5,11,2,1,3,84,0,0,0,56,6,62,1,1,0,16,0,6,113,278,0,0,1,0,0,54,0,[],java-maven,2989540,3622195,1211.62,0,0,0,0,1,0.0175926,0.775334,0.0111111,0.747222,6,1,3,0,0,1,0,0
52013,8434725123,1553758,Build,main,1d83f8991764af318c917f5e2b34d86981742172,.github/workflows/maven.yml,success,52327453,szarnekow,193,8,0.0,0.0,,push,57,0,2964.0,1,success,1,1e42c1b22f58ebc86c0bc08bd331bfc3d2311e35,2,7,1,0,0,1,2,1,6,0,1,0,0,2,2,1,0,1,7,0,0,0,0,0,0,1,1,0,16,0,0,6,0,0,0,0,0,0,63,0,[],java-maven,2986082,3622924,1213.27,0,0,0,0,1,0.000925926,0.99978,0.0,1.0,3,1,4,0,0,1,0,1
52014,9127136704,1553758,Push on main,main,607b7b63f277655b2b45cbe4cdb2ab35e8e2d7a1,dynamic/github-code-scanning/codeql,success,79271691,cdietrich,195,11,0.0,0.0,,dynamic,8,0,3046.0,0,success,1,83e6497aa4513737a0b01db2a35081a85e18e6b0,30,46,46,10,0,3,18,3,36,1,1,0,0,1,1,0,0,0,1,0,0,0,0,0,0,1,0,0,22,0,0,18,18,0,0,2,0,0,0,0,[],java-maven,3060893,3768323,1231.12,0,0,0,0,0,0.0212963,0.861987,0.00555556,0.907828,17,1,1,0,0,1,0,1
52015,7399097246,1553758,Build,lb_xtend_validator_tests,365f1fa4489ada3ce337f109de74ad14623fe7da,.github/workflows/maven.yml,success,52327453,LorenzoBettini,192,6,0.0,0.0,,push,53,0,2873.0,0,success,38,e424b1aa9a667bcb02b39ba1fd23417dd225f059,54,280,462,17,0,13,39,8,601,3,1,2,1,8,11,2,1,3,89,0,0,0,26,25,51,1,1,0,16,2,2,198,403,0,0,2,0,0,54,0,[],java-maven,2988546,3621782,1211.89,0,0,0,0,1,0.00740741,0.955985,0.00277778,0.968316,60,0,3,0,1,1,0,0
52016,8851664438,1553758,Build,replace_ImmutableMap_generatorFragment,e5f5b1c3c0a37e75b2974f8d09de70af4bb3633c,.github/workflows/maven.yml,failure,52327453,HannesWell,195,11,,,,pull_request,0,0,,0,success,0,,0,0,0,0,0,0,0,0,0,0,0,0,0,0,0,0,0,0,0,0,0,0,0,0,0,0,0,0,21,0,0,0,0,0,0,0,0,0,87,0,[],java-maven,2989656,3623235,1211.92,0,0,0,0,1,0.0222222,0.802867,0.012037,0.848545,3,0,4,0,1,0,0,0
52017,8169150490,1553758,Build,lb_tycho4,5c3c1379c2d72a41d9c14ab7765b1ea8678cad64,.github/workflows/maven.yml,success,52327453,LorenzoBettini,193,8,0.0,0.0,,push,0,0,,0,success,1,37af9fa0ff85f1b49245f8f3796baf53e306343b,1,1,1,0,0,1,2,1,0,0,0,0,0,0,0,0,0,0,0,0,0,0,0,0,0,0,0,0,16,0,0,0,0,0,0,0,0,0,54,0,[],java-maven,2985881,3622789,1213.31,0,0,0,0,1,0.0037037,0.953704,0.0,1.0,20,0,3,0,1,1,0,0
52018,9184115940,1553758,Build,main,322beedd35749c72d86366a696188d9eed73d5d8,.github/workflows/maven.yml,success,52327453,cdietrich,195,11,0.0,0.0,,push,8,0,3058.0,1,success,1,711984a7fcfeb18a274de3ca45fc08ede343bbfe,15,34,34,11,0,1,14,3,12,1,1,0,0,0,0,0,0,0,0,0,0,0,0,0,0,0,0,0,22,0,0,6,6,0,0,0,0,0,95,0,[],java-maven,3062127,3770698,1231.4,0,0,0,0,1,0.0240741,0.859687,0.012037,0.884996,26,1,5,0,0,1,0,1
52019,9115728533,1553758,Build,main,66267e369b90d8c50c3bfcfe5467a802f9e02b36,.github/workflows/maven.yml,success,52327453,cdietrich,195,11,0.0,0.0,,push,8,0,3041.0,1,success,1,579d91ebb2b0fa4e0be74e092dfbde1bdd9d743b,10,15,15,1,0,2,4,4,24,2,1,0,0,1,1,0,0,0,0,0,0,0,0,0,0,1,0,0,20,0,0,12,12,0,0,0,0,0,95,0,[],java-maven,3059819,3766940,1231.1,0,0,0,0,1,0.0212963,0.840422,0.00740741,0.880174,15,1,5,0,0,1,0,1
52020,8573225209,1553758,Build,replace-guava-in-scopes,80b9c0c0829a6c6bf5c45e31c3d35652883699d4,.github/workflows/maven.yml,failure,52327453,HannesWell,194,9,,,,pull_request,0,0,,1,success,0,,0,0,0,0,0,0,0,0,0,0,0,0,0,0,0,0,0,0,0,0,0,0,0,0,0,0,0,0,21,0,0,0,0,0,0,0,0,0,63,0,[],java-maven,2986091,3622918,1213.26,0,0,0,0,1,0.00462963,0.872106,0.00277778,0.873264,1,0,4,0,1,0,0,0
52021,8701915131,1553758,PR #3000,LorenzoBettini-patch-2,e0a91004e29e3f9b630f0bf6b7847f20188ea494,dynamic/github-code-scanning/codeql,success,79271691,LorenzoBettini,194,10,0.0,0.0,,dynamic,21,0,3000.0,1,success,1,38b56acfdb9ffeefefe812089e3428bcc46aece7,0,21,0,0,0,0,0,1,0,0,0,0,0,0,0,0,0,0,0,0,0,0,0,0,0,0,0,0,16,1,0,0,0,1,0,0,0,0,0,0,[],java-maven,2988734,3622515,1212.06,0,0,0,0,0,0.012037,0.942773,0.0037037,0.999288,15,0,1,0,1,0,0,0
52022,8811953791,1553758,Build,main,e7dce5713bc2adc0187afacb4c31a8a1d10bdbc7,.github/workflows/maven.yml,success,52327453,LorenzoBettini,194,11,0.0,0.0,,push,25,0,3008.0,1,success,5,995655fd9b4b011c007861808214720bee04c34a,1,35,9,0,0,0,0,1,0,0,0,0,0,0,0,0,0,0,0,0,0,0,0,0,0,0,0,0,16,0,0,0,0,0,1,0,0,0,87,0,[],java-maven,2988704,3622468,1212.05,0,0,0,0,1,0.0194444,0.886285,0.00740741,0.853395,26,0,4,0,1,1,0,1
52023,8848272809,1553758,Push on main,main,8d53e990c933ccd6829a56e6a77aa6d3ec6427b9,dynamic/github-code-scanning/codeql,success,79271691,szarnekow,195,11,0.0,0.0,,dynamic,22,0,3017.0,0,success,1,a495298b9b5b13f840e3a5de38f11f838a160f28,5,744,18,0,0,8,409,1,353,0,1,5,0,5,10,4,0,4,34,0,0,0,112,0,112,1,1,0,16,5,0,353,0,0,0,0,0,0,0,0,[],java-maven,2989654,3623235,1211.92,0,0,0,0,0,0.0212963,0.953189,0.0111111,0.92963,5,1,1,0,0,1,0,1
52024,10121978499,1553758,PR #3112,refs/pull/3112/head,e9fa59d36000b07122cb466d0a99f079aef84bc8,dynamic/github-code-scanning/codeql,success,79271691,cdietrich,197,7,0.0,0.0,,dynamic,54,0,3112.0,1,failure,1,d6e15953e8d950a88dd5ff66115a2b3e240f265b,1,5,1,0,0,0,0,1,6,0,0,0,0,1,1,0,0,0,0,0,0,0,2,0,2,0,1,0,22,0,0,5,1,0,0,1,0,0,220,1,[],java-maven,3046518,3754373,1232.35,0,0,0,0,0,0.012963,0.731173,0.00925926,0.596914,9,1,1,0,0,0,0,0
52025,8098144535,1553758,Build,issue_2945,5ffb9ae1e4679cc7e3957abd3a74df1b0666b611,.github/workflows/maven.yml,success,52327453,florianpirchner,193,7,,,,pull_request,0,0,,1,success,0,,0,0,0,0,0,0,0,0,0,0,0,0,0,0,0,0,0,0,0,0,0,0,0,0,0,0,0,0,21,0,0,0,0,0,0,0,0,0,54,0,[],java-maven,2990344,3622882,1211.53,0,0,0,0,1,0.0037037,0.997685,0.000925926,0.999421,0,0,3,0,1,1,0,0
52026,9112570384,1553758,Build,demo-jetty-change,7c9045eaa88213941a4e92f0368d062322ede240,.github/workflows/maven.yml,failure,52327453,cdietrich,195,11,0.0,0.0,,push,0,0,,1,success,1,f212edbe0aa9d85d9af8a864010e895cf979cee3,9,14,14,1,0,1,2,4,24,2,1,0,0,1,1,0,0,0,0,0,0,0,0,0,0,1,0,0,20,0,0,12,12,0,0,0,0,0,95,0,[],java-maven,3061152,3768699,1231.14,0,0,0,0,1,0.0212963,0.829784,0.00740741,0.864198,14,1,5,0,0,0,0,0
52027,7452332668,1553758,Build,main,aff64b82d517ca2836e43b3d4dadc1193f409557,.github/workflows/maven.yml,success,52327453,LorenzoBettini,192,7,0.0,0.0,,push,53,0,2873.0,1,success,20,cd0c81ed86c77631b711fb7efbc6e74ed1f1abef,7,291,97,0,0,0,0,2,388,1,0,0,0,4,4,3,0,3,12,2,0,2,0,0,0,0,1,0,16,0,0,291,97,0,0,15,0,0,54,0,[],java-maven,2989257,3622360,1211.79,0,0,0,0,1,0.00740741,0.960558,0.000925926,0.99979,90,0,3,0,1,1,0,1
52028,8911387424,1553758,Push on main,main,cbb2edc072534b24b78c94e1b98e0951992e22e1,dynamic/github-code-scanning/codeql,success,79271691,LorenzoBettini,195,11,0.0,0.0,,dynamic,6,0,3025.0,0,success,1,0afffe3fb47c145e133fa6009b1df34f15114ffd,1,1,1,0,0,1,2,1,0,0,0,0,0,0,0,0,0,0,0,0,0,0,0,0,0,0,0,0,16,0,0,0,0,0,0,0,0,0,0,0,[],java-maven,2989712,3623226,1211.9,0,0,0,0,0,0.0222222,0.926731,0.000925926,0.999909,46,0,1,0,1,1,0,1
52029,7365270086,1553758,PR #2887,cd_mwe2170m0,a202bccf0f9b3bbc2378bd70d7d32bb0a98a1eae,dynamic/github-code-scanning/codeql,success,79271691,cdietrich,192,6,0.0,0.0,,dynamic,18,0,2887.0,1,failure,1,32ac1441fa426d16b4a132b8349a03872a311063,39,61,61,12,0,6,24,4,56,2,1,0,0,1,1,0,0,0,1,0,0,0,0,0,0,1,0,0,16,0,0,28,28,0,0,2,0,0,1,0,[],java-maven,2988559,3621828,1211.9,0,0,0,0,0,0.00555556,0.88786,0.000925926,0.888375,12,1,1,0,0,0,0,0
52030,7473399412,1553758,Build,lb_2836,eca1e49dc5204cf4dd1cee2e1bbd01bf323665b1,.github/workflows/maven.yml,cancelled,52327453,LorenzoBettini,192,7,0.0,0.0,,push,56,0,2900.0,1,failure,1,b85670bc0c8107c2941a5f19348d0ca2a394e258,1,58,3,0,0,0,0,1,61,0,0,0,0,1,1,0,0,0,1,0,0,0,0,0,0,0,1,0,16,0,0,58,3,0,0,1,0,0,54,0,[],java-maven,2989282,3622415,1211.8,0,0,0,0,1,0.012037,0.909436,0.00555556,0.826628,103,0,3,0,1,0,0,0
52031,7774842260,1553758,Build,lb_2807_NPE_XtextPluginImages_non-UI_thread,0bd6ea95f4f40d1c98d72affa9346a7cd040e680,.github/workflows/maven.yml,success,52327453,LorenzoBettini,193,8,0.0,0.0,,pull_request,82,0,2908.0,0,success,3,a1442552e09de90d0ffa62446b2b0c132ddff005,1,10,2,0,0,1,12,1,0,0,0,1,0,0,1,0,0,0,0,0,0,0,13,0,13,1,0,0,16,0,0,0,0,0,0,0,0,0,54,0,[],java-maven,2989882,3622521,1211.59,0,0,0,0,1,0.0166667,0.938552,0.0,1.0,95,0,3,0,1,0,0,0
52032,7806059127,1553758,Build,main,58dfd777cd495f163c689bdd0508619864810c8f,.github/workflows/maven.yml,success,52327453,cdietrich,193,8,0.0,0.0,,push,6,0,2931.0,1,success,1,447dc2cd0a04711cbb61e02d8eb58e86d856f6e8,5414,5473,5426,24,0,173,351,6,10480,0,1,0,0,5004,5004,0,0,0,15421,0,0,0,0,0,0,1,1,0,16,0,0,5261,5219,1,0,0,0,0,54,0,[],java-maven,2990202,3622725,1211.53,0,0,0,0,1,0.0138889,0.855489,0.0,1.0,7,1,3,0,0,1,0,1
52033,7774363024,1553758,Build,cd_issue2259,cb1bfe19ad1918973b4c89bea5891158c62909bc,.github/workflows/maven.yml,success,52327453,LorenzoBettini,193,8,0.0,0.0,,push,54,0,2591.0,1,success,1,a1442552e09de90d0ffa62446b2b0c132ddff005,6,214,13,0,0,2,21,2,206,1,1,0,0,4,4,3,0,3,127,0,0,0,0,0,0,1,1,0,16,0,0,201,5,0,0,0,0,0,54,0,[],java-maven,2990067,3622717,1211.58,0,0,0,0,1,0.0166667,0.936632,0.0,1.0,92,0,3,0,1,0,0,0
52034,7973814190,1553758,Build,cd_bs234m2,c9baca666d5e3053b5a0aff2db0ab2c6c6ff5e40,.github/workflows/maven.yml,success,52327453,cdietrich,193,7,0.0,0.0,,push,6,0,2939.0,0,success,8,74d048537519bf61973eaa87e9e4788d940f10ea,19,88,23,9,0,1,3,3,85,1,1,0,0,1,1,0,0,0,1,0,0,0,0,0,0,1,0,0,16,0,0,69,16,0,0,1,0,0,54,0,[],java-maven,2990265,3622778,1211.52,0,0,0,0,1,0.00277778,0.974003,0.00277778,0.95172,13,1,3,0,0,0,0,0
52035,8778604077,1553758,Build,cd_tycho50,8c3049fc8fe8651ee8af30043ddefcabb73e9333,.github/workflows/maven.yml,success,52327453,cdietrich,194,11,0.0,0.0,,push,0,0,,0,success,9,d9ff6729d456e5567aa93a8984d5148153deb6a2,34,1986,2005,0,0,3,25,6,3945,2,1,1,0,12,13,2,1,3,4,0,1,1,70,13,83,0,1,0,16,2,0,1945,2000,1,0,150,0,0,63,0,[],java-maven,2988679,3622460,1212.06,0,0,0,0,1,0.012963,0.890542,0.000925926,0.999339,9,1,4,0,0,0,0,0
52036,9494958883,1553758,Build,main,6a72a14a6ac5e42efa8f29abe3439154a6e9e924,.github/workflows/maven.yml,success,52327453,cdietrich,196,10,0.0,0.0,,push,8,0,3086.0,1,success,1,2553144826aebe119efa800d9ae05ef01f9b4207,1,10,2,1,0,0,0,1,0,0,0,0,0,0,0,0,0,0,0,0,0,0,0,0,0,0,0,0,22,0,0,0,0,0,0,0,0,0,89,0,[],java-maven,3046448,3754255,1232.34,0,0,0,0,1,0.0222222,0.861111,0.00740741,0.85582,29,1,5,0,0,1,0,1
52037,8686390627,1553758,Build,documentSymbolService,1e5f8446e31bef77bded82075dc9f0c6843ddaf1,.github/workflows/maven.yml,success,52327453,rubenporras,194,9,,,,pull_request,0,0,,0,success,0,,0,0,0,0,0,0,0,0,0,0,0,0,0,0,0,0,0,0,0,0,0,0,0,0,0,0,0,0,21,0,0,0,0,0,0,0,0,0,63,0,[],java-maven,2988723,3622513,1212.06,0,0,0,0,1,0.012037,0.989969,0.00648148,0.994599,0,1,4,0,0,0,0,0
52038,7371822783,1553758,Build,cd_lsp4j0220,c94c64906bc9e563a174cc1534584921400a7722,.github/workflows/maven.yml,success,52327453,cdietrich,192,6,0.0,0.0,,push,0,0,,1,success,1,cc49ec981065c35431f7771a47fa8d3028617421,11,19,19,8,0,1,14,3,6,1,1,0,0,0,0,0,0,0,0,0,0,0,0,0,0,0,0,0,16,0,0,3,3,0,0,0,0,0,54,0,[],java-maven,2988568,3621833,1211.9,0,0,0,0,1,0.00648148,0.887989,0.00185185,0.874421,15,1,3,0,0,0,0,0
52039,8835824761,1553758,Push on main,main,460fd5e7a6765cf4bb02049d7ef613ee8ace8c43,dynamic/github-code-scanning/codeql,success,79271691,LorenzoBettini,194,10,0.0,0.0,,dynamic,14,0,3011.0,0,success,1,679f5bc762300361963870c74ce22c0f99525763,1,4,1,0,0,0,0,1,5,0,0,0,0,1,1,0,0,0,8,0,0,0,2,0,2,0,1,0,16,0,0,4,1,0,0,0,0,0,0,0,[],java-maven,2989075,3622882,1212.04,0,0,0,0,0,0.0212963,0.891328,0.0111111,0.867942,27,0,1,0,1,1,0,1
52040,8173450702,1553758,PR #2954,cd_targets,463d0ccdff1232db2d4b5becf23231f64e318741,dynamic/github-code-scanning/codeql,success,79271691,cdietrich,193,8,0.0,0.0,,dynamic,8,0,2954.0,0,success,1,0287a2e743e872f9b8b51a95aa8c77e6619cdfaa,1,0,5,0,0,0,0,1,5,0,0,0,0,0,0,0,0,0,0,0,0,0,0,0,0,0,0,0,16,0,0,0,5,0,0,0,0,0,0,0,[],java-maven,2985955,3622784,1213.27,0,0,0,0,0,0.0037037,0.96262,0.0,1.0,17,1,1,0,0,0,0,0
52041,9173684770,1553758,Push on main,main,9047a4c2d1c07445d1d9bb51737b090f4377eb68,dynamic/github-code-scanning/codeql,success,79271691,LorenzoBettini,195,11,0.0,0.0,,dynamic,44,0,3052.0,1,success,2,8cf255bf3a074389030513162344dd7c85014d61,1,7,3,0,0,0,0,1,10,0,0,0,0,1,1,0,0,0,6,0,0,0,0,0,0,0,1,0,22,0,0,7,3,0,0,0,0,0,0,0,[],java-maven,3062134,3770706,1231.4,0,0,0,0,0,0.0203704,0.925722,0.00740741,0.899259,134,0,1,0,1,1,0,1
52042,8156997511,1553758,Push on main,main,5f8a28ca7f272480d09ed30d74b937cbd0f13370,dynamic/github-code-scanning/codeql,success,79271691,szarnekow,193,7,0.0,0.0,,dynamic,33,0,2951.0,1,success,1,652e4b0ed1a6947d7fd068945fee13b56da2f37a,1,3,3,0,0,1,6,1,0,0,0,0,0,1,1,0,0,0,3,0,0,0,0,0,0,1,0,0,16,0,0,0,0,0,0,0,0,0,0,0,[],java-maven,2990265,3622778,1211.52,0,0,0,0,0,0.0037037,0.927249,0.0,1.0,0,1,1,0,0,1,0,1
52043,9873333488,1553758,Build,miklossy_issue_2844,e12b39362944f67d67da9157e0fe2a7720955998,.github/workflows/maven.yml,success,52327453,miklossy,196,9,0.0,0.0,,push,37,0,3101.0,0,success,1,f17d2521c4ce5667d5e6e7bdb8a235149fa00211,1,11,2,0,0,0,0,1,13,0,0,0,0,1,1,0,0,0,20,0,0,0,1,0,1,0,1,0,22,0,0,11,2,0,0,0,0,0,220,1,[],java-maven,3046494,3754369,1232.36,0,0,0,0,1,0.00648148,0.913966,0.000925926,0.916281,1,1,5,0,0,0,0,0
52044,7478439975,1553758,PR #2904,cd_lsp4j0212,9f2e95e663db24a625fd5d10b1fb2bad199f51b8,dynamic/github-code-scanning/codeql,success,79271691,cdietrich,192,7,0.0,0.0,,dynamic,0,0,,1,failure,1,edd330f0d50780e357e1abc83eef5be6f8b8ddb5,1,61,17,0,0,1,78,1,0,0,0,0,0,1,1,1,1,2,18,0,0,0,1,0,1,1,0,0,16,0,0,0,0,0,0,0,0,0,1,0,[],java-maven,2989270,3622360,1211.79,0,0,0,0,0,0.0166667,0.785354,0.0101852,0.76171,6,1,1,0,0,1,0,0
52045,8720577130,1553758,Scheduled,main,73bd1580bcea48d7ed27f990cadbc5ae4d308572,dynamic/github-code-scanning/codeql,success,79271691,github-advanced-security[bot],194,10,0.0,0.0,,dynamic,104,0,2966.0,0,success,1,38b56acfdb9ffeefefe812089e3428bcc46aece7,28,1922,1988,0,0,0,0,2,3910,1,1,1,0,12,13,2,1,3,4,0,1,1,61,5,66,0,1,0,16,1,0,1922,1988,0,0,150,0,0,0,0,[],java-maven,2988626,3622449,1212.08,0,0,0,0,0,0.012037,0.994985,0.0037037,0.997355,0,0,1,0,1,1,0,1
52046,8766391474,1553758,Build,lb_2293,045b5142a2a67ab795624f18f51bfd5b18b406db,.github/workflows/maven.yml,success,52327453,LorenzoBettini,194,11,0.0,0.0,,push,0,0,,1,success,1,efa5aa17de66895b3952271ad21b38b8a9e17619,1,2,1,0,0,1,3,1,0,0,0,0,0,1,1,0,0,0,34,0,0,0,0,0,0,1,0,0,16,0,0,0,0,0,0,0,0,0,63,0,[],java-maven,2988692,3622481,1212.06,0,0,0,0,1,0.012963,0.946231,0.00462963,0.968996,20,0,4,0,1,1,0,0
52047,8188880663,1553758,Push on main,main,03146da0abe813a229acdab054fcfa3a8c06acc3,dynamic/github-code-scanning/codeql,success,79271691,LorenzoBettini,193,8,0.0,0.0,,dynamic,76,0,2955.0,1,success,8,7052e707e8f3cb652889493add0164e56666c729,10,26,12,2,0,3,12,5,22,2,1,0,0,1,1,0,0,0,3,0,0,0,0,0,0,1,0,0,16,0,0,18,4,0,0,1,0,0,0,0,[],java-maven,2985995,3622814,1213.27,0,0,0,0,0,0.0037037,0.970044,0.0,1.0,22,0,1,0,1,1,0,1
52048,7313192284,1553758,Build,cd_tycho40,62c68141df914720f230e045db8e09a7cacea5e1,.github/workflows/maven.yml,success,52327453,cdietrich,192,7,0.0,0.0,,push,0,0,,0,success,11,db10d24906ea6db773ddbcf079db3ac4206f12f5,33,58,49,20,0,6,29,6,14,2,1,0,0,1,1,1,0,1,15,0,0,0,0,0,0,1,0,0,16,0,0,7,7,1,0,0,0,0,54,0,[],java-maven,2988573,3621828,1211.89,0,0,0,0,1,0.00740741,0.860082,0.0037037,0.886831,17,1,3,0,0,0,0,0
52049,9284760844,1553758,Scheduled,main,e0f5f9746b6d0c75104dee6902138f69d95ed75e,dynamic/github-code-scanning/codeql,success,79271691,github-advanced-security[bot],196,12,0.0,0.0,,dynamic,16,0,3072.0,0,success,2,65f5662494356f0db75a431ab5480b0905be0e5f,262,2356,2356,69,0,105,216,3,2892,1,1,0,0,1,1,0,0,0,2,0,0,0,0,0,0,1,0,0,22,0,0,1446,1446,0,0,1,0,0,0,0,[],java-maven,3062113,3770698,1231.4,0,0,0,0,0,0.0222222,0.991453,0.00277778,0.998016,0,0,1,0,1,1,0,1
52050,9131778138,1553758,Build,cd-java-source-lang-21,19acf4bc164eeaf4bb9ebaa7a79b5bdc318c014e,.github/workflows/maven.yml,success,52327453,cdietrich,195,11,0.0,0.0,,push,0,0,,1,success,1,1ae01d3f8652afeacd223685b352b3dc7c53ea21,1,1,1,0,0,0,0,1,2,0,0,0,0,1,1,0,0,0,1,0,0,0,0,0,0,0,1,0,22,0,0,1,1,0,0,0,0,0,95,0,[],java-maven,3060901,3768329,1231.12,0,0,0,0,1,0.0212963,0.883944,0.00462963,0.930236,17,1,5,0,0,0,0,0
52051,7529068975,1553758,Push on main,main,8f1972148435c3bb9836282eec53e18d739659d7,dynamic/github-code-scanning/codeql,success,79271691,LorenzoBettini,192,7,0.0,0.0,,dynamic,44,0,2910.0,1,success,1,32b61ee98ab5f2e2f826f1adc3c4a0736c3c92be,9,9,9,1,0,1,2,3,14,1,1,0,0,1,1,0,0,0,3,0,0,0,0,0,0,1,0,0,16,0,0,7,7,0,0,1,0,0,1,0,[],java-maven,2989524,3622193,1211.63,0,0,0,0,0,0.0175926,0.931458,0.0101852,0.89692,114,0,1,0,1,1,0,1
52052,10035468025,1553758,Build,main,34a6e3b7e5b4cdc3f1aa5462929def021a8051ed,.github/workflows/maven.yml,failure,52327453,cdietrich,196,8,0.0,1.0,{'chore'},push,8,0,3106.0,1,success,1,fc680307fc0da479e7edd47720846d5f50ae5d4d,20,35,10,4,0,0,0,4,36,2,1,0,0,0,0,0,0,0,0,0,0,0,0,0,0,0,0,0,22,0,0,28,8,0,0,0,0,0,244,1,[],java-maven,3046509,3754369,1232.35,0,0,0,0,1,0.00925926,0.788255,0.00462963,0.634259,11,1,5,0,0,1,0,1
52053,8599616107,1553758,Build,lb_2981,21b629c63a31fcd519ac8604e1724ef122efe24c,.github/workflows/maven.yml,success,52327453,LorenzoBettini,194,9,0.0,0.0,,push,60,0,2983.0,1,success,1,c8f9f42cff95acc5fbe944f70207adcd27f38378,1,1,1,0,0,1,2,1,0,0,0,0,0,1,1,0,0,0,41,0,0,0,0,0,0,1,0,0,16,0,0,0,0,0,0,0,0,0,63,0,[],java-maven,2986086,3622924,1213.27,0,0,0,0,1,0.00648148,0.913966,0.00462963,0.897685,6,0,4,0,1,1,0,0
52054,7473790747,1553758,Scheduled,main,b85670bc0c8107c2941a5f19348d0ca2a394e258,dynamic/github-code-scanning/codeql,success,79271691,github-advanced-security[bot],192,7,0.0,0.0,,dynamic,229,0,2890.0,0,success,10,aff64b82d517ca2836e43b3d4dadc1193f409557,2,43,70,0,0,2,113,1,0,0,1,0,0,2,2,2,1,3,82,0,0,0,0,2,2,1,0,0,16,0,0,0,0,0,0,0,0,0,1,0,[],java-maven,2989228,3622360,1211.8,0,0,0,0,0,0.012037,0.993313,0.00555556,0.99537,0,0,1,0,1,1,0,1
52055,8537411788,1553758,Scheduled,main,1d83f8991764af318c917f5e2b34d86981742172,dynamic/github-code-scanning/codeql,success,79271691,github-advanced-security[bot],194,9,0.0,0.0,,dynamic,57,0,2964.0,0,success,1,1e42c1b22f58ebc86c0bc08bd331bfc3d2311e35,2,7,1,0,0,1,2,1,6,0,1,0,0,2,2,1,0,1,7,0,0,0,0,0,0,1,1,0,16,0,0,6,0,0,0,0,0,0,0,0,[],java-maven,2986082,3622924,1213.27,0,0,0,0,0,0.00277778,0.998611,0.00185185,0.998677,0,0,1,0,1,1,0,1
52056,9414281864,1553758,PR #3079,lb_3026,a1188ce8a00ebb844af06aed7aec1702f75acfe5,dynamic/github-code-scanning/codeql,success,79271691,LorenzoBettini,196,10,0.0,0.0,,dynamic,76,0,3079.0,1,success,1,7fec4dcd96a39da67cf90eb9bb8c3082dfb9cf68,2,8,44,1,0,1,39,2,0,1,0,0,0,0,0,0,0,0,0,0,0,0,0,0,0,0,0,0,22,0,0,0,0,0,0,0,0,0,0,0,[],java-maven,3046841,3754935,1232.4,0,0,0,0,0,0.0212963,0.890035,0.000925926,0.999614,116,0,1,0,1,0,0,0
52057,8699907093,1553758,Build,cd_tycho50,d9ff6729d456e5567aa93a8984d5148153deb6a2,.github/workflows/maven.yml,success,52327453,cdietrich,194,10,0.0,0.0,,push,0,0,,0,success,24,428cce6d10fa5aa2696c00ca5a75ca4febb97982,307,8560,4772,37,0,183,9070,16,3651,2,1,46,12,185,243,77,12,89,1238,8,0,8,488,137,625,1,1,0,16,46,21,1636,2015,0,0,58,0,0,63,0,[],java-maven,2988722,3622515,1212.06,0,0,0,0,1,0.012037,0.907267,0.0037037,0.996914,12,1,4,0,0,0,0,0
52058,9170804003,1553758,Build,cd_tycho50,fa3874997e86a38431d639480919ddab720e762a,.github/workflows/maven.yml,success,52327453,cdietrich,195,11,0.0,0.0,,push,0,0,,0,success,41,60c3a54ac91e73c842373c52d014651a75cf3e5b,79,17595,13921,14,0,9,106,19,31360,3,1,6,0,32,38,84,52,136,237,34,28,62,83,41,124,1,1,0,22,48,0,17486,13874,0,1,615,0,0,95,0,[],java-maven,3062131,3770553,1231.35,0,0,0,0,1,0.0194444,0.887088,0.00462963,0.922483,22,1,5,0,0,0,0,0
52059,8814438895,1553758,Build,lb_3012,7ce80c02198ad8e8c3f13b7efc6b459893a75b85,.github/workflows/maven.yml,success,52327453,LorenzoBettini,194,11,0.0,0.0,,push,36,0,3013.0,0,failure,1,fb3945314122a94313b71035d563611767398bd0,23,40,38,11,0,3,12,6,18,1,1,0,0,1,1,0,0,0,1,0,0,0,0,0,0,1,0,0,16,0,0,9,9,1,0,1,0,0,87,0,[],java-maven,2988706,3622468,1212.05,0,0,0,0,1,0.0231481,0.878124,0.0111111,0.842048,26,0,4,0,1,0,0,0
52060,7477813237,1553758,PR #2904,cd_lsp4j0212,c5dc873c6c0ca6fd301d079c9f52563beefeb6a0,dynamic/github-code-scanning/codeql,success,79271691,cdietrich,192,7,0.0,0.0,,dynamic,0,0,,1,failure,1,a64e112b3a0e27e7ed13b1b664341d81ff970734,0,0,0,0,0,0,0,0,0,0,0,0,0,0,0,0,0,0,0,0,0,0,0,0,0,0,0,0,16,0,0,0,0,0,0,0,0,0,1,0,[],java-maven,2989228,3622360,1211.8,0,0,0,0,0,0.0148148,0.825032,0.00833333,0.842949,6,1,1,0,0,1,0,0
52061,8599962776,1553758,Push on main,main,f863171c7fb59e1b6f01cf008f80a2af66cf6086,dynamic/github-code-scanning/codeql,success,79271691,cdietrich,194,9,0.0,0.0,,dynamic,0,0,,1,failure,1,3607c6332cc289edabae2a3d801581aa5337fc24,1,2,2,0,0,1,4,1,0,0,0,0,0,0,0,0,0,0,0,0,0,0,0,0,0,0,0,0,16,0,0,0,0,0,0,0,0,0,0,0,[],java-maven,2986082,3622924,1213.27,0,0,0,0,0,0.00740741,0.917918,0.00555556,0.868357,14,1,1,0,0,1,0,1
52062,8612504111,1553758,PR #2985,lb_bootstrap_2.35.0.M0,ced73742f00e30874b4bfed033e009ba02c3dae5,dynamic/github-code-scanning/codeql,success,79271691,LorenzoBettini,194,9,0.0,0.0,,dynamic,4,0,2985.0,1,success,1,31b23bbd5699982c458e894b2027d1d73fada0d1,1,1,1,0,0,1,2,1,0,0,0,0,0,0,0,0,0,0,0,0,0,0,0,0,0,0,0,0,16,0,0,0,0,0,0,0,0,0,0,0,[],java-maven,2986082,3622924,1213.27,0,0,0,0,0,0.00833333,0.902778,0.00648148,0.893031,12,0,1,0,1,0,0,0
52063,9109192583,1553758,Build,lb_3026,f6a299a303228fa2e116a1c9ac63de841801df6b,.github/workflows/maven.yml,success,52327453,LorenzoBettini,195,11,0.0,0.0,,pull_request,98,0,3038.0,1,success,9,aa5fb2291ac5699cfb870aceb36e74e7308894e3,248,303,2062,0,0,0,0,2,2365,0,1,1,6,236,243,0,0,0,309,0,0,0,299,439,738,0,1,0,20,0,7,303,2062,0,0,0,0,0,95,0,[],java-maven,2988636,3621931,1211.9,0,0,0,0,1,0.0194444,0.925206,0.00555556,0.924897,83,0,5,0,1,1,0,0
52064,7452332688,1553758,Push on main,main,aff64b82d517ca2836e43b3d4dadc1193f409557,dynamic/github-code-scanning/codeql,success,79271691,LorenzoBettini,192,7,0.0,0.0,,dynamic,53,0,2873.0,1,success,20,cd0c81ed86c77631b711fb7efbc6e74ed1f1abef,7,291,97,0,0,0,0,2,388,1,0,0,0,4,4,3,0,3,12,2,0,2,0,0,0,0,1,0,16,0,0,291,97,0,0,15,0,0,1,0,[],java-maven,2989257,3622360,1211.79,0,0,0,0,0,0.00740741,0.960558,0.000925926,0.99979,90,0,1,0,1,1,0,1
52065,7768215052,1553758,Build,lb_2880-3,4b407b41bfab5d77935627d95dbb383aefdba417,.github/workflows/maven.yml,success,52327453,LorenzoBettini,193,8,,,,pull_request,0,0,,0,success,0,,0,0,0,0,0,0,0,0,0,0,0,0,0,0,0,0,0,0,0,0,0,0,0,0,0,0,0,0,21,0,0,0,0,0,0,0,0,0,54,0,[],java-maven,2989840,3622414,1211.57,0,0,0,0,1,0.0166667,0.932407,0.0,1.0,78,0,3,0,1,0,0,0
52066,8846928044,1553758,PR #3019,cd/mwe2180M2,24e62270eee25bef1689e1e1f9c4b25abc2b79d6,dynamic/github-code-scanning/codeql,success,79271691,cdietrich,195,11,0.0,0.0,,dynamic,8,0,3019.0,0,success,1,ec1ab025d158ea20970fd0f48003ef42d5f36743,10,10,10,9,0,0,0,1,2,0,1,0,0,0,0,0,0,0,0,0,0,0,0,0,0,0,0,0,16,0,0,1,1,0,0,0,0,0,0,0,[],java-maven,2989063,3622882,1212.05,0,0,0,0,0,0.0212963,0.879221,0.0111111,0.912037,13,1,1,0,0,0,0,0
52067,7473412689,1553758,PR #2900,lb_2836,eca1e49dc5204cf4dd1cee2e1bbd01bf323665b1,dynamic/github-code-scanning/codeql,success,79271691,LorenzoBettini,192,7,0.0,0.0,,dynamic,56,0,2900.0,1,cancelled,1,b85670bc0c8107c2941a5f19348d0ca2a394e258,1,58,3,0,0,0,0,1,61,0,0,0,0,1,1,0,0,0,1,0,0,0,0,0,0,0,1,0,16,0,0,58,3,0,0,1,0,0,1,0,[],java-maven,2989282,3622415,1211.8,0,0,0,0,0,0.012037,0.910442,0.00555556,0.832407,103,0,1,0,1,0,0,0
52068,8878519456,1553758,PR #3020,LorenzoBettini-patch-1,6bd7974027c022826959ca62a0ea54b7a1afacc7,dynamic/github-code-scanning/codeql,success,79271691,LorenzoBettini,195,11,0.0,0.0,,dynamic,81,0,3020.0,1,success,1,385e3292cd434c1ecdd4bb877e689a51147a281e,1,1,0,1,0,0,0,1,0,0,0,0,0,0,0,0,0,0,0,0,0,0,0,0,0,0,0,0,16,0,0,0,0,0,0,0,0,0,0,0,[],java-maven,2989654,3623235,1211.92,0,0,0,0,0,0.0222222,0.917122,0.0111111,0.891453,39,0,1,0,1,1,0,0
52069,9188920483,1553758,Build,lb_3057,8843e7a914e0d2f23556e580190ccc04e68831e5,.github/workflows/maven.yml,success,52327453,LorenzoBettini,195,11,,,,pull_request,0,0,,0,success,0,,0,0,0,0,0,0,0,0,0,0,0,0,0,0,0,0,0,0,0,0,0,0,0,0,0,0,0,0,21,0,0,0,0,0,0,0,0,0,95,0,[],java-maven,3062127,3770698,1231.4,0,0,0,0,1,0.0203704,0.923471,0.012037,0.838796,130,0,5,0,1,0,0,0
52070,8535097422,1553758,Build,miklossy_formatter_abstract_base_class,7fe793adfb7a58fb5180e015ae83727e8f33b2d9,.github/workflows/maven.yml,success,52327453,miklossy,194,9,0.0,0.0,,push,104,0,2966.0,1,success,1,a4d9485ef6834dbce2ae9b00a2a177f791e74d54,1,5,4,0,0,0,0,1,9,0,0,0,0,1,1,0,0,0,2,0,0,0,1,1,2,0,1,0,16,0,0,5,4,0,0,0,0,0,63,0,[],java-maven,2985992,3622858,1213.28,0,0,0,0,1,0.00277778,0.856151,0.00185185,0.856481,0,1,4,0,0,0,0,0
52071,7487767111,1553758,Build,main,d7e44bf1019cc3b308546d23909f37bb2bdab08e,.github/workflows/maven.yml,success,52327453,szarnekow,192,7,0.0,0.0,,push,6,0,2904.0,1,success,1,15aa26aa16991fd3299771482ca8059fbdea57ca,13,31,31,9,0,1,14,3,12,1,1,0,0,0,0,0,0,0,0,0,0,0,0,0,0,0,0,0,16,0,0,6,6,0,0,0,0,0,54,0,[],java-maven,2989540,3622195,1211.62,0,0,0,0,1,0.0175926,0.926477,0.0111111,0.944444,7,1,3,0,0,1,0,1
52072,8612374496,1553758,Build,lb_2981,400d9434091e5152bfbc56331073616093364a67,.github/workflows/maven.yml,success,52327453,LorenzoBettini,194,9,0.0,0.0,,push,60,0,2983.0,1,success,3,21b629c63a31fcd519ac8604e1724ef122efe24c,7,33,17,0,0,2,18,2,32,1,1,0,0,6,6,9,8,17,122,0,0,0,0,0,0,1,1,0,16,0,0,16,16,0,0,0,0,0,63,0,[],java-maven,2986090,3622924,1213.27,0,0,0,0,1,0.00833333,0.886574,0.00648148,0.872975,12,0,4,0,1,0,0,0
52073,7583708478,1553758,Push on main,main,f393871993f8a35f8ea8492822f0ab98b71bac97,dynamic/github-code-scanning/codeql,success,79271691,LorenzoBettini,192,7,0.0,0.0,,dynamic,195,0,2913.0,1,success,4,e8ba5ad25c0570088b2da16d674dd42306d537e3,2,56,40,0,0,1,60,1,36,0,1,1,0,2,3,0,1,1,87,0,0,0,0,0,0,1,1,0,16,1,0,32,4,0,0,1,0,0,1,0,[],java-maven,2989570,3622271,1211.64,0,0,0,0,0,0.0148148,0.934687,0.000925926,0.999807,115,0,1,0,1,1,0,1
52074,9273558928,1553758,Build,lb_bump_2.36,7d7302bdc1c552db5bec7044f2e89c200b7e1b09,.github/workflows/maven.yml,success,52327453,LorenzoBettini,196,12,0.0,0.0,,push,16,0,3072.0,1,success,1,0eae81f0fecc7a5a3d308f4b1bcf6532041b460a,1,1,1,0,0,1,2,1,0,0,0,0,0,0,0,0,0,0,0,0,0,0,0,0,0,0,0,0,22,0,0,0,0,0,0,0,0,0,89,0,[],java-maven,3062113,3770698,1231.4,0,0,0,0,1,0.0222222,0.891068,0.00277778,0.96379,120,0,5,0,1,0,0,0
52075,8184632148,1553758,PR #2955,lb_tycho4,173afcc840827524bcfc7fea62f61694c39ec0d3,dynamic/github-code-scanning/codeql,success,79271691,LorenzoBettini,193,8,0.0,0.0,,dynamic,76,0,2955.0,1,success,15,0a9d0728b2c71db3171ae9e898c81872a819c65b,12,129,28,5,0,2,4,6,49,2,1,0,0,2,2,0,0,0,3,1,0,1,1,0,1,0,1,0,16,1,0,30,19,0,1,3,0,0,0,0,[],java-maven,2985995,3622814,1213.27,0,0,0,0,0,0.0037037,0.969136,0.0,1.0,28,0,1,0,1,0,0,0
52076,9179946234,1553758,Build,cd-lsp4j-0231,136d3eb3440dcf9e93a0910c17c2871b9a84ad12,.github/workflows/maven.yml,success,52327453,cdietrich,195,11,0.0,0.0,,push,8,0,3058.0,0,success,1,711984a7fcfeb18a274de3ca45fc08ede343bbfe,15,34,34,11,0,1,14,3,12,1,1,0,0,0,0,0,0,0,0,0,0,0,0,0,0,0,0,0,22,0,0,6,6,0,0,0,0,0,95,0,[],java-maven,3062127,3770698,1231.4,0,0,0,0,1,0.0240741,0.852897,0.012037,0.876581,25,1,5,0,0,0,0,0
52077,9066578709,1553758,Push on main,main,9ad95825dcb29a1511a08c2e43d03ee2e0434974,dynamic/github-code-scanning/codeql,success,79271691,github-advanced-security[bot],195,11,0.0,0.0,,dynamic,131,0,3024.0,0,success,2,4a002897d799c886e3c17285b0b171efdca113db,8,342,153,0,0,0,0,3,487,1,1,1,0,4,5,4,3,7,4,1,3,4,13,15,28,0,1,0,16,1,0,336,151,1,0,14,0,0,0,0,[],java-maven,2989785,3623412,1211.93,0,0,0,0,0,0.0185185,0.991583,0.00648148,0.995949,0,0,2,0,1,1,0,1
52078,7466299894,1553758,Build,lb-xtend-performance-tests,aeec325d95b8cd3d4971d389c0fbbf6cef642165,.github/workflows/maven.yml,failure,52327453,LorenzoBettini,192,7,0.0,0.0,,pull_request,199,0,2891.0,1,success,7,d05f413fc3d3d5bd7a72788e84dbacbab8be8c3f,21,35,239,1,0,0,0,7,271,2,1,5,1,1,7,0,0,0,1,0,0,0,55,3,58,0,1,0,16,0,4,33,238,0,0,1,0,0,54,0,[],java-maven,2989478,3622209,1211.65,0,0,0,0,1,0.00833333,0.951885,0.00185185,0.95963,100,0,3,0,1,0,0,0
52079,7696166346,1553758,Build,main,6d4713366a8590fc4bf06217ff40258c78a36024,.github/workflows/maven.yml,success,52327453,szarnekow,192,7,0.0,0.0,,push,55,0,2916.0,1,success,1,b125aa28d17001d797d6eba236b5be70b0cfc2cc,4,419,268,0,0,5,687,1,0,0,0,1,0,4,5,5,2,7,29,0,0,0,7,1,8,1,0,0,16,1,0,0,0,0,0,0,0,0,54,0,[],java-maven,2989675,3622278,1211.6,0,0,0,0,1,0.0166667,0.88522,0.0,1.0,6,1,3,0,0,1,0,1
52080,7780902936,1553758,Push on main,main,acc2d9f915577e8792f8f6031cf63de47f9c9c75,dynamic/github-code-scanning/codeql,success,79271691,LorenzoBettini,193,8,0.0,0.0,,dynamic,189,0,2924.0,1,success,9,59784bceaf65acca467a01fac65ee82de22ab9df,7,257,21,1,0,4,127,2,148,1,1,2,0,5,7,5,0,5,75,0,0,0,12,1,13,1,1,0,16,2,0,142,6,0,0,1,0,0,1,0,[],java-maven,2990047,3622657,1211.57,0,0,0,0,0,0.0157407,0.939213,0.0,1.0,96,0,1,0,1,1,0,1
52081,9206824484,1553758,Push on main,main,750a921cd7cce7433a486e47f4b0ac501485897e,dynamic/github-code-scanning/codeql,success,79271691,LorenzoBettini,195,11,0.0,0.0,,dynamic,26,0,3056.0,1,success,2,39ac9112344365d187ac9b7627ddac7995ef4d3b,2,2,32,0,0,1,22,2,0,1,1,0,0,0,0,0,0,0,0,0,0,0,0,0,0,0,0,0,22,0,0,0,0,0,1,0,0,0,0,0,[],java-maven,3062102,3770698,1231.41,0,0,0,0,0,0.0203704,0.921079,0.0111111,0.856009,133,0,1,0,1,1,0,1
52082,9115728579,1553758,Push on main,main,66267e369b90d8c50c3bfcfe5467a802f9e02b36,dynamic/github-code-scanning/codeql,success,79271691,cdietrich,195,11,0.0,0.0,,dynamic,8,0,3041.0,0,cancelled,1,579d91ebb2b0fa4e0be74e092dfbde1bdd9d743b,10,15,15,1,0,2,4,4,24,2,1,0,0,1,1,0,0,0,0,0,0,0,0,0,0,1,0,0,20,0,0,12,12,0,0,0,0,0,0,0,[],java-maven,3059819,3766940,1231.1,0,0,0,0,0,0.0212963,0.840422,0.00740741,0.880174,15,1,1,0,0,1,0,1
52083,8876267563,1553758,PR #2986,lb_java_21,ef482c9e7d94a703f09f7c23e285c1c75cdc99f9,dynamic/github-code-scanning/codeql,success,79271691,LorenzoBettini,195,11,0.0,0.0,,dynamic,0,0,,1,success,26,8f8b905ed7080172ef40e119e9daaa016f2369c7,162,899,898,0,0,90,821,2,976,0,1,0,0,144,144,0,0,0,887,0,0,0,131,131,262,1,1,0,20,0,0,488,488,0,0,135,0,0,0,0,[],java-maven,2989825,3623513,1211.95,0,0,0,0,0,0.0222222,0.914313,0.0111111,0.891453,37,0,1,0,1,1,0,0
52084,8681014129,1553758,Build,sz_nodemodel,683da6249a847fe956db6bc1d0743ebc3568973c,.github/workflows/maven.yml,success,52327453,szarnekow,194,9,0.0,0.0,,push,163,0,2968.0,0,success,3,a5883ca1ab8a8f58b58c81c9b03fe03396b47b98,33,2321,788,6,0,38,2173,9,884,2,1,18,7,22,47,22,2,24,94,8,0,8,169,58,227,1,1,0,16,19,16,174,710,0,0,5,0,0,63,0,[],java-maven,2988718,3622513,1212.06,0,0,0,0,1,0.012037,0.969709,0.00648148,0.961763,2,1,4,0,0,0,0,0
52085,9859025091,1553758,Build,refactoring_the_AbstractLinkedEditingIntegrationTest,bf48667ed971c6c63cd151f93a49c39617349fe0,.github/workflows/maven.yml,success,52327453,miklossy,196,9,0.0,1.0,,push,50,0,3099.0,1,success,1,6b0b6e48ffb35fbff37f0f2542b8690796dabeeb,1,1,1,0,0,0,0,1,2,0,0,0,0,1,1,0,0,0,3,0,0,0,0,0,0,0,1,0,22,0,0,1,1,0,0,0,0,0,220,1,[],java-maven,3046489,3754360,1232.36,0,0,0,0,1,0.00740741,0.87037,0.000925926,0.874421,0,1,5,0,0,0,0,0
52086,8053372168,1553758,Build,cd_counterbmp,c395c293d54e90edc44eed89cc1ff52aa70f8c50,.github/workflows/maven.yml,success,52327453,cdietrich,193,7,0.0,0.0,,push,6,0,2944.0,1,success,1,748d40a1cd0c0400ac799ab3038e6e0e8b77e9cb,9,9,9,8,0,0,0,1,2,0,1,0,0,0,0,0,0,0,0,0,0,0,0,0,0,0,0,0,16,0,0,1,1,0,0,0,0,0,54,0,[],java-maven,2990265,3622778,1211.52,0,0,0,0,1,0.0037037,0.956119,0.00277778,0.90846,15,1,3,0,0,0,0,0
52087,8884226979,1553758,Push on main,main,655cdc1afba4c50aed9d97c78a66a5e2bbf42371,dynamic/github-code-scanning/codeql,success,79271691,LorenzoBettini,195,11,0.0,0.0,,dynamic,81,0,3020.0,0,success,1,7414f04e5830c964344b04acecff980c878d36ea,1,1,0,1,0,0,0,1,0,0,0,0,0,0,0,0,0,0,0,0,0,0,0,0,0,0,0,0,16,0,0,0,0,0,0,0,0,0,0,0,[],java-maven,2989712,3623286,1211.92,0,0,0,0,0,0.0222222,0.920385,0.0101852,0.911016,43,0,1,0,1,1,0,1
52088,9236151765,1553758,Push on main,main,4ea5f7f9f1cbbe6c651afc8c116b67f143c92d88,dynamic/github-code-scanning/codeql,success,79271691,cdietrich,195,11,0.0,0.0,,dynamic,10,0,3067.0,1,success,1,1ad3eeb309c6453ddc0d507221ee98aa6ce02470,30,46,46,10,0,3,18,3,36,1,1,0,0,1,1,0,0,0,1,0,0,0,0,0,0,1,0,0,22,0,0,18,18,0,0,2,0,0,0,0,[],java-maven,3062102,3770698,1231.41,0,0,0,0,0,0.0212963,0.848225,0.0111111,0.823672,23,1,1,0,0,1,0,1
52089,8576188377,1553758,Build,replace-guava-in-scopes,8e0c98140a314ea8ca641fe63b5e7427067f6a35,.github/workflows/maven.yml,success,52327453,HannesWell,194,9,,,,pull_request,0,0,,1,success,0,,0,0,0,0,0,0,0,0,0,0,0,0,0,0,0,0,0,0,0,0,0,0,0,0,0,0,0,0,21,0,0,0,0,0,0,0,0,0,63,0,[],java-maven,2986090,3622918,1213.26,0,0,0,0,1,0.00555556,0.844017,0.0037037,0.844729,1,0,4,0,1,0,0,0
52090,8782292518,1553758,Build,addParameter_with_position,70282799e58fcfffa515d7d31bd9218e34302eba,.github/workflows/maven.yml,success,52327453,dvojtise,194,11,0.0,0.0,,pull_request,134,0,2784.0,0,success,5,67f34ffe000811d0808d540e28b30fa3cf682bd0,20,462,39,8,0,4,39,4,435,2,1,3,0,3,6,0,0,0,10,0,0,0,21,0,21,1,1,0,16,4,0,419,16,0,0,1,0,0,54,0,[],java-maven,3014583,3623841,1202.1,0,0,0,0,1,0.012963,0.989198,0.000925926,0.999228,0,0,4,0,1,0,0,0
52091,7445585628,1553758,Build,main,d364c056506792e4bff78123578deaeb0b8ce947,.github/workflows/maven.yml,success,52327453,szarnekow,192,6,0.0,0.0,,push,22,0,2893.0,1,success,1,316daf75a256bfca1add4c2f53ac20389bb78e11,41,13,59,18,0,2,7,3,33,0,1,0,0,2,2,0,0,0,3,0,0,0,0,0,0,1,0,0,16,0,0,4,29,0,0,2,0,0,54,0,[],java-maven,2988572,3621628,1211.83,0,0,0,0,1,0.00740741,0.915123,0.000925926,0.947125,4,1,3,0,0,1,0,1
52092,8565455717,1553758,PR #2973,cd_mwe2180M1,a163c4e7f163edfbaa4042886fcc3a61de4da581,dynamic/github-code-scanning/codeql,success,79271691,cdietrich,194,9,0.0,0.0,,dynamic,8,0,2973.0,1,success,1,a86e50bedf874d551b112590bd030cbdf425c5df,19,19,19,10,0,1,2,2,16,0,1,0,0,1,1,0,0,0,1,0,0,0,0,0,0,1,0,0,16,0,0,8,8,0,0,1,0,0,0,0,[],java-maven,2986082,3622924,1213.27,0,0,0,0,0,0.0037037,0.92791,0.00185185,0.856481,9,1,1,0,0,0,0,0
52093,9257834635,1553758,Push on main,main,a821f43fdeb745ab018b499d2b7115025e59aff4,dynamic/github-code-scanning/codeql,success,79271691,LorenzoBettini,195,11,0.0,0.0,,dynamic,6,0,3069.0,0,failure,1,4ea5f7f9f1cbbe6c651afc8c116b67f143c92d88,1,1,1,0,0,0,0,1,0,0,0,0,0,0,0,0,0,0,0,0,0,0,0,0,0,0,0,0,22,0,0,0,0,1,0,0,0,0,0,0,[],java-maven,3062102,3770698,1231.41,0,0,0,0,0,0.0222222,0.895178,0.0111111,0.827913,122,0,1,0,1,1,0,1
52094,8765246538,1553758,PR #3003,lb_2965,5c9d19703f400b32d4f1ec8a74e3291610fd0194,dynamic/github-code-scanning/codeql,success,79271691,LorenzoBettini,194,11,0.0,0.0,,dynamic,66,0,3003.0,1,success,1,73bd1580bcea48d7ed27f990cadbc5ae4d308572,10,66,56,0,0,0,0,1,122,0,1,0,0,9,9,0,0,0,4,0,0,0,9,8,17,0,1,0,16,0,0,66,56,0,0,40,0,0,0,0,[],java-maven,2988636,3622459,1212.08,0,0,0,0,0,0.012037,0.952089,0.0037037,0.999025,15,0,1,0,1,0,0,0
52095,7492077927,1553758,Build,main,6880c8e869ef7f14bf5626286b31efd41945e4ee,.github/workflows/maven.yml,success,52327453,LorenzoBettini,192,7,0.0,0.0,,push,328,0,2906.0,1,success,1,d7e44bf1019cc3b308546d23909f37bb2bdab08e,3,0,12,0,0,2,10,1,2,0,0,0,0,3,3,0,1,1,3,0,0,0,0,2,2,1,1,0,16,0,0,0,2,0,0,2,0,0,54,0,[],java-maven,2989529,3622193,1211.63,0,0,0,0,1,0.0175926,0.923698,0.0111111,0.885101,107,0,3,0,1,1,0,1
52096,9543284969,1553758,Build,main,1cb474441d19df9692dc69125dfab5042dd71814,.github/workflows/maven.yml,success,52327453,cdietrich,196,10,0.0,0.0,,push,40,0,3090.0,1,success,1,65dc977d89616bdb272cfb831724405b3d5b3856,2,35,5,0,0,1,19,1,21,0,1,0,0,2,2,1,0,1,7,0,0,0,2,0,2,1,1,0,22,0,0,18,3,0,0,0,0,0,89,0,[],java-maven,3046471,3754270,1232.33,0,0,0,0,1,0.0194444,0.853663,0.00555556,0.920322,27,1,5,0,0,1,0,1
52097,8168771411,1553758,Build,issue_2945,a7c94a16c7f8e54f07635195f483baa703e618c0,.github/workflows/maven.yml,success,52327453,florianpirchner,193,8,,,,pull_request,0,0,,0,success,0,,0,0,0,0,0,0,0,0,0,0,0,0,0,0,0,0,0,0,0,0,0,0,0,0,0,0,0,0,21,0,0,0,0,0,0,0,0,0,54,0,[],java-maven,2990347,3622882,1211.53,0,0,0,0,1,0.0037037,0.998148,0.0,1.0,0,0,3,0,1,0,0,0
52098,8831991312,1553758,Build,issue_3010,b88e4dccd6d09f2fcb67a683fb8976a0463e3b77,.github/workflows/maven.yml,success,52327453,miklossy,194,10,0.0,0.0,,push,14,0,3011.0,0,success,3,507b59229d008776fc49f19adab25d44fe45cfc9,25,46,44,11,0,3,12,6,30,2,1,0,0,2,2,0,0,0,1,0,0,0,0,0,0,1,1,0,16,0,0,15,15,1,0,3,0,0,87,0,[],java-maven,2988709,3622471,1212.05,0,0,0,0,1,0.0212963,0.868345,0.0111111,0.794444,1,1,4,0,0,0,0,0
52099,9075810383,1553758,Build,lb_3014,0c59eac6be1cb18d29918ea44f62052667934bcc,.github/workflows/maven.yml,success,52327453,LorenzoBettini,195,11,0.0,0.0,,push,55,0,3015.0,1,success,1,7b8f6381f730054893f3116a39625cbd1c359e2d,1,2,2,0,0,0,0,1,0,0,0,0,0,0,0,0,0,0,0,0,0,0,0,0,0,0,0,0,16,0,0,0,0,0,1,0,0,0,87,0,[],java-maven,2989719,3623226,1211.9,0,0,0,0,1,0.0185185,0.917274,0.00648148,0.843661,45,0,4,0,1,0,0,0
52100,9868116216,1553758,Build,cd-bs-236M1,e05ec05347d5877deb82b2e3d458ca5567e60ba0,.github/workflows/maven.yml,success,52327453,cdietrich,196,9,0.0,0.0,,push,6,0,3100.0,0,success,1,785a725aaa7a339f580df5c3b362312e8cc8d0d3,1,1,1,0,0,1,2,1,0,0,0,0,0,0,0,0,0,0,0,0,0,0,0,0,0,0,0,0,22,0,0,0,0,0,0,0,0,0,220,1,[],java-maven,3046488,3754356,1232.36,0,0,0,0,1,0.00648148,0.918832,0.000925926,0.999614,23,1,5,0,0,0,0,0
52101,9668589822,1553758,PR #3080,lb_3077,5dc5b24d643280a77279a6f5f0295ea0831d97b6,dynamic/github-code-scanning/codeql,success,79271691,LorenzoBettini,196,9,0.0,0.0,,dynamic,0,0,,1,cancelled,5,a1a12699b7942ce965a74df066040f6fef5af569,52,246,255,4,0,6,33,6,460,2,1,1,0,14,15,0,1,1,35,0,0,0,8,3,11,1,1,0,22,0,0,233,227,0,0,37,0,0,0,0,[],java-maven,3046832,3754691,1232.33,0,0,0,0,0,0.0111111,0.864815,0.00185185,0.999158,9,0,1,0,1,0,0,0
52102,7464626262,1553758,Build,lb-xtend-performance-tests,b01d41a1b1e0da4dbc56d1aae8e21b603b548dca,.github/workflows/maven.yml,success,52327453,LorenzoBettini,192,7,0.0,0.0,,pull_request,199,0,2891.0,1,success,6,d05f413fc3d3d5bd7a72788e84dbacbab8be8c3f,17,33,239,1,0,0,0,7,269,2,1,3,1,1,5,0,0,0,1,0,0,0,37,3,40,0,1,0,16,0,4,31,238,0,0,1,0,0,54,0,[],java-maven,2989478,3622207,1211.65,0,0,0,0,1,0.00740741,0.963409,0.000925926,0.999807,99,0,3,0,1,1,0,0
52103,7900035512,1553758,Scheduled,main,95b6438f5db694d1ec115fc7f10a3ce3ecc9ce05,dynamic/github-code-scanning/codeql,success,79271691,github-advanced-security[bot],193,7,0.0,0.0,,dynamic,10,0,2934.0,0,success,1,56e21956e314618e390963d6727ea1a113a7a90c,13,31,31,9,0,1,14,3,12,1,1,0,0,0,0,0,0,0,0,0,0,0,0,0,0,0,0,0,16,0,0,6,6,0,0,0,0,0,1,0,[],java-maven,2990202,3622725,1211.53,0,0,0,0,0,0.00555556,0.997475,0.0,1.0,0,0,1,0,1,1,0,1
52104,8294883488,1553758,Build,main,7276c2e2db87a695e67ea09fc911fcd3b6ee6f79,.github/workflows/maven.yml,success,52327453,cdietrich,193,9,0.0,0.0,,push,8,0,2959.0,1,success,1,9ffc0c906cfc651db57d477dae970225c4057ed7,1,10,2,1,0,0,0,1,0,0,0,0,0,0,0,0,0,0,0,0,0,0,0,0,0,0,0,0,16,0,0,0,0,0,0,0,0,0,63,0,[],java-maven,2986077,3622918,1213.27,0,0,0,0,1,0.00462963,0.961827,0.0,1.0,16,1,4,0,0,1,0,1
52105,8860032653,1553758,PR #2986,lb_java_21,8f8b905ed7080172ef40e119e9daaa016f2369c7,dynamic/github-code-scanning/codeql,success,79271691,LorenzoBettini,195,11,0.0,0.0,,dynamic,0,0,,1,success,29,d87ad74894c6ca18e924c134a1a35a7928edcabe,34,789,75,10,0,12,441,3,385,2,1,5,0,7,12,4,0,4,40,0,0,0,112,0,112,1,1,0,20,5,0,369,16,0,0,2,0,0,0,0,[],java-maven,2989825,3623513,1211.95,0,0,0,0,0,0.0222222,0.906379,0.012037,0.888053,28,0,1,0,1,1,0,0
52106,10007198964,1553758,PR #3105,refs/pull/3105/head,b5744b56521ac74354309cb70257cda8084fb251,dynamic/github-code-scanning/codeql,success,79271691,LorenzoBettini,196,8,0.0,0.0,,dynamic,0,0,,1,failure,1,fc680307fc0da479e7edd47720846d5f50ae5d4d,3,10,9,1,0,1,7,3,0,2,1,0,0,0,0,0,0,0,0,0,0,0,0,0,0,0,0,0,21,0,0,0,0,0,1,0,0,0,220,1,[],java-maven,3046492,3754369,1232.36,0,0,0,0,0,0.00555556,0.926587,0.00277778,0.855159,0,0,1,0,1,0,0,0
52107,8599616878,1553758,PR #2983,lb_2981,21b629c63a31fcd519ac8604e1724ef122efe24c,dynamic/github-code-scanning/codeql,success,79271691,LorenzoBettini,194,9,0.0,0.0,,dynamic,60,0,2983.0,1,success,1,c8f9f42cff95acc5fbe944f70207adcd27f38378,1,1,1,0,0,1,2,1,0,0,0,0,0,1,1,0,0,0,41,0,0,0,0,0,0,1,0,0,16,0,0,0,0,0,0,0,0,0,0,0,[],java-maven,2986086,3622924,1213.27,0,0,0,0,0,0.00648148,0.920584,0.00462963,0.906987,6,0,1,0,1,1,0,0
52108,9503621247,1553758,PR #3087,cd-new-fix-braces,5917642c5b5d4a729803fff96b661f1f36ed477c,dynamic/github-code-scanning/codeql,success,79271691,cdietrich,196,10,0.0,0.0,,dynamic,0,0,,1,failure,1,ddbdab03abeabfdbcc4ab06e3f1377adc821fa50,1,2,2,0,0,1,4,1,0,0,0,0,0,0,0,0,0,0,0,0,0,0,0,0,0,0,0,0,22,0,0,0,0,0,0,0,0,0,0,0,[],java-maven,3046449,3754255,1232.34,0,0,0,0,0,0.0212963,0.857609,0.00833333,0.837366,27,1,1,0,0,0,0,0
52109,7623281884,1553758,Push on main,main,4bf47b0c4b475a7fa76ebf788eaf78f324c96938,dynamic/github-code-scanning/codeql,success,79271691,LorenzoBettini,192,7,0.0,0.0,,dynamic,77,0,2918.0,1,success,1,5cbc3cf008f20b007fda3be16288322c0d8277d9,95,95,98,0,0,0,0,3,193,1,1,0,0,86,86,0,0,0,243,0,0,0,0,0,0,0,1,0,16,0,0,95,98,0,0,0,0,0,1,0,[],java-maven,2989555,3622268,1211.64,0,0,0,0,0,0.0194444,0.931757,0.00555556,0.951058,117,0,1,0,1,1,0,1
52110,8576102575,1553758,Build,repalace-guava-ContainersStateFactory,317b1e5fff42856cac1a200cbe758b3da0ff91b5,.github/workflows/maven.yml,success,52327453,HannesWell,194,9,,,,pull_request,0,0,,1,failure,0,,0,0,0,0,0,0,0,0,0,0,0,0,0,0,0,0,0,0,0,0,0,0,0,0,0,0,0,0,21,0,0,0,0,0,0,0,0,0,63,0,[],java-maven,2986100,3622924,1213.26,0,0,0,0,1,0.00555556,0.831019,0.0037037,0.83179,1,0,4,0,1,0,0,0
52111,9174465522,1553758,Build,cd-gson2110,ef3d7e124bb450d98d95c703b548d4883dc357ec,.github/workflows/maven.yml,success,52327453,cdietrich,195,11,0.0,0.0,,push,40,0,3055.0,1,success,1,73fed79aeabb5ba54eca1454b9b63930cfdce355,0,0,0,0,0,0,0,0,0,0,0,0,0,0,0,0,0,0,0,0,0,0,0,0,0,0,0,0,22,0,0,0,0,0,0,0,0,0,95,0,[],java-maven,3062134,3770706,1231.4,0,0,0,0,1,0.0212963,0.875325,0.00925926,0.90131,23,1,5,0,0,0,0,0
52112,8813312170,1553758,PR #3011,issue_3010,64d6b7faa8418528855180fac1849093f1f0d1b1,dynamic/github-code-scanning/codeql,success,79271691,miklossy,194,11,0.0,0.0,,dynamic,0,0,,1,failure,1,3a9f915d129db092e4fe2b8fe9518fba15bafb64,1,4,1,0,0,0,0,1,5,0,0,0,0,1,1,0,0,0,8,0,0,0,2,0,2,0,1,0,16,0,0,4,1,0,0,0,0,0,0,0,[],java-maven,2988676,3622463,1212.06,0,0,0,0,0,0.0212963,0.836501,0.00925926,0.883745,1,1,1,0,0,0,0,0
52113,8718784859,1553758,Build,main,73bd1580bcea48d7ed27f990cadbc5ae4d308572,.github/workflows/maven.yml,success,52327453,miklossy,194,10,0.0,0.0,,push,104,0,2966.0,0,success,1,38b56acfdb9ffeefefe812089e3428bcc46aece7,28,1922,1988,0,0,0,0,2,3910,1,1,1,0,12,13,2,1,3,4,0,1,1,61,5,66,0,1,0,16,1,0,1922,1988,0,0,150,0,0,63,0,[],java-maven,2988626,3622449,1212.08,0,0,0,0,1,0.012037,0.871238,0.0037037,0.996914,1,1,4,0,0,1,0,1
52114,9872053461,1553758,Build,main,f17d2521c4ce5667d5e6e7bdb8a235149fa00211,.github/workflows/maven.yml,success,52327453,miklossy,196,9,0.0,1.0,,push,50,0,3099.0,1,success,1,60240c94231fb428d1791bedfd35f25ea7f113be,4,20,16,0,0,0,0,1,36,0,1,0,0,4,4,0,0,0,10,0,0,0,0,0,0,0,1,0,22,0,0,20,16,0,0,3,0,0,244,1,[],java-maven,3046489,3754360,1232.36,0,0,0,0,1,0.00648148,0.906145,0.000925926,0.90867,1,1,5,0,0,1,0,1
52115,7768450332,1553758,Build,sz_nodemodel,aa284e201ac76c43bd3e9760f39711a720ed2a2f,.github/workflows/maven.yml,success,52327453,szarnekow,193,8,0.0,0.0,,push,26,0,2927.0,0,success,1,bb2c5105f8edda841a18907a3011eefc86fb2ef5,2,2,5,0,0,2,7,1,0,0,0,0,0,2,2,0,0,0,10,0,0,0,0,0,0,1,0,0,16,0,0,0,0,0,0,0,0,0,54,0,[],java-maven,2989728,3622304,1211.58,0,0,0,0,1,0.0166667,0.891369,0.0,1.0,6,1,3,0,0,1,0,0
52116,7368988173,1553758,Build,main,2e07b1ce48aee6b3523785a8820e2a9848566b1d,.github/workflows/maven.yml,success,52327453,cdietrich,192,6,0.0,0.0,,push,18,0,2887.0,1,success,3,32ac1441fa426d16b4a132b8349a03872a311063,39,82,77,12,0,6,24,4,61,2,1,0,0,1,1,0,0,0,1,0,0,0,0,0,0,1,0,0,16,0,0,33,28,0,0,2,0,0,54,0,[],java-maven,2988564,3621833,1211.9,0,0,0,0,1,0.00648148,0.877806,0.00185185,0.866049,15,1,3,0,0,1,0,1
52117,9679175828,1553758,Build,lb_3077,a33af2e49acf4bfc33003fb258fbaa89910481de,.github/workflows/maven.yml,success,52327453,LorenzoBettini,196,9,0.0,0.0,,push,0,0,,0,success,1,ba07d300e21369224c9c827a1db8ecf1959e7e55,10,90,11,0,0,7,77,2,24,1,1,0,0,8,8,5,0,5,87,3,0,3,0,0,0,1,1,0,22,0,0,21,3,0,0,1,0,0,89,0,[],java-maven,3046875,3754709,1232.31,0,0,0,0,1,0.0111111,0.880719,0.000925926,0.999691,9,0,5,0,1,0,0,0
52118,9241471375,1553758,Build,cd_tycho50,460dea284b31cdcee96241a64f085b84d15dd0a9,.github/workflows/maven.yml,failure,52327453,cdietrich,195,11,0.0,0.0,,push,0,0,,1,success,11,81a080a57cfaf56af3578b6d9557864e8bf30957,39,103,123,13,0,5,92,6,58,2,1,0,0,3,3,0,0,0,43,0,0,0,0,2,2,1,1,0,22,0,0,25,33,0,1,3,0,0,89,0,[],java-maven,3062108,3770698,1231.41,0,0,0,0,1,0.0222222,0.836918,0.0111111,0.797778,23,1,5,0,0,0,0,0
52119,9503666185,1553758,Build,cd-br-2,cd49815313df3f6b3094f8fee62dc202e057202f,.github/workflows/maven.yml,success,52327453,cdietrich,196,10,0.0,0.0,,push,6,0,3088.0,1,success,1,ce8b8d19db3ed857b406e0bc921e832978f48b8b,1,2,2,0,0,1,4,1,0,0,0,0,0,0,0,0,0,0,0,0,0,0,0,0,0,0,0,0,22,0,0,0,0,0,0,0,0,0,89,0,[],java-maven,3046443,3754255,1232.34,0,0,0,0,1,0.0212963,0.859412,0.00740741,0.869773,29,1,5,0,0,0,0,0
52120,8801976877,1553758,Build,lb_gh_actions_macos,acc868e261afb8b7fecaf3155a493299a0df016e,.github/workflows/maven.yml,success,52327453,LorenzoBettini,194,11,0.0,0.0,,push,25,0,3008.0,1,success,1,4c69a4b75a03431020a0cf204f772c93581eca88,1,1,1,0,0,0,0,1,0,0,0,0,0,0,0,0,0,0,0,0,0,0,0,0,0,0,0,0,16,0,0,0,0,0,1,0,0,0,87,0,[],java-maven,2988704,3622468,1212.05,0,0,0,0,1,0.0194444,0.878704,0.00740741,0.836348,24,0,4,0,1,0,0,0
52121,9114031158,1553758,Build,lb_2957,a70a642168622061308c3500e973eccaf7dbbcb9,.github/workflows/maven.yml,cancelled,52327453,LorenzoBettini,195,11,0.0,0.0,,push,0,0,,0,failure,1,579d91ebb2b0fa4e0be74e092dfbde1bdd9d743b,2,22,1,1,0,0,0,2,20,1,1,0,0,1,1,2,0,2,4,0,0,0,3,0,3,0,1,0,20,0,0,20,0,0,0,0,0,0,95,0,[],java-maven,3059835,3766960,1231.1,0,0,0,0,1,0.0212963,0.922872,0.00740741,0.915638,85,0,5,0,1,1,0,0
52122,9184116016,1553758,Push on main,main,322beedd35749c72d86366a696188d9eed73d5d8,dynamic/github-code-scanning/codeql,success,79271691,cdietrich,195,11,0.0,0.0,,dynamic,8,0,3058.0,1,success,1,711984a7fcfeb18a274de3ca45fc08ede343bbfe,15,34,34,11,0,1,14,3,12,1,1,0,0,0,0,0,0,0,0,0,0,0,0,0,0,0,0,0,22,0,0,6,6,0,0,0,0,0,0,0,[],java-maven,3062127,3770698,1231.4,0,0,0,0,0,0.0240741,0.859687,0.012037,0.884996,26,1,1,0,0,1,0,1
52123,9173675489,1553758,Build,main,8cf255bf3a074389030513162344dd7c85014d61,.github/workflows/maven.yml,failure,52327453,LorenzoBettini,195,11,0.0,0.0,,push,51,0,3027.0,1,success,2,f629b30bb1ee0682f359a277f59fd9bac693591f,2,69,7,0,0,0,0,1,76,0,1,0,0,2,2,4,0,4,10,0,0,0,4,1,5,0,1,0,22,0,0,69,7,0,0,5,0,0,95,0,[],java-maven,3062134,3770702,1231.4,0,0,0,0,1,0.0194444,0.9316,0.00648148,0.914204,133,0,5,0,1,1,0,1
52124,8765830004,1553758,Push on main,main,01054aa43ea707e2ba6cb00e5b97b38e96f174f1,dynamic/github-code-scanning/codeql,success,79271691,LorenzoBettini,194,11,0.0,0.0,,dynamic,21,0,3000.0,1,success,2,167a99119a401252400ef11786c353577cdf862e,0,21,0,0,0,0,0,1,0,0,0,0,0,0,0,0,0,0,0,0,0,0,0,0,0,0,0,0,16,1,0,0,0,1,0,0,0,0,0,0,[],java-maven,2988654,3622459,1212.07,0,0,0,0,0,0.012037,0.957079,0.0037037,0.999228,18,0,1,0,1,1,0,1
52125,7448650587,1553758,Build,sz_issue2896,a4bfff8546bc79b364ec40418195eb1b151cecb3,.github/workflows/maven.yml,success,52327453,szarnekow,192,6,0.0,0.0,,push,10,0,2897.0,1,success,1,97ec83612a2102d41a70d7c046897cd72f691aa8,1,2,1,1,0,0,0,1,0,0,0,0,0,0,0,0,0,0,0,0,0,0,0,0,0,0,0,0,16,0,0,0,0,0,0,0,0,0,54,0,[],java-maven,2988555,3621632,1211.83,0,0,0,0,1,0.00740741,0.938272,0.000925926,0.96412,5,1,3,0,0,0,0,0
52126,7418967300,1553758,PR #2873,lb_xtend_validator_tests,6140007abc5a017ebb316118f61c4ce5ce011477,dynamic/github-code-scanning/codeql,success,79271691,LorenzoBettini,192,6,0.0,0.0,,dynamic,53,0,2873.0,1,success,1,9b52cd7684832c2ccf2c1965609555931c3d39d5,2,36,15,0,0,0,0,2,51,1,0,0,0,1,1,0,0,0,0,0,0,0,0,0,0,0,1,0,16,0,0,36,15,0,0,3,0,0,1,0,[],java-maven,2988573,3621809,1211.89,0,0,0,0,0,0.00648148,0.95846,0.00277778,0.971032,60,0,1,0,1,0,0,0
52127,8599501302,1553758,PR #2983,lb_2981,c8f9f42cff95acc5fbe944f70207adcd27f38378,dynamic/github-code-scanning/codeql,success,79271691,LorenzoBettini,194,9,0.0,0.0,,dynamic,60,0,2983.0,1,failure,1,60a7615ed1c6ddc887e84823263d383045f91609,77,261,261,11,0,21,166,2,260,1,1,0,0,41,41,0,0,0,216,0,0,0,0,0,0,1,1,0,16,0,0,130,130,0,0,24,0,0,0,0,[],java-maven,2986086,3622924,1213.27,0,0,0,0,0,0.00648148,0.906145,0.00462963,0.886317,5,0,1,0,1,0,0,0
52128,7377350192,1553758,Push on main,main,da2e5b8a6c24c02f3a15da91453ef638c0bd4542,dynamic/github-code-scanning/codeql,success,79271691,LorenzoBettini,192,6,0.0,0.0,,dynamic,54,0,2879.0,1,success,1,cc49ec981065c35431f7771a47fa8d3028617421,1,4,3,0,0,1,7,1,0,0,0,0,0,1,1,1,1,2,87,0,0,0,0,0,0,1,0,0,16,0,0,0,0,0,0,0,0,0,1,0,[],java-maven,2988569,3621833,1211.9,0,0,0,0,0,0.00740741,0.951793,0.00277778,0.961004,40,0,1,0,1,1,0,1
52129,7447299133,1553758,Build,main,c73589d4c13c2467d6da4b66def697d03a8cc8ab,.github/workflows/maven.yml,success,52327453,LorenzoBettini,192,6,0.0,0.0,,push,72,0,2889.0,1,success,1,d0682d7b6227a8d5363e1ff6d5347bc732324131,3,16,33,1,0,2,22,2,0,1,0,0,0,2,2,0,0,0,75,0,0,0,0,1,1,1,0,0,16,0,0,0,0,0,0,0,0,0,54,0,[],java-maven,2988556,3621632,1211.83,0,0,0,0,1,0.00740741,0.958959,0.000925926,0.99978,60,0,3,0,1,1,0,1
52130,9059694698,1553758,Build,lb_3014,7b8f6381f730054893f3116a39625cbd1c359e2d,.github/workflows/maven.yml,failure,52327453,LorenzoBettini,195,11,0.0,0.0,,push,55,0,3015.0,1,success,24,08075c9b1f6c43e446fc0b9f2408169df15e6b20,44,275,273,84,0,18,125,8,133,2,1,2,0,12,14,6,0,6,93,0,0,0,12,2,14,1,1,0,16,2,95,62,71,2,0,3,0,0,87,0,[],java-maven,2989719,3623226,1211.9,0,0,0,0,1,0.0185185,0.9199,0.00648148,0.815236,44,0,5,0,1,0,0,0
52131,8097938473,1553758,Build,issue_2945,b05e32be21f3a12a124f3f7c3bf6f514c7de4bd6,.github/workflows/maven.yml,success,52327453,florianpirchner,193,7,,,,pull_request,0,0,,0,success,0,,0,0,0,0,0,0,0,0,0,0,0,0,0,0,0,0,0,0,0,0,0,0,0,0,0,0,0,0,21,0,0,0,0,0,0,0,0,0,54,0,[],java-maven,2990344,3622882,1211.53,0,0,0,0,1,0.0037037,0.996914,0.000925926,0.999228,0,0,3,0,1,0,0,0
52132,8766054775,1553758,Build,lb_java_21,6ee5c8cc6eca67a9d675fc1dc70adb4a32ec9244,.github/workflows/maven.yml,success,52327453,LorenzoBettini,194,11,0.0,0.0,,push,0,0,,1,success,30,4e695af2a177630cb710562995e561822b73f1bc,34,1986,2005,0,0,3,25,6,3945,2,1,1,0,12,13,2,1,3,4,0,1,1,70,13,83,0,1,0,20,2,0,1945,2000,1,0,150,0,0,67,0,[],java-maven,2988840,3622738,1212.09,0,0,0,0,1,0.012037,0.961129,0.0037037,0.999361,20,0,5,0,1,1,0,0
52133,7365360740,1553758,PR #2887,cd_mwe2170m0,5c9a84681d57f5358558a6f160f768fd82cf1785,dynamic/github-code-scanning/codeql,success,79271691,cdietrich,192,6,0.0,0.0,,dynamic,18,0,2887.0,1,failure,1,a202bccf0f9b3bbc2378bd70d7d32bb0a98a1eae,8,16,16,8,0,0,0,1,0,0,1,0,0,0,0,0,0,0,0,0,0,0,0,0,0,0,0,0,16,0,0,0,0,0,0,0,0,0,1,0,[],java-maven,2988559,3621828,1211.9,0,0,0,0,0,0.00648148,0.860951,0.00185185,0.81734,13,1,1,0,0,1,0,0
52134,7532337406,1553758,Build,main,4eaa306d49576c79e2b3e8b8a483cf426e9ba873,.github/workflows/maven.yml,success,52327453,LorenzoBettini,192,7,0.0,0.0,,push,0,0,,1,success,1,8f1972148435c3bb9836282eec53e18d739659d7,1,1,1,0,0,1,2,1,0,0,0,0,0,0,0,0,0,0,0,0,0,0,0,0,0,0,0,0,16,0,0,0,0,0,0,0,0,0,54,0,[],java-maven,2989524,3622193,1211.63,0,0,0,0,1,0.0175926,0.932034,0.0101852,0.902867,119,0,3,0,1,1,0,1
52135,8890193113,1553758,Build,sz_nodemodel,9dcbed38a74382c112eeb6b46a7741c2ac5db008,.github/workflows/maven.yml,success,52327453,szarnekow,195,11,0.0,0.0,,push,4,0,3023.0,0,success,4,be0c6b9d3898c67a82f6e10377af2fd74e286bc8,2,2,191,66,0,1,2,3,60,0,1,0,0,1,1,0,0,0,2,0,0,0,0,0,0,1,0,0,16,0,95,0,60,0,0,1,0,0,87,0,[],java-maven,2989712,3623226,1211.9,0,0,0,0,1,0.0222222,0.957778,0.00925926,0.997106,6,1,4,0,0,0,0,0
52136,7448651326,1553758,PR #2897,sz_issue2896,a4bfff8546bc79b364ec40418195eb1b151cecb3,dynamic/github-code-scanning/codeql,success,79271691,szarnekow,192,6,0.0,0.0,,dynamic,10,0,2897.0,1,success,1,97ec83612a2102d41a70d7c046897cd72f691aa8,1,2,1,1,0,0,0,1,0,0,0,0,0,0,0,0,0,0,0,0,0,0,0,0,0,0,0,0,16,0,0,0,0,0,0,0,0,0,1,0,[],java-maven,2988555,3621632,1211.83,0,0,0,0,0,0.00740741,0.940087,0.000925926,0.965358,5,1,1,0,0,0,0,0
52137,7445852595,1553758,Push on main,main,d0682d7b6227a8d5363e1ff6d5347bc732324131,dynamic/github-code-scanning/codeql,success,79271691,szarnekow,192,6,0.0,0.0,,dynamic,0,0,,1,success,1,d364c056506792e4bff78123578deaeb0b8ce947,2,24,20,0,0,0,0,1,44,0,1,0,0,2,2,0,0,0,6,0,0,0,0,0,0,0,1,0,16,0,0,24,20,0,0,0,0,0,1,0,[],java-maven,2988576,3621632,1211.83,0,0,0,0,0,0.00740741,0.927249,0.000925926,0.95632,5,1,1,0,0,1,0,1
52138,8813305029,1553758,PR #2986,lb_java_21,94b6c73a1d957388a788fbad094d7c72ab100df5,dynamic/github-code-scanning/codeql,success,79271691,LorenzoBettini,194,11,0.0,0.0,,dynamic,0,0,,1,failure,30,6ee5c8cc6eca67a9d675fc1dc70adb4a32ec9244,3,43,9,0,0,1,2,2,8,1,1,0,0,2,2,1,0,1,13,0,0,0,1,0,1,1,1,0,20,0,0,8,0,0,1,1,0,0,0,0,[],java-maven,2988871,3622746,1212.08,0,0,0,0,0,0.0203704,0.876807,0.00833333,0.839167,26,0,1,0,1,1,0,0
52139,9032641505,1553758,PR #3024,miklossy_issue_3007,4f311285f6c955808edf947bf80dd4553147b8c7,dynamic/github-code-scanning/codeql,success,79271691,miklossy,195,11,0.0,0.0,,dynamic,0,0,,1,success,1,ef2e617ef58509f25a63be9a77c3a264a75b785a,1,4,4,0,0,0,0,1,8,0,0,0,0,1,1,0,0,0,6,0,0,0,0,0,0,0,1,0,16,0,0,4,4,0,0,0,0,0,0,0,[],java-maven,2989780,3623401,1211.93,0,0,0,0,0,0.0203704,0.795926,0.00462963,0.798457,2,1,1,0,0,0,0,0
52140,7473423349,1553758,Build,lb-xtend-performance-tests,cd338098b976a773d7f319eb1b956cf2225ca28c,.github/workflows/maven.yml,success,52327453,LorenzoBettini,192,7,,,,pull_request,0,0,,1,success,0,,0,0,0,0,0,0,0,0,0,0,0,0,0,0,0,0,0,0,0,0,0,0,0,0,0,0,0,0,21,0,0,0,0,0,0,0,0,0,54,0,[],java-maven,2989541,3622196,1211.62,0,0,0,0,1,0.012037,0.911427,0.00555556,0.837814,103,0,3,0,1,1,0,0
52141,8958485713,1553758,Push on main,main,bc7f1691285b43ea102aee593273e1b144d48689,dynamic/github-code-scanning/codeql,success,79271691,LorenzoBettini,195,10,0.0,0.0,,dynamic,12,0,3029.0,1,success,1,cbb2edc072534b24b78c94e1b98e0951992e22e1,6,6,6,3,0,3,6,2,0,1,0,0,0,3,3,0,0,0,4,0,0,0,0,0,0,1,0,0,16,0,0,0,0,0,0,0,0,0,0,0,[],java-maven,2989712,3623226,1211.9,0,0,0,0,0,0.0185185,0.928925,0.0,1.0,47,0,1,0,1,1,0,1
52142,8831991698,1553758,PR #3011,issue_3010,b88e4dccd6d09f2fcb67a683fb8976a0463e3b77,dynamic/github-code-scanning/codeql,success,79271691,miklossy,194,10,0.0,0.0,,dynamic,14,0,3011.0,1,success,3,507b59229d008776fc49f19adab25d44fe45cfc9,25,46,44,11,0,3,12,6,30,2,1,0,0,2,2,0,0,0,1,0,0,0,0,0,0,1,1,0,16,0,0,15,15,1,0,3,0,0,0,0,[],java-maven,2988709,3622471,1212.05,0,0,0,0,0,0.0212963,0.876089,0.0111111,0.813131,1,1,1,0,0,0,0,0
52143,7759949205,1553758,Build,lb_2880-3,588c064bac084b935c374cec8c2b77cf20b8cc45,.github/workflows/maven.yml,success,52327453,LorenzoBettini,193,8,,,,pull_request,0,0,,0,success,0,,0,0,0,0,0,0,0,0,0,0,0,0,0,0,0,0,0,0,0,0,0,0,0,0,0,0,0,0,21,0,0,0,0,0,0,0,0,0,54,0,[],java-maven,2989752,3622331,1211.58,0,0,0,0,1,0.0166667,0.929264,0.0,1.0,78,0,3,0,1,0,0,0
52144,8101430690,1553758,Scheduled,main,652e4b0ed1a6947d7fd068945fee13b56da2f37a,dynamic/github-code-scanning/codeql,success,79271691,github-advanced-security[bot],193,7,0.0,0.0,,dynamic,8,0,2947.0,0,success,1,283868e02958eecb4f5761bbf03fa2458c15f2e9,10,19,19,8,0,1,2,2,4,0,1,0,0,0,0,0,0,0,0,0,0,0,0,0,0,0,0,0,16,0,0,2,2,0,0,0,0,0,0,0,[],java-maven,2990265,3622778,1211.52,0,0,0,0,0,0.0037037,0.997942,0.000925926,0.999228,0,0,1,0,1,1,0,1
52145,7472271944,1553758,Build,lb-xtend-performance-tests,7e81ddc264767181741d515b5c2ead977c03a3ef,.github/workflows/maven.yml,failure,52327453,LorenzoBettini,192,7,,,,pull_request,0,0,,1,failure,0,,0,0,0,0,0,0,0,0,0,0,0,0,0,0,0,0,0,0,0,0,0,0,0,0,0,0,0,0,21,0,0,0,0,0,0,0,0,0,54,0,[],java-maven,2989487,3622127,1211.62,0,0,0,0,1,0.0101852,0.92964,0.0037037,0.888203,102,0,3,0,1,1,0,0
52146,9173666809,1553758,Clear all caches,main,f629b30bb1ee0682f359a277f59fd9bac693591f,.github/workflows/clear-all-caches.yml,success,52431321,LorenzoBettini,195,11,0.0,0.0,,workflow_dispatch,319,0,3042.0,1,failure,11,c91a45430f1c86c63d27e2ae80a7c84084082b3c,88,254,157,1,0,1,8,3,399,0,1,0,1,85,86,0,1,1,22,0,0,0,0,6,6,0,1,0,22,0,1,244,155,0,0,76,0,0,27,0,[],java-maven,3062089,3770640,1231.39,0,0,0,0,0,0.0185185,0.938693,0.00555556,0.934179,132,0,1,0,1,1,0,1
52147,8525244655,1553758,Build,sz_xbase_lsp,0d468f3b8108634a7ab8d0c09bceb65901854fd5,.github/workflows/maven.yml,success,52327453,szarnekow,194,9,0.0,0.0,,push,0,0,,1,success,141,59c632db7eef792d06574e5e747e094f990b0cc7,5902,10069,15399,123,0,405,8843,20,14633,1,1,12,78,5133,5223,20,5,25,16107,8,1,9,115,334,449,1,1,0,16,14,78,7672,6961,2,1,25,0,0,63,0,[],java-maven,2985884,3622379,1213.17,0,0,0,0,1,0.00277778,0.999183,0.00185185,0.999158,3,1,4,0,0,0,0,0
52148,8282825825,1553758,Build,cd_oomph202406,a315121d4153469018772fc717d23b01e37a9cf9,.github/workflows/maven.yml,success,52327453,cdietrich,193,9,0.0,0.0,,push,8,0,2959.0,0,success,1,03146da0abe813a229acdab054fcfa3a8c06acc3,1,10,2,1,0,0,0,1,0,0,0,0,0,0,0,0,0,0,0,0,0,0,0,0,0,0,0,0,16,0,0,0,0,0,0,0,0,0,63,0,[],java-maven,2985995,3622814,1213.27,0,0,0,0,1,0.00462963,0.959537,0.0,1.0,15,1,4,0,0,0,0,0
52149,9350033695,1553758,Build,main,33e7729bbee6283b70711e27a65f3cb688f69c96,.github/workflows/maven.yml,success,52327453,cdietrich,196,12,0.0,0.0,,push,4,0,3074.0,1,success,1,e0f5f9746b6d0c75104dee6902138f69d95ed75e,1,81,2,2,0,0,0,2,0,1,1,0,0,0,0,0,0,0,0,0,0,0,0,0,0,0,0,0,22,1,0,0,0,0,0,0,0,0,89,0,[],java-maven,3062192,3770698,1231.37,0,0,0,0,1,0.0222222,0.846801,0.0,1.0,25,1,5,0,0,1,0,1
52150,8570018310,1553758,Build,main,77020bbc801f2d5d01b9abd837c2be4f28b5f824,.github/workflows/maven.yml,success,52327453,cdietrich,194,9,0.0,0.0,,push,8,0,2973.0,1,success,1,4f1669f20b5f2bdd0ad5d4663b2b9261753fd389,30,46,46,10,0,5,22,3,32,1,1,0,0,1,1,0,0,0,1,0,0,0,0,0,0,1,0,0,16,0,0,16,16,0,0,2,0,0,63,0,[],java-maven,2986082,3622924,1213.27,0,0,0,0,1,0.0037037,0.932716,0.00185185,0.874421,10,1,4,0,0,1,0,1
52151,7587440740,1553758,Build,lb_tycho50-1,3203ee56dcece8a5ae486d8a44cec1360db0f196,.github/workflows/maven.yml,success,52327453,LorenzoBettini,192,7,0.0,0.0,,push,0,0,,0,success,1,a1c6d7db5819be6522e50ec94d4c48a8c38c58e0,4,18,30,0,0,4,48,1,0,0,1,0,0,0,0,0,0,0,0,0,0,0,0,0,0,0,0,0,16,0,0,0,0,0,0,0,0,0,54,0,[],java-maven,2989571,3622243,1211.63,0,0,0,0,1,0.0194444,0.927579,0.00555556,0.958889,115,0,3,0,1,0,0,0
52152,7439283682,1553758,PR #2892,sz_bundleConstraints,4730b8b3624d0a407cd8a0ced784e357712f1cb4,dynamic/github-code-scanning/codeql,success,79271691,szarnekow,192,6,0.0,0.0,,dynamic,94,0,2892.0,1,success,1,a31ce7ed14643765ca071f38d62427021c5c1b4e,11,10,17,1,0,3,11,3,14,1,1,0,0,1,1,0,0,0,3,0,0,0,0,0,0,1,0,0,16,0,0,7,7,0,0,1,0,0,1,0,[],java-maven,2988572,3621653,1211.83,0,0,0,0,0,0.00740741,0.854497,0.00185185,0.88786,2,1,1,0,0,0,0,0
52153,9395524684,1553758,Build,cd_tycho50,bce38e85cc03ea2b9a9100464b2938279fdd538a,.github/workflows/maven.yml,success,52327453,cdietrich,196,11,0.0,0.0,,push,0,0,,1,success,9,90d4f1e9f24c00348479200884ad4c1f80bdb69e,266,2454,2359,71,0,107,232,7,2892,1,1,0,0,1,1,0,0,0,2,0,0,0,0,0,0,1,0,0,22,1,0,1446,1446,1,0,1,0,0,89,0,[],java-maven,3062198,3770698,1231.37,0,0,0,0,1,0.0203704,0.873409,0.0,1.0,23,1,5,0,0,0,0,0
52154,8879372833,1553758,Push on main,main,70997d9d907649df6fdc3592451c8ab77bcc6c92,dynamic/github-code-scanning/codeql,success,79271691,LorenzoBettini,195,11,0.0,0.0,,dynamic,46,0,3004.0,1,success,9,385e3292cd434c1ecdd4bb877e689a51147a281e,8,105,13,0,0,5,57,2,61,1,1,2,0,4,6,6,0,6,9,0,0,0,11,1,12,1,1,0,16,1,0,56,5,0,0,1,0,0,0,0,[],java-maven,2989712,3623286,1211.92,0,0,0,0,0,0.0222222,0.917796,0.0111111,0.893098,40,0,1,0,1,1,0,1
52155,7348560637,1553758,Build,lb_xtend-to-java,38076bddfc7f6432963b03fd841f7d116ec8d836,.github/workflows/maven.yml,success,52327453,LorenzoBettini,192,7,0.0,0.0,,push,34,0,2885.0,0,success,1,32ac1441fa426d16b4a132b8349a03872a311063,3,157,375,0,0,0,0,5,532,2,0,1,1,0,2,0,0,0,0,0,0,0,22,25,47,0,1,0,16,1,2,157,375,0,0,0,0,0,54,0,[],java-maven,2988380,3621610,1211.9,0,0,0,0,1,0.00462963,0.95295,0.0,1.0,14,0,3,0,1,0,0,0
52156,9131276017,1553758,Push on main,main,731eac41309dde490e37c711d503fa2a6a89d63e,dynamic/github-code-scanning/codeql,success,79271691,LorenzoBettini,195,11,0.0,0.0,,dynamic,71,0,3044.0,0,success,8,607b7b63f277655b2b45cbe4cdb2ab35e8e2d7a1,6,172,17,1,0,1,26,4,157,2,1,0,0,5,5,6,0,6,56,0,0,0,11,3,14,1,1,0,22,3,0,145,12,0,0,1,0,0,0,0,[],java-maven,3061020,3768456,1231.11,0,0,0,0,0,0.0212963,0.927409,0.00462963,0.931292,120,0,1,0,1,1,0,1
52157,7657291263,1553758,Push on main,main,b125aa28d17001d797d6eba236b5be70b0cfc2cc,dynamic/github-code-scanning/codeql,success,79271691,szarnekow,192,7,0.0,0.0,,dynamic,60,0,2753.0,0,success,1,63d33ab52f026ee16386c3a65d0c178d99acd20f,4,66,15,0,0,2,63,1,18,0,1,0,0,1,1,0,0,0,0,2,0,2,0,0,0,1,0,0,16,0,0,14,4,0,0,0,0,0,1,0,[],java-maven,2989611,3622278,1211.62,0,0,0,0,0,0.0194444,0.878056,0.00555556,0.748264,5,1,1,0,0,1,0,1
52158,8582455050,1553758,PR #2980,lb_tycho-4.0.7,5cf3ef820fa3b45821f0b16ac4d0c055656ee01d,dynamic/github-code-scanning/codeql,success,79271691,LorenzoBettini,194,10,0.0,0.0,,dynamic,4,0,2980.0,1,success,1,77020bbc801f2d5d01b9abd837c2be4f28b5f824,6,6,6,1,0,3,6,3,4,1,1,0,0,1,1,0,0,0,3,0,0,0,0,0,0,1,0,0,16,0,0,2,2,0,0,1,0,0,0,0,[],java-maven,2986082,3622924,1213.27,0,0,0,0,0,0.00555556,0.996914,0.0037037,0.997355,3,0,1,0,1,0,0,0
52159,7696166045,1553758,Push on main,main,6d4713366a8590fc4bf06217ff40258c78a36024,dynamic/github-code-scanning/codeql,success,79271691,szarnekow,192,7,0.0,0.0,,dynamic,55,0,2916.0,0,success,1,b125aa28d17001d797d6eba236b5be70b0cfc2cc,4,419,268,0,0,5,687,1,0,0,0,1,0,4,5,5,2,7,29,0,0,0,7,1,8,1,0,0,16,1,0,0,0,0,0,0,0,0,1,0,[],java-maven,2989675,3622278,1211.6,0,0,0,0,0,0.0166667,0.883013,0.0,1.0,6,1,1,0,0,1,0,1
52160,9515614375,1553758,Build,cd-issue-3089,2e889ab89d01d6308bb9b9ffa28dbb4cfee58e5e,.github/workflows/maven.yml,success,52327453,cdietrich,196,10,0.0,0.0,,push,40,0,3090.0,1,success,1,65dc977d89616bdb272cfb831724405b3d5b3856,2,35,5,0,0,1,19,1,21,0,1,0,0,2,2,1,0,1,7,0,0,0,2,0,2,1,1,0,22,0,0,18,3,0,0,0,0,0,89,0,[],java-maven,3046471,3754270,1232.33,0,0,0,0,1,0.0212963,0.861169,0.00648148,0.887989,29,1,5,0,0,0,0,0
52161,8925573990,1553758,PR #3027,lb_compilation_test_result,14cac5d781294ea9f343e0a530561e1ce5b1dbed,dynamic/github-code-scanning/codeql,success,79271691,LorenzoBettini,195,11,0.0,0.0,,dynamic,0,0,,1,success,1,38b911893ae1aac496bea8cc20d1864d888930d4,2,63,1,0,0,0,0,1,64,0,1,0,0,2,2,4,0,4,10,0,0,0,4,0,4,0,1,0,16,0,0,63,1,0,0,0,0,0,0,0,[],java-maven,2989757,3623288,1211.9,0,0,0,0,0,0.0222222,0.927778,0.000925926,0.999913,46,0,1,0,1,0,0,0
52162,8883853229,1553758,Push on main,main,7414f04e5830c964344b04acecff980c878d36ea,dynamic/github-code-scanning/codeql,success,79271691,szarnekow,195,11,0.0,0.0,,dynamic,4,0,3021.0,0,success,1,70997d9d907649df6fdc3592451c8ab77bcc6c92,1,1,1,0,0,1,2,1,0,0,0,0,0,1,1,0,0,0,2,0,0,0,0,0,0,1,0,0,16,0,0,0,0,0,0,1,0,0,0,0,[],java-maven,2989712,3623286,1211.92,0,0,0,0,0,0.0222222,0.956916,0.0101852,0.938181,6,1,1,0,0,1,0,1
52163,9203549900,1553758,Build,lb_3057_1,333e54320c0f7fe18d7d600595d0aac0335f80bb,.github/workflows/maven.yml,success,52327453,LorenzoBettini,195,11,0.0,0.0,,pull_request,91,0,3063.0,0,success,1,322beedd35749c72d86366a696188d9eed73d5d8,1,4,0,0,0,1,4,1,0,0,0,0,0,0,0,0,0,0,0,0,0,0,0,0,0,0,0,0,22,0,0,0,0,0,0,0,0,0,95,0,[],java-maven,3062130,3770698,1231.4,0,0,0,0,1,0.0203704,0.917871,0.012037,0.841957,129,0,5,0,1,0,0,0
52164,7475332452,1553758,PR #2901,lb_2874_Oomph_Java_17,d98883022ceec9c7d49c8c4c86589cb465a1a5b6,dynamic/github-code-scanning/codeql,success,79271691,LorenzoBettini,192,7,0.0,0.0,,dynamic,40,0,2901.0,1,success,1,d05f413fc3d3d5bd7a72788e84dbacbab8be8c3f,1,2,2,1,0,0,0,1,0,0,0,0,0,0,0,0,0,0,0,0,0,0,0,0,0,0,0,0,16,0,0,0,0,0,0,0,0,0,1,0,[],java-maven,2989281,3622414,1211.8,0,0,0,0,0,0.012037,0.917753,0.00555556,0.86769,105,0,1,0,1,0,0,0
52165,7504808472,1553758,Build,cd_tycho50,f616bcd1ecac7b32e1c88a6c21de471c90cf7ce7,.github/workflows/maven.yml,success,52327453,cdietrich,192,7,0.0,0.0,,push,0,0,,1,success,53,b27645c9c4409f5eb220c804f59ac3af05844034,57,1074,538,13,0,9,194,9,1329,3,1,6,1,15,22,5,2,7,196,2,0,2,59,9,68,1,1,0,16,2,6,945,384,0,0,18,0,0,54,0,[],java-maven,2989543,3622193,1211.62,0,0,0,0,1,0.0175926,0.802733,0.0111111,0.797778,7,1,3,0,0,0,0,0
52166,8553745551,1553758,Build,main,4f1669f20b5f2bdd0ad5d4663b2b9261753fd389,.github/workflows/maven.yml,success,52327453,cdietrich,194,9,0.0,0.0,,push,46,0,2972.0,0,success,1,1d83f8991764af318c917f5e2b34d86981742172,52,74,74,23,0,8,34,7,42,2,1,0,0,3,3,0,0,0,4,0,0,0,0,0,0,1,0,0,16,0,0,21,21,1,0,3,0,0,63,0,[],java-maven,2986082,3622924,1213.27,0,0,0,0,1,0.00277778,0.999339,0.0,1.0,8,1,4,0,0,1,0,1
52167,8038594592,1553758,Build,cd_tycho50,66ab5b337214a5bcaa21769ae13a86817b63bef9,.github/workflows/maven.yml,success,52327453,cdietrich,193,7,0.0,0.0,,push,0,0,,1,success,6,9e607cf2b321e09dd809c55175501b17fadea90f,28,35,35,9,0,4,22,3,30,1,1,0,0,1,1,0,0,0,1,0,0,0,0,0,0,1,0,0,16,0,0,15,15,0,0,2,0,0,54,0,[],java-maven,2990279,3622778,1211.52,0,0,0,0,1,0.0037037,0.957948,0.0037037,0.912238,14,1,3,0,0,0,0,0
52168,7586241928,1553758,Build,sz_nodemodel,dedfdc1fd9e9fe5391ee8f6ccc060eed4d61e6e7,.github/workflows/maven.yml,failure,52327453,szarnekow,192,7,0.0,0.0,,push,0,0,,1,success,1,5bd7c49ab7e75e82329178540cd28f125a986d95,1,5,1,0,0,1,6,1,0,0,0,0,0,1,1,1,0,1,9,0,0,0,0,0,0,1,0,0,16,0,0,0,0,0,0,0,0,0,54,0,[],java-maven,2989630,3622271,1211.61,0,0,0,0,1,0.0194444,0.861427,0.00555556,0.597222,5,1,3,0,0,1,0,0
52169,8678822158,1553758,Build,internal-cleanups,7dab5910d16905e92b6046a61a191038e7001b9f,.github/workflows/maven.yml,success,52327453,HannesWell,194,9,,,,pull_request,0,0,,1,success,0,,0,0,0,0,0,0,0,0,0,0,0,0,0,0,0,0,0,0,0,0,0,0,0,0,0,0,0,0,21,0,0,0,0,0,0,0,0,0,63,0,[],java-maven,2986044,3622919,1213.28,0,0,0,0,1,0.00833333,0.892544,0.00277778,0.998737,1,0,4,0,1,0,0,0
52170,9123284803,1553758,Build,main,83e6497aa4513737a0b01db2a35081a85e18e6b0,.github/workflows/maven.yml,success,52327453,LorenzoBettini,195,11,0.0,0.0,,push,64,0,3037.0,1,success,22,66267e369b90d8c50c3bfcfe5467a802f9e02b36,20,1696,281,2,0,4,44,13,1929,3,1,4,0,10,14,3,12,15,57,0,4,4,59,39,98,1,1,0,22,43,0,1656,273,0,1,13,0,0,95,0,[],java-maven,3060893,3768323,1231.12,0,0,0,0,1,0.0212963,0.924956,0.00740741,0.924074,108,0,5,0,1,1,0,1
52171,7460153899,1553758,Build,lb_2880-2,be8b3c6befd9436bff758d00e46e2e9b4caa1e11,.github/workflows/maven.yml,success,52327453,LorenzoBettini,192,7,,,,pull_request,0,0,,1,success,0,,0,0,0,0,0,0,0,0,0,0,0,0,0,0,0,0,0,0,0,0,0,0,0,0,0,0,0,0,21,0,0,0,0,0,0,0,0,0,54,0,[],java-maven,2989582,3622574,1211.73,0,0,0,0,1,0.00740741,0.962506,0.000925926,0.999807,93,0,3,0,1,0,0,0
52172,7543445261,1553758,Build,lb_xtend_validation_tests,aa24a7a10821b32cd390c34ed05d9bbbd08e27f3,.github/workflows/maven.yml,success,52327453,LorenzoBettini,192,7,0.0,0.0,,pull_request,166,0,2911.0,1,success,7,8f1972148435c3bb9836282eec53e18d739659d7,4,80,28,0,0,1,2,2,106,1,1,0,0,3,3,1,0,1,88,0,0,0,0,0,0,1,1,0,16,0,0,78,28,0,0,11,0,0,54,0,[],java-maven,2989572,3622243,1211.63,0,0,0,0,1,0.0175926,0.933157,0.0101852,0.892533,122,0,3,0,1,0,0,0
52173,7476980556,1553758,Push on main,main,15aa26aa16991fd3299771482ca8059fbdea57ca,dynamic/github-code-scanning/codeql,success,79271691,eclipsewebmaster,192,7,0.0,0.0,,dynamic,199,0,2891.0,0,success,10,d05f413fc3d3d5bd7a72788e84dbacbab8be8c3f,24,55,273,1,0,0,0,7,325,2,1,5,1,2,8,0,0,0,1,0,0,0,56,3,59,0,1,0,16,0,6,53,272,0,0,0,0,0,1,0,[],java-maven,2989540,3622195,1211.62,0,0,0,0,0,0.012037,0.991402,0.00555556,0.99537,0,0,2,0,1,1,0,1
52174,7377350205,1553758,Build,main,da2e5b8a6c24c02f3a15da91453ef638c0bd4542,.github/workflows/maven.yml,success,52327453,LorenzoBettini,192,6,0.0,0.0,,push,54,0,2879.0,1,success,1,cc49ec981065c35431f7771a47fa8d3028617421,1,4,3,0,0,1,7,1,0,0,0,0,0,1,1,1,1,2,87,0,0,0,0,0,0,1,0,0,16,0,0,0,0,0,0,0,0,0,54,0,[],java-maven,2988569,3621833,1211.9,0,0,0,0,1,0.00740741,0.951793,0.00277778,0.961004,40,0,3,0,1,1,0,1
52175,8170992401,1553758,Build,lb_tycho4,a27a3e578bfeb14f257ffb252afb3812d6b007b9,.github/workflows/maven.yml,success,52327453,LorenzoBettini,193,8,0.0,0.0,,push,0,0,,0,success,3,5c3c1379c2d72a41d9c14ab7765b1ea8678cad64,6,7,7,1,0,3,8,3,4,1,1,0,0,1,1,0,0,0,3,0,0,0,0,0,0,1,0,0,16,0,0,2,2,0,0,1,0,0,54,0,[],java-maven,2985889,3622789,1213.3,0,0,0,0,1,0.0037037,0.960826,0.0,1.0,21,0,3,0,1,1,0,0
52176,7973434715,1553758,PR #2939,cd_bs234m2,74d048537519bf61973eaa87e9e4788d940f10ea,dynamic/github-code-scanning/codeql,success,79271691,cdietrich,193,7,0.0,0.0,,dynamic,0,0,,1,failure,1,84021e3ec58046fac227cf28eaaa0dcaac4da1bc,1,1,1,0,0,1,2,1,0,0,0,0,0,0,0,0,0,0,0,0,0,0,0,0,0,0,0,0,16,0,0,0,0,0,0,0,0,0,1,0,[],java-maven,2990202,3622725,1211.53,0,0,0,0,0,0.00185185,0.973441,0.00185185,0.949537,12,1,1,0,0,0,0,0
52177,8669086077,1553758,Build,replace-Maps_newHashMapWithExpectedSize,85ca11f2727c0acab53b9f36933726b930a2632c,.github/workflows/maven.yml,success,52327453,HannesWell,194,9,,,,pull_request,0,0,,0,success,0,,0,0,0,0,0,0,0,0,0,0,0,0,0,0,0,0,0,0,0,0,0,0,0,0,0,0,0,0,21,0,0,0,0,0,0,0,0,0,63,0,[],java-maven,2986087,3622924,1213.27,0,0,0,0,1,0.00833333,0.854167,0.00277778,0.997685,1,0,4,0,1,0,0,0
52178,8818734843,1553758,PR #3005,lb_2778,52adf4142954e063d4172033cdd17a55516f6091,dynamic/github-code-scanning/codeql,success,79271691,LorenzoBettini,194,11,0.0,0.0,,dynamic,0,0,,1,success,9,75171aa5ace70b9c6c1c760fa9b348bb22f38fe8,28,90,54,11,0,4,14,7,38,2,1,0,0,4,4,1,0,1,14,0,0,0,1,0,1,1,1,0,16,0,0,23,15,1,1,4,0,0,0,0,[],java-maven,2988706,3622408,1212.03,0,0,0,0,0,0.0212963,0.887706,0.0111111,0.861111,27,0,1,0,1,0,0,0
52179,8791826452,1553758,Push on main,main,995655fd9b4b011c007861808214720bee04c34a,dynamic/github-code-scanning/codeql,success,79271691,szarnekow,194,11,0.0,0.0,,dynamic,18,0,3006.0,1,failure,1,3a9f915d129db092e4fe2b8fe9518fba15bafb64,2,9,1,0,0,1,2,1,8,0,1,0,0,2,2,1,0,1,13,0,0,0,1,0,1,1,1,0,16,0,0,8,0,0,0,1,0,0,0,0,[],java-maven,2988680,3622468,1212.06,0,0,0,0,0,0.0148148,0.951766,0.00277778,0.887346,4,1,1,0,0,1,0,1
52180,8702066720,1553758,PR #3000,LorenzoBettini-patch-2,94755ffcf5ad01c172655ca6dc08a66f0f74fc44,dynamic/github-code-scanning/codeql,success,79271691,LorenzoBettini,194,10,0.0,0.0,,dynamic,21,0,3000.0,1,success,1,e0a91004e29e3f9b630f0bf6b7847f20188ea494,1,1,1,0,0,0,0,1,0,0,0,0,0,0,0,0,0,0,0,0,0,0,0,0,0,0,0,0,16,0,0,0,0,1,0,0,0,0,0,0,[],java-maven,2988734,3622515,1212.06,0,0,0,0,0,0.012037,0.944319,0.0037037,0.999314,16,0,1,0,1,0,0,0
52181,7450199993,1553758,Push on main,main,4fcf4e5a0de7bfe2e0e270ecf6ba4ac78f43068a,dynamic/github-code-scanning/codeql,success,79271691,szarnekow,192,7,0.0,0.0,,dynamic,10,0,2897.0,1,success,1,c73589d4c13c2467d6da4b66def697d03a8cc8ab,1,1,2,1,0,0,0,1,0,0,0,0,0,0,0,0,0,0,0,0,0,0,0,0,0,0,0,0,16,0,0,0,0,0,0,0,0,0,1,0,[],java-maven,2988555,3621632,1211.83,0,0,0,0,0,0.00740741,0.941799,0.000925926,0.966512,6,1,1,0,0,1,0,1
52182,7727366791,1553758,PR #2915,lb_2895_UI_test_timeout,bd12ec3c47a808320395cd0427f99773a7278be5,dynamic/github-code-scanning/codeql,success,79271691,LorenzoBettini,193,8,0.0,0.0,,dynamic,130,0,2915.0,1,success,1,a9a54160067bd9496dcbc454319c783e13faf1e9,2,2,2,0,0,0,0,2,4,1,0,0,0,1,1,0,0,0,8,0,0,0,0,0,0,0,1,0,16,0,0,2,2,0,0,0,0,0,1,0,[],java-maven,2989698,3622304,1211.6,0,0,0,0,0,0.0166667,0.929264,0.0,1.0,74,0,1,0,1,0,0,0
52183,8766009615,1553758,Build,main,3a9f915d129db092e4fe2b8fe9518fba15bafb64,.github/workflows/maven.yml,success,52327453,LorenzoBettini,194,11,0.0,0.0,,push,55,0,3002.0,1,success,1,70ef5061a13dd828427c9172e53f250794f0c963,5,15,4,0,0,2,10,3,9,2,1,0,0,0,0,0,0,0,0,0,0,0,0,0,0,0,0,0,16,0,0,5,4,0,0,0,0,0,63,0,[],java-maven,2988673,3622460,1212.06,0,0,0,0,1,0.012037,0.959604,0.0037037,0.999314,20,0,4,0,1,1,0,1
52184,7973507757,1553758,Push on main,main,0c2b68eed167c5455263ef2e9436a9797f5de12e,dynamic/github-code-scanning/codeql,success,79271691,LorenzoBettini,193,7,0.0,0.0,,dynamic,85,0,2930.0,1,failure,4,dfef72e1b86ef9815c4bd69f33e8ffabd144f912,1,60,15,0,0,0,0,1,75,0,0,0,0,0,0,0,0,0,0,0,0,0,0,0,0,0,0,0,16,0,0,60,15,0,0,0,0,0,1,0,[],java-maven,2990265,3622778,1211.52,0,0,0,0,0,0.00277778,0.98087,0.00277778,0.922009,126,0,1,0,1,1,0,1
52185,8885088524,1553758,Build,main,896e9da6659dab15ec9b5fd8b26015291205928d,.github/workflows/maven.yml,success,52327453,LorenzoBettini,195,11,0.0,0.0,,push,82,0,3005.0,1,success,1,655cdc1afba4c50aed9d97c78a66a5e2bbf42371,0,0,190,65,0,0,0,1,60,0,1,0,0,0,0,0,0,0,0,0,0,0,0,0,0,0,0,0,16,0,95,0,60,0,0,0,0,0,87,0,[],java-maven,2989712,3623226,1211.9,0,0,0,0,1,0.0222222,0.921619,0.0101852,0.913558,44,0,4,0,1,1,0,1
52186,8565455437,1553758,Build,cd_mwe2180M1,a163c4e7f163edfbaa4042886fcc3a61de4da581,.github/workflows/maven.yml,success,52327453,cdietrich,194,9,0.0,0.0,,push,8,0,2973.0,1,success,1,a86e50bedf874d551b112590bd030cbdf425c5df,19,19,19,10,0,1,2,2,16,0,1,0,0,1,1,0,0,0,1,0,0,0,0,0,0,1,0,0,16,0,0,8,8,0,0,1,0,0,63,0,[],java-maven,2986082,3622924,1213.27,0,0,0,0,1,0.0037037,0.92524,0.00185185,0.845442,9,1,4,0,0,0,0,0
52187,8798072619,1553758,Build,lb_2293,9b8cc604f4921b2d7a80f58fe9b5d04e2033f9af,.github/workflows/maven.yml,failure,52327453,LorenzoBettini,194,11,0.0,0.0,,push,0,0,,1,success,1,d5e4e9e8416765ad1808df0378d8140173dcfae1,4,41,28,0,0,5,69,1,0,0,1,1,0,4,5,1,1,2,10,0,1,1,6,2,8,1,0,0,16,1,0,0,0,0,0,0,0,0,63,0,[],java-maven,2988719,3622495,1212.06,0,0,0,0,1,0.0175926,0.897276,0.00555556,0.864114,21,0,4,0,1,1,0,0
52188,8400564746,1553758,PR #2961,cd/orbit202406,05840ee428d1e17e0fae38e52f42c913d93f52ae,dynamic/github-code-scanning/codeql,success,79271691,cdietrich,193,8,0.0,0.0,,dynamic,0,0,,0,success,1,feb9ed96d19d9b41e3e0667aa4f90c2188dbb8fd,20,29,29,11,0,1,2,3,18,1,1,0,0,1,1,0,0,0,1,0,0,0,0,0,0,1,0,0,16,0,0,9,9,0,0,1,0,0,0,0,[],java-maven,2986077,3622918,1213.27,0,0,0,0,0,0.000925926,0.999892,0.0,1.0,14,1,1,0,0,0,0,0
52189,7448521843,1553758,PR #2897,sz_issue2896,97ec83612a2102d41a70d7c046897cd72f691aa8,dynamic/github-code-scanning/codeql,success,79271691,szarnekow,192,6,0.0,0.0,,dynamic,0,0,,1,success,1,c73589d4c13c2467d6da4b66def697d03a8cc8ab,2,2,4,2,0,0,0,1,0,0,1,0,0,0,0,0,0,0,0,0,0,0,0,0,0,0,0,0,16,0,0,0,0,0,0,0,0,0,1,0,[],java-maven,2988554,3621632,1211.83,0,0,0,0,0,0.00740741,0.936343,0.000925926,0.962792,5,1,1,0,0,0,0,0
52190,9007361971,1553758,PR #3032,cd/guava3320,e4976a78ff73c514865572f28b80524da136fc4e,dynamic/github-code-scanning/codeql,success,79271691,cdietrich,195,11,0.0,0.0,,dynamic,8,0,3032.0,0,success,1,bc7f1691285b43ea102aee593273e1b144d48689,21,35,35,14,0,5,16,4,4,2,1,0,0,0,0,0,0,0,0,0,0,0,0,0,0,0,0,0,16,0,0,2,2,1,0,0,0,0,0,0,[],java-maven,2989712,3623226,1211.9,0,0,0,0,0,0.0157407,0.932581,0.0,1.0,6,1,1,0,0,0,0,0
52191,8796254011,1553758,PR #3004,lb_2293,d5e4e9e8416765ad1808df0378d8140173dcfae1,dynamic/github-code-scanning/codeql,success,79271691,LorenzoBettini,194,11,0.0,0.0,,dynamic,0,0,,1,failure,1,8ea116b0289dbace6edc8cfe0e9d3f1ae104512c,2,15,1,0,0,1,2,1,14,0,1,0,0,2,2,2,0,2,0,0,0,0,0,0,0,1,1,0,16,0,0,14,0,0,0,0,0,0,0,0,[],java-maven,2988717,3622495,1212.06,0,0,0,0,0,0.0157407,0.92305,0.0037037,0.916152,20,0,1,0,1,1,0,0
52192,8814457046,1553758,PR #3013,lb_3012,7ce80c02198ad8e8c3f13b7efc6b459893a75b85,dynamic/github-code-scanning/codeql,success,79271691,LorenzoBettini,194,11,0.0,0.0,,dynamic,36,0,3013.0,1,success,1,fb3945314122a94313b71035d563611767398bd0,23,40,38,11,0,3,12,6,18,1,1,0,0,1,1,0,0,0,1,0,0,0,0,0,0,1,0,0,16,0,0,9,9,1,0,1,0,0,0,0,[],java-maven,2988706,3622468,1212.05,0,0,0,0,0,0.0231481,0.879575,0.0111111,0.845085,26,0,1,0,1,0,0,0
52193,8679997215,1553758,Build,emit_java.utils.Objects_in_generate_code,710494a664869099af3a4e4d910ddb61941ce826,.github/workflows/maven.yml,failure,52327453,HannesWell,194,9,,,,pull_request,0,0,,1,success,0,,0,0,0,0,0,0,0,0,0,0,0,0,0,0,0,0,0,0,0,0,0,0,0,0,0,0,0,0,21,0,0,0,0,0,0,0,0,0,63,0,[],java-maven,2986093,3622926,1213.27,0,0,0,0,1,0.0111111,0.789352,0.00555556,0.810764,1,0,4,0,1,0,0,0
52194,7774454653,1553758,Build,lb_2807_NPE_XtextPluginImages_non-UI_thread,7a29028078762ff76e1466d6d58ac001d862c480,.github/workflows/maven.yml,success,52327453,LorenzoBettini,193,8,0.0,0.0,,pull_request,82,0,2908.0,1,success,2,a1442552e09de90d0ffa62446b2b0c132ddff005,1,8,1,0,0,1,9,1,0,0,0,0,0,0,0,0,0,0,0,0,0,0,0,0,0,0,0,0,16,0,0,0,0,0,0,0,0,0,54,0,[],java-maven,2989881,3622521,1211.59,0,0,0,0,1,0.0166667,0.937925,0.0,1.0,94,0,3,0,1,0,0,0
52195,7730567105,1553758,Build,main,6f513e4abb6f397f8f0ef1e423a72353c6a98f2d,.github/workflows/maven.yml,success,52327453,LorenzoBettini,193,8,0.0,0.0,,push,130,0,2915.0,1,success,1,6d4713366a8590fc4bf06217ff40258c78a36024,2,35,9,0,0,0,0,2,44,1,0,0,0,1,1,0,0,0,8,0,0,0,0,0,0,0,1,0,16,0,0,35,9,0,0,0,0,0,54,0,[],java-maven,2989698,3622304,1211.6,0,0,0,0,1,0.0166667,0.930871,0.0,1.0,77,0,3,0,1,1,0,1
52196,8167400208,1553758,Build,cd_targets,b07bbb501c6bf33d67598d41411cb29353b9f67e,.github/workflows/maven.yml,success,52327453,cdietrich,193,8,0.0,0.0,,push,0,0,,0,success,1,37af9fa0ff85f1b49245f8f3796baf53e306343b,2,82,3,2,0,0,0,2,2,1,1,0,0,0,0,0,0,0,0,0,0,0,0,0,0,0,0,0,16,1,0,1,1,0,0,0,0,0,54,0,[],java-maven,2985960,3622789,1213.27,0,0,0,0,1,0.0037037,0.960421,0.0,1.0,16,1,3,0,0,0,0,0
52197,9587047428,1553758,Push on main,main,df499791d2288b5ab85253c528754ba69ab3648a,dynamic/github-code-scanning/codeql,success,79271691,cdietrich,196,10,0.0,0.0,,dynamic,10,0,3093.0,1,success,1,74d2f7fac3bba4c78a6828d5b2317b985cc22e01,7,9,9,1,0,3,8,3,6,1,1,0,0,1,1,0,0,0,3,0,0,0,0,0,0,1,0,0,22,0,0,3,3,0,0,1,0,0,0,0,[],java-maven,3046443,3754255,1232.34,0,0,0,0,0,0.0138889,0.856041,0.0037037,0.91122,24,1,1,0,0,1,0,1
52198,9972855553,1553758,Scheduled,main,fc680307fc0da479e7edd47720846d5f50ae5d4d,dynamic/github-code-scanning/codeql,success,79271691,github-advanced-security[bot],196,8,1.0,1.0,,dynamic,37,0,3101.0,0,success,1,f17d2521c4ce5667d5e6e7bdb8a235149fa00211,1,11,2,0,0,0,0,1,13,0,0,0,0,1,1,0,0,0,20,0,0,0,1,0,1,0,1,0,22,0,0,11,2,0,0,0,0,0,244,1,[],java-maven,3046494,3754369,1232.36,0,0,0,0,0,0.00555556,0.997222,0.00185185,0.998457,0,0,1,0,1,1,0,1
52199,8191900951,1553758,Build,cd_tycho50,591d80ba65e2fbf5b9cffcc31ba514fcdedb1f64,.github/workflows/maven.yml,success,52327453,LorenzoBettini,193,8,0.0,0.0,,push,0,0,,1,success,2,189786ccf74808927ca3b2c1ec87ddcc17a7c880,1,7,0,0,0,1,7,1,0,0,0,0,0,0,0,0,0,0,0,0,0,0,0,0,0,0,0,0,16,0,0,0,0,0,0,0,0,0,63,0,[],java-maven,2986001,3622814,1213.27,0,0,0,0,1,0.00462963,0.946759,0.000925926,0.962792,21,0,4,0,1,0,0,0
52200,8031137666,1553758,PR #2942,cd_mwe2170final,0e3af4b9a6a9930b5bcd274702702c9fcd42e1a1,dynamic/github-code-scanning/codeql,success,79271691,cdietrich,193,7,0.0,0.0,,dynamic,10,0,2942.0,1,success,1,a01d1069e492eb54ab89a6d827a9543c358825ec,27,34,34,9,0,3,20,3,30,1,1,0,0,1,1,0,0,0,1,0,0,0,0,0,0,1,0,0,16,0,0,15,15,0,0,2,0,0,0,0,[],java-maven,2990265,3622778,1211.52,0,0,0,0,0,0.0037037,0.954125,0.0037037,0.915895,13,1,1,0,0,0,0,0
52201,8679275745,1553758,Build,replace_ImmutableMap_generatorFragment,a126d433f25a4bf5fd3de22db142341d8afadd7b,.github/workflows/maven.yml,success,52327453,HannesWell,194,9,,,,pull_request,0,0,,1,success,0,,0,0,0,0,0,0,0,0,0,0,0,0,0,0,0,0,0,0,0,0,0,0,0,0,0,0,0,0,21,0,0,0,0,0,0,0,0,0,63,0,[],java-maven,2986090,3622926,1213.27,0,0,0,0,1,0.00833333,0.897917,0.00277778,0.998843,1,0,4,0,1,1,0,0
52202,7446611059,1553758,Build,sz_issue2351,e3d6ffd72cb5941aac157da0a2edd7b8d36d5af8,.github/workflows/maven.yml,success,52327453,szarnekow,192,6,0.0,0.0,,push,24,0,2894.0,1,success,2,a5a8d74f67243dcaeec5a828638340ba7fa44a00,3,26,25,0,0,1,7,1,44,0,1,0,0,3,3,0,0,0,28,0,0,0,0,0,0,1,1,0,16,0,0,24,20,0,0,0,0,0,54,0,[],java-maven,2989095,3622166,1211.79,0,0,0,0,1,0.00740741,0.929757,0.000925926,0.95814,5,1,3,0,0,0,0,0
52203,7439283591,1553758,Build,sz_bundleConstraints,4730b8b3624d0a407cd8a0ced784e357712f1cb4,.github/workflows/maven.yml,success,52327453,szarnekow,192,6,0.0,0.0,,push,94,0,2892.0,1,success,1,a31ce7ed14643765ca071f38d62427021c5c1b4e,11,10,17,1,0,3,11,3,14,1,1,0,0,1,1,0,0,0,3,0,0,0,0,0,0,1,0,0,16,0,0,7,7,0,0,1,0,0,54,0,[],java-maven,2988572,3621653,1211.83,0,0,0,0,1,0.00740741,0.843305,0.00185185,0.873843,2,1,3,0,0,0,0,0
52204,8838491624,1553758,Push on main,main,0ba9017030af03354685b17554c1b49498076176,dynamic/github-code-scanning/codeql,success,79271691,LorenzoBettini,194,10,0.0,0.0,,dynamic,66,0,3016.0,0,success,1,460fd5e7a6765cf4bb02049d7ef613ee8ace8c43,1,1,13,0,0,1,14,1,0,0,0,0,0,1,1,0,0,0,5,0,0,0,0,0,0,1,0,0,16,0,0,0,0,0,0,0,0,0,0,0,[],java-maven,2989063,3622882,1212.05,0,0,0,0,0,0.0212963,0.900917,0.0111111,0.884921,28,0,1,0,1,1,0,1
52205,7451160554,1553758,Build,cd_tycho50,e18a1cfc135cd56d9516a7b321f35d35e4b8ca97,.github/workflows/maven.yml,success,52327453,cdietrich,192,7,0.0,0.0,,push,0,0,,0,success,1,0ea141b46560d6a2e10feb1562e83df0c5f04513,1,1,1,1,0,0,0,1,0,0,0,0,0,0,0,0,0,0,0,0,0,0,0,0,0,0,0,0,16,0,0,0,0,0,0,0,0,0,54,0,[],java-maven,2988590,3621632,1211.82,0,0,0,0,1,0.00740741,0.873457,0.000925926,0.999421,6,1,3,0,0,0,0,0
52206,8766055027,1553758,PR #2986,lb_java_21,6ee5c8cc6eca67a9d675fc1dc70adb4a32ec9244,dynamic/github-code-scanning/codeql,success,79271691,LorenzoBettini,194,11,0.0,0.0,,dynamic,0,0,,1,success,30,4e695af2a177630cb710562995e561822b73f1bc,34,1986,2005,0,0,3,25,6,3945,2,1,1,0,12,13,2,1,3,4,0,1,1,70,13,83,0,1,0,20,2,0,1945,2000,1,0,150,0,0,0,0,[],java-maven,2988840,3622738,1212.09,0,0,0,0,0,0.012037,0.961848,0.0037037,0.999383,20,0,1,0,1,1,0,0
52207,10121976338,1553758,Build,cd-jdt-ignore-test,e9fa59d36000b07122cb466d0a99f079aef84bc8,.github/workflows/maven.yml,failure,52327453,cdietrich,197,7,1.0,1.0,{'test'},dynamic,54,0,3112.0,1,failure,1,d6e15953e8d950a88dd5ff66115a2b3e240f265b,1,5,1,0,0,0,0,1,6,0,0,0,0,1,1,0,0,0,0,0,0,0,2,0,2,0,1,0,22,0,0,5,1,0,0,1,0,0,244,1,[],java-maven,3046518,3754373,1232.35,0,0,0,0,0,0.0138889,0.71658,0.0101852,0.58524,10,1,1,0,0,0,0,0
52208,8801977573,1553758,PR #3008,lb_gh_actions_macos,acc868e261afb8b7fecaf3155a493299a0df016e,dynamic/github-code-scanning/codeql,success,79271691,LorenzoBettini,194,11,0.0,0.0,,dynamic,25,0,3008.0,1,success,1,4c69a4b75a03431020a0cf204f772c93581eca88,1,1,1,0,0,0,0,1,0,0,0,0,0,0,0,0,0,0,0,0,0,0,0,0,0,0,0,0,16,0,0,0,0,0,1,0,0,0,0,0,[],java-maven,2988704,3622468,1212.05,0,0,0,0,0,0.0194444,0.8803,0.00740741,0.840067,24,0,1,0,1,0,0,0
52209,8178507545,1553758,Push on main,main,7052e707e8f3cb652889493add0164e56666c729,dynamic/github-code-scanning/codeql,success,79271691,cdietrich,193,8,0.0,0.0,,dynamic,8,0,2954.0,1,success,1,462ae2833df2e8c2a535592697e597edf4de0bb6,2,82,8,2,0,0,0,2,7,1,1,0,0,0,0,0,0,0,0,0,0,0,0,0,0,0,0,0,16,1,0,1,6,0,0,0,0,0,0,0,[],java-maven,2985974,3622800,1213.27,0,0,0,0,0,0.0037037,0.963955,0.0,1.0,18,1,1,0,0,1,0,1
52210,9494958687,1553758,Push on main,main,6a72a14a6ac5e42efa8f29abe3439154a6e9e924,dynamic/github-code-scanning/codeql,success,79271691,cdietrich,196,10,0.0,0.0,,dynamic,8,0,3086.0,1,success,1,2553144826aebe119efa800d9ae05ef01f9b4207,1,10,2,1,0,0,0,1,0,0,0,0,0,0,0,0,0,0,0,0,0,0,0,0,0,0,0,0,22,0,0,0,0,0,0,0,0,0,0,0,[],java-maven,3046448,3754255,1232.34,0,0,0,0,0,0.0222222,0.859353,0.00740741,0.85048,29,1,1,0,0,1,0,1
52211,7452836677,1553758,Build,temp-xtend-anonymous-class-2,bc766b0068465148679855a36c8c9c88e5c62065,.github/workflows/maven.yml,success,52327453,LorenzoBettini,192,7,0.0,0.0,,pull_request,36,0,2898.0,1,success,41,88c9ed9b70c2275540cd0b6e6b780b4edc59f898,218,1125,1613,25,0,44,1379,14,1237,2,1,8,8,117,133,6,13,19,627,2,4,6,89,68,157,1,1,0,16,8,7,457,780,0,0,17,0,0,54,0,[],java-maven,2989339,3622360,1211.76,0,0,0,0,1,0.00740741,0.962037,0.000925926,0.999815,93,0,3,0,1,1,0,0
52212,7337585983,1553758,Scheduled,main,32ac1441fa426d16b4a132b8349a03872a311063,dynamic/github-code-scanning/codeql,success,79271691,github-advanced-security[bot],192,7,0.0,0.0,,dynamic,40,0,2878.0,0,success,5,a292bf99afa55643eb6e14dee05f7d9ac1bc9172,31,46,46,19,0,5,18,5,14,2,1,0,0,0,0,0,0,0,0,0,0,0,0,0,0,0,0,0,16,0,0,7,7,1,0,0,0,0,1,0,[],java-maven,2988559,3621828,1211.9,0,0,0,0,0,0.00555556,0.996032,0.00277778,0.998016,0,0,1,0,1,1,0,1
52213,8765824429,1553758,Push on main,main,167a99119a401252400ef11786c353577cdf862e,dynamic/github-code-scanning/codeql,success,79271691,LorenzoBettini,194,11,0.0,0.0,,dynamic,66,0,3003.0,1,success,1,73bd1580bcea48d7ed27f990cadbc5ae4d308572,10,66,56,0,0,0,0,1,122,0,1,0,0,9,9,0,0,0,4,0,0,0,9,8,17,0,1,0,16,0,0,66,56,0,0,40,0,0,0,0,[],java-maven,2988636,3622459,1212.08,0,0,0,0,0,0.012037,0.956166,0.0037037,0.999195,17,0,1,0,1,1,0,1
52214,8452900690,1553758,PR #2966,miklossy_formatter_abstract_base_class,63f641873dbc52dd83a939b53eec771326fad787,dynamic/github-code-scanning/codeql,success,79271691,miklossy,194,9,0.0,0.0,,dynamic,0,0,,1,failure,1,0c2b68eed167c5455263ef2e9436a9797f5de12e,1,41,17,0,0,0,0,2,58,1,1,1,0,0,1,0,0,0,0,0,0,0,2,0,2,0,1,0,16,1,0,41,17,0,0,0,0,0,0,0,[],java-maven,2990274,3622802,1211.53,0,0,0,0,0,0.00185185,0.85582,0.000925926,0.856481,0,1,1,0,0,0,0,0
52215,8612736145,1553758,Push on main,main,2495bee7115d66adc778d81acdf9dc0ad72fd6cb,dynamic/github-code-scanning/codeql,success,79271691,LorenzoBettini,194,9,0.0,0.0,,dynamic,511,0,2984.0,1,success,2,31b23bbd5699982c458e894b2027d1d73fada0d1,2,6,4,0,0,0,0,2,10,1,0,0,0,0,0,0,0,0,0,0,0,0,0,0,0,0,0,0,16,0,0,6,4,0,0,0,0,0,0,0,[],java-maven,2986085,3622926,1213.27,0,0,0,0,0,0.00833333,0.911232,0.00648148,0.903219,13,0,1,0,1,1,0,1
52216,8586842258,1553758,Build,main,36837f5b3cd8201dfcb6ffedb17d48e9987d22fc,.github/workflows/maven.yml,success,52327453,cdietrich,194,10,0.0,0.0,,push,4,0,2980.0,1,success,1,1d2804aeab71aa3744cd9ea7122b8b399d957f32,6,6,6,1,0,3,6,3,4,1,1,0,0,1,1,0,0,0,3,0,0,0,0,0,0,1,0,0,16,0,0,2,2,0,0,1,0,0,63,0,[],java-maven,2986082,3622924,1213.27,0,0,0,0,1,0.00555556,0.940359,0.0037037,0.899074,12,1,4,0,0,1,0,1
52217,8833612774,1553758,Push on main,main,679f5bc762300361963870c74ce22c0f99525763,dynamic/github-code-scanning/codeql,success,79271691,szarnekow,194,10,0.0,0.0,,dynamic,134,0,2784.0,0,success,1,f1e805adfc082f96b47a14246894e284bc3b1cda,3,444,1,1,0,2,28,2,411,1,1,3,0,2,5,0,0,0,9,0,0,0,21,0,21,1,1,0,16,4,0,411,0,0,0,0,0,0,0,0,[],java-maven,2989072,3622879,1212.04,0,0,0,0,0,0.0212963,0.949846,0.0111111,0.894444,4,1,1,0,0,1,0,1
52218,8053375811,1553758,PR #2944,cd_counterbmp,c395c293d54e90edc44eed89cc1ff52aa70f8c50,dynamic/github-code-scanning/codeql,success,79271691,cdietrich,193,7,0.0,0.0,,dynamic,6,0,2944.0,1,success,1,748d40a1cd0c0400ac799ab3038e6e0e8b77e9cb,9,9,9,8,0,0,0,1,2,0,1,0,0,0,0,0,0,0,0,0,0,0,0,0,0,0,0,0,16,0,0,1,1,0,0,0,0,0,0,0,[],java-maven,2990265,3622778,1211.52,0,0,0,0,0,0.0037037,0.957053,0.00277778,0.91244,15,1,1,0,0,0,0,0
52219,9138473007,1553758,PR #3048,cd-java-source-lang-21,f9a7bd99ae80774c0b587d4a07f5631c5c8af9ab,dynamic/github-code-scanning/codeql,success,79271691,cdietrich,195,11,0.0,0.0,,dynamic,12,0,3048.0,1,success,1,4de0539f50c61e969dbf3ad245e6e4f459db9dda,2,7,2,0,0,1,2,1,7,0,1,0,0,2,2,0,0,0,11,0,0,0,0,0,0,1,1,0,22,0,0,6,1,0,0,0,0,0,0,0,[],java-maven,3062125,3770553,1231.35,0,0,0,0,0,0.0222222,0.875283,0.00555556,0.910948,19,1,1,0,0,0,0,0
52220,9587052300,1553758,Push on main,main,bedfe08bc1c74a38ec3d58d8179dc3278545de1f,dynamic/github-code-scanning/codeql,success,79271691,cdietrich,196,10,0.0,0.0,,dynamic,8,0,3094.0,1,success,1,df499791d2288b5ab85253c528754ba69ab3648a,15,10,10,3,0,0,0,3,16,2,1,0,0,0,0,0,0,0,0,0,0,0,0,0,0,0,0,0,22,0,0,8,8,0,0,0,0,0,0,0,[],java-maven,3046443,3754311,1232.36,0,0,0,0,0,0.0138889,0.862584,0.0037037,0.918418,25,1,1,0,0,1,0,1
52221,7388210769,1553758,Push on main,main,dddc2743e673095e3038acd9b667998810579c81,dynamic/github-code-scanning/codeql,success,79271691,LorenzoBettini,192,6,0.0,0.0,,dynamic,34,0,2885.0,1,success,1,da2e5b8a6c24c02f3a15da91453ef638c0bd4542,3,157,375,0,0,0,0,5,532,2,0,1,1,0,2,0,0,0,0,0,0,0,22,25,47,0,1,0,16,1,2,157,375,0,0,0,0,0,1,0,[],java-maven,2988390,3621615,1211.9,0,0,0,0,0,0.00740741,0.954671,0.00277778,0.966204,58,0,1,0,1,1,0,1
52222,9543284843,1553758,Push on main,main,1cb474441d19df9692dc69125dfab5042dd71814,dynamic/github-code-scanning/codeql,success,79271691,cdietrich,196,10,0.0,0.0,,dynamic,40,0,3090.0,1,success,1,65dc977d89616bdb272cfb831724405b3d5b3856,2,35,5,0,0,1,19,1,21,0,1,0,0,2,2,1,0,1,7,0,0,0,2,0,2,1,1,0,22,0,0,18,3,0,0,0,0,0,0,0,[],java-maven,3046471,3754270,1232.33,0,0,0,0,0,0.0194444,0.851511,0.00555556,0.918168,27,1,1,0,0,1,0,1
52223,8965586346,1553758,Build,pr-oomph-configuration,0614fc073cc8c5f050b7d90bce1d2ad6b451a998,.github/workflows/maven.yml,success,52327453,merks,195,10,0.0,0.0,,pull_request,8,0,3030.0,0,success,1,bc7f1691285b43ea102aee593273e1b144d48689,1,95,0,2,0,0,0,1,0,0,0,0,0,0,0,0,0,0,0,0,0,0,0,0,0,0,0,0,16,1,0,0,0,0,0,0,0,0,87,0,[],java-maven,2989712,3623226,1211.9,0,0,0,0,1,0.0185185,0.984568,0.0,1.0,1,0,4,0,1,0,0,0
52224,7790966617,1553758,Build,temp-xtend-anonymous-class-2,6af742c8bceb96792ea6d06325536ed8b0a31209,.github/workflows/maven.yml,success,52327453,LorenzoBettini,193,8,0.0,0.0,,pull_request,36,0,2898.0,1,success,44,88c9ed9b70c2275540cd0b6e6b780b4edc59f898,218,1123,1612,25,0,44,1378,14,1237,2,1,8,8,117,133,6,13,19,627,2,4,6,89,68,157,1,1,0,16,8,7,457,780,0,0,17,0,0,54,0,[],java-maven,2989338,3622360,1211.76,0,0,0,0,1,0.0157407,0.940405,0.0,1.0,146,0,3,0,1,0,0,0
52225,8798073256,1553758,PR #3004,lb_2293,9b8cc604f4921b2d7a80f58fe9b5d04e2033f9af,dynamic/github-code-scanning/codeql,success,79271691,LorenzoBettini,194,11,0.0,0.0,,dynamic,0,0,,1,failure,1,d5e4e9e8416765ad1808df0378d8140173dcfae1,4,41,28,0,0,5,69,1,0,0,1,1,0,4,5,1,1,2,10,0,1,1,6,2,8,1,0,0,16,1,0,0,0,0,0,0,0,0,0,0,[],java-maven,2988719,3622495,1212.06,0,0,0,0,0,0.0175926,0.898743,0.00555556,0.86769,21,0,1,0,1,1,0,0
52226,9481248707,1553758,Scheduled,main,f82bd8fef8269912d49c8d108806436c3f3cc9b2,dynamic/github-code-scanning/codeql,success,79271691,github-advanced-security[bot],196,10,0.0,0.0,,dynamic,4,0,3082.0,0,success,3,46aa88ea6daaf646d6cd1cea84d538e5d39fa09d,35,86,86,18,0,6,26,6,42,2,1,0,0,1,1,0,0,0,1,0,0,0,0,0,0,1,0,0,22,0,0,21,21,1,0,1,0,0,0,0,[],java-maven,3046443,3754255,1232.34,0,0,0,0,0,0.0222222,0.992063,0.00740741,0.996296,0,0,1,0,1,1,0,1
52227,7642800874,1553758,Push on main,main,63d33ab52f026ee16386c3a65d0c178d99acd20f,dynamic/github-code-scanning/codeql,success,79271691,cdietrich,192,7,0.0,0.0,,dynamic,8,0,2919.0,1,success,1,4bf47b0c4b475a7fa76ebf788eaf78f324c96938,2,21,5,0,0,2,26,1,0,0,1,0,0,0,0,0,0,0,0,0,0,0,0,0,0,0,0,0,16,0,0,0,0,0,0,0,0,0,1,0,[],java-maven,2989571,3622268,1211.63,0,0,0,0,0,0.0194444,0.815972,0.00555556,0.906566,7,1,1,0,0,1,0,1
52228,8836514196,1553758,PR #3016,lb_regen,b116ac6811dc3dc8a9e1dd81f04c1194680fa117,dynamic/github-code-scanning/codeql,success,79271691,LorenzoBettini,194,10,0.0,0.0,,dynamic,66,0,3016.0,1,success,1,460fd5e7a6765cf4bb02049d7ef613ee8ace8c43,1,1,13,0,0,1,14,1,0,0,0,0,0,1,1,0,0,0,5,0,0,0,0,0,0,1,0,0,16,0,0,0,0,0,0,0,0,0,0,0,[],java-maven,2989063,3622882,1212.05,0,0,0,0,0,0.0212963,0.898935,0.0111111,0.881536,27,0,1,0,1,0,0,0
52229,8835955741,1553758,PR #2986,lb_java_21,d87ad74894c6ca18e924c134a1a35a7928edcabe,dynamic/github-code-scanning/codeql,success,79271691,LorenzoBettini,194,10,0.0,0.0,,dynamic,0,0,,1,success,27,2a40f09ee61edf1d9a63f017bcf7aff5c08ca34b,5,456,4,1,0,2,28,3,416,1,1,3,0,3,6,0,0,0,17,0,0,0,23,0,23,1,1,0,20,4,0,415,1,0,1,0,0,0,0,0,[],java-maven,2989246,3623160,1212.06,0,0,0,0,0,0.0212963,0.894724,0.0111111,0.874132,27,0,1,0,1,1,0,0
52230,7369249177,1553758,Push on main,main,cc49ec981065c35431f7771a47fa8d3028617421,dynamic/github-code-scanning/codeql,success,79271691,LorenzoBettini,192,6,0.0,0.0,,dynamic,174,0,2882.0,0,success,15,2e07b1ce48aee6b3523785a8820e2a9848566b1d,10,29,7,5,0,6,8,4,0,2,1,1,0,5,6,0,0,0,1,0,0,0,4,0,4,1,0,0,16,1,0,0,0,0,0,0,0,0,1,0,[],java-maven,2988568,3621833,1211.9,0,0,0,0,0,0.00648148,0.964958,0.00185185,0.999559,35,0,1,0,1,1,0,1
52231,8784756022,1553758,PR #3006,sz_nodemodel,f7e7025816ca70cfc9abb2d0469540dd7d017739,dynamic/github-code-scanning/codeql,success,79271691,szarnekow,194,11,0.0,0.0,,dynamic,18,0,3006.0,1,success,10,683da6249a847fe956db6bc1d0743ebc3568973c,108,2201,2214,2,0,58,341,7,4051,1,1,1,0,82,83,3,1,4,519,0,1,1,137,81,218,1,1,0,16,2,0,2003,2048,1,0,166,0,0,0,0,[],java-maven,2988680,3622468,1212.06,0,0,0,0,0,0.012963,0.974029,0.000925926,0.999339,3,1,1,0,0,1,0,0
52232,9350032092,1553758,PR #3074,cd-r202406,98a962423f7d8f11ce238556d135664c3dd1df9e,dynamic/github-code-scanning/codeql,success,79271691,cdietrich,196,12,0.0,0.0,,dynamic,4,0,3074.0,1,success,1,e0f5f9746b6d0c75104dee6902138f69d95ed75e,1,81,2,2,0,0,0,2,0,1,1,0,0,0,0,0,0,0,0,0,0,0,0,0,0,0,0,0,22,1,0,0,0,0,0,0,0,0,0,0,[],java-maven,3062192,3770698,1231.37,0,0,0,0,0,0.0222222,0.842014,0.0,1.0,24,1,1,0,0,0,0,0
52233,9008453195,1553758,Push on main,main,26aeebb072c69820303dc7ce2d8b44bc54bb6f72,dynamic/github-code-scanning/codeql,success,79271691,cdietrich,195,11,0.0,0.0,,dynamic,0,0,,1,failure,1,4e6b5696dbe49b52e99d7d698cd7be697f70281b,1,1,1,0,0,0,0,1,2,0,0,0,0,0,0,0,0,0,0,0,0,0,0,0,0,0,0,0,16,0,0,1,1,0,0,0,0,0,0,0,[],java-maven,2989712,3623226,1211.9,0,0,0,0,0,0.0166667,0.890351,0.000925926,0.888375,8,1,1,0,0,1,0,1
52234,8876046150,1553758,PR #3015,lb_3014,a064b20b221a25d07003d8c40044669cbdfe0960,dynamic/github-code-scanning/codeql,success,79271691,LorenzoBettini,195,11,0.0,0.0,,dynamic,0,0,,1,success,7,e7af2114875d1fb3f970e3567677de95546a3c9f,195,1685,970,10,0,102,1262,4,1355,1,1,5,0,150,155,4,0,4,926,0,0,0,242,130,372,1,1,0,16,5,0,854,501,0,0,137,0,0,0,0,[],java-maven,2989659,3623235,1211.92,0,0,0,0,0,0.0222222,0.912835,0.0111111,0.888007,37,0,1,0,1,0,0,0
52235,8895257547,1553758,Build,miklossy_issue_3007,79797f92dd3ae948d6fc3e2bb486bf72fb6333d7,.github/workflows/maven.yml,success,52327453,miklossy,195,11,0.0,0.0,,push,0,0,,0,success,1,0afffe3fb47c145e133fa6009b1df34f15114ffd,7,260,131,0,0,0,0,2,391,1,1,1,0,4,5,3,3,6,4,1,3,4,13,9,22,0,1,0,16,1,0,260,131,0,0,14,0,0,87,0,[],java-maven,2989769,3623362,1211.92,0,0,0,0,1,0.0222222,0.882716,0.00462963,0.831404,2,1,4,0,0,0,0,0
52236,9586113921,1553758,PR #3093,cd-tycho-408,00ae663aac42418d03bc7f2054ece560d807da4b,dynamic/github-code-scanning/codeql,success,79271691,cdietrich,196,10,0.0,0.0,,dynamic,10,0,3093.0,1,success,1,2bab8a213fbc6bdeb79a5a2b149924ef8d0cbed1,1,1,1,0,0,1,2,1,0,0,0,0,0,0,0,0,0,0,0,0,0,0,0,0,0,0,0,0,22,0,0,0,0,0,0,0,0,0,0,0,[],java-maven,3046471,3754270,1232.33,0,0,0,0,0,0.012963,0.865586,0.00277778,0.937066,22,1,1,0,0,0,0,0
52237,7384863717,1553758,Build,lb_xbase_cleanup-2,30c2d6609c8348f2c8c881a29b58ad01c9080777,.github/workflows/maven.yml,success,52327453,LorenzoBettini,192,6,0.0,0.0,,push,72,0,2889.0,1,success,1,da2e5b8a6c24c02f3a15da91453ef638c0bd4542,3,16,33,1,0,2,22,2,0,1,0,0,0,2,2,0,0,0,75,0,0,0,0,1,1,1,0,0,16,0,0,0,0,0,0,0,0,0,54,0,[],java-maven,2988549,3621833,1211.9,0,0,0,0,1,0.00740741,0.952546,0.00277778,0.962449,49,0,3,0,1,0,0,0
52238,8811953769,1553758,Push on main,main,e7dce5713bc2adc0187afacb4c31a8a1d10bdbc7,dynamic/github-code-scanning/codeql,success,79271691,LorenzoBettini,194,11,0.0,0.0,,dynamic,25,0,3008.0,1,success,5,995655fd9b4b011c007861808214720bee04c34a,1,35,9,0,0,0,0,1,0,0,0,0,0,0,0,0,0,0,0,0,0,0,0,0,0,0,0,0,16,0,0,0,0,0,1,0,0,0,0,0,[],java-maven,2988704,3622468,1212.05,0,0,0,0,0,0.0194444,0.886285,0.00740741,0.853395,26,0,1,0,1,1,0,1
52239,7501221378,1553758,Build,lb_2807_NPE_XtextPluginImages_non-UI_thread,f244e7f070358130483fc01eeb6e1e7e8e644b8c,.github/workflows/maven.yml,success,52327453,LorenzoBettini,192,7,,,,pull_request,0,0,,1,success,0,,0,0,0,0,0,0,0,0,0,0,0,0,0,0,0,0,0,0,0,0,0,0,0,0,0,0,0,0,21,0,0,0,0,0,0,0,0,0,54,0,[],java-maven,2989530,3622193,1211.63,0,0,0,0,1,0.0175926,0.925111,0.0111111,0.87963,108,0,3,0,1,0,0,0
52240,8245822944,1553758,Push on main,main,9ffc0c906cfc651db57d477dae970225c4057ed7,dynamic/github-code-scanning/codeql,success,79271691,LorenzoBettini,193,9,0.0,0.0,,dynamic,18,0,2949.0,1,success,1,03146da0abe813a229acdab054fcfa3a8c06acc3,3,125,7,0,0,1,28,4,104,2,1,2,0,2,4,1,0,1,7,1,0,1,12,0,12,1,1,0,16,5,0,104,0,0,0,1,0,0,0,0,[],java-maven,2986077,3622918,1213.27,0,0,0,0,0,0.00462963,0.949421,0.000925926,0.96136,22,0,1,0,1,1,0,1
52241,7731664094,1553758,Build,cd_tycho40,dc4d3733abf8070f11597d7c43069e9ff6e0aef2,.github/workflows/maven.yml,success,52327453,cdietrich,193,8,0.0,0.0,,push,0,0,,0,success,12,8769ae58576493a61d05a8ea23994e21f73b91d4,23,506,305,8,0,13,747,5,48,2,1,1,0,5,6,5,2,7,37,0,0,0,7,1,8,1,1,0,16,1,0,37,11,0,0,0,0,0,54,0,[],java-maven,2989736,3622304,1211.58,0,0,0,0,1,0.0166667,0.839912,0.0,1.0,3,1,3,0,0,0,0,0
52242,7477691968,1553758,Build,sz_xbase_lsp,6a33588f2d59b055a0d30e9d5fbf010fbe9f6d72,.github/workflows/maven.yml,failure,52327453,szarnekow,192,7,0.0,0.0,,push,0,0,,0,failure,1,abe00bbd18d4597cdf05f2dcd63f23409300ff59,5,36,9,0,0,4,39,1,6,0,1,0,0,5,5,3,0,3,52,0,0,0,7,0,7,1,1,0,16,0,0,3,3,0,0,1,0,0,54,0,[],java-maven,2988987,3621815,1211.72,0,0,0,0,1,0.0138889,0.921296,0.00740741,0.940087,7,1,3,0,0,0,0,0
52243,7568109100,1553758,Build,main,e8ba5ad25c0570088b2da16d674dd42306d537e3,.github/workflows/maven.yml,success,52327453,LorenzoBettini,192,7,0.0,0.0,,push,166,0,2911.0,0,success,7,4eaa306d49576c79e2b3e8b8a483cf426e9ba873,4,80,28,0,0,1,2,2,106,1,1,0,0,3,3,1,0,1,88,0,0,0,0,0,0,1,1,0,16,0,0,78,28,0,0,11,0,0,54,0,[],java-maven,2989572,3622243,1211.63,0,0,0,0,1,0.0138889,0.940496,0.0,1.0,123,0,3,0,1,1,0,1
52244,8160852946,1553758,Build,main,60628f034883dd1fb79204cef03102583ae3f8dc,.github/workflows/maven.yml,success,52327453,szarnekow,193,7,0.0,0.0,,push,10,0,2937.0,1,success,1,5f8a28ca7f272480d09ed30d74b937cbd0f13370,5,12,6758,3,0,80,6749,5,11,0,1,0,79,1,80,0,0,0,23,0,0,0,0,329,329,1,0,0,16,0,79,11,0,0,0,0,0,0,54,0,[],java-maven,2985881,3622789,1213.31,0,0,0,0,1,0.0037037,0.946394,0.0,1.0,1,1,3,0,0,1,0,1
52245,7796818704,1553758,Push on main,main,447dc2cd0a04711cbb61e02d8eb58e86d856f6e8,dynamic/github-code-scanning/codeql,success,79271691,LorenzoBettini,193,8,0.0,0.0,,dynamic,36,0,2898.0,1,success,44,88c9ed9b70c2275540cd0b6e6b780b4edc59f898,12,215,42,3,0,9,217,3,4,1,1,2,0,8,10,2,1,3,198,2,1,3,28,2,30,1,1,0,16,2,0,2,2,0,0,1,0,0,1,0,[],java-maven,2990202,3622683,1211.52,0,0,0,0,0,0.0157407,0.940983,0.0,1.0,147,0,1,0,1,1,0,1
52246,7371886966,1553758,Build,lb_xbase_cleanup,3cae7d2eee326885f53b89f24af1df5309829c81,.github/workflows/maven.yml,failure,52327453,LorenzoBettini,192,6,,,,pull_request,0,0,,0,success,0,,0,0,0,0,0,0,0,0,0,0,0,0,0,0,0,0,0,0,0,0,0,0,0,0,0,0,0,0,21,0,0,0,0,0,0,0,0,0,54,0,[],java-maven,2988542,3621833,1211.91,0,0,0,0,1,0.00740741,0.948525,0.00277778,0.953914,39,0,3,0,1,1,0,0
52247,9173857768,1553758,Build,lb_cleanup,b31a59ea9078c821a866dab4e6b94b563cf3a3e4,.github/workflows/maven.yml,failure,52327453,LorenzoBettini,195,11,0.0,0.0,,push,0,0,,1,failure,1,9047a4c2d1c07445d1d9bb51737b090f4377eb68,1,2,10,0,0,0,0,1,12,0,0,0,0,1,1,0,0,0,0,0,0,0,0,2,2,0,1,0,22,0,0,2,10,0,0,1,0,0,95,0,[],java-maven,3062127,3770698,1231.4,0,0,0,0,1,0.0212963,0.918931,0.00833333,0.881536,134,0,5,0,1,0,0,0
52248,9869154762,1553758,Build,main,60240c94231fb428d1791bedfd35f25ea7f113be,.github/workflows/maven.yml,success,52327453,cdietrich,196,9,0.0,1.0,,push,6,0,3100.0,1,success,1,785a725aaa7a339f580df5c3b362312e8cc8d0d3,1,1,1,0,0,1,2,1,0,0,0,0,0,0,0,0,0,0,0,0,0,0,0,0,0,0,0,0,22,0,0,0,0,0,0,0,0,0,244,1,[],java-maven,3046488,3754356,1232.36,0,0,0,0,1,0.00648148,0.920121,0.000925926,0.999669,23,1,5,0,0,1,0,1
52249,9008349358,1553758,Build,main,4e6b5696dbe49b52e99d7d698cd7be697f70281b,.github/workflows/maven.yml,failure,52327453,cdietrich,195,11,0.0,0.0,,push,8,0,3032.0,1,success,1,bc7f1691285b43ea102aee593273e1b144d48689,21,35,35,14,0,5,16,4,4,2,1,0,0,0,0,0,0,0,0,0,0,0,0,0,0,0,0,0,16,0,0,2,2,1,0,0,0,0,87,0,[],java-maven,2989712,3623226,1211.9,0,0,0,0,1,0.0166667,0.884259,0.000925926,0.874421,7,1,4,0,0,1,0,1
52250,7896662901,1553758,PR #2934,cd_lsp4j_0220,1974e21e7c82c9af8691024cb229d2cdf1fb5d71,dynamic/github-code-scanning/codeql,success,79271691,cdietrich,193,7,0.0,0.0,,dynamic,10,0,2934.0,1,success,1,56e21956e314618e390963d6727ea1a113a7a90c,13,31,31,9,0,1,14,3,12,1,1,0,0,0,0,0,0,0,0,0,0,0,0,0,0,0,0,0,16,0,0,6,6,0,0,0,0,0,1,0,[],java-maven,2990202,3622725,1211.53,0,0,0,0,0,0.00555556,0.965741,0.0,1.0,9,1,1,0,0,0,0,0
52251,7782133650,1553758,Push on main,main,84eac4d10640e8df44818dfef7288c5109b15a09,dynamic/github-code-scanning/codeql,success,79271691,LorenzoBettini,193,8,0.0,0.0,,dynamic,82,0,2908.0,1,success,3,acc2d9f915577e8792f8f6031cf63de47f9c9c75,1,10,2,0,0,1,12,1,0,0,0,1,0,0,1,0,0,0,0,0,0,0,13,0,13,1,0,0,16,0,0,0,0,0,0,0,0,0,1,0,[],java-maven,2990053,3622657,1211.57,0,0,0,0,0,0.0157407,0.940405,0.0,1.0,97,0,1,0,1,1,0,1
52252,7452495353,1553758,Build,main,b85670bc0c8107c2941a5f19348d0ca2a394e258,.github/workflows/maven.yml,success,52327453,LorenzoBettini,192,7,0.0,0.0,,push,229,0,2890.0,1,success,10,aff64b82d517ca2836e43b3d4dadc1193f409557,2,43,70,0,0,2,113,1,0,0,1,0,0,2,2,2,1,3,82,0,0,0,0,2,2,1,0,0,16,0,0,0,0,0,0,0,0,0,54,0,[],java-maven,2989228,3622360,1211.8,0,0,0,0,1,0.00740741,0.961064,0.000925926,0.999799,91,0,3,0,1,1,0,1
52253,8836004264,1553758,PR #3015,lb_3014,d4a13375a5ae3a7b038ac05aef33fec959aebfb7,dynamic/github-code-scanning/codeql,success,79271691,LorenzoBettini,194,10,0.0,0.0,,dynamic,0,0,,1,success,1,460fd5e7a6765cf4bb02049d7ef613ee8ace8c43,2,6,1,0,0,1,5,2,0,1,1,0,0,0,0,0,0,0,0,0,0,0,0,0,0,0,0,0,16,0,0,0,0,0,1,0,0,0,0,0,[],java-maven,2989080,3622882,1212.04,0,0,0,0,0,0.0212963,0.896873,0.0111111,0.877946,27,0,1,0,1,0,0,0
52254,9382760743,1553758,Scheduled,main,33e7729bbee6283b70711e27a65f3cb688f69c96,dynamic/github-code-scanning/codeql,success,79271691,github-advanced-security[bot],196,11,0.0,0.0,,dynamic,4,0,3074.0,0,success,1,e0f5f9746b6d0c75104dee6902138f69d95ed75e,1,81,2,2,0,0,0,2,0,1,1,0,0,0,0,0,0,0,0,0,0,0,0,0,0,0,0,0,22,1,0,0,0,0,0,0,0,0,0,0,[],java-maven,3062192,3770698,1231.37,0,0,0,0,0,0.0222222,0.991453,0.0,1.0,0,0,1,0,1,1,0,1
52255,8401706137,1553758,Push on main,main,1e42c1b22f58ebc86c0bc08bd331bfc3d2311e35,dynamic/github-code-scanning/codeql,success,79271691,github-advanced-security[bot],193,8,0.0,0.0,,dynamic,8,0,2961.0,0,success,1,feb9ed96d19d9b41e3e0667aa4f90c2188dbb8fd,24,53,53,12,0,3,10,6,34,1,1,0,0,1,1,0,0,0,1,0,0,0,0,0,0,1,0,0,16,0,0,17,17,1,0,1,0,0,0,0,[],java-maven,2986077,3622918,1213.27,0,0,0,0,0,0.000925926,0.999537,0.0,1.0,0,0,2,0,1,1,0,1
52256,9713512904,1553758,PR #3097,refs/pull/3097/head,f9b46ab0a330a8fdcca135481cdb28aaf431e619,dynamic/github-code-scanning/codeql,success,79271691,cdietrich,196,9,0.0,0.0,,dynamic,4,0,3097.0,1,success,1,1416419d21895381ef2d2d5ab0e859761e7f95cb,1,47,2,0,0,0,0,1,49,0,0,0,0,1,1,0,0,0,1,0,0,0,0,0,0,0,1,0,22,0,0,47,2,0,0,1,0,0,0,0,[],java-maven,3046488,3754356,1232.36,0,0,0,0,0,0.012963,0.870503,0.00185185,0.856481,26,1,1,0,0,0,0,0
52257,9235109043,1553758,PR #3067,cd-mwe2180-release,c81a566ce16e2c8c0e3b15605e385243d62e31ac,dynamic/github-code-scanning/codeql,success,79271691,cdietrich,195,11,0.0,0.0,,dynamic,10,0,3067.0,1,failure,1,1ad3eeb309c6453ddc0d507221ee98aa6ce02470,30,46,46,10,0,3,18,3,36,1,1,0,0,1,1,0,0,0,1,0,0,0,0,0,0,1,0,0,22,0,0,18,18,0,0,2,0,0,0,0,[],java-maven,3062102,3770698,1231.41,0,0,0,0,0,0.0212963,0.845653,0.0111111,0.815657,22,1,1,0,0,0,0,0
52258,7356146213,1553758,PR #2873,lb_xtend_validator_tests,ab8c3fbf2a4aeae0d5f9a9e4e57daf6e8999f038,dynamic/github-code-scanning/codeql,success,79271691,LorenzoBettini,192,6,0.0,0.0,,dynamic,36,0,2898.0,1,success,2,af655083057b03bc43e9345e8d839cd90cb43b43,3,57,15,0,0,0,0,2,72,1,0,0,0,2,2,2,0,2,0,0,0,0,0,0,0,0,1,0,16,0,0,57,15,0,0,5,0,0,1,0,[],java-maven,2988693,3621972,1211.89,0,0,0,0,0,0.00462963,0.956019,0.0,1.0,16,0,1,0,1,1,0,0
52259,7594057388,1553758,Push on main,main,5cbc3cf008f20b007fda3be16288322c0d8277d9,dynamic/github-code-scanning/codeql,success,79271691,LorenzoBettini,192,7,0.0,0.0,,dynamic,73,0,2917.0,1,success,1,f393871993f8a35f8ea8492822f0ab98b71bac97,4,18,30,0,0,4,48,1,0,0,1,0,0,0,0,0,0,0,0,0,0,0,0,0,0,0,0,0,16,0,0,0,0,0,0,0,0,0,1,0,[],java-maven,2989555,3622271,1211.64,0,0,0,0,0,0.0194444,0.930419,0.00555556,0.961934,116,0,1,0,1,1,0,1
52260,8065759902,1553758,PR #2947,cd_bs234release,a503e0624cdc15a31acdd2a7ee10f039ea243f1c,dynamic/github-code-scanning/codeql,success,79271691,cdietrich,193,7,0.0,0.0,,dynamic,8,0,2947.0,1,success,1,283868e02958eecb4f5761bbf03fa2458c15f2e9,10,19,19,8,0,1,2,2,4,0,1,0,0,0,0,0,0,0,0,0,0,0,0,0,0,0,0,0,16,0,0,2,2,0,0,0,0,0,0,0,[],java-maven,2990265,3622778,1211.52,0,0,0,0,0,0.0037037,0.9633,0.000925926,0.962792,19,1,1,0,0,0,0,0
52261,7786890500,1553758,Build,lb_2928,9ba134b12a9ac8c0aa7b8e4918672ba89ac6c293,.github/workflows/maven.yml,success,52327453,LorenzoBettini,193,8,0.0,0.0,,push,89,0,2929.0,1,success,1,84eac4d10640e8df44818dfef7288c5109b15a09,3,46,2,0,0,2,22,1,26,0,1,0,0,2,2,1,0,1,87,1,0,1,1,0,1,1,0,0,16,0,0,25,1,0,0,0,0,0,54,0,[],java-maven,2990090,3622681,1211.56,0,0,0,0,1,0.0157407,0.940405,0.0,1.0,170,0,3,0,1,0,0,0
52262,8891805524,1553758,Push on main,main,0afffe3fb47c145e133fa6009b1df34f15114ffd,dynamic/github-code-scanning/codeql,success,79271691,LorenzoBettini,195,11,0.0,0.0,,dynamic,62,0,3022.0,0,success,2,c6717dc342df10a47d826f8492388e6b6226cdb1,3,23,23,0,0,2,40,1,6,0,1,0,0,3,3,0,0,0,76,0,0,0,1,1,2,1,1,0,16,0,0,3,3,0,0,0,0,0,0,0,[],java-maven,2989712,3623226,1211.9,0,0,0,0,0,0.0222222,0.923401,0.00833333,0.928991,45,0,1,0,1,1,0,1
52263,8160852512,1553758,Push on main,main,60628f034883dd1fb79204cef03102583ae3f8dc,dynamic/github-code-scanning/codeql,success,79271691,szarnekow,193,7,0.0,0.0,,dynamic,10,0,2937.0,1,success,1,5f8a28ca7f272480d09ed30d74b937cbd0f13370,5,12,6758,3,0,80,6749,5,11,0,1,0,79,1,80,0,0,0,23,0,0,0,0,329,329,1,0,0,16,0,79,11,0,0,0,0,0,0,0,0,[],java-maven,2985881,3622789,1213.31,0,0,0,0,0,0.0037037,0.943416,0.0,1.0,1,1,1,0,0,1,0,1
52264,7399097809,1553758,PR #2873,lb_xtend_validator_tests,365f1fa4489ada3ce337f109de74ad14623fe7da,dynamic/github-code-scanning/codeql,success,79271691,LorenzoBettini,192,6,0.0,0.0,,dynamic,53,0,2873.0,1,success,38,e424b1aa9a667bcb02b39ba1fd23417dd225f059,54,280,462,17,0,13,39,8,601,3,1,2,1,8,11,2,1,3,89,0,0,0,26,25,51,1,1,0,16,2,2,198,403,0,0,2,0,0,1,0,[],java-maven,2988546,3621782,1211.89,0,0,0,0,0,0.00740741,0.956614,0.00277778,0.969276,60,0,1,0,1,1,0,0
52265,8800779334,1553758,Build,lb_gh_actions_macos,4c69a4b75a03431020a0cf204f772c93581eca88,.github/workflows/maven.yml,failure,52327453,LorenzoBettini,194,11,0.0,0.0,,push,25,0,3008.0,1,success,1,136d31a54db226350187bffe2ab5af0309c9c146,1,1,1,0,0,0,0,1,0,0,0,0,0,0,0,0,0,0,0,0,0,0,0,0,0,0,0,0,16,0,0,0,0,0,1,0,0,0,87,0,[],java-maven,2988704,3622468,1212.05,0,0,0,0,1,0.0194444,0.875381,0.00740741,0.828365,23,0,4,0,1,0,0,0
52266,8813420864,1553758,PR #3011,issue_3010,507b59229d008776fc49f19adab25d44fe45cfc9,dynamic/github-code-scanning/codeql,success,79271691,miklossy,194,11,0.0,0.0,,dynamic,0,0,,1,failure,7,64d6b7faa8418528855180fac1849093f1f0d1b1,3,44,10,0,0,1,2,2,8,1,1,0,0,2,2,1,0,1,13,0,0,0,1,0,1,1,1,0,16,0,0,8,0,0,1,1,0,0,0,0,[],java-maven,2988707,3622471,1212.05,0,0,0,0,0,0.0222222,0.804233,0.0101852,0.813552,1,1,1,0,0,0,0,0
52267,10034519898,1553758,PR #3106,refs/pull/3106/head,a076a4260b3edd1a736a84cdbdf88f87e3b89c9f,dynamic/github-code-scanning/codeql,success,79271691,cdietrich,196,8,0.0,0.0,,dynamic,8,0,3106.0,1,failure,1,fc680307fc0da479e7edd47720846d5f50ae5d4d,20,35,10,4,0,0,0,4,36,2,1,0,0,0,0,0,0,0,0,0,0,0,0,0,0,0,0,0,22,0,0,28,8,0,0,0,0,0,220,1,[],java-maven,3046509,3754369,1232.35,0,0,0,0,0,0.00740741,0.827513,0.00277778,0.748264,10,1,1,0,0,0,0,0
52268,8766009673,1553758,Push on main,main,3a9f915d129db092e4fe2b8fe9518fba15bafb64,dynamic/github-code-scanning/codeql,success,79271691,LorenzoBettini,194,11,0.0,0.0,,dynamic,55,0,3002.0,1,success,1,70ef5061a13dd828427c9172e53f250794f0c963,5,15,4,0,0,2,10,3,9,2,1,0,0,0,0,0,0,0,0,0,0,0,0,0,0,0,0,0,16,0,0,5,4,0,0,0,0,0,0,0,[],java-maven,2988673,3622460,1212.06,0,0,0,0,0,0.012037,0.960381,0.0037037,0.999339,20,0,1,0,1,1,0,1
52269,8862081753,1553758,Push on main,main,385e3292cd434c1ecdd4bb877e689a51147a281e,dynamic/github-code-scanning/codeql,success,79271691,LorenzoBettini,195,11,0.0,0.0,,dynamic,123,0,2993.0,1,success,1,8d53e990c933ccd6829a56e6a77aa6d3ec6427b9,161,896,895,0,0,90,821,2,970,0,1,0,0,143,143,0,0,0,886,0,0,0,130,130,260,1,1,0,16,0,0,485,485,0,0,135,0,0,0,0,[],java-maven,2989654,3623235,1211.92,0,0,0,0,0,0.0222222,0.907238,0.0111111,0.874008,28,0,1,0,1,1,0,1
52270,7487986698,1553758,Build,lb_bootstrap_m1,5265bf21fc4e55e40ad9551d950f2cff043f6d38,.github/workflows/maven.yml,success,52327453,LorenzoBettini,192,7,0.0,0.0,,push,30,0,2903.0,0,success,2,84c9ea3f104ce938ed76423f3e4e734859c29088,13,31,31,9,0,1,14,3,12,1,1,0,0,0,0,0,0,0,0,0,0,0,0,0,0,0,0,0,16,0,0,6,6,0,0,0,0,0,54,0,[],java-maven,2989540,3622195,1211.62,0,0,0,0,1,0.0175926,0.920706,0.0111111,0.873611,106,0,3,0,1,0,0,0
52271,10075275636,1553758,Scheduled,main,34a6e3b7e5b4cdc3f1aa5462929def021a8051ed,dynamic/github-code-scanning/codeql,success,79271691,github-advanced-security[bot],196,8,0.0,1.0,{'chore'},dynamic,8,0,3106.0,0,failure,1,fc680307fc0da479e7edd47720846d5f50ae5d4d,20,35,10,4,0,0,0,4,36,2,1,0,0,0,0,0,0,0,0,0,0,0,0,0,0,0,0,0,22,0,0,28,8,0,0,0,0,0,244,1,[],java-maven,3046509,3754369,1232.35,0,0,0,0,0,0.012037,0.994529,0.00740741,0.993827,0,0,1,0,1,1,0,1
52272,7731379427,1553758,Push on main,main,88acf1555988cd81e1756abc0d6d2c3f1f1efa11,dynamic/github-code-scanning/codeql,success,79271691,LorenzoBettini,193,8,0.0,0.0,,dynamic,50,0,2923.0,0,success,5,6f513e4abb6f397f8f0ef1e423a72353c6a98f2d,17,52,28,8,0,8,60,3,4,1,1,0,0,0,0,0,0,0,0,0,0,0,0,0,0,0,0,0,16,0,0,2,2,0,0,0,0,0,1,0,[],java-maven,2989722,3622304,1211.59,0,0,0,0,0,0.0166667,0.932407,0.0,1.0,78,0,1,0,1,1,0,1
52273,7726548682,1553758,PR #2915,lb_2895_UI_test_timeout,a9a54160067bd9496dcbc454319c783e13faf1e9,dynamic/github-code-scanning/codeql,success,79271691,LorenzoBettini,193,8,0.0,0.0,,dynamic,0,0,,1,success,6,77279721996247b86e1106f4eac907ed48a3f7f4,111,685,488,0,0,13,824,6,349,1,1,1,0,92,93,5,2,7,280,2,0,2,7,1,8,1,1,0,16,1,0,175,174,0,0,0,0,0,1,0,[],java-maven,2989698,3622304,1211.6,0,0,0,0,0,0.0166667,0.924897,0.0,1.0,71,0,1,0,1,0,0,0
52274,9494262230,1553758,PR #3086,cd-oomph202409,6f85eb46154e35ca80f7fe5927271bc5b535a3cd,dynamic/github-code-scanning/codeql,success,79271691,cdietrich,196,10,0.0,0.0,,dynamic,8,0,3086.0,1,success,1,2553144826aebe119efa800d9ae05ef01f9b4207,1,10,2,1,0,0,0,1,0,0,0,0,0,0,0,0,0,0,0,0,0,0,0,0,0,0,0,0,22,0,0,0,0,0,0,0,0,0,0,0,[],java-maven,3046448,3754255,1232.34,0,0,0,0,0,0.0222222,0.85755,0.00740741,0.844729,28,1,1,0,0,0,0,0
52275,9059695253,1553758,PR #3015,lb_3014,7b8f6381f730054893f3116a39625cbd1c359e2d,dynamic/github-code-scanning/codeql,success,79271691,LorenzoBettini,195,11,0.0,0.0,,dynamic,55,0,3015.0,1,failure,24,08075c9b1f6c43e446fc0b9f2408169df15e6b20,44,275,273,84,0,18,125,8,133,2,1,2,0,12,14,6,0,6,93,0,0,0,12,2,14,1,1,0,16,2,95,62,71,2,0,3,0,0,0,0,[],java-maven,2989719,3623226,1211.9,0,0,0,0,0,0.0185185,0.920531,0.00648148,0.830633,44,0,1,0,1,0,0,0
52276,9918438466,1553758,Build,cd-experiments,1cba1932574152b46267b88d91aa80d77966c3a3,.github/workflows/maven.yml,success,52327453,cdietrich,196,9,0.0,0.0,,push,0,0,,1,success,1,d39c920dc26dbbdec5ecee8bcf458305c58cef11,1,5,0,0,0,1,5,1,0,0,0,0,0,1,1,0,0,0,44,0,0,0,0,0,0,1,0,0,22,0,0,0,0,0,0,0,0,0,220,1,[],java-maven,3046492,3754357,1232.35,0,0,0,0,1,0.00740741,0.86876,0.00277778,0.856151,14,1,5,0,0,0,0,0
52277,9413785332,1553758,PR #3078,lb_2974,bec74292cb525731ee587377fb73e554e236fa13,dynamic/github-code-scanning/codeql,success,79271691,LorenzoBettini,196,10,0.0,0.0,,dynamic,48,0,3078.0,1,success,1,0a0e95357593d5cd4b923207217d88d83173cc67,10,22,22,3,0,0,0,1,32,0,1,0,0,0,0,0,0,0,0,0,0,0,0,0,0,0,0,0,22,0,0,16,16,0,0,0,0,0,0,0,[],java-maven,3062192,3770698,1231.37,0,0,0,0,0,0.0212963,0.884308,0.000925926,0.999339,114,0,1,0,1,1,0,0
52278,9177974683,1553758,Push on main,main,711984a7fcfeb18a274de3ca45fc08ede343bbfe,dynamic/github-code-scanning/codeql,success,79271691,LorenzoBettini,195,11,0.0,0.0,,dynamic,8,0,3053.0,1,failure,1,781b73b81c96534072930fa85d948facae737e79,1,2,10,0,0,0,0,1,12,0,0,0,0,1,1,0,0,0,0,0,0,0,0,2,2,0,1,0,22,0,0,2,10,0,0,1,0,0,0,0,[],java-maven,3062127,3770698,1231.4,0,0,0,0,0,0.0240741,0.918829,0.012037,0.853451,132,0,1,0,1,1,0,1
52279,9515659771,1553758,PR #3090,cd-issue-3089,2e889ab89d01d6308bb9b9ffa28dbb4cfee58e5e,dynamic/github-code-scanning/codeql,success,79271691,cdietrich,196,10,0.0,0.0,,dynamic,40,0,3090.0,1,success,1,65dc977d89616bdb272cfb831724405b3d5b3856,2,35,5,0,0,1,19,1,21,0,1,0,0,2,2,1,0,1,7,0,0,0,2,0,2,1,1,0,22,0,0,18,3,0,0,0,0,0,0,0,[],java-maven,3046471,3754270,1232.33,0,0,0,0,0,0.0212963,0.862883,0.00648148,0.891016,29,1,1,0,0,0,0,0
52280,7972124190,1553758,Build,lb_2936,372b12012ebe4539f5f5ac379f4332c81d4745a8,.github/workflows/maven.yml,success,52327453,LorenzoBettini,193,7,0.0,0.0,,push,44,0,2938.0,1,success,1,84348b0041277d7acb9d75bd822fcd5d0f5c0789,8,15,7,8,0,0,0,1,0,0,1,0,0,0,0,0,0,0,0,0,0,0,0,0,0,0,0,0,16,0,0,0,0,0,0,0,0,0,54,0,[],java-maven,2990211,3622726,1211.53,0,0,0,0,1,0.000925926,0.999904,0.000925926,0.999421,123,0,3,0,1,1,0,0
52281,9271556095,1553758,PR #3071,lb_eclipse_doc_regen,6cb570dca6682d2df86656c8357f9a32b6f9aac8,dynamic/github-code-scanning/codeql,success,79271691,LorenzoBettini,196,12,0.0,0.0,,dynamic,36,0,3071.0,1,success,1,98825ecd74b5db7df7200e153cd3e50708ee9627,5,56,56,0,0,5,112,1,0,0,0,0,0,0,0,0,0,0,0,0,0,0,0,0,0,0,0,0,22,0,0,0,0,0,0,0,0,0,0,0,[],java-maven,3062113,3770698,1231.4,0,0,0,0,0,0.0222222,0.888889,0.0037037,0.92791,117,0,1,0,1,0,0,0
52282,8680299062,1553758,PR #2968,sz_nodemodel,eae395b5ae7ce3743011065e6d328397ae38adc6,dynamic/github-code-scanning/codeql,success,79271691,szarnekow,194,9,0.0,0.0,,dynamic,0,0,,1,success,1,53efc267aa1f4c622135468daae916f9d612a912,1,8,0,0,0,1,8,1,0,0,0,0,0,1,1,0,0,0,4,0,0,0,0,0,0,1,0,0,16,0,0,0,0,0,0,0,0,0,0,0,[],java-maven,2987585,3623058,1212.7,0,0,0,0,0,0.0111111,0.998016,0.00555556,0.998611,0,1,1,0,0,1,0,0
52283,7500224172,1553758,Build,lb_2792_marker_location,f823b44dc96f7baa949f84763d5bd8c6e30932f2,.github/workflows/maven.yml,success,52327453,LorenzoBettini,192,7,0.0,0.0,,pull_request,115,0,2907.0,1,success,1,6880c8e869ef7f14bf5626286b31efd41945e4ee,1,3,4,0,0,1,7,1,0,0,0,0,0,1,1,0,0,0,3,0,0,0,0,0,0,1,0,0,16,0,0,0,0,0,0,0,0,0,54,0,[],java-maven,2989528,3622193,1211.63,0,0,0,0,1,0.0175926,0.924412,0.0111111,0.876694,108,0,3,0,1,0,0,0
52284,9049870758,1553758,Push on main,main,4a002897d799c886e3c17285b0b171efdca113db,dynamic/github-code-scanning/codeql,success,79271691,github-advanced-security[bot],195,11,0.0,0.0,,dynamic,8,0,3030.0,0,success,1,26aeebb072c69820303dc7ce2d8b44bc54bb6f72,1,95,0,2,0,0,0,1,0,0,0,0,0,0,0,0,0,0,0,0,0,0,0,0,0,0,0,0,16,1,0,0,0,0,0,0,0,0,0,0,[],java-maven,2989712,3623226,1211.9,0,0,0,0,0,0.0203704,0.990741,0.00462963,0.996693,0,0,2,0,1,1,0,1
52285,8718784946,1553758,Push on main,main,73bd1580bcea48d7ed27f990cadbc5ae4d308572,dynamic/github-code-scanning/codeql,success,79271691,miklossy,194,10,0.0,0.0,,dynamic,104,0,2966.0,1,success,1,38b56acfdb9ffeefefe812089e3428bcc46aece7,28,1922,1988,0,0,0,0,2,3910,1,1,1,0,12,13,2,1,3,4,0,1,1,61,5,66,0,1,0,16,1,0,1922,1988,0,0,150,0,0,0,0,[],java-maven,2988626,3622449,1212.08,0,0,0,0,0,0.012037,0.878813,0.0037037,0.997355,1,1,1,0,0,1,0,1
52286,9076994954,1553758,Push on main,main,93b386048ecebcafc7a4611f59278ba2e12f6168,dynamic/github-code-scanning/codeql,success,79271691,LorenzoBettini,195,11,0.0,0.0,,dynamic,55,0,3015.0,0,success,4,9ad95825dcb29a1511a08c2e43d03ee2e0434974,2,7,2,0,0,1,5,2,0,1,1,0,0,0,0,0,0,0,0,0,0,0,0,0,0,0,0,0,16,0,0,0,0,0,1,0,0,0,0,0,[],java-maven,2989790,3623412,1211.93,0,0,0,0,0,0.0185185,0.918608,0.00648148,0.872975,45,0,1,0,1,1,0,1
52287,9075810641,1553758,PR #3015,lb_3014,0c59eac6be1cb18d29918ea44f62052667934bcc,dynamic/github-code-scanning/codeql,success,79271691,LorenzoBettini,195,11,0.0,0.0,,dynamic,55,0,3015.0,1,success,1,7b8f6381f730054893f3116a39625cbd1c359e2d,1,2,2,0,0,0,0,1,0,0,0,0,0,0,0,0,0,0,0,0,0,0,0,0,0,0,0,0,16,0,0,0,0,0,1,0,0,0,0,0,[],java-maven,2989719,3623226,1211.9,0,0,0,0,0,0.0185185,0.917946,0.00648148,0.854828,45,0,1,0,1,0,0,0
52288,7726547848,1553758,Build,lb_2895_UI_test_timeout,a9a54160067bd9496dcbc454319c783e13faf1e9,.github/workflows/maven.yml,success,52327453,LorenzoBettini,193,8,0.0,0.0,,push,0,0,,0,success,6,77279721996247b86e1106f4eac907ed48a3f7f4,111,685,488,0,0,13,824,6,349,1,1,1,0,92,93,5,2,7,280,2,0,2,7,1,8,1,1,0,16,1,0,175,174,0,0,0,0,0,54,0,[],java-maven,2989698,3622304,1211.6,0,0,0,0,1,0.0166667,0.923958,0.0,1.0,71,0,3,0,1,0,0,0
52289,8321494033,1553758,PR #2960,cd_eclipse202406,b92f15caee2d76f1e1ac8e0b64212842594033e7,dynamic/github-code-scanning/codeql,success,79271691,cdietrich,193,9,0.0,0.0,,dynamic,0,0,,1,success,1,7276c2e2db87a695e67ea09fc911fcd3b6ee6f79,14,17,17,10,0,1,4,3,8,1,1,0,0,1,1,0,0,0,1,0,0,0,0,0,0,1,0,0,16,0,0,4,4,0,0,1,0,0,0,0,[],java-maven,2986077,3622918,1213.27,0,0,0,0,0,0.0037037,0.957948,0.0,1.0,14,1,1,0,0,0,0,0
52290,9808131986,1553758,PR #3098,refs/pull/3098/head,8e712b0a8e6a12fae76750e0b55cf8d96e5e66df,dynamic/github-code-scanning/codeql,success,79271691,cdietrich,196,9,0.0,0.0,,dynamic,8,0,3098.0,1,success,1,3fed1b91173344567425dbc5aca80987641a2d7f,31,48,48,11,0,3,18,3,36,1,1,0,0,1,1,0,0,0,1,0,0,0,0,0,0,1,0,0,22,0,0,18,18,0,0,2,0,0,0,0,[],java-maven,3046488,3754356,1232.36,0,0,0,0,0,0.0111111,0.876068,0.00185185,0.866049,24,1,1,0,0,1,0,0
52291,8629997967,1553758,Scheduled,main,9e3b1b496e157a58fe3bf556bb910f03c3a7a9a7,dynamic/github-code-scanning/codeql,success,79271691,github-advanced-security[bot],194,9,0.0,0.0,,dynamic,4,0,2985.0,0,success,1,1476d8300d255139afd065f4d3c9bdef21bb5f51,1,1,1,0,0,1,2,1,0,0,0,0,0,0,0,0,0,0,0,0,0,0,0,0,0,0,0,0,16,0,0,0,0,0,0,0,0,0,0,0,[],java-maven,2986093,3622926,1213.27,0,0,0,0,0,0.00833333,0.996528,0.00648148,0.99537,0,0,1,0,1,1,0,1
52292,9132453875,1553758,Push on main,main,fbc95c23c52f8ef8956b688100c9d74d2f4019e3,dynamic/github-code-scanning/codeql,success,79271691,LorenzoBettini,195,11,0.0,0.0,,dynamic,46,0,3047.0,0,success,3,731eac41309dde490e37c711d503fa2a6a89d63e,27,15675,13585,0,0,1,11,8,29249,2,1,2,0,18,20,75,40,115,120,34,24,58,14,0,14,1,1,0,22,2,0,15667,13582,0,0,599,0,0,0,0,[],java-maven,3062117,3770542,1231.35,0,0,0,0,0,0.0212963,0.92788,0.00462963,0.932819,121,0,1,0,1,1,0,1
52293,7365699300,1553758,Build,lb_2881,7338790cdc92c3d80f06f7f89f288a037c906fb6,.github/workflows/maven.yml,success,52327453,LorenzoBettini,192,6,0.0,0.0,,push,174,0,2882.0,1,success,4,3abeb80496e34e446e5aae4b5776ae0fffd9d9e9,3,52,43,4,0,1,42,5,0,2,0,1,0,0,1,0,0,0,0,0,0,0,4,0,4,1,0,0,16,1,1,0,0,0,0,0,0,0,54,0,[],java-maven,2988563,3621828,1211.9,0,0,0,0,1,0.00648148,0.963047,0.00185185,0.999486,20,0,3,0,1,0,0,0
52294,8599484398,1553758,Build,lb_2981,c8f9f42cff95acc5fbe944f70207adcd27f38378,.github/workflows/maven.yml,failure,52327453,LorenzoBettini,194,9,0.0,0.0,,push,60,0,2983.0,0,success,1,60a7615ed1c6ddc887e84823263d383045f91609,77,261,261,11,0,21,166,2,260,1,1,0,0,41,41,0,0,0,216,0,0,0,0,0,0,1,1,0,16,0,0,130,130,0,0,24,0,0,63,0,[],java-maven,2986086,3622924,1213.27,0,0,0,0,1,0.00648148,0.896759,0.00462963,0.872106,5,0,4,0,1,0,0,0
52295,9208216233,1553758,PR #3064,lb_3057-retriesCount,8a82f45be036d90cee2840d3f3995e729cf61ac7,dynamic/github-code-scanning/codeql,success,79271691,LorenzoBettini,195,11,0.0,0.0,,dynamic,34,0,3064.0,1,success,1,750a921cd7cce7433a486e47f4b0ac501485897e,1,1,1,1,0,0,0,1,0,0,0,0,0,0,0,0,0,0,0,0,0,0,0,0,0,0,0,0,22,0,0,0,0,0,0,0,0,0,0,0,[],java-maven,3062102,3770698,1231.41,0,0,0,0,0,0.0212963,0.915218,0.012037,0.832079,133,0,1,0,1,0,0,0
52296,7487987593,1553758,PR #2903,lb_bootstrap_m1,5265bf21fc4e55e40ad9551d950f2cff043f6d38,dynamic/github-code-scanning/codeql,success,79271691,LorenzoBettini,192,7,0.0,0.0,,dynamic,30,0,2903.0,1,success,2,84c9ea3f104ce938ed76423f3e4e734859c29088,13,31,31,9,0,1,14,3,12,1,1,0,0,0,0,0,0,0,0,0,0,0,0,0,0,0,0,0,16,0,0,6,6,0,0,0,0,0,1,0,[],java-maven,2989540,3622195,1211.62,0,0,0,0,0,0.0175926,0.921476,0.0111111,0.876694,106,0,1,0,1,0,0,0
52297,10007149239,1553758,Build,lb-j21-jenkins,b5744b56521ac74354309cb70257cda8084fb251,.github/workflows/maven.yml,failure,52327453,LorenzoBettini,196,8,0.0,1.0,{'feat'},push,0,0,,0,cancelled,1,4475f75f766fb9aa50f473f2d7de93ca1969232e,1,1,2,0,0,0,0,1,0,0,0,0,0,0,0,0,0,0,0,0,0,0,0,0,0,0,0,0,21,0,0,0,0,0,1,0,0,0,244,1,[],java-maven,3046492,3754369,1232.36,0,0,0,0,1,0.00555556,0.92094,0.00277778,0.831019,0,0,5,0,1,0,0,0
52298,7774363309,1553758,PR #2591,cd_issue2259,cb1bfe19ad1918973b4c89bea5891158c62909bc,dynamic/github-code-scanning/codeql,success,79271691,LorenzoBettini,193,8,0.0,0.0,,dynamic,54,0,2591.0,1,success,1,a1442552e09de90d0ffa62446b2b0c132ddff005,6,214,13,0,0,2,21,2,206,1,1,0,0,4,4,3,0,3,127,0,0,0,0,0,0,1,1,0,16,0,0,201,5,0,0,0,0,0,1,0,[],java-maven,2990067,3622717,1211.58,0,0,0,0,0,0.0166667,0.937285,0.0,1.0,92,0,1,0,1,0,0,0
52299,7973437417,1553758,Push on main,main,dfef72e1b86ef9815c4bd69f33e8ffabd144f912,dynamic/github-code-scanning/codeql,success,79271691,LorenzoBettini,193,7,0.0,0.0,,dynamic,44,0,2938.0,0,success,3,84021e3ec58046fac227cf28eaaa0dcaac4da1bc,18,28,8,9,0,1,3,3,10,1,1,0,0,1,1,0,0,0,1,0,0,0,0,0,0,1,0,0,16,0,0,9,1,0,0,1,0,0,1,0,[],java-maven,2990222,3622733,1211.53,0,0,0,0,0,0.00185185,0.999818,0.00185185,0.999158,125,0,1,0,1,1,0,1
52300,8882398157,1553758,PR #3022,lb_xtend_regen,bc51517d56ee56516c095a097875185c8f35cfc5,dynamic/github-code-scanning/codeql,success,79271691,LorenzoBettini,195,11,0.0,0.0,,dynamic,62,0,3022.0,1,success,1,341050e055a9054582e74efea4b2b0da781c2dda,2,20,20,0,0,2,40,1,0,0,0,0,0,2,2,0,0,0,75,0,0,0,0,0,0,1,0,0,16,0,0,0,0,0,0,0,0,0,0,0,[],java-maven,2989712,3623286,1211.92,0,0,0,0,0,0.0222222,0.919753,0.0101852,0.909688,42,0,1,0,1,0,0,0
52301,7473497593,1553758,Build,lb_2836,2a47548b1391620ba8b75428eb42eb340cfe1b32,.github/workflows/maven.yml,success,52327453,LorenzoBettini,192,7,0.0,0.0,,push,56,0,2900.0,1,success,1,eca1e49dc5204cf4dd1cee2e1bbd01bf323665b1,1,3,4,0,0,0,0,1,7,0,0,0,0,1,1,0,0,0,1,0,0,0,0,1,1,0,1,0,16,0,0,3,4,0,0,0,0,0,54,0,[],java-maven,2989281,3622414,1211.8,0,0,0,0,1,0.012037,0.912389,0.00555556,0.842882,103,0,3,0,1,0,0,0
52302,8600601010,1553758,Push on main,main,d0294ff3be854547062358d594d001acd171e276,dynamic/github-code-scanning/codeql,success,79271691,cdietrich,194,9,0.0,0.0,,dynamic,0,0,,1,success,1,f863171c7fb59e1b6f01cf008f80a2af66cf6086,1,1,1,0,0,1,2,1,0,0,0,0,0,0,0,0,0,0,0,0,0,0,0,0,0,0,0,0,16,0,0,0,0,0,0,0,0,0,0,0,[],java-maven,2986082,3622924,1213.27,0,0,0,0,0,0.00740741,0.922127,0.00555556,0.878889,15,1,1,0,0,1,0,1
52303,8804559105,1553758,PR #3008,lb_gh_actions_macos,d1e4addb10caf7dd97b089f2af2ebb60a8a4b11d,dynamic/github-code-scanning/codeql,success,79271691,LorenzoBettini,194,11,0.0,0.0,,dynamic,25,0,3008.0,1,success,1,acc868e261afb8b7fecaf3155a493299a0df016e,1,11,11,0,0,0,0,1,0,0,0,0,0,0,0,0,0,0,0,0,0,0,0,0,0,0,0,0,16,0,0,0,0,0,1,0,0,0,0,0,[],java-maven,2988704,3622468,1212.05,0,0,0,0,0,0.0194444,0.883369,0.00740741,0.847021,25,0,1,0,1,0,0,0
52304,8764820859,1553758,PR #2986,lb_java_21,4e695af2a177630cb710562995e561822b73f1bc,dynamic/github-code-scanning/codeql,success,79271691,LorenzoBettini,194,11,0.0,0.0,,dynamic,0,0,,1,success,1,303fda49ecf7cd7681a5f67ecc53d79b5247cd59,2,2,10,0,0,0,0,1,12,0,0,0,0,2,2,0,0,0,4,0,0,0,0,0,0,0,1,0,20,0,0,2,10,0,0,0,0,0,0,0,[],java-maven,2988883,3622793,1212.09,0,0,0,0,0,0.012037,0.947175,0.0037037,0.998765,15,0,1,0,1,1,0,0
52305,8818787988,1553758,PR #2986,lb_java_21,2a40f09ee61edf1d9a63f017bcf7aff5c08ca34b,dynamic/github-code-scanning/codeql,success,79271691,LorenzoBettini,194,11,0.0,0.0,,dynamic,0,0,,1,success,26,94b6c73a1d957388a788fbad094d7c72ab100df5,25,46,44,11,0,3,12,6,30,2,1,0,0,2,2,0,0,0,1,0,0,0,0,0,0,1,1,0,20,0,0,15,15,1,0,3,0,0,0,0,[],java-maven,2988873,3622746,1212.08,0,0,0,0,0,0.0212963,0.890147,0.0111111,0.865741,27,0,1,0,1,1,0,0
52306,7724881868,1553758,Scheduled,main,6d4713366a8590fc4bf06217ff40258c78a36024,dynamic/github-code-scanning/codeql,success,79271691,github-advanced-security[bot],193,8,0.0,0.0,,dynamic,55,0,2916.0,0,success,1,b125aa28d17001d797d6eba236b5be70b0cfc2cc,4,419,268,0,0,5,687,1,0,0,0,1,0,4,5,5,2,7,29,0,0,0,7,1,8,1,0,0,16,1,0,0,0,0,0,0,0,0,1,0,[],java-maven,2989675,3622278,1211.6,0,0,0,0,0,0.0166667,0.990741,0.0,1.0,0,0,1,0,1,1,0,1
52307,7445780179,1553758,PR #2894,sz_issue2351,a5a8d74f67243dcaeec5a828638340ba7fa44a00,dynamic/github-code-scanning/codeql,success,79271691,szarnekow,192,6,0.0,0.0,,dynamic,0,0,,1,success,3,28ff54e47cb60a4411d5bb3f5146622f844fa2bd,107,2422,2308,57,0,7,309,6,2759,1,1,1,0,5,6,2,0,2,30,1,0,1,8,0,8,1,1,0,16,1,0,1386,1373,0,0,3,0,0,1,0,[],java-maven,2989094,3622162,1211.79,0,0,0,0,0,0.00740741,0.921652,0.000925926,0.95216,4,1,1,0,0,0,0,0
52308,8812062629,1553758,PR #3009,cd/fixDmJ21,4d412faadee57d750a7fd98a4963e427f1a6c64f,dynamic/github-code-scanning/codeql,success,79271691,cdietrich,194,11,0.0,0.0,,dynamic,14,0,3009.0,0,success,1,995655fd9b4b011c007861808214720bee04c34a,2,6,6,0,0,0,0,2,12,1,0,0,0,1,1,0,0,0,0,0,0,0,0,0,0,0,1,0,16,0,0,6,6,0,0,2,0,0,0,0,[],java-maven,2988680,3622468,1212.06,0,0,0,0,0,0.0194444,0.893199,0.00740741,0.994709,10,1,1,0,0,0,0,0
52309,10116209597,1553758,Push on main,main,d6e15953e8d950a88dd5ff66115a2b3e240f265b,dynamic/github-code-scanning/codeql,success,79271691,github-advanced-security[bot],197,8,0.0,1.0,{'fix'},dynamic,69,0,3111.0,0,failure,1,34a6e3b7e5b4cdc3f1aa5462929def021a8051ed,1,6,1,0,0,1,7,1,0,0,0,0,0,0,0,0,0,0,0,0,0,0,0,0,0,0,0,0,22,0,0,0,0,0,0,0,0,0,244,1,[],java-maven,3046514,3754369,1232.35,0,0,0,0,0,0.0111111,0.994444,0.00740741,0.994709,0,0,2,0,1,1,0,1
52310,7366022033,1553758,PR #2887,cd_mwe2170m0,06ac8e070690b403ad259fe2fbb4d5e020cf2663,dynamic/github-code-scanning/codeql,success,79271691,cdietrich,192,6,0.0,0.0,,dynamic,18,0,2887.0,1,success,1,5c9a84681d57f5358558a6f160f768fd82cf1785,1,5,0,0,0,0,0,1,5,0,0,0,0,0,0,0,0,0,0,0,0,0,0,0,0,0,0,0,16,0,0,5,0,0,0,0,0,0,1,0,[],java-maven,2988564,3621833,1211.9,0,0,0,0,0,0.00648148,0.869922,0.00185185,0.845442,14,1,1,0,0,0,0,0
52311,9008349323,1553758,Push on main,main,4e6b5696dbe49b52e99d7d698cd7be697f70281b,dynamic/github-code-scanning/codeql,success,79271691,cdietrich,195,11,0.0,0.0,,dynamic,8,0,3032.0,1,success,1,bc7f1691285b43ea102aee593273e1b144d48689,21,35,35,14,0,5,16,4,4,2,1,0,0,0,0,0,0,0,0,0,0,0,0,0,0,0,0,0,16,0,0,2,2,1,0,0,0,0,0,0,[],java-maven,2989712,3623226,1211.9,0,0,0,0,0,0.0166667,0.884259,0.000925926,0.874421,7,1,1,0,0,1,0,1
52312,7639069560,1553758,Scheduled,main,4bf47b0c4b475a7fa76ebf788eaf78f324c96938,dynamic/github-code-scanning/codeql,success,79271691,github-advanced-security[bot],192,7,0.0,0.0,,dynamic,77,0,2918.0,0,success,1,5cbc3cf008f20b007fda3be16288322c0d8277d9,95,95,98,0,0,0,0,3,193,1,1,0,0,86,86,0,0,0,243,0,0,0,0,0,0,0,1,0,16,0,0,95,98,0,0,0,0,0,1,0,[],java-maven,2989555,3622268,1211.64,0,0,0,0,0,0.0194444,0.990278,0.00555556,0.99537,0,0,1,0,1,1,0,1
52313,7774499855,1553758,Push on main,main,59784bceaf65acca467a01fac65ee82de22ab9df,dynamic/github-code-scanning/codeql,success,79271691,szarnekow,193,8,0.0,0.0,,dynamic,26,0,2927.0,0,success,1,a1442552e09de90d0ffa62446b2b0c132ddff005,2,15,3,0,0,2,18,1,0,0,0,0,0,2,2,0,0,0,10,0,0,0,2,0,2,1,0,0,16,0,0,0,0,0,0,0,0,0,1,0,[],java-maven,2989882,3622521,1211.59,0,0,0,0,0,0.0166667,0.896893,0.0,1.0,7,1,1,0,0,1,0,1
52314,10122240196,1553758,Build,cd-jdt-old-java-purge,cf31d56384d589733cea4bc3abb6af376985f3e3,.github/workflows/maven.yml,failure,52327453,cdietrich,197,7,0.0,0.0,,push,0,0,,1,success,1,e9fa59d36000b07122cb466d0a99f079aef84bc8,6,10,8,0,0,3,10,2,8,1,1,0,0,5,5,0,0,0,39,0,0,0,0,0,0,1,1,0,22,0,0,5,3,0,0,1,0,0,220,1,[],java-maven,3046518,3754375,1232.35,0,0,0,0,1,0.0138889,0.707437,0.0101852,0.559317,9,1,5,0,0,0,0,0
52315,7474618720,1553758,Build,main,d05f413fc3d3d5bd7a72788e84dbacbab8be8c3f,.github/workflows/maven.yml,success,52327453,LorenzoBettini,192,7,0.0,0.0,,push,56,0,2900.0,1,success,2,b85670bc0c8107c2941a5f19348d0ca2a394e258,1,60,6,0,0,0,0,1,66,0,0,0,0,1,1,0,0,0,1,0,0,0,0,1,1,0,1,0,16,0,0,60,6,0,0,1,0,0,54,0,[],java-maven,2989281,3622414,1211.8,0,0,0,0,1,0.012037,0.915156,0.00555556,0.856349,105,0,3,0,1,1,0,1
52316,9051194673,1553758,Push on main,main,cc5f94f3631b967144b341e94e590c2eb9ece100,dynamic/github-code-scanning/codeql,success,79271691,LorenzoBettini,195,11,0.0,0.0,,dynamic,18,0,3034.0,0,success,1,4a002897d799c886e3c17285b0b171efdca113db,1,6,2,0,0,0,0,1,0,0,0,0,0,0,0,0,0,0,0,0,0,0,0,0,0,0,0,0,16,0,0,0,0,1,0,0,0,0,0,0,[],java-maven,2989714,3623226,1211.9,0,0,0,0,0,0.0203704,0.934131,0.00462963,0.997685,41,0,1,0,1,1,0,1
52317,7504318486,1553758,Build,lb_2792_marker_location,66bfdb21e1ff4ca3994b82b8a8b4c8d67ba9f87e,.github/workflows/maven.yml,success,52327453,LorenzoBettini,192,7,0.0,0.0,,pull_request,115,0,2907.0,1,success,3,6880c8e869ef7f14bf5626286b31efd41945e4ee,1,0,5,0,0,1,5,1,0,0,0,0,0,1,1,0,0,0,3,0,0,0,0,0,0,1,0,0,16,0,0,0,0,0,0,0,0,0,54,0,[],java-maven,2989524,3622193,1211.63,0,0,0,0,1,0.0175926,0.927786,0.0111111,0.890097,112,0,3,0,1,0,0,0
52318,8859951699,1553758,PR #3004,lb_2293,0aa2b9d1e5544105e7b5a709326df5e10b02e662,dynamic/github-code-scanning/codeql,success,79271691,LorenzoBettini,195,11,0.0,0.0,,dynamic,0,0,,1,success,14,328083dfaa5cfec82b308ce758c1504cb916eb2e,39,1230,70,11,0,15,455,4,801,2,1,9,0,10,19,4,0,4,57,0,0,0,141,1,142,1,1,0,16,9,0,784,17,0,0,3,0,0,0,0,[],java-maven,2989700,3623270,1211.92,0,0,0,0,0,0.0222222,0.904612,0.012037,0.888053,28,0,1,0,1,1,0,0
52319,9668589294,1553758,Build,lb_3077,5dc5b24d643280a77279a6f5f0295ea0831d97b6,.github/workflows/maven.yml,cancelled,52327453,LorenzoBettini,196,9,0.0,0.0,,push,0,0,,0,success,5,a1a12699b7942ce965a74df066040f6fef5af569,52,246,255,4,0,6,33,6,460,2,1,1,0,14,15,0,1,1,35,0,0,0,8,3,11,1,1,0,22,0,0,233,227,0,0,37,0,0,89,0,[],java-maven,3046832,3754691,1232.33,0,0,0,0,1,0.0111111,0.860153,0.00185185,0.999074,9,0,5,0,1,0,0,0
52320,8765324622,1553758,PR #3002,lb_2998,9e3155297ed5975b2e2e81285ebbe2129414b508,dynamic/github-code-scanning/codeql,success,79271691,LorenzoBettini,194,11,0.0,0.0,,dynamic,55,0,3002.0,1,success,1,08f234d27182d174996e310c77507ee2281e8d91,7,7,0,0,0,2,2,1,5,0,1,0,0,7,7,0,0,0,0,0,0,0,0,0,0,1,1,0,16,0,0,5,0,0,0,0,0,0,0,0,[],java-maven,2988640,3622450,1212.07,0,0,0,0,0,0.012037,0.954218,0.0037037,0.999118,16,0,1,0,1,0,0,0
52321,10034518114,1553758,Build,cd-gradle-89,a076a4260b3edd1a736a84cdbdf88f87e3b89c9f,.github/workflows/maven.yml,failure,52327453,cdietrich,196,8,0.0,0.0,,push,8,0,3106.0,1,failure,1,fc680307fc0da479e7edd47720846d5f50ae5d4d,20,35,10,4,0,0,0,4,36,2,1,0,0,0,0,0,0,0,0,0,0,0,0,0,0,0,0,0,22,0,0,28,8,0,0,0,0,0,220,1,[],java-maven,3046509,3754369,1232.35,0,0,0,0,1,0.00740741,0.82244,0.00277778,0.712302,10,1,5,0,0,0,0,0
52322,9213032899,1553758,Push on main,main,1b97ae8afaa6eefd9c10f5f3c8591d5e8eb2e00b,dynamic/github-code-scanning/codeql,success,79271691,LorenzoBettini,195,11,0.0,0.0,,dynamic,34,0,3064.0,1,success,1,750a921cd7cce7433a486e47f4b0ac501485897e,1,1,1,1,0,0,0,1,0,0,0,0,0,0,0,0,0,0,0,0,0,0,0,0,0,0,0,0,22,0,0,0,0,0,0,0,0,0,0,0,[],java-maven,3062102,3770698,1231.41,0,0,0,0,0,0.0212963,0.911148,0.0111111,0.832176,134,0,1,0,1,1,0,1
52323,8160861173,1553758,Build,main,37af9fa0ff85f1b49245f8f3796baf53e306343b,.github/workflows/maven.yml,success,52327453,szarnekow,193,7,0.0,0.0,,push,12,0,2952.0,1,success,2,60628f034883dd1fb79204cef03102583ae3f8dc,77,351,351,41,0,2,26,3,432,0,1,0,0,1,1,0,0,0,2,0,0,0,0,0,0,1,0,0,16,0,0,216,216,0,0,1,0,0,54,0,[],java-maven,2985881,3622789,1213.31,0,0,0,0,1,0.0037037,0.951499,0.0,1.0,3,1,3,0,0,1,0,1
52324,9911175448,1553758,Build,cd_analyze,d39c920dc26dbbdec5ecee8bcf458305c58cef11,.github/workflows/maven.yml,failure,52327453,cdietrich,196,9,0.0,0.0,,push,0,0,,0,success,1,60240c94231fb428d1791bedfd35f25ea7f113be,1,2,1,0,0,0,0,1,3,0,0,0,0,1,1,0,0,0,0,0,0,0,1,0,1,0,1,0,22,0,0,2,1,0,0,1,0,0,220,1,[],java-maven,3046489,3754357,1232.36,0,0,0,0,1,0.00648148,0.882967,0.00185185,0.908249,14,1,5,0,0,0,0,0
52325,7450204380,1553758,Build,main,cd0c81ed86c77631b711fb7efbc6e74ed1f1abef,.github/workflows/maven.yml,success,52327453,szarnekow,192,7,0.0,0.0,,push,24,0,2894.0,1,success,1,4fcf4e5a0de7bfe2e0e270ecf6ba4ac78f43068a,1,565,2,0,0,1,33,2,534,1,1,1,0,1,2,0,0,0,22,0,0,0,3,0,3,1,1,0,16,2,0,534,0,0,0,0,0,0,54,0,[],java-maven,2989074,3622166,1211.8,0,0,0,0,1,0.00740741,0.946394,0.000925926,0.969557,7,1,3,0,0,1,0,1
52326,7586036883,1553758,PR #2916,sz_nodemodel,5bd7c49ab7e75e82329178540cd28f125a986d95,dynamic/github-code-scanning/codeql,success,79271691,szarnekow,192,7,0.0,0.0,,dynamic,0,0,,1,failure,1,8f7ac5fba8b516173e49848ed32b35efd28fce73,1,3,0,0,0,1,3,1,0,0,0,0,0,1,1,0,0,0,0,0,0,0,0,0,0,1,0,0,16,0,0,0,0,0,0,0,0,0,1,0,[],java-maven,2989627,3622271,1211.61,0,0,0,0,0,0.0185185,0.881568,0.00462963,0.664095,5,1,1,0,0,1,0,0
52327,8816100361,1553758,Push on main,main,f1e805adfc082f96b47a14246894e284bc3b1cda,dynamic/github-code-scanning/codeql,success,79271691,LorenzoBettini,194,11,0.0,0.0,,dynamic,36,0,3013.0,0,success,1,fb3945314122a94313b71035d563611767398bd0,23,40,38,11,0,3,12,6,18,1,1,0,0,1,1,0,0,0,1,0,0,0,0,0,0,1,0,0,16,0,0,9,9,1,0,1,0,0,0,0,[],java-maven,2988706,3622468,1212.05,0,0,0,0,0,0.0231481,0.880991,0.0111111,0.848008,27,0,1,0,1,1,0,1
52328,8885088549,1553758,Push on main,main,896e9da6659dab15ec9b5fd8b26015291205928d,dynamic/github-code-scanning/codeql,success,79271691,LorenzoBettini,195,11,0.0,0.0,,dynamic,82,0,3005.0,1,success,1,655cdc1afba4c50aed9d97c78a66a5e2bbf42371,0,0,190,65,0,0,0,1,60,0,1,0,0,0,0,0,0,0,0,0,0,0,0,0,0,0,0,0,16,0,95,0,60,0,0,0,0,0,0,0,[],java-maven,2989712,3623226,1211.9,0,0,0,0,0,0.0222222,0.922222,0.0101852,0.914776,44,0,1,0,1,1,0,1
52329,9584705913,1553758,PR #3093,cd-tycho-408,2bab8a213fbc6bdeb79a5a2b149924ef8d0cbed1,dynamic/github-code-scanning/codeql,success,79271691,cdietrich,196,10,0.0,0.0,,dynamic,0,0,,1,success,1,1cb474441d19df9692dc69125dfab5042dd71814,6,8,8,1,0,2,6,3,6,1,1,0,0,1,1,0,0,0,3,0,0,0,0,0,0,1,0,0,22,0,0,3,3,0,0,1,0,0,0,0,[],java-maven,3046471,3754270,1232.33,0,0,0,0,0,0.012963,0.860951,0.00277778,0.937066,21,1,1,0,0,0,0,0
52330,7529068961,1553758,Build,main,8f1972148435c3bb9836282eec53e18d739659d7,.github/workflows/maven.yml,success,52327453,LorenzoBettini,192,7,0.0,0.0,,push,44,0,2910.0,1,success,1,32b61ee98ab5f2e2f826f1adc3c4a0736c3c92be,9,9,9,1,0,1,2,3,14,1,1,0,0,1,1,0,0,0,3,0,0,0,0,0,0,1,0,0,16,0,0,7,7,0,0,1,0,0,54,0,[],java-maven,2989524,3622193,1211.63,0,0,0,0,1,0.0175926,0.931458,0.0101852,0.89692,114,0,3,0,1,1,0,1
52331,7348572725,1553758,PR #2885,lb_xtend-to-java,38076bddfc7f6432963b03fd841f7d116ec8d836,dynamic/github-code-scanning/codeql,success,79271691,LorenzoBettini,192,7,0.0,0.0,,dynamic,34,0,2885.0,1,success,1,32ac1441fa426d16b4a132b8349a03872a311063,3,157,375,0,0,0,0,5,532,2,0,1,1,0,2,0,0,0,0,0,0,0,22,25,47,0,1,0,16,1,2,157,375,0,0,0,0,0,1,0,[],java-maven,2988380,3621610,1211.9,0,0,0,0,0,0.00462963,0.954019,0.0,1.0,14,0,1,0,1,0,0,0
52332,9174460486,1553758,PR #3055,cd-gson2110,73fed79aeabb5ba54eca1454b9b63930cfdce355,dynamic/github-code-scanning/codeql,success,79271691,cdietrich,195,11,0.0,0.0,,dynamic,0,0,,1,failure,1,9047a4c2d1c07445d1d9bb51737b090f4377eb68,21,31,31,10,0,2,4,4,20,1,1,0,0,1,1,0,0,0,1,0,0,0,0,0,0,1,0,0,22,0,0,10,10,0,0,1,0,0,0,0,[],java-maven,3062134,3770706,1231.4,0,0,0,0,0,0.0212963,0.873099,0.00925926,0.898843,22,1,1,0,0,0,0,0
52333,7492077905,1553758,Push on main,main,6880c8e869ef7f14bf5626286b31efd41945e4ee,dynamic/github-code-scanning/codeql,success,79271691,LorenzoBettini,192,7,0.0,0.0,,dynamic,328,0,2906.0,1,success,1,d7e44bf1019cc3b308546d23909f37bb2bdab08e,3,0,12,0,0,2,10,1,2,0,0,0,0,3,3,0,1,1,3,0,0,0,0,2,2,1,1,0,16,0,0,0,2,0,0,2,0,0,1,0,[],java-maven,2989529,3622193,1211.63,0,0,0,0,0,0.0175926,0.922972,0.0111111,0.882429,107,0,1,0,1,1,0,1
52334,7487767012,1553758,Push on main,main,d7e44bf1019cc3b308546d23909f37bb2bdab08e,dynamic/github-code-scanning/codeql,success,79271691,szarnekow,192,7,0.0,0.0,,dynamic,6,0,2904.0,0,success,1,15aa26aa16991fd3299771482ca8059fbdea57ca,13,31,31,9,0,1,14,3,12,1,1,0,0,0,0,0,0,0,0,0,0,0,0,0,0,0,0,0,16,0,0,6,6,0,0,0,0,0,1,0,[],java-maven,2989540,3622195,1211.62,0,0,0,0,0,0.0175926,0.924684,0.0111111,0.942901,7,1,1,0,0,1,0,1
52335,9668837278,1553758,PR #3080,lb_3077,ba07d300e21369224c9c827a1db8ecf1959e7e55,dynamic/github-code-scanning/codeql,success,79271691,LorenzoBettini,196,9,0.0,0.0,,dynamic,0,0,,1,success,1,5dc5b24d643280a77279a6f5f0295ea0831d97b6,10,24,24,0,0,0,0,2,48,1,0,0,0,5,5,0,0,0,0,0,0,0,0,0,0,0,1,0,22,0,0,24,24,0,0,8,0,0,0,0,[],java-maven,3046832,3754691,1232.33,0,0,0,0,0,0.0111111,0.877104,0.00185185,0.999339,9,0,1,0,1,0,0,0
52336,7692054730,1553758,Build,cd_tycho40,c71d51c6ef524f27258554f2f904dbb4857294dd,.github/workflows/maven.yml,success,52327453,cdietrich,192,7,0.0,0.0,,push,0,0,,0,success,7,08183a629b1aad7e1bb8d8e114248f15ed34cba6,101,182,118,0,0,4,89,4,211,1,1,0,0,87,87,0,0,0,243,2,0,2,0,0,0,1,1,0,16,0,0,109,102,0,0,0,0,0,54,0,[],java-maven,2989625,3622278,1211.62,0,0,0,0,1,0.0166667,0.82619,0.0,1.0,3,1,3,0,0,0,0,0
52337,7357986151,1553758,Build,lb_xtend_validator_tests,e424b1aa9a667bcb02b39ba1fd23417dd225f059,.github/workflows/maven.yml,success,52327453,LorenzoBettini,192,6,0.0,0.0,,push,36,0,2898.0,1,success,1,c2789f6692e7ffd139c8d1e51e54b3d0e7123da6,1,12,9,0,0,0,0,1,21,0,0,0,0,0,0,0,0,0,0,0,0,0,0,0,0,0,0,0,16,0,0,12,9,0,0,0,0,0,54,0,[],java-maven,2988708,3621987,1211.89,0,0,0,0,1,0.00462963,0.96033,0.0,1.0,19,0,3,0,1,1,0,0
52338,8565285948,1553758,PR #2973,cd_mwe2180M1,a86e50bedf874d551b112590bd030cbdf425c5df,dynamic/github-code-scanning/codeql,success,79271691,cdietrich,194,9,0.0,0.0,,dynamic,0,0,,1,failure,1,811d4b37c173e2b615656120376bd99129f617e5,19,19,19,10,0,1,2,2,16,0,1,0,0,1,1,0,0,0,1,0,0,0,0,0,0,1,0,0,16,0,0,8,8,0,0,1,0,0,0,0,[],java-maven,2986082,3622924,1213.27,0,0,0,0,0,0.0037037,0.922365,0.00185185,0.832562,8,1,1,0,0,0,0,0
52339,9911203382,1553758,Build,cd-j21-jenkins,839911c9ebcc1fb7c18ae4563f03f6334b4e596b,.github/workflows/maven.yml,failure,52327453,cdietrich,196,9,0.0,0.0,,push,0,0,,1,failure,1,60240c94231fb428d1791bedfd35f25ea7f113be,1,2,1,1,0,0,0,1,0,0,0,0,0,0,0,0,0,0,0,0,0,0,0,0,0,0,0,0,22,0,0,0,0,0,0,0,0,0,244,1,[],java-maven,3046488,3754356,1232.36,0,0,0,0,1,0.00740741,0.862795,0.00277778,0.832176,14,1,5,0,0,0,0,0
52340,9890686961,1553758,Push on main,main,fc680307fc0da479e7edd47720846d5f50ae5d4d,dynamic/github-code-scanning/codeql,success,79271691,miklossy,196,9,1.0,1.0,,dynamic,37,0,3101.0,0,success,1,f17d2521c4ce5667d5e6e7bdb8a235149fa00211,1,11,2,0,0,0,0,1,13,0,0,0,0,1,1,0,0,0,20,0,0,0,1,0,1,0,1,0,22,0,0,11,2,0,0,0,0,0,244,1,[],java-maven,3046494,3754369,1232.36,0,0,0,0,0,0.00555556,0.926587,0.000925926,0.928241,2,1,1,0,0,1,0,1
52341,10034509792,1553758,Build,cd-gradle89,fc967d7791e67b1744fc1f0c531f05a8a37a3132,.github/workflows/maven.yml,failure,52327453,cdietrich,196,8,0.0,0.0,,push,0,0,,0,success,1,839911c9ebcc1fb7c18ae4563f03f6334b4e596b,20,35,10,4,0,0,0,4,36,2,1,0,0,0,0,0,0,0,0,0,0,0,0,0,0,0,0,0,22,0,0,28,8,0,0,0,0,0,220,1,[],java-maven,3046503,3754356,1232.35,0,0,0,0,1,0.00648148,0.847503,0.00185185,0.83179,9,1,5,0,0,0,0,0
52342,9273577608,1553758,PR #3072,lb_bump_2.36,7d7302bdc1c552db5bec7044f2e89c200b7e1b09,dynamic/github-code-scanning/codeql,success,79271691,LorenzoBettini,196,12,0.0,0.0,,dynamic,16,0,3072.0,1,success,1,0eae81f0fecc7a5a3d308f4b1bcf6532041b460a,1,1,1,0,0,1,2,1,0,0,0,0,0,0,0,0,0,0,0,0,0,0,0,0,0,0,0,0,22,0,0,0,0,0,0,0,0,0,0,0,[],java-maven,3062113,3770698,1231.4,0,0,0,0,0,0.0222222,0.892125,0.00277778,0.965038,120,0,1,0,1,0,0,0
52343,8157053804,1553758,PR #2952,sz_bundle_dep,5074fa7b17c5d901c73c1235dad72817f5fe7c4f,dynamic/github-code-scanning/codeql,success,79271691,szarnekow,193,7,0.0,0.0,,dynamic,12,0,2952.0,1,success,1,e966628fe12aff3e7f539ea970d3cc8e8f1e2bbe,1,1,1,0,0,1,2,1,0,0,0,0,0,0,0,0,0,0,0,0,0,0,0,0,0,0,0,0,16,0,0,0,0,0,0,0,0,0,0,0,[],java-maven,2990265,3622778,1211.52,0,0,0,0,0,0.0037037,0.940087,0.0,1.0,0,1,1,0,0,0,0,0
52344,8169959556,1553758,Push on main,main,462ae2833df2e8c2a535592697e597edf4de0bb6,dynamic/github-code-scanning/codeql,success,79271691,LorenzoBettini,193,8,0.0,0.0,,dynamic,115,0,2950.0,1,success,6,37af9fa0ff85f1b49245f8f3796baf53e306343b,11,47,20,4,0,2,4,5,42,2,1,0,0,2,2,0,0,0,3,1,0,1,1,0,1,0,1,0,16,0,0,29,13,0,1,3,0,0,0,0,[],java-maven,2985900,3622805,1213.3,0,0,0,0,0,0.0037037,0.957562,0.0,1.0,21,0,1,0,1,1,0,1
52345,9206816425,1553758,Clear all caches,main,39ac9112344365d187ac9b7627ddac7995ef4d3b,.github/workflows/clear-all-caches.yml,success,52431321,LorenzoBettini,195,11,0.0,0.0,,workflow_dispatch,91,0,3063.0,1,success,1,322beedd35749c72d86366a696188d9eed73d5d8,1,4,0,0,0,1,4,1,0,0,0,0,0,0,0,0,0,0,0,0,0,0,0,0,0,0,0,0,22,0,0,0,0,0,0,0,0,0,27,0,[],java-maven,3062130,3770698,1231.4,0,0,0,0,0,0.0203704,0.920458,0.0111111,0.853009,132,0,1,0,1,1,0,1
52346,9030245304,1553758,PR #3024,miklossy_issue_3007,fe3f940962a1efa3503021d441de7fffec4a901f,dynamic/github-code-scanning/codeql,success,79271691,miklossy,195,11,0.0,0.0,,dynamic,0,0,,1,failure,1,33665f17d74a6c410e23f5259b60f008ee2914d0,2,7,4,0,0,0,0,1,11,0,1,0,0,2,2,0,0,0,6,0,0,0,1,0,1,0,1,0,16,0,0,7,4,0,0,1,0,0,0,0,[],java-maven,2989781,3623400,1211.93,0,0,0,0,0,0.0185185,0.837232,0.00277778,0.887346,2,1,1,0,0,0,0,0
52347,9081117240,1553758,PR #2986,lb_java_21,d3c35d7af2dcfe656b9c0b7cff135a3ad5d6221e,dynamic/github-code-scanning/codeql,success,79271691,LorenzoBettini,195,11,0.0,0.0,,dynamic,322,0,2986.0,1,success,37,ad4edb439aeb9cdc70a8fdf00a9188ce8b989384,39,487,198,19,0,9,29,8,493,3,1,1,0,7,8,4,3,7,8,1,3,4,13,15,28,1,1,0,20,2,0,339,154,2,1,14,0,0,0,0,[],java-maven,2989961,3623690,1211.95,0,0,0,0,0,0.0185185,0.9199,0.00648148,0.887088,71,0,1,0,1,0,0,0
52348,8468224653,1553758,PR #2968,sz_nodemodel,c9e765056dafd0c3819e3e321389d4d58f7e3499,dynamic/github-code-scanning/codeql,success,79271691,szarnekow,194,9,0.0,0.0,,dynamic,0,0,,1,success,104,aa284e201ac76c43bd3e9760f39711a720ed2a2f,5803,11665,15199,119,0,434,10010,19,14875,1,1,38,84,5062,5184,55,4,59,16086,5,1,6,352,343,695,1,1,0,16,40,84,7820,7055,2,1,23,0,0,0,0,[],java-maven,2987567,3623047,1212.71,0,0,0,0,0,0.00277778,0.999396,0.00185185,0.998971,3,1,1,0,0,0,0,0
52349,9082956392,1553758,Push on main,main,9964dba09d8fdf1f8292e914898322db38ea96c1,dynamic/github-code-scanning/codeql,success,79271691,cdietrich,195,11,0.0,0.0,,dynamic,12,0,3036.0,1,success,1,568503fa74feb53b1a7f206016ecd25d790b60e2,15,34,34,11,0,1,14,3,12,1,1,0,0,0,0,0,0,0,0,0,0,0,0,0,0,0,0,0,16,0,0,6,6,0,0,0,0,0,0,0,[],java-maven,2989798,3623412,1211.93,0,0,0,0,0,0.0194444,0.842415,0.00740741,0.821351,13,1,1,0,0,1,0,1
52350,8689194432,1553758,Push on main,main,9b26bcf10ee6999dca9219263f42ff6378d09e8d,dynamic/github-code-scanning/codeql,success,79271691,LorenzoBettini,194,9,0.0,0.0,,dynamic,76,0,2992.0,0,success,1,eb0420ab5ebf89e670f7e66b1802e9395bd541b2,70,206,206,0,0,54,314,1,98,0,1,0,0,68,68,0,0,0,502,0,0,0,66,68,134,1,1,0,16,0,0,50,48,0,0,15,0,0,0,0,[],java-maven,2988716,3622515,1212.06,0,0,0,0,0,0.012037,0.931327,0.00462963,0.957369,14,0,1,0,1,1,0,1
52351,9462864318,1553758,Push on main,main,f82bd8fef8269912d49c8d108806436c3f3cc9b2,dynamic/github-code-scanning/codeql,success,79271691,cdietrich,196,10,0.0,0.0,,dynamic,4,0,3082.0,1,success,3,46aa88ea6daaf646d6cd1cea84d538e5d39fa09d,35,86,86,18,0,6,26,6,42,2,1,0,0,1,1,0,0,0,1,0,0,0,0,0,0,1,0,0,22,0,0,21,21,1,0,1,0,0,0,0,[],java-maven,3046443,3754255,1232.34,0,0,0,0,0,0.0212963,0.82705,0.00555556,0.763072,26,1,1,0,0,1,0,1
52352,8521836316,1553758,PR #2969,sz_issue1329,da53ee975fd770602ee77e11fc25d485c5cee586,dynamic/github-code-scanning/codeql,success,79271691,szarnekow,194,9,0.0,0.0,,dynamic,0,0,,1,success,2,80473bb1a3bcfbdbff6ad1f75b57a1e01caa04cc,2,7,1,0,0,1,2,1,6,0,1,0,0,2,2,1,0,1,7,0,0,0,0,0,0,1,1,0,16,0,0,6,0,0,0,0,0,0,0,0,[],java-maven,2986644,3622924,1213.04,0,0,0,0,0,0.00277778,0.999369,0.00185185,0.999074,3,1,1,0,0,1,0,0
52353,8340552179,1553758,Push on main,main,feb9ed96d19d9b41e3e0667aa4f90c2188dbb8fd,dynamic/github-code-scanning/codeql,success,79271691,cdietrich,193,9,0.0,0.0,,dynamic,14,0,2960.0,1,success,1,7276c2e2db87a695e67ea09fc911fcd3b6ee6f79,15,18,18,11,0,1,4,3,8,1,1,0,0,1,1,0,0,0,1,0,0,0,0,0,0,1,0,0,16,0,0,4,4,0,0,1,0,0,0,0,[],java-maven,2986077,3622918,1213.27,0,0,0,0,0,0.0037037,0.960421,0.0,1.0,16,1,1,0,0,1,0,1
52354,8321499985,1553758,PR #2960,cd_eclipse202406,5d957f3f4303634faf34fb0872d11831466a341a,dynamic/github-code-scanning/codeql,success,79271691,cdietrich,193,9,0.0,0.0,,dynamic,14,0,2960.0,1,success,1,b92f15caee2d76f1e1ac8e0b64212842594033e7,1,1,1,1,0,0,0,1,0,0,0,0,0,0,0,0,0,0,0,0,0,0,0,0,0,0,0,0,16,0,0,0,0,0,0,0,0,0,0,0,[],java-maven,2986077,3622918,1213.27,0,0,0,0,0,0.0037037,0.95963,0.0,1.0,15,1,1,0,0,0,0,0
52355,8815332947,1553758,Scheduled,main,fb3945314122a94313b71035d563611767398bd0,dynamic/github-code-scanning/codeql,success,79271691,github-advanced-security[bot],194,11,0.0,0.0,,dynamic,14,0,3009.0,0,success,1,e7dce5713bc2adc0187afacb4c31a8a1d10bdbc7,2,6,6,0,0,0,0,2,12,1,0,0,0,1,1,0,0,0,0,0,0,0,0,0,0,0,1,0,16,0,0,6,6,0,0,2,0,0,0,0,[],java-maven,2988704,3622468,1212.05,0,0,0,0,0,0.0231481,0.989478,0.0111111,0.990741,0,0,1,0,1,1,0,1
52356,8282832944,1553758,PR #2959,cd_oomph202406,a315121d4153469018772fc717d23b01e37a9cf9,dynamic/github-code-scanning/codeql,success,79271691,cdietrich,193,9,0.0,0.0,,dynamic,8,0,2959.0,1,success,1,03146da0abe813a229acdab054fcfa3a8c06acc3,1,10,2,1,0,0,0,1,0,0,0,0,0,0,0,0,0,0,0,0,0,0,0,0,0,0,0,0,16,0,0,0,0,0,0,0,0,0,0,0,[],java-maven,2985995,3622814,1213.27,0,0,0,0,0,0.00462963,0.96033,0.0,1.0,15,1,1,0,0,0,0,0
52357,7973815141,1553758,PR #2939,cd_bs234m2,c9baca666d5e3053b5a0aff2db0ab2c6c6ff5e40,dynamic/github-code-scanning/codeql,success,79271691,cdietrich,193,7,0.0,0.0,,dynamic,6,0,2939.0,1,success,8,74d048537519bf61973eaa87e9e4788d940f10ea,19,88,23,9,0,1,3,3,85,1,1,0,0,1,1,0,0,0,1,0,0,0,0,0,0,1,0,0,16,0,0,69,16,0,0,1,0,0,1,0,[],java-maven,2990265,3622778,1211.52,0,0,0,0,0,0.00277778,0.974653,0.00277778,0.953914,13,1,1,0,0,0,0,0
52358,9177974700,1553758,Build,main,711984a7fcfeb18a274de3ca45fc08ede343bbfe,.github/workflows/maven.yml,failure,52327453,LorenzoBettini,195,11,0.0,0.0,,push,8,0,3053.0,1,success,1,781b73b81c96534072930fa85d948facae737e79,1,2,10,0,0,0,0,1,12,0,0,0,0,1,1,0,0,0,0,0,0,0,0,2,2,0,1,0,22,0,0,2,10,0,0,1,0,0,95,0,[],java-maven,3062127,3770698,1231.4,0,0,0,0,1,0.0240741,0.918829,0.012037,0.853451,132,0,5,0,1,1,0,1
52359,10122285017,1553758,Build,main,b36574bdb85501f7f8e46271f5d5762b3fc9da11,.github/workflows/maven.yml,failure,52327453,cdietrich,197,7,1.0,1.0,{'test'},push,54,0,3112.0,1,success,1,d6e15953e8d950a88dd5ff66115a2b3e240f265b,1,5,1,0,0,0,0,1,6,0,0,0,0,1,1,0,0,0,0,0,0,0,2,0,2,0,1,0,22,0,0,5,1,0,0,1,0,0,244,1,[],java-maven,3046518,3754373,1232.35,0,0,0,0,1,0.0148148,0.694725,0.0111111,0.552469,10,1,5,0,0,0,0,1
52360,9461744307,1553758,PR #3082,cd-orbit-202409,9fd7ea67a054308e450349c2a410e1b86bd4a1c8,dynamic/github-code-scanning/codeql,success,79271691,cdietrich,196,10,0.0,0.0,,dynamic,4,0,3082.0,1,success,1,5205c2920df43dc02f902744def26b851536872c,25,26,26,12,0,3,8,6,18,1,1,0,0,1,1,0,0,0,1,0,0,0,0,0,0,1,0,0,22,0,0,9,9,1,0,1,0,0,0,0,[],java-maven,3046443,3754255,1232.34,0,0,0,0,0,0.0212963,0.82705,0.00555556,0.748264,26,1,1,0,0,0,0,0
52361,9268980802,1553758,PR #3071,lb_eclipse_doc_regen,98825ecd74b5db7df7200e153cd3e50708ee9627,dynamic/github-code-scanning/codeql,success,79271691,LorenzoBettini,196,12,0.0,0.0,,dynamic,0,0,,1,success,1,a821f43fdeb745ab018b499d2b7115025e59aff4,7,72,56,0,0,7,128,2,0,1,0,0,0,0,0,0,0,0,0,0,0,0,0,0,0,0,0,0,22,0,0,0,0,0,0,0,0,0,0,0,[],java-maven,3062113,3770698,1231.4,0,0,0,0,0,0.0222222,0.886621,0.00740741,0.895275,117,0,1,0,1,0,0,0
52362,9032571699,1553758,PR #3024,miklossy_issue_3007,ef2e617ef58509f25a63be9a77c3a264a75b785a,dynamic/github-code-scanning/codeql,success,79271691,miklossy,195,11,0.0,0.0,,dynamic,0,0,,1,failure,1,75049df2670e535a4442e2cac19834ab2d17c8b9,1,6,5,0,0,0,0,1,11,0,0,0,0,1,1,0,0,0,6,0,0,0,0,0,0,0,1,0,16,0,0,6,5,0,0,0,0,0,0,0,[],java-maven,2989780,3623401,1211.93,0,0,0,0,0,0.0203704,0.77818,0.00462963,0.76745,2,1,1,0,0,0,0,0
52363,7477777755,1553758,PR #2904,cd_lsp4j0212,a64e112b3a0e27e7ed13b1b664341d81ff970734,dynamic/github-code-scanning/codeql,success,79271691,cdietrich,192,7,0.0,0.0,,dynamic,0,0,,0,success,1,b85670bc0c8107c2941a5f19348d0ca2a394e258,12,29,29,9,0,1,14,3,8,1,1,0,0,0,0,0,0,0,0,0,0,0,0,0,0,0,0,0,16,0,0,4,4,0,0,0,0,0,1,0,[],java-maven,2989228,3622360,1211.8,0,0,0,0,0,0.0138889,0.84928,0.00740741,0.905724,6,1,1,0,0,1,0,0
52364,9712634538,1553758,PR #3095,refs/pull/3095/head,7961a35651ce09a06d005b2231ab972752c9eed4,dynamic/github-code-scanning/codeql,success,79271691,cdietrich,196,9,0.0,0.0,,dynamic,8,0,3095.0,1,failure,1,bedfe08bc1c74a38ec3d58d8179dc3278545de1f,25,26,26,12,0,3,8,6,18,1,1,0,0,1,1,0,0,0,1,0,0,0,0,0,0,1,0,0,22,0,0,9,9,1,0,1,0,0,0,0,[],java-maven,3046443,3754311,1232.36,0,0,0,0,0,0.012037,0.879699,0.000925926,0.90867,24,1,1,0,0,0,0,0
52365,8681056611,1553758,PR #2995,sz_parameterNames,cda5dfd43614320185da147c91dfd9ca359c5cf6,dynamic/github-code-scanning/codeql,success,79271691,szarnekow,194,9,0.0,0.0,,dynamic,6,0,2995.0,1,success,1,9e3b1b496e157a58fe3bf556bb910f03c3a7a9a7,11,75,91,1,0,2,25,5,135,2,1,0,0,5,5,1,6,7,39,1,0,1,2,6,8,1,1,0,16,0,0,48,87,0,0,2,0,0,0,0,[],java-maven,2986074,3622876,1213.26,0,0,0,0,0,0.012037,0.971346,0.00648148,0.9644,2,1,1,0,0,0,0,0
52366,10122284997,1553758,Push on main,main,b36574bdb85501f7f8e46271f5d5762b3fc9da11,dynamic/github-code-scanning/codeql,success,79271691,cdietrich,197,7,1.0,1.0,{'test'},dynamic,54,0,3112.0,1,failure,1,d6e15953e8d950a88dd5ff66115a2b3e240f265b,1,5,1,0,0,0,0,1,6,0,0,0,0,1,1,0,0,0,0,0,0,0,2,0,2,0,1,0,22,0,0,5,1,0,0,1,0,0,244,1,[],java-maven,3046518,3754373,1232.35,0,0,0,0,0,0.0138889,0.71658,0.0101852,0.58524,10,1,1,0,0,0,0,1
52367,8263389817,1553758,Scheduled,main,9ffc0c906cfc651db57d477dae970225c4057ed7,dynamic/github-code-scanning/codeql,success,79271691,github-advanced-security[bot],193,9,0.0,0.0,,dynamic,18,0,2949.0,0,success,1,03146da0abe813a229acdab054fcfa3a8c06acc3,3,125,7,0,0,1,28,4,104,2,1,2,0,2,4,1,0,1,7,1,0,1,12,0,12,1,1,0,16,5,0,104,0,0,0,1,0,0,0,0,[],java-maven,2986077,3622918,1213.27,0,0,0,0,0,0.00462963,0.997428,0.000925926,0.999228,0,0,1,0,1,1,0,1
52368,7949825374,1553758,PR #2937,sz_delete_packrat,2d8a175b9d94fc46067cdd5d5096d5cd4b207c81,dynamic/github-code-scanning/codeql,success,79271691,szarnekow,193,7,0.0,0.0,,dynamic,0,0,,1,failure,1,447dc2cd0a04711cbb61e02d8eb58e86d856f6e8,4,1,6758,3,0,80,6749,4,0,0,1,0,79,1,80,0,0,0,23,0,0,0,0,329,329,1,0,0,16,0,79,0,0,0,0,0,0,0,1,0,[],java-maven,2985818,3622683,1213.3,0,0,0,0,0,0.000925926,0.940904,0.000925926,0.856481,2,1,1,0,0,0,0,0
52369,7950773705,1553758,Clear all caches,main,84021e3ec58046fac227cf28eaaa0dcaac4da1bc,.github/workflows/clear-all-caches.yml,success,52431321,LorenzoBettini,193,7,0.0,0.0,,workflow_dispatch,6,0,2935.0,0,success,1,95b6438f5db694d1ec115fc7f10a3ce3ecc9ce05,27,33,33,9,0,3,18,3,30,1,1,0,0,1,1,0,0,0,1,0,0,0,0,0,0,1,0,0,16,0,0,15,15,0,0,2,0,0,27,0,[],java-maven,2990202,3622725,1211.53,0,0,0,0,0,0.000925926,0.999906,0.000925926,0.999228,122,0,1,0,1,1,0,1
52370,8845439384,1553758,PR #3019,cd/mwe2180M2,ec1ab025d158ea20970fd0f48003ef42d5f36743,dynamic/github-code-scanning/codeql,success,79271691,cdietrich,195,11,0.0,0.0,,dynamic,8,0,3019.0,0,success,1,0ba9017030af03354685b17554c1b49498076176,28,34,34,10,0,3,18,3,30,1,1,0,0,1,1,0,0,0,1,0,0,0,0,0,0,1,0,0,16,0,0,15,15,0,0,2,0,0,0,0,[],java-maven,2989063,3622882,1212.05,0,0,0,0,0,0.0212963,0.875561,0.0111111,0.90404,12,1,1,0,0,0,0,0
52371,8694328600,1553758,Push on main,main,38b56acfdb9ffeefefe812089e3428bcc46aece7,dynamic/github-code-scanning/codeql,success,79271691,LorenzoBettini,194,10,0.0,0.0,,dynamic,20,0,2994.0,0,success,1,9b26bcf10ee6999dca9219263f42ff6378d09e8d,2,0,2,2,0,0,0,1,0,0,1,0,0,0,0,0,0,0,0,0,0,0,0,0,0,0,0,0,16,0,0,0,0,0,0,0,0,0,0,0,[],java-maven,2988716,3622515,1212.06,0,0,0,0,0,0.012037,0.935619,0.0037037,0.999228,14,0,1,0,1,1,0,1
52372,8586834991,1553758,Push on main,main,1d2804aeab71aa3744cd9ea7122b8b399d957f32,dynamic/github-code-scanning/codeql,success,79271691,cdietrich,194,10,0.0,0.0,,dynamic,87,0,2977.0,0,success,1,77020bbc801f2d5d01b9abd837c2be4f28b5f824,47,3101,3101,6,0,15,4138,8,1648,2,1,0,0,17,17,0,0,0,81,0,0,0,0,0,0,1,1,0,16,0,0,824,824,0,0,0,0,0,0,0,[],java-maven,2986082,3622924,1213.27,0,0,0,0,0,0.00555556,0.936632,0.0037037,0.88786,11,1,1,0,0,1,0,1
52373,8611877311,1553758,PR #2984,lb_2982,1cdd29ba10140561c5d5637c7df5a4bdb50bd7c7,dynamic/github-code-scanning/codeql,success,79271691,LorenzoBettini,194,9,0.0,0.0,,dynamic,511,0,2984.0,1,success,1,0e6367b2a324553ee77e067e37d70ffda38cc68a,1,2,1,0,0,0,0,1,3,0,0,0,0,0,0,0,0,0,0,0,0,0,0,0,0,0,0,0,16,0,0,2,1,0,0,0,0,0,0,0,[],java-maven,2986085,3622926,1213.27,0,0,0,0,0,0.00833333,0.879902,0.00648148,0.864506,9,0,1,0,1,0,0,0
52374,9123284723,1553758,Push on main,main,83e6497aa4513737a0b01db2a35081a85e18e6b0,dynamic/github-code-scanning/codeql,success,79271691,LorenzoBettini,195,11,0.0,0.0,,dynamic,64,0,3037.0,1,success,22,66267e369b90d8c50c3bfcfe5467a802f9e02b36,20,1696,281,2,0,4,44,13,1929,3,1,4,0,10,14,3,12,15,57,0,4,4,59,39,98,1,1,0,22,43,0,1656,273,0,1,13,0,0,0,0,[],java-maven,3060893,3768323,1231.12,0,0,0,0,0,0.0212963,0.924446,0.00740741,0.922127,108,0,1,0,1,1,0,1
52375,8782068623,1553758,PR #3005,lb_2778,75171aa5ace70b9c6c1c760fa9b348bb22f38fe8,dynamic/github-code-scanning/codeql,success,79271691,LorenzoBettini,194,11,0.0,0.0,,dynamic,0,0,,1,success,1,3a9f915d129db092e4fe2b8fe9518fba15bafb64,0,0,190,65,0,0,0,1,60,0,1,0,0,0,0,0,0,0,0,0,0,0,0,0,0,0,0,0,16,0,95,0,60,0,0,0,0,0,0,0,[],java-maven,2988673,3622400,1212.04,0,0,0,0,0,0.012963,0.94892,0.000925926,0.972094,20,0,1,0,1,0,0,0
52376,8787882808,1553758,PR #3004,lb_2293,8ea116b0289dbace6edc8cfe0e9d3f1ae104512c,dynamic/github-code-scanning/codeql,success,79271691,LorenzoBettini,194,11,0.0,0.0,,dynamic,0,0,,1,failure,2,fadf9c715a71b064f7319392433257e7287a9956,4,32,11,0,0,3,41,1,2,0,1,0,0,4,4,1,0,1,42,1,0,1,1,0,1,1,1,0,16,0,0,1,1,0,0,1,0,0,0,0,[],java-maven,2988705,3622481,1212.06,0,0,0,0,0,0.0138889,0.936415,0.00185185,0.947125,20,0,1,0,1,1,0,0
52377,7972291003,1553758,PR #2938,lb_2936,22e3a3815870ef2eb8f8ef271ae445d0f174d447,dynamic/github-code-scanning/codeql,success,79271691,LorenzoBettini,193,7,0.0,0.0,,dynamic,44,0,2938.0,1,success,1,372b12012ebe4539f5f5ac379f4332c81d4745a8,9,11,0,1,0,1,3,3,7,1,1,0,0,1,1,0,0,0,1,0,0,0,0,0,0,1,0,0,16,0,0,7,0,0,0,1,0,0,1,0,[],java-maven,2990222,3622733,1211.53,0,0,0,0,0,0.000925926,0.999907,0.000925926,0.999537,124,0,1,0,1,0,0,0
52378,8604203133,1553758,Push on main,main,31b23bbd5699982c458e894b2027d1d73fada0d1,dynamic/github-code-scanning/codeql,success,79271691,LorenzoBettini,194,9,0.0,0.0,,dynamic,0,0,,0,success,1,d0294ff3be854547062358d594d001acd171e276,1,1,1,0,0,1,2,1,0,0,0,0,0,0,0,0,0,0,0,0,0,0,0,0,0,0,0,0,16,0,0,0,0,0,0,0,0,0,0,0,[],java-maven,2986082,3622924,1213.27,0,0,0,0,0,0.00740741,0.925926,0.00555556,0.914352,9,0,1,0,1,1,0,1
52379,7947787790,1553758,PR #2935,cd/mwe2170M3,69220ca9a2e5152e5060965c68fc16d44f1ff49a,dynamic/github-code-scanning/codeql,success,79271691,cdietrich,193,7,0.0,0.0,,dynamic,0,0,,0,success,1,95b6438f5db694d1ec115fc7f10a3ce3ecc9ce05,20,26,26,9,0,3,18,3,16,1,1,0,0,1,1,0,0,0,1,0,0,0,0,0,0,1,0,0,16,0,0,8,8,0,0,2,0,0,1,0,[],java-maven,2990202,3622725,1211.53,0,0,0,0,0,0.0,1.0,0.0,1.0,10,1,1,0,0,0,0,0
52380,7947816736,1553758,PR #2935,cd/mwe2170M3,9c969b29d60f9afc38275790f924a1aa2ddb3726,dynamic/github-code-scanning/codeql,success,79271691,cdietrich,193,7,0.0,0.0,,dynamic,6,0,2935.0,1,success,1,95b6438f5db694d1ec115fc7f10a3ce3ecc9ce05,27,33,33,9,0,3,18,3,30,1,1,0,0,1,1,0,0,0,1,0,0,0,0,0,0,1,0,0,16,0,0,15,15,0,0,2,0,0,1,0,[],java-maven,2990202,3622725,1211.53,0,0,0,0,0,0.0,1.0,0.0,1.0,11,1,1,0,0,0,0,0
52381,8191605151,1553758,Clear all caches,main,03146da0abe813a229acdab054fcfa3a8c06acc3,.github/workflows/clear-all-caches.yml,success,52431321,LorenzoBettini,193,8,0.0,0.0,,workflow_dispatch,76,0,2955.0,1,failure,8,7052e707e8f3cb652889493add0164e56666c729,10,26,12,2,0,3,12,5,22,2,1,0,0,1,1,0,0,0,3,0,0,0,0,0,0,1,0,0,16,0,0,18,4,0,0,1,0,0,27,0,[],java-maven,2985995,3622814,1213.27,0,0,0,0,0,0.00462963,0.94532,0.000925926,0.96136,21,0,1,0,1,1,0,1
52382,8155091964,1553758,PR #2937,sz_delete_packrat,1781d5bb1607952bd9507b37fefb1264c5295243,dynamic/github-code-scanning/codeql,success,79271691,szarnekow,193,7,0.0,0.0,,dynamic,10,0,2937.0,1,success,6,0df288a18537a7199985b7f8ea39ea6352522361,287,2069,2058,78,0,105,234,5,2495,1,1,0,0,1,1,0,0,0,1,0,0,0,0,0,0,1,0,0,16,0,0,1253,1242,0,0,2,0,0,0,0,[],java-maven,2985881,3622789,1213.31,0,0,0,0,0,0.0037037,0.886831,0.0,1.0,0,1,1,0,0,0,0,0
52383,9586224772,1553758,PR #3094,cd-gradle-88,5de163d8925ee41c1fbc955bba1847c5e2a722ee,dynamic/github-code-scanning/codeql,success,79271691,cdietrich,196,10,0.0,0.0,,dynamic,8,0,3094.0,1,failure,1,74d2f7fac3bba4c78a6828d5b2317b985cc22e01,15,10,10,3,0,0,0,3,16,2,1,0,0,0,0,0,0,0,0,0,0,0,0,0,0,0,0,0,22,0,0,8,8,0,0,0,0,0,0,0,[],java-maven,3046443,3754311,1232.36,0,0,0,0,0,0.0138889,0.853719,0.0037037,0.90853,23,1,1,0,0,0,0,0
52384,7768197799,1553758,PR #2927,sz_nodemodel,bb2c5105f8edda841a18907a3011eefc86fb2ef5,dynamic/github-code-scanning/codeql,success,79271691,szarnekow,193,8,0.0,0.0,,dynamic,0,0,,1,success,13,6ccbe0aedb03696cd1cd09bd0bdb12f819526996,135,322,205,9,0,19,224,9,283,2,1,0,0,91,91,0,0,0,261,2,0,2,2,0,2,1,1,0,16,0,0,158,125,0,0,0,0,0,1,0,[],java-maven,2989731,3622304,1211.58,0,0,0,0,0,0.0166667,0.889394,0.0,1.0,6,1,1,0,0,1,0,0
52385,7473497940,1553758,PR #2900,lb_2836,2a47548b1391620ba8b75428eb42eb340cfe1b32,dynamic/github-code-scanning/codeql,success,79271691,LorenzoBettini,192,7,0.0,0.0,,dynamic,56,0,2900.0,1,success,1,eca1e49dc5204cf4dd1cee2e1bbd01bf323665b1,1,3,4,0,0,0,0,1,7,0,0,0,0,1,1,0,0,0,1,0,0,0,0,1,1,0,1,0,16,0,0,3,4,0,0,0,0,0,1,0,[],java-maven,2989281,3622414,1211.8,0,0,0,0,0,0.012037,0.913331,0.00555556,0.847643,103,0,1,0,1,0,0,0
52386,7503553934,1553758,Push on main,main,47a553bd09a910c668176a39218b5b74bc187ea4,dynamic/github-code-scanning/codeql,success,79271691,LorenzoBettini,192,7,0.0,0.0,,dynamic,40,0,2901.0,0,success,1,7465b3e4af40cd757800a788c88bef14fc0d305f,1,2,2,1,0,0,0,1,0,0,0,0,0,0,0,0,0,0,0,0,0,0,0,0,0,0,0,0,16,0,0,0,0,0,0,0,0,0,1,0,[],java-maven,2989529,3622193,1211.63,0,0,0,0,0,0.0175926,0.925798,0.0111111,0.882429,110,0,1,0,1,1,0,1
52387,7357065817,1553758,PR #2873,lb_xtend_validator_tests,5d39e3660fbdf3fa7a55330417aa7362e38b8dad,dynamic/github-code-scanning/codeql,success,79271691,LorenzoBettini,192,6,0.0,0.0,,dynamic,36,0,2898.0,1,success,1,ab8c3fbf2a4aeae0d5f9a9e4e57daf6e8999f038,1,15,6,0,0,0,0,1,21,0,0,0,0,1,1,0,0,0,0,0,0,0,0,0,0,0,1,0,16,0,0,15,6,0,0,3,0,0,1,0,[],java-maven,2988702,3621981,1211.89,0,0,0,0,0,0.00462963,0.957851,0.0,1.0,17,0,1,0,1,1,0,0
52388,8766391915,1553758,PR #3004,lb_2293,045b5142a2a67ab795624f18f51bfd5b18b406db,dynamic/github-code-scanning/codeql,success,79271691,LorenzoBettini,194,11,0.0,0.0,,dynamic,0,0,,1,success,1,efa5aa17de66895b3952271ad21b38b8a9e17619,1,2,1,0,0,1,3,1,0,0,0,0,0,1,1,0,0,0,34,0,0,0,0,0,0,1,0,0,16,0,0,0,0,0,0,0,0,0,0,0,[],java-maven,2988692,3622481,1212.06,0,0,0,0,0,0.012963,0.947158,0.00462963,0.969907,20,0,1,0,1,1,0,0
52389,8876498476,1553758,PR #3004,lb_2293,d7c67a38d2ac345fd935ad15f3c8732f4f5d0e16,dynamic/github-code-scanning/codeql,success,79271691,LorenzoBettini,195,11,0.0,0.0,,dynamic,46,0,3004.0,1,success,1,45500f769b0b73c16b06166f1ec3d4f48dd435c2,3,19,3,0,0,0,0,2,22,1,1,0,0,0,0,0,0,0,0,0,0,0,0,0,0,0,0,0,16,0,0,19,3,0,0,0,0,0,0,0,[],java-maven,2989712,3623286,1211.92,0,0,0,0,0,0.0222222,0.915741,0.0111111,0.894693,38,0,1,0,1,0,0,0
52390,8890196391,1553758,PR #3023,sz_nodemodel,9dcbed38a74382c112eeb6b46a7741c2ac5db008,dynamic/github-code-scanning/codeql,success,79271691,szarnekow,195,11,0.0,0.0,,dynamic,4,0,3023.0,1,success,4,be0c6b9d3898c67a82f6e10377af2fd74e286bc8,2,2,191,66,0,1,2,3,60,0,1,0,0,1,1,0,0,0,2,0,0,0,0,0,0,1,0,0,16,0,95,0,60,0,0,1,0,0,0,0,[],java-maven,2989712,3623226,1211.9,0,0,0,0,0,0.0222222,0.958606,0.00925926,0.997277,6,1,1,0,0,0,0,0
52391,9189924317,1553758,Scheduled,main,322beedd35749c72d86366a696188d9eed73d5d8,dynamic/github-code-scanning/codeql,success,79271691,github-advanced-security[bot],195,11,0.0,0.0,,dynamic,8,0,3058.0,0,success,1,711984a7fcfeb18a274de3ca45fc08ede343bbfe,15,34,34,11,0,1,14,3,12,1,1,0,0,0,0,0,0,0,0,0,0,0,0,0,0,0,0,0,22,0,0,6,6,0,0,0,0,0,0,0,[],java-maven,3062127,3770698,1231.4,0,0,0,0,0,0.0203704,0.992165,0.012037,0.991402,0,0,1,0,1,1,0,1
52392,7774168612,1553758,Build,main,a1442552e09de90d0ffa62446b2b0c132ddff005,.github/workflows/maven.yml,success,52327453,LorenzoBettini,193,8,0.0,0.0,,push,58,0,2921.0,1,success,4,28d84f0b381cae7708253234d5b09ff218b0548a,3,221,1,0,0,1,3,3,219,1,1,3,0,0,3,0,0,0,0,0,0,0,32,0,32,0,1,0,16,3,0,218,1,0,0,0,0,0,54,0,[],java-maven,2989876,3622521,1211.6,0,0,0,0,1,0.0166667,0.935284,0.0,1.0,83,0,3,0,1,1,0,1
52393,8681014224,1553758,PR #2968,sz_nodemodel,683da6249a847fe956db6bc1d0743ebc3568973c,dynamic/github-code-scanning/codeql,success,79271691,szarnekow,194,9,0.0,0.0,,dynamic,163,0,2968.0,1,success,3,a5883ca1ab8a8f58b58c81c9b03fe03396b47b98,33,2321,788,6,0,38,2173,9,884,2,1,18,7,22,47,22,2,24,94,8,0,8,169,58,227,1,1,0,16,19,16,174,710,0,0,5,0,0,0,0,[],java-maven,2988718,3622513,1212.06,0,0,0,0,0,0.012037,0.97055,0.00648148,0.963128,2,1,1,0,0,0,0,0
52394,8680644477,1553758,PR #2968,sz_nodemodel,a5883ca1ab8a8f58b58c81c9b03fe03396b47b98,dynamic/github-code-scanning/codeql,success,79271691,szarnekow,194,9,0.0,0.0,,dynamic,0,0,,1,success,1,eae395b5ae7ce3743011065e6d328397ae38adc6,0,0,0,0,0,0,0,0,0,0,0,0,0,0,0,0,0,0,0,0,0,0,0,0,0,0,0,0,16,0,0,0,0,0,0,0,0,0,0,0,[],java-maven,2987585,3623058,1212.7,0,0,0,0,0,0.012037,0.967873,0.00648148,0.958704,0,1,1,0,0,0,0,0
52395,8032563062,1553758,Push on main,main,748d40a1cd0c0400ac799ab3038e6e0e8b77e9cb,dynamic/github-code-scanning/codeql,success,79271691,cdietrich,193,7,0.0,0.0,,dynamic,10,0,2942.0,1,success,1,a01d1069e492eb54ab89a6d827a9543c358825ec,27,34,34,9,0,3,20,3,30,1,1,0,0,1,1,0,0,0,1,0,0,0,0,0,0,1,0,0,16,0,0,15,15,0,0,2,0,0,0,0,[],java-maven,2990265,3622778,1211.52,0,0,0,0,0,0.0037037,0.955144,0.0037037,0.919259,14,1,1,0,0,1,0,1
52396,8570014363,1553758,Push on main,main,77020bbc801f2d5d01b9abd837c2be4f28b5f824,dynamic/github-code-scanning/codeql,success,79271691,cdietrich,194,9,0.0,0.0,,dynamic,8,0,2973.0,1,success,1,4f1669f20b5f2bdd0ad5d4663b2b9261753fd389,30,46,46,10,0,5,22,3,32,1,1,0,0,1,1,0,0,0,1,0,0,0,0,0,0,1,0,0,16,0,0,16,16,0,0,2,0,0,0,0,[],java-maven,2986082,3622924,1213.27,0,0,0,0,0,0.0037037,0.930396,0.00185185,0.866049,10,1,1,0,0,1,0,1
52397,7452495402,1553758,Push on main,main,b85670bc0c8107c2941a5f19348d0ca2a394e258,dynamic/github-code-scanning/codeql,success,79271691,LorenzoBettini,192,7,0.0,0.0,,dynamic,229,0,2890.0,1,success,10,aff64b82d517ca2836e43b3d4dadc1193f409557,2,43,70,0,0,2,113,1,0,0,1,0,0,2,2,2,1,3,82,0,0,0,0,2,2,1,0,0,16,0,0,0,0,0,0,0,0,0,1,0,[],java-maven,2989228,3622360,1211.8,0,0,0,0,0,0.00740741,0.961556,0.000925926,0.999807,91,0,1,0,1,1,0,1
52398,7568109074,1553758,Push on main,main,e8ba5ad25c0570088b2da16d674dd42306d537e3,dynamic/github-code-scanning/codeql,success,79271691,eclipsewebmaster,192,7,0.0,0.0,,dynamic,166,0,2911.0,0,success,7,4eaa306d49576c79e2b3e8b8a483cf426e9ba873,4,80,28,0,0,1,2,2,106,1,1,0,0,3,3,1,0,1,88,0,0,0,0,0,0,1,1,0,16,0,0,78,28,0,0,11,0,0,1,0,[],java-maven,2989572,3622243,1211.63,0,0,0,0,0,0.0138889,0.990079,0.0,1.0,0,0,2,0,1,1,0,1
52399,7368988087,1553758,Push on main,main,2e07b1ce48aee6b3523785a8820e2a9848566b1d,dynamic/github-code-scanning/codeql,success,79271691,cdietrich,192,6,0.0,0.0,,dynamic,18,0,2887.0,1,success,3,32ac1441fa426d16b4a132b8349a03872a311063,39,82,77,12,0,6,24,4,61,2,1,0,0,1,1,0,0,0,1,0,0,0,0,0,0,1,0,0,16,0,0,33,28,0,0,2,0,0,1,0,[],java-maven,2988564,3621833,1211.9,0,0,0,0,0,0.00648148,0.873987,0.00185185,0.856481,15,1,1,0,0,1,0,1
52400,7503372510,1553758,Push on main,main,7465b3e4af40cd757800a788c88bef14fc0d305f,dynamic/github-code-scanning/codeql,success,79271691,szarnekow,192,7,0.0,0.0,,dynamic,30,0,2903.0,0,success,1,6880c8e869ef7f14bf5626286b31efd41945e4ee,10,19,19,8,0,1,2,2,4,0,1,0,0,0,0,0,0,0,0,0,0,0,0,0,0,0,0,0,16,0,0,2,2,0,0,0,0,0,1,0,[],java-maven,2989529,3622193,1211.63,0,0,0,0,0,0.0175926,0.928187,0.0111111,0.945906,7,1,1,0,0,1,0,1
52401,7987815089,1553758,Scheduled,main,0c2b68eed167c5455263ef2e9436a9797f5de12e,dynamic/github-code-scanning/codeql,success,79271691,github-advanced-security[bot],193,7,0.0,0.0,,dynamic,85,0,2930.0,0,success,4,dfef72e1b86ef9815c4bd69f33e8ffabd144f912,1,60,15,0,0,0,0,1,75,0,0,0,0,0,0,0,0,0,0,0,0,0,0,0,0,0,0,0,16,0,0,60,15,0,0,0,0,0,1,0,[],java-maven,2990265,3622778,1211.52,0,0,0,0,0,0.00277778,0.998737,0.00277778,0.997685,0,0,1,0,1,1,0,1
52402,10035468021,1553758,Push on main,main,34a6e3b7e5b4cdc3f1aa5462929def021a8051ed,dynamic/github-code-scanning/codeql,success,79271691,cdietrich,196,8,0.0,1.0,{'chore'},dynamic,8,0,3106.0,1,failure,1,fc680307fc0da479e7edd47720846d5f50ae5d4d,20,35,10,4,0,0,0,4,36,2,1,0,0,0,0,0,0,0,0,0,0,0,0,0,0,0,0,0,22,0,0,28,8,0,0,0,0,0,244,1,[],java-maven,3046509,3754369,1232.35,0,0,0,0,0,0.00925926,0.788255,0.00462963,0.634259,11,1,1,0,0,1,0,1
52403,8675769720,1553758,PR #2969,sz_issue1329,2c6dda6653216a1c464f9cac9a126603f019beb5,dynamic/github-code-scanning/codeql,success,79271691,szarnekow,194,9,0.0,0.0,,dynamic,20,0,2969.0,1,success,18,da53ee975fd770602ee77e11fc25d485c5cee586,197,3547,3509,41,0,53,4406,11,2028,2,1,0,0,67,67,10,8,18,410,0,0,0,0,0,0,1,1,0,16,0,0,1015,1013,1,0,30,0,0,0,0,[],java-maven,2986655,3622926,1213.04,0,0,0,0,0,0.00833333,0.997685,0.00277778,0.998611,0,1,1,0,0,1,0,0
52404,8680475265,1553758,PR #2969,sz_issue1329,7984bde95536098ea7717e71155900499c1453e2,dynamic/github-code-scanning/codeql,success,79271691,szarnekow,194,9,0.0,0.0,,dynamic,20,0,2969.0,1,success,1,dc737fb049c9549756eb66600c2d45098e417efd,4,41,51,1,0,3,90,2,0,1,1,0,0,3,3,0,2,2,88,0,0,0,0,0,0,1,0,0,16,0,0,0,0,0,0,1,0,0,0,0,[],java-maven,2987226,3622381,1212.62,0,0,0,0,0,0.0111111,0.998148,0.00555556,0.998737,0,1,1,0,0,0,0,0
52405,9713491761,1553758,Build,main,1416419d21895381ef2d2d5ab0e859761e7f95cb,.github/workflows/maven.yml,failure,52327453,cdietrich,196,9,0.0,0.0,,push,8,0,3095.0,1,success,1,bedfe08bc1c74a38ec3d58d8179dc3278545de1f,25,26,26,12,0,3,8,6,18,1,1,0,0,1,1,0,0,0,1,0,0,0,0,0,0,1,0,0,22,0,0,9,9,1,0,1,0,0,89,0,[],java-maven,3046443,3754311,1232.36,0,0,0,0,1,0.012963,0.866694,0.00185185,0.832562,25,1,5,0,0,1,0,1
52406,9872053216,1553758,Push on main,main,f17d2521c4ce5667d5e6e7bdb8a235149fa00211,dynamic/github-code-scanning/codeql,success,79271691,miklossy,196,9,0.0,1.0,,dynamic,50,0,3099.0,0,success,1,60240c94231fb428d1791bedfd35f25ea7f113be,4,20,16,0,0,0,0,1,36,0,1,0,0,4,4,0,0,0,10,0,0,0,0,0,0,0,1,0,22,0,0,20,16,0,0,3,0,0,244,1,[],java-maven,3046489,3754360,1232.36,0,0,0,0,0,0.00648148,0.896759,0.000925926,0.899537,1,1,1,0,0,1,0,1
52407,7532337417,1553758,Push on main,main,4eaa306d49576c79e2b3e8b8a483cf426e9ba873,dynamic/github-code-scanning/codeql,success,79271691,LorenzoBettini,192,7,0.0,0.0,,dynamic,0,0,,1,success,1,8f1972148435c3bb9836282eec53e18d739659d7,1,1,1,0,0,1,2,1,0,0,0,0,0,0,0,0,0,0,0,0,0,0,0,0,0,0,0,0,16,0,0,0,0,0,0,0,0,0,1,0,[],java-maven,2989524,3622193,1211.63,0,0,0,0,0,0.0175926,0.932034,0.0101852,0.902867,119,0,1,0,1,1,0,1
52408,7756103118,1553758,Push on main,main,28d84f0b381cae7708253234d5b09ff218b0548a,dynamic/github-code-scanning/codeql,success,79271691,cdietrich,193,8,0.0,0.0,,dynamic,12,0,2926.0,1,success,1,88acf1555988cd81e1756abc0d6d2c3f1f1efa11,10,17,17,1,0,2,6,4,24,2,1,0,0,1,1,0,0,0,0,0,0,0,0,0,0,1,0,0,16,0,0,12,12,0,0,0,0,0,1,0,[],java-maven,2989722,3622304,1211.59,0,0,0,0,0,0.0166667,0.855159,0.0,1.0,5,1,1,0,0,1,0,1
52409,9162446715,1553758,Push on main,main,c91a45430f1c86c63d27e2ae80a7c84084082b3c,dynamic/github-code-scanning/codeql,success,79271691,cdietrich,195,11,0.0,0.0,,dynamic,6,0,3050.0,1,success,1,2c4953968ff7216baa5f99597ceeff896c1586db,1,1,1,0,0,1,2,1,0,0,0,0,0,0,0,0,0,0,0,0,0,0,0,0,0,0,0,0,22,0,0,0,0,0,0,0,0,0,0,0,[],java-maven,3062125,3770553,1231.35,0,0,0,0,0,0.0212963,0.882568,0.00462963,0.918293,22,1,1,0,0,1,0,1
52410,8612375054,1553758,PR #2983,lb_2981,400d9434091e5152bfbc56331073616093364a67,dynamic/github-code-scanning/codeql,success,79271691,LorenzoBettini,194,9,0.0,0.0,,dynamic,60,0,2983.0,1,success,3,21b629c63a31fcd519ac8604e1724ef122efe24c,7,33,17,0,0,2,18,2,32,1,1,0,0,6,6,9,8,17,122,0,0,0,0,0,0,1,1,0,16,0,0,16,16,0,0,0,0,0,0,0,[],java-maven,2986090,3622924,1213.27,0,0,0,0,0,0.00833333,0.892544,0.00648148,0.880447,12,0,1,0,1,0,0,0
52411,9000549366,1553758,Scheduled,main,bc7f1691285b43ea102aee593273e1b144d48689,dynamic/github-code-scanning/codeql,success,79271691,github-advanced-security[bot],195,11,0.0,0.0,,dynamic,12,0,3029.0,0,success,1,cbb2edc072534b24b78c94e1b98e0951992e22e1,6,6,6,3,0,3,6,2,0,1,0,0,0,3,3,0,0,0,4,0,0,0,0,0,0,1,0,0,16,0,0,0,0,0,0,0,0,0,0,0,[],java-maven,2989712,3623226,1211.9,0,0,0,0,0,0.0157407,0.99213,0.0,1.0,0,0,1,0,1,1,0,1
52412,9109526543,1553758,Build,lb_3001,328cf3d3d2df72fbb05f24f9fa781e03492755ae,.github/workflows/maven.yml,cancelled,52327453,LorenzoBettini,195,11,0.0,0.0,,push,0,0,,1,failure,1,f142d0af8966e53a9b057e0fb2bd449553eea4ed,2,2,20,0,0,0,0,1,22,0,0,0,0,2,2,0,0,0,4,0,0,0,0,2,2,0,1,0,20,0,0,2,20,0,0,0,0,0,95,0,[],java-maven,2989943,3623679,1211.96,0,0,0,0,1,0.0203704,0.919552,0.00648148,0.89892,84,0,5,0,1,1,0,0
52413,9418350048,1553758,Push on main,main,ce601cddf2a59d920ded641bd7d30fbf05038291,dynamic/github-code-scanning/codeql,success,79271691,LorenzoBettini,196,10,0.0,0.0,,dynamic,76,0,3079.0,1,success,2,21d8f07966f471af5b37aa195b9edfde4bd087d5,13,12,22537,35,0,48,5257,9,15763,1,1,0,147,0,147,0,0,0,0,0,0,0,0,1239,1239,1,1,0,22,0,180,0,15763,1,0,0,0,0,0,0,[],java-maven,3046841,3754935,1232.4,0,0,0,0,0,0.0194444,0.883681,0.00185185,0.936921,118,0,1,0,1,1,0,1
52414,7439224230,1553758,Build,sz_bundleConstraints,a31ce7ed14643765ca071f38d62427021c5c1b4e,.github/workflows/maven.yml,failure,52327453,szarnekow,192,6,0.0,0.0,,push,94,0,2892.0,0,success,1,a2be9f39c625f94422a51fa01def81da5c756804,4,206,128,2,0,2,292,3,39,1,1,1,0,2,3,2,4,6,24,1,0,1,8,3,11,1,1,0,16,1,0,39,0,0,0,0,0,0,54,0,[],java-maven,2988576,3621653,1211.83,0,0,0,0,1,0.00740741,0.814815,0.00185185,0.83179,2,1,3,0,0,1,0,0
52415,7444569907,1553758,Push on main,main,316daf75a256bfca1add4c2f53ac20389bb78e11,dynamic/github-code-scanning/codeql,success,79271691,szarnekow,192,6,0.0,0.0,,dynamic,94,0,2892.0,1,success,1,dddc2743e673095e3038acd9b667998810579c81,100,2437,2277,52,0,5,302,6,2760,1,1,1,0,3,4,2,0,2,27,1,0,1,8,0,8,1,1,0,16,1,0,1399,1361,0,0,1,0,0,1,0,[],java-maven,2988572,3621653,1211.83,0,0,0,0,0,0.00740741,0.880174,0.000925926,0.916281,3,1,1,0,0,1,0,1
52416,9172507942,1553758,PR #3052,lb_3051,99ab54758eabf1a2ad5109a38d214abb597470de,dynamic/github-code-scanning/codeql,success,79271691,LorenzoBettini,195,11,0.0,0.0,,dynamic,44,0,3052.0,1,success,1,2c80763af8c2f7d800bf779110c8d87a2ee4517b,1,1,1,0,0,0,0,1,2,0,0,0,0,1,1,0,0,0,6,0,0,0,0,0,0,0,1,0,22,0,0,1,1,0,0,0,0,0,0,0,[],java-maven,3062125,3770557,1231.35,0,0,0,0,0,0.0175926,0.945055,0.00462963,0.95295,131,0,1,0,1,0,0,0
52417,9059389491,1553758,PR #3015,lb_3014,08075c9b1f6c43e446fc0b9f2408169df15e6b20,dynamic/github-code-scanning/codeql,success,79271691,LorenzoBettini,195,11,0.0,0.0,,dynamic,0,0,,1,failure,1,a064b20b221a25d07003d8c40044669cbdfe0960,1,2,2,0,0,0,0,1,0,0,0,0,0,0,0,0,0,0,0,0,0,0,0,0,0,0,0,0,16,0,0,0,0,0,1,0,0,0,0,0,[],java-maven,2989659,3623235,1211.92,0,0,0,0,0,0.0175926,0.927296,0.00555556,0.897222,41,0,1,0,1,0,0,0
52418,7447298870,1553758,Push on main,main,c73589d4c13c2467d6da4b66def697d03a8cc8ab,dynamic/github-code-scanning/codeql,success,79271691,LorenzoBettini,192,6,0.0,0.0,,dynamic,72,0,2889.0,0,success,1,d0682d7b6227a8d5363e1ff6d5347bc732324131,3,16,33,1,0,2,22,2,0,1,0,0,0,2,2,0,0,0,75,0,0,0,0,1,1,1,0,0,16,0,0,0,0,0,0,0,0,0,1,0,[],java-maven,2988556,3621632,1211.83,0,0,0,0,0,0.00740741,0.958397,0.000925926,0.999768,60,0,1,0,1,1,0,1
52419,8156665269,1553758,PR #2952,sz_bundle_dep,e966628fe12aff3e7f539ea970d3cc8e8f1e2bbe,dynamic/github-code-scanning/codeql,success,79271691,szarnekow,193,7,0.0,0.0,,dynamic,0,0,,1,success,1,701dea96abbf9e7b7870de2ecfb3900f0e1feeaf,1,12,12,0,0,1,24,1,0,0,0,0,0,0,0,0,0,0,0,0,0,0,0,0,0,0,0,0,16,0,0,0,0,0,0,0,0,0,0,0,[],java-maven,2990265,3622778,1211.52,0,0,0,0,0,0.0037037,0.921652,0.0,1.0,0,1,1,0,0,0,0,0
52420,9808258209,1553758,PR #3098,refs/pull/3098/head,000b7b9cf2e09a8dc75101a2161d91e8e08c3985,dynamic/github-code-scanning/codeql,success,79271691,cdietrich,196,9,0.0,0.0,,dynamic,8,0,3098.0,1,success,1,8e712b0a8e6a12fae76750e0b55cf8d96e5e66df,14,26,26,3,0,4,8,2,32,1,1,0,0,0,0,0,0,0,0,0,0,0,0,0,0,0,0,0,22,0,0,16,16,0,0,0,0,0,0,0,[],java-maven,3046488,3754356,1232.36,0,0,0,0,0,0.0111111,0.879768,0.000925926,0.933025,25,1,1,0,0,0,0,0
52421,7357222274,1553758,PR #2873,lb_xtend_validator_tests,c2789f6692e7ffd139c8d1e51e54b3d0e7123da6,dynamic/github-code-scanning/codeql,success,79271691,LorenzoBettini,192,6,0.0,0.0,,dynamic,36,0,2898.0,1,success,1,5d39e3660fbdf3fa7a55330417aa7362e38b8dad,1,5,2,0,0,0,0,1,7,0,0,0,0,1,1,0,0,0,0,0,0,0,0,0,0,0,1,0,16,0,0,5,2,0,0,1,0,0,1,0,[],java-maven,2988705,3621984,1211.89,0,0,0,0,0,0.00462963,0.959537,0.0,1.0,18,0,1,0,1,1,0,0
52422,9081288683,1553758,Push on main,main,568503fa74feb53b1a7f206016ecd25d790b60e2,dynamic/github-code-scanning/codeql,success,79271691,cdietrich,195,11,0.0,0.0,,dynamic,8,0,3035.0,0,success,1,93b386048ecebcafc7a4611f59278ba2e12f6168,2,13,5,0,0,2,18,1,0,0,1,0,0,0,0,0,0,0,0,0,0,0,0,0,0,0,0,0,16,0,0,0,0,0,0,0,0,0,0,0,[],java-maven,2989798,3623412,1211.93,0,0,0,0,0,0.0185185,0.865539,0.00648148,0.854828,11,1,1,0,0,1,0,1
52423,8463608509,1553758,PR #2966,miklossy_formatter_abstract_base_class,087f315e21f2cbd10853a040ea331a40f785e3d9,dynamic/github-code-scanning/codeql,success,79271691,miklossy,194,9,0.0,0.0,,dynamic,0,0,,1,success,30,538de855b6f6e667581fb95237cfca6637c365bf,317,2769,9268,89,0,195,7075,13,3144,2,1,2,79,11,92,2,0,2,47,2,0,2,13,329,342,1,1,0,16,6,79,1645,1499,1,1,9,0,0,0,0,[],java-maven,2986083,3622940,1213.28,0,0,0,0,0,0.00277778,0.816919,0.00185185,0.81734,0,1,1,0,0,0,0,0
52424,7479982948,1553758,PR #2904,cd_lsp4j0212,50a02846d6b47e3e587afbc4f186aad9ce981fe9,dynamic/github-code-scanning/codeql,success,79271691,cdietrich,192,7,0.0,0.0,,dynamic,6,0,2904.0,1,success,23,bfc947dda8f94a4ef545ca6efc46aecc4f4ad06a,27,158,349,1,0,2,113,7,391,2,1,5,1,5,11,2,1,3,84,0,0,0,56,6,62,1,1,0,16,0,6,113,278,0,0,1,0,0,1,0,[],java-maven,2989540,3622195,1211.62,0,0,0,0,0,0.0175926,0.781406,0.0111111,0.759259,6,1,1,0,0,1,0,0
52425,9873339957,1553758,PR #3101,refs/pull/3101/head,e12b39362944f67d67da9157e0fe2a7720955998,dynamic/github-code-scanning/codeql,success,79271691,miklossy,196,9,0.0,0.0,,dynamic,37,0,3101.0,1,success,1,f17d2521c4ce5667d5e6e7bdb8a235149fa00211,1,11,2,0,0,0,0,1,13,0,0,0,0,1,1,0,0,0,20,0,0,0,1,0,1,0,1,0,22,0,0,11,2,0,0,0,0,0,220,1,[],java-maven,3046494,3754369,1232.36,0,0,0,0,0,0.00648148,0.920584,0.000925926,0.922721,1,1,1,0,0,0,0,0
52426,9076577818,1553758,PR #3035,cd/regen_docs,0c3c2e054ca919c2fe5a09c6ac168b2ac2435407,dynamic/github-code-scanning/codeql,success,79271691,cdietrich,195,11,0.0,0.0,,dynamic,8,0,3035.0,0,success,1,9ad95825dcb29a1511a08c2e43d03ee2e0434974,2,13,5,0,0,2,18,1,0,0,1,0,0,0,0,0,0,0,0,0,0,0,0,0,0,0,0,0,16,0,0,0,0,0,0,0,0,0,0,0,[],java-maven,2989793,3623412,1211.93,0,0,0,0,0,0.0185185,0.859428,0.00648148,0.843661,10,1,1,0,0,0,0,0
52427,7887194706,1553758,Push on main,main,56e21956e314618e390963d6727ea1a113a7a90c,dynamic/github-code-scanning/codeql,success,79271691,cdietrich,193,7,0.0,0.0,,dynamic,8,0,2932.0,1,success,1,58dfd777cd495f163c689bdd0508619864810c8f,10,55,55,2,0,0,0,2,88,1,1,0,0,0,0,0,0,0,0,0,0,0,0,0,0,0,0,0,16,0,0,44,44,0,0,0,0,0,1,0,[],java-maven,2990202,3622725,1211.53,0,0,0,0,0,0.00555556,0.965741,0.0,1.0,8,1,1,0,0,1,0,1
52428,7592791331,1553758,PR #2917,lb_tycho50-1,4ff9573220b2e0843d70e16095994e012fe6a4e4,dynamic/github-code-scanning/codeql,success,79271691,LorenzoBettini,192,7,0.0,0.0,,dynamic,73,0,2917.0,1,success,5,3203ee56dcece8a5ae486d8a44cec1360db0f196,4,67,56,1,0,2,72,3,36,1,1,1,0,2,3,0,1,1,87,0,0,0,0,0,0,1,1,0,16,1,0,32,4,0,0,1,0,0,1,0,[],java-maven,2989555,3622271,1211.64,0,0,0,0,0,0.0194444,0.929028,0.00555556,0.958889,115,0,1,0,1,0,0,0
52429,7573915043,1553758,Build,lb_2912,71ba175ca4644efa58106f362fc38ea2beebd4f1,.github/workflows/maven.yml,success,52327453,LorenzoBettini,192,7,0.0,0.0,,pull_request,195,0,2913.0,1,success,3,e8ba5ad25c0570088b2da16d674dd42306d537e3,2,55,40,0,0,1,60,1,35,0,1,1,0,2,3,0,1,1,87,0,0,0,0,0,0,1,1,0,16,1,0,31,4,0,0,1,0,0,54,0,[],java-maven,2989570,3622270,1211.64,0,0,0,0,1,0.0138889,0.941073,0.0,1.0,126,0,3,0,1,0,0,0
52430,9083150693,1553758,Push on main,main,aa5fb2291ac5699cfb870aceb36e74e7308894e3,dynamic/github-code-scanning/codeql,success,79271691,LorenzoBettini,195,11,0.0,0.0,,dynamic,322,0,2986.0,0,success,26,9964dba09d8fdf1f8292e914898322db38ea96c1,35,731,381,3,0,5,61,6,1022,2,1,7,0,19,26,1,0,1,125,0,0,0,27,3,30,1,1,0,20,7,0,650,372,0,1,52,0,0,0,0,[],java-maven,2989969,3623690,1211.95,0,0,0,0,0,0.0194444,0.920494,0.00740741,0.892788,72,0,1,0,1,1,0,1
52431,7365360607,1553758,Build,cd_mwe2170m0,5c9a84681d57f5358558a6f160f768fd82cf1785,.github/workflows/maven.yml,failure,52327453,cdietrich,192,6,0.0,0.0,,push,18,0,2887.0,1,success,1,a202bccf0f9b3bbc2378bd70d7d32bb0a98a1eae,8,16,16,8,0,0,0,1,0,0,1,0,0,0,0,0,0,0,0,0,0,0,0,0,0,0,0,0,16,0,0,0,0,0,0,0,0,0,54,0,[],java-maven,2988559,3621828,1211.9,0,0,0,0,1,0.00648148,0.855985,0.00185185,0.799074,13,1,3,0,0,1,0,0
52432,9175715130,1553758,Push on main,main,781b73b81c96534072930fa85d948facae737e79,dynamic/github-code-scanning/codeql,success,79271691,cdietrich,195,11,0.0,0.0,,dynamic,40,0,3055.0,1,failure,1,9047a4c2d1c07445d1d9bb51737b090f4377eb68,21,31,31,10,0,2,4,4,20,1,1,0,0,1,1,0,0,0,1,0,0,0,0,0,0,1,0,0,22,0,0,10,10,0,0,1,0,0,0,0,[],java-maven,3062134,3770706,1231.4,0,0,0,0,0,0.0212963,0.864892,0.0101852,0.885206,24,1,1,0,0,1,0,1
52433,9580699381,1553758,Scheduled,main,1cb474441d19df9692dc69125dfab5042dd71814,dynamic/github-code-scanning/codeql,success,79271691,github-advanced-security[bot],196,10,0.0,0.0,,dynamic,40,0,3090.0,0,failure,1,65dc977d89616bdb272cfb831724405b3d5b3856,2,35,5,0,0,1,19,1,21,0,1,0,0,2,2,1,0,1,7,0,0,0,2,0,2,1,1,0,22,0,0,18,3,0,0,0,0,0,0,0,[],java-maven,3046471,3754270,1232.33,0,0,0,0,0,0.012963,0.995014,0.00277778,0.997685,0,0,1,0,1,1,0,1
52434,9138362207,1553758,PR #3048,cd-java-source-lang-21,4de0539f50c61e969dbf3ad245e6e4f459db9dda,dynamic/github-code-scanning/codeql,success,79271691,cdietrich,195,11,0.0,0.0,,dynamic,12,0,3048.0,1,failure,12,19acf4bc164eeaf4bb9ebaa7a79b5bdc318c014e,33,15847,13602,1,0,2,37,11,29406,2,1,2,0,23,25,81,40,121,176,34,24,58,25,3,28,1,1,0,22,5,0,15812,13594,0,0,600,0,0,0,0,[],java-maven,3062125,3770548,1231.35,0,0,0,0,0,0.0222222,0.869976,0.00555556,0.905382,18,1,1,0,0,0,0,0
52435,8528172989,1553758,PR #2966,miklossy_formatter_abstract_base_class,a4d9485ef6834dbce2ae9b00a2a177f791e74d54,dynamic/github-code-scanning/codeql,success,79271691,miklossy,194,9,0.0,0.0,,dynamic,0,0,,1,success,1,087f315e21f2cbd10853a040ea331a40f785e3d9,29,1857,1940,0,0,0,0,2,3797,1,1,0,0,13,13,3,1,4,5,0,0,0,57,2,59,0,1,0,16,0,0,1857,1940,0,0,149,0,0,0,0,[],java-maven,2985992,3622857,1213.28,0,0,0,0,0,0.00277778,0.845085,0.00185185,0.845442,0,1,1,0,0,0,0,0
52436,9503670077,1553758,PR #3088,cd-br-2,cd49815313df3f6b3094f8fee62dc202e057202f,dynamic/github-code-scanning/codeql,success,79271691,cdietrich,196,10,0.0,0.0,,dynamic,6,0,3088.0,1,success,1,ce8b8d19db3ed857b406e0bc921e832978f48b8b,1,2,2,0,0,1,4,1,0,0,0,0,0,0,0,0,0,0,0,0,0,0,0,0,0,0,0,0,22,0,0,0,0,0,0,0,0,0,0,0,[],java-maven,3046443,3754255,1232.34,0,0,0,0,0,0.0212963,0.861169,0.00740741,0.873843,29,1,1,0,0,0,0,0
52437,7446611712,1553758,PR #2894,sz_issue2351,e3d6ffd72cb5941aac157da0a2edd7b8d36d5af8,dynamic/github-code-scanning/codeql,success,79271691,szarnekow,192,6,0.0,0.0,,dynamic,24,0,2894.0,1,success,2,a5a8d74f67243dcaeec5a828638340ba7fa44a00,3,26,25,0,0,1,7,1,44,0,1,0,0,3,3,0,0,0,28,0,0,0,0,0,0,1,1,0,16,0,0,24,20,0,0,0,0,0,1,0,[],java-maven,2989095,3622166,1211.79,0,0,0,0,0,0.00740741,0.932099,0.000925926,0.959815,5,1,1,0,0,0,0,0
52438,9271980270,1553758,Push on main,main,65f5662494356f0db75a431ab5480b0905be0e5f,dynamic/github-code-scanning/codeql,success,79271691,github-advanced-security[bot],196,12,0.0,0.0,,dynamic,36,0,3071.0,0,success,2,4ea5f7f9f1cbbe6c651afc8c116b67f143c92d88,3,17,1,0,0,2,16,3,0,2,1,0,0,0,0,0,0,0,0,0,0,0,0,0,0,0,0,0,22,0,0,0,0,1,0,0,0,0,0,0,[],java-maven,3062113,3770698,1231.4,0,0,0,0,0,0.0222222,0.991453,0.0037037,0.997355,0,0,2,0,1,1,0,1
52439,9859026044,1553758,PR #3099,refs/pull/3099/head,bf48667ed971c6c63cd151f93a49c39617349fe0,dynamic/github-code-scanning/codeql,success,79271691,miklossy,196,9,0.0,0.0,,dynamic,50,0,3099.0,1,success,1,785a725aaa7a339f580df5c3b362312e8cc8d0d3,4,20,16,0,0,0,0,1,36,0,1,0,0,4,4,0,0,0,10,0,0,0,0,0,0,0,1,0,22,0,0,20,16,0,0,3,0,0,220,1,[],java-maven,3046489,3754360,1232.36,0,0,0,0,0,0.00740741,0.884774,0.000925926,0.888375,0,1,1,0,0,0,0,0
52440,8586842155,1553758,Push on main,main,36837f5b3cd8201dfcb6ffedb17d48e9987d22fc,dynamic/github-code-scanning/codeql,success,79271691,cdietrich,194,10,0.0,0.0,,dynamic,4,0,2980.0,1,success,1,1d2804aeab71aa3744cd9ea7122b8b399d957f32,6,6,6,1,0,3,6,3,4,1,1,0,0,1,1,0,0,0,3,0,0,0,0,0,0,1,0,0,16,0,0,2,2,0,0,1,0,0,0,0,[],java-maven,2986082,3622924,1213.27,0,0,0,0,0,0.00555556,0.938552,0.0037037,0.893762,12,1,1,0,0,1,0,1
52441,9503672021,1553758,Push on main,main,65dc977d89616bdb272cfb831724405b3d5b3856,dynamic/github-code-scanning/codeql,success,79271691,cdietrich,196,10,0.0,0.0,,dynamic,6,0,3088.0,1,success,2,6a72a14a6ac5e42efa8f29abe3439154a6e9e924,3,3,614,0,0,3,617,2,0,1,0,0,0,0,0,0,0,0,0,0,0,0,0,0,0,0,0,0,22,0,0,0,0,0,0,0,0,0,0,0,[],java-maven,3046443,3754255,1232.34,0,0,0,0,0,0.0212963,0.862883,0.00740741,0.877666,30,1,1,0,0,1,0,1
52442,8160860905,1553758,Push on main,main,37af9fa0ff85f1b49245f8f3796baf53e306343b,dynamic/github-code-scanning/codeql,success,79271691,szarnekow,193,7,0.0,0.0,,dynamic,12,0,2952.0,1,success,2,60628f034883dd1fb79204cef03102583ae3f8dc,77,351,351,41,0,2,26,3,432,0,1,0,0,1,1,0,0,0,2,0,0,0,0,0,0,1,0,0,16,0,0,216,216,0,0,1,0,0,0,0,[],java-maven,2985881,3622789,1213.31,0,0,0,0,0,0.0037037,0.949074,0.0,1.0,3,1,1,0,0,1,0,1
52443,7768450422,1553758,PR #2927,sz_nodemodel,aa284e201ac76c43bd3e9760f39711a720ed2a2f,dynamic/github-code-scanning/codeql,success,79271691,szarnekow,193,8,0.0,0.0,,dynamic,26,0,2927.0,1,success,1,bb2c5105f8edda841a18907a3011eefc86fb2ef5,2,2,5,0,0,2,7,1,0,0,0,0,0,2,2,0,0,0,10,0,0,0,0,0,0,1,0,0,16,0,0,0,0,0,0,0,0,0,1,0,[],java-maven,2989728,3622304,1211.58,0,0,0,0,0,0.0166667,0.893275,0.0,1.0,6,1,1,0,0,1,0,0
52444,8908164528,1553758,PR #3025,LorenzoBettini-patch-1,cac8bf03b772912715d5b1575dd9b6c7c17e8e2a,dynamic/github-code-scanning/codeql,success,79271691,LorenzoBettini,195,11,0.0,0.0,,dynamic,6,0,3025.0,1,success,15,6bd7974027c022826959ca62a0ea54b7a1afacc7,14,131,229,65,0,10,103,4,127,1,1,2,0,9,11,6,0,6,89,0,0,0,12,2,14,1,1,0,16,1,95,59,68,0,0,3,0,0,0,0,[],java-maven,2989712,3623226,1211.9,0,0,0,0,0,0.0222222,0.925654,0.000925926,0.999919,45,0,1,0,1,0,0,0
52445,7445220631,1553758,PR #2894,sz_issue2351,28ff54e47cb60a4411d5bb3f5146622f844fa2bd,dynamic/github-code-scanning/codeql,success,79271691,szarnekow,192,6,0.0,0.0,,dynamic,0,0,,1,success,1,dddc2743e673095e3038acd9b667998810579c81,1,568,2,0,0,1,36,2,534,1,1,1,0,1,2,0,0,0,22,0,0,0,3,0,3,1,1,0,16,2,0,534,0,0,0,0,0,0,1,0,[],java-maven,2988912,3622149,1211.86,0,0,0,0,0,0.00740741,0.907407,0.000925926,0.940904,3,1,1,0,0,0,0,0
52446,8675772039,1553758,PR #2969,sz_issue1329,c817b84a1ff3d721c1033ca3296beb8bcbc30183,dynamic/github-code-scanning/codeql,success,79271691,szarnekow,194,9,0.0,0.0,,dynamic,0,0,,1,success,1,2c6dda6653216a1c464f9cac9a126603f019beb5,35,1529,827,5,0,31,1424,9,884,2,1,8,7,25,40,24,2,26,182,8,0,8,115,58,173,1,1,0,16,9,16,174,710,0,0,6,0,0,0,0,[],java-maven,2987231,3622381,1212.62,0,0,0,0,0,0.00833333,0.997917,0.00277778,0.998843,0,1,1,0,0,0,0,0
52447,8550762897,1553758,PR #2972,cd/asm97,2bfb72919b4fd9578a712c1071ac00ed77f845a3,dynamic/github-code-scanning/codeql,success,79271691,cdietrich,194,9,0.0,0.0,,dynamic,46,0,2972.0,0,success,1,1d83f8991764af318c917f5e2b34d86981742172,52,74,74,23,0,8,34,7,42,2,1,0,0,3,3,0,0,0,4,0,0,0,0,0,0,1,0,0,16,0,0,21,21,1,0,3,0,0,0,0,[],java-maven,2986082,3622924,1213.27,0,0,0,0,0,0.00277778,0.999306,0.0,1.0,7,1,1,0,0,0,0,0
52448,9858391156,1553758,PR #3099,refs/pull/3099/head,6b0b6e48ffb35fbff37f0f2542b8690796dabeeb,dynamic/github-code-scanning/codeql,success,79271691,miklossy,196,9,0.0,0.0,,dynamic,0,0,,1,failure,1,785a725aaa7a339f580df5c3b362312e8cc8d0d3,4,20,16,0,0,0,0,1,36,0,1,0,0,4,4,0,0,0,10,0,0,0,0,0,0,0,1,0,22,0,0,20,16,0,0,3,0,0,220,1,[],java-maven,3046489,3754360,1232.36,0,0,0,0,0,0.00740741,0.851852,0.000925926,0.856481,0,1,1,0,0,0,0,0
52449,9223806687,1553758,PR #3066,lb_docs,5bdbdecb8bcb6bf1f21ded6037f20b2dd5f9e906,dynamic/github-code-scanning/codeql,success,79271691,LorenzoBettini,195,11,0.0,0.0,,dynamic,8,0,3066.0,1,success,1,750a921cd7cce7433a486e47f4b0ac501485897e,1,24,10,0,0,1,34,1,0,0,0,0,0,1,1,0,0,0,42,0,0,0,0,0,0,1,0,0,22,0,0,0,0,0,0,0,0,0,0,0,[],java-maven,3062102,3770698,1231.41,0,0,0,0,0,0.0212963,0.909703,0.0111111,0.824879,133,0,1,0,1,0,0,0
52450,9174466542,1553758,PR #3055,cd-gson2110,ef3d7e124bb450d98d95c703b548d4883dc357ec,dynamic/github-code-scanning/codeql,success,79271691,cdietrich,195,11,0.0,0.0,,dynamic,40,0,3055.0,1,success,1,73fed79aeabb5ba54eca1454b9b63930cfdce355,0,0,0,0,0,0,0,0,0,0,0,0,0,0,0,0,0,0,0,0,0,0,0,0,0,0,0,0,22,0,0,0,0,0,0,0,0,0,0,0,[],java-maven,3062134,3770706,1231.4,0,0,0,0,0,0.0212963,0.877474,0.00925926,0.90366,23,1,1,0,0,0,0,0
52451,8908425942,1553758,Scheduled,main,0afffe3fb47c145e133fa6009b1df34f15114ffd,dynamic/github-code-scanning/codeql,success,79271691,github-advanced-security[bot],195,11,0.0,0.0,,dynamic,62,0,3022.0,0,success,2,c6717dc342df10a47d826f8492388e6b6226cdb1,3,23,23,0,0,2,40,1,6,0,1,0,0,3,3,0,0,0,76,0,0,0,1,1,2,1,1,0,16,0,0,3,3,0,0,0,0,0,0,0,[],java-maven,2989712,3623226,1211.9,0,0,0,0,0,0.0222222,0.989899,0.000925926,0.999339,0,0,1,0,1,1,0,1
52452,7472563311,1553758,Build,lb-xtend-performance-tests,1b3eafa410e7e3286c488662f6c2b9490c582936,.github/workflows/maven.yml,failure,52327453,LorenzoBettini,192,7,,,,pull_request,0,0,,1,failure,0,,0,0,0,0,0,0,0,0,0,0,0,0,0,0,0,0,0,0,0,0,0,0,0,0,0,0,0,0,21,0,0,0,0,0,0,0,0,0,54,0,[],java-maven,2989487,3622141,1211.63,0,0,0,0,1,0.0111111,0.918902,0.00462963,0.850995,102,0,3,0,1,0,0,0
52453,9111508771,1553758,Push on main,main,579d91ebb2b0fa4e0be74e092dfbde1bdd9d743b,dynamic/github-code-scanning/codeql,success,79271691,LorenzoBettini,195,11,0.0,0.0,,dynamic,98,0,3038.0,0,success,9,f212edbe0aa9d85d9af8a864010e895cf979cee3,248,303,2062,0,0,0,0,2,2365,0,1,1,6,236,243,0,0,0,309,0,0,0,299,439,738,0,1,0,20,0,7,303,2062,0,0,0,0,0,0,0,[],java-maven,3059819,3766940,1231.1,0,0,0,0,0,0.0203704,0.920701,0.00648148,0.905237,85,0,1,0,1,1,0,1
52454,8184597036,1553758,PR #2955,lb_tycho4,0a9d0728b2c71db3171ae9e898c81872a819c65b,dynamic/github-code-scanning/codeql,success,79271691,LorenzoBettini,193,8,0.0,0.0,,dynamic,0,0,,0,success,1,a83ad0838a111b09bde4885f1c9b3d4ea232b351,1,15,0,0,0,0,0,1,15,0,0,0,0,0,0,0,0,0,0,0,0,0,0,0,0,0,0,0,16,0,0,15,0,0,0,0,0,0,0,0,[],java-maven,2985902,3622803,1213.3,0,0,0,0,0,0.0037037,0.967145,0.0,1.0,20,0,1,0,1,0,0,0
52455,8170817461,1553758,Scheduled,main,462ae2833df2e8c2a535592697e597edf4de0bb6,dynamic/github-code-scanning/codeql,success,79271691,github-advanced-security[bot],193,8,0.0,0.0,,dynamic,115,0,2950.0,0,success,6,37af9fa0ff85f1b49245f8f3796baf53e306343b,11,47,20,4,0,2,4,5,42,2,1,0,0,2,2,0,0,0,3,1,0,1,1,0,1,0,1,0,16,0,0,29,13,0,1,3,0,0,0,0,[],java-maven,2985900,3622805,1213.3,0,0,0,0,0,0.0037037,0.998148,0.0,1.0,0,0,1,0,1,1,0,1
52456,8294883248,1553758,Push on main,main,7276c2e2db87a695e67ea09fc911fcd3b6ee6f79,dynamic/github-code-scanning/codeql,success,79271691,cdietrich,193,9,0.0,0.0,,dynamic,8,0,2959.0,1,success,1,9ffc0c906cfc651db57d477dae970225c4057ed7,1,10,2,1,0,0,0,1,0,0,0,0,0,0,0,0,0,0,0,0,0,0,0,0,0,0,0,0,16,0,0,0,0,0,0,0,0,0,0,0,[],java-maven,2986077,3622918,1213.27,0,0,0,0,0,0.00462963,0.961093,0.0,1.0,16,1,1,0,0,1,0,1
52457,8949368254,1553758,PR #3029,lb_deprecated_last_update,bfb3c4e7c86c65924334eb1c27f4a260a72fe3a9,dynamic/github-code-scanning/codeql,success,79271691,LorenzoBettini,195,10,0.0,0.0,,dynamic,12,0,3029.0,1,success,1,cbb2edc072534b24b78c94e1b98e0951992e22e1,6,6,6,3,0,3,6,2,0,1,0,0,0,3,3,0,0,0,4,0,0,0,0,0,0,1,0,0,16,0,0,0,0,0,0,0,0,0,0,0,[],java-maven,2989712,3623226,1211.9,0,0,0,0,0,0.0185185,0.928925,0.0,1.0,47,0,1,0,1,0,0,0
52458,8787882100,1553758,Build,lb_2293,8ea116b0289dbace6edc8cfe0e9d3f1ae104512c,.github/workflows/maven.yml,failure,52327453,LorenzoBettini,194,11,0.0,0.0,,push,0,0,,0,success,2,fadf9c715a71b064f7319392433257e7287a9956,4,32,11,0,0,3,41,1,2,0,1,0,0,4,4,1,0,1,42,1,0,1,1,0,1,1,1,0,16,0,0,1,1,0,0,1,0,0,63,0,[],java-maven,2988705,3622481,1212.06,0,0,0,0,1,0.0138889,0.935406,0.00185185,0.945696,20,0,4,0,1,1,0,0
52459,8765169268,1553758,Build,lb_2998,08f234d27182d174996e310c77507ee2281e8d91,.github/workflows/maven.yml,cancelled,52327453,LorenzoBettini,194,11,0.0,0.0,,push,0,0,,1,success,1,73bd1580bcea48d7ed27f990cadbc5ae4d308572,12,15,11,0,0,4,12,4,14,2,1,0,0,7,7,0,0,0,0,0,0,0,0,0,0,1,1,0,16,0,0,5,9,0,0,0,0,0,63,0,[],java-maven,2988640,3622445,1212.07,0,0,0,0,1,0.012037,0.948495,0.0037037,0.998843,15,0,4,0,1,0,0,0
52460,8818708044,1553758,PR #3004,lb_2293,328083dfaa5cfec82b308ce758c1504cb916eb2e,dynamic/github-code-scanning/codeql,success,79271691,LorenzoBettini,194,11,0.0,0.0,,dynamic,0,0,,1,success,15,9b8cc604f4921b2d7a80f58fe9b5d04e2033f9af,28,90,54,11,0,4,14,7,38,2,1,0,0,4,4,1,0,1,14,0,0,0,1,0,1,1,1,0,16,0,0,23,15,1,1,4,0,0,0,0,[],java-maven,2988752,3622503,1212.05,0,0,0,0,0,0.0212963,0.885154,0.0111111,0.856151,27,0,1,0,1,1,0,0
52461,8023314465,1553758,Build,cd_resLeak,f2043e521c4d6dca0e5ee6a7a4755004f4cc072f,.github/workflows/maven.yml,failure,52327453,cdietrich,193,7,0.0,0.0,,push,0,0,,1,success,1,a01d1069e492eb54ab89a6d827a9543c358825ec,1,2,3,0,0,1,5,1,0,0,0,0,0,1,1,0,0,0,6,0,0,0,0,0,0,1,0,0,16,0,0,0,0,0,0,0,0,0,54,0,[],java-maven,2990264,3622778,1211.52,0,0,0,0,1,0.0037037,0.950768,0.0037037,0.90388,12,1,3,0,0,0,0,0
52462,9109824026,1553758,PR #3041,cd/jetty11021,eb2b31d2412345ce0fb75df052ebd89da93aee31,dynamic/github-code-scanning/codeql,success,79271691,cdietrich,195,11,0.0,0.0,,dynamic,8,0,3041.0,0,success,1,f212edbe0aa9d85d9af8a864010e895cf979cee3,10,15,15,1,0,2,4,4,24,2,1,0,0,1,1,0,0,0,0,0,0,0,0,0,0,1,0,0,20,0,0,12,12,0,0,0,0,0,0,0,[],java-maven,3061152,3768699,1231.14,0,0,0,0,0,0.0203704,0.853505,0.00648148,0.920584,14,1,1,0,0,0,0,0
52463,9179949724,1553758,PR #3058,cd-lsp4j-0231,136d3eb3440dcf9e93a0910c17c2871b9a84ad12,dynamic/github-code-scanning/codeql,success,79271691,cdietrich,195,11,0.0,0.0,,dynamic,8,0,3058.0,1,success,1,711984a7fcfeb18a274de3ca45fc08ede343bbfe,15,34,34,11,0,1,14,3,12,1,1,0,0,0,0,0,0,0,0,0,0,0,0,0,0,0,0,0,22,0,0,6,6,0,0,0,0,0,0,0,[],java-maven,3062127,3770698,1231.4,0,0,0,0,0,0.0240741,0.855232,0.012037,0.879519,25,1,1,0,0,0,0,0
52464,7727039769,1553758,PR #2923,lb_2922,47b627c55679c578068032250e044f87f0b4c07a,dynamic/github-code-scanning/codeql,success,79271691,LorenzoBettini,193,8,0.0,0.0,,dynamic,50,0,2923.0,1,success,1,24aea9e91c551792b740db0f9f559c3e8c167fc3,4,0,4,4,0,0,0,1,0,0,1,0,0,0,0,0,0,0,0,0,0,0,0,0,0,0,0,0,16,0,0,0,0,0,0,0,0,0,1,0,[],java-maven,2989699,3622278,1211.59,0,0,0,0,0,0.0166667,0.927579,0.0,1.0,74,0,1,0,1,0,0,0
52465,9170832315,1553758,PR #3027,lb_compilation_test_result,2f09e5fbc46e0b9203260bcc5acb26292b852f7f,dynamic/github-code-scanning/codeql,success,79271691,LorenzoBettini,195,11,0.0,0.0,,dynamic,51,0,3027.0,1,success,179,14cac5d781294ea9f343e0a530561e1ce5b1dbed,424,151692,4010,32,0,35,2417,25,153022,2,1,85,5,293,383,15,47,62,691,2,40,42,1073,552,1625,1,1,0,22,134,6,150083,2939,2,1,96,0,0,0,0,[],java-maven,3062170,3770615,1231.35,0,0,0,0,0,0.0194444,0.930556,0.00462963,0.955041,130,0,1,0,1,0,0,0
52466,7899619063,1553758,Push on main,main,95b6438f5db694d1ec115fc7f10a3ce3ecc9ce05,dynamic/github-code-scanning/codeql,success,79271691,cdietrich,193,7,0.0,0.0,,dynamic,10,0,2934.0,1,success,1,56e21956e314618e390963d6727ea1a113a7a90c,13,31,31,9,0,1,14,3,12,1,1,0,0,0,0,0,0,0,0,0,0,0,0,0,0,0,0,0,16,0,0,6,6,0,0,0,0,0,1,0,[],java-maven,2990202,3622725,1211.53,0,0,0,0,0,0.00555556,0.967882,0.0,1.0,10,1,1,0,0,1,0,1
52467,9350033684,1553758,Push on main,main,33e7729bbee6283b70711e27a65f3cb688f69c96,dynamic/github-code-scanning/codeql,success,79271691,cdietrich,196,12,0.0,0.0,,dynamic,4,0,3074.0,1,success,1,e0f5f9746b6d0c75104dee6902138f69d95ed75e,1,81,2,2,0,0,0,2,0,1,1,0,0,0,0,0,0,0,0,0,0,0,0,0,0,0,0,0,22,1,0,0,0,0,0,0,0,0,0,0,[],java-maven,3062192,3770698,1231.37,0,0,0,0,0,0.0222222,0.846801,0.0,1.0,25,1,1,0,0,1,0,1
52468,8064568926,1553758,PR #2946,cd_235,4372178fec571ff60f1d2be686c48fc311a432c4,dynamic/github-code-scanning/codeql,success,79271691,cdietrich,193,7,0.0,0.0,,dynamic,6,0,2946.0,1,success,1,36938274943ca2305721ff07e5caf7af536bbd67,261,2013,2013,69,0,104,212,2,2450,1,1,0,0,0,0,0,0,0,0,0,0,0,0,0,0,0,0,0,16,0,0,1225,1225,0,0,0,0,0,0,0,[],java-maven,2990265,3622778,1211.52,0,0,0,0,0,0.0037037,0.960421,0.00277778,0.925412,17,1,1,0,0,0,0,0
52469,8067247774,1553758,Build,cd_tycho50,b94af35d8cd21c17e2aa81e5556b6a06c7901879,.github/workflows/maven.yml,cancelled,52327453,cdietrich,193,7,0.0,0.0,,push,0,0,,1,success,7,66ab5b337214a5bcaa21769ae13a86817b63bef9,270,2032,2032,77,0,104,214,3,2454,1,1,0,0,0,0,0,0,0,0,0,0,0,0,0,0,0,0,0,16,0,0,1227,1227,0,0,0,0,0,54,0,[],java-maven,2990279,3622778,1211.52,0,0,0,0,1,0.0037037,0.965198,0.000925926,0.966512,20,1,3,0,0,0,0,0
52470,9129310344,1553758,Build,lb_3045,acacaaa6850aaab699262b60a63f459ecad7e35b,.github/workflows/maven.yml,success,52327453,LorenzoBettini,195,11,0.0,0.0,,pull_request,46,0,3047.0,0,success,3,83e6497aa4513737a0b01db2a35081a85e18e6b0,27,15675,13585,0,0,1,11,8,29249,2,1,2,0,18,20,75,40,115,120,34,24,58,14,0,14,1,1,0,22,2,0,15667,13582,0,0,599,0,0,95,0,[],java-maven,3061990,3770409,1231.36,0,0,0,0,1,0.0212963,0.925957,0.00462963,0.926265,111,0,5,0,1,0,0,0
52471,9141166108,1553758,Build,main,2c4953968ff7216baa5f99597ceeff896c1586db,.github/workflows/maven.yml,failure,52327453,LorenzoBettini,195,11,0.0,0.0,,push,0,0,,0,success,1,334864bb0640826bb62a4f7f82f3fc6db1410b5f,1,1,1,1,0,0,0,1,0,0,0,0,0,0,0,0,0,0,0,0,0,0,0,0,0,0,0,0,22,0,0,0,0,0,0,0,0,0,95,0,[],java-maven,3062125,3770553,1231.35,0,0,0,0,1,0.0222222,0.919485,0.00648148,0.915991,117,0,5,0,1,1,0,1
52472,10060055490,1553758,Build,fix_xtext_editors_sync_ext_editing,f34d2fe6c207e8ef8341f7c3436cad32ab034981,.github/workflows/maven.yml,failure,52327453,mehmet-karaman,197,8,0.0,1.0,{'fix'},dynamic,69,0,3111.0,0,failure,1,34a6e3b7e5b4cdc3f1aa5462929def021a8051ed,1,6,1,0,0,1,7,1,0,0,0,0,0,0,0,0,0,0,0,0,0,0,0,0,0,0,0,0,22,0,0,0,0,0,0,0,0,0,244,1,[],java-maven,3046514,3754369,1232.35,0,0,0,0,0,0.0111111,0.994444,0.00740741,0.994709,0,0,2,0,1,1,0,0
52473,7718542437,1553758,Build,issue2920,b41d4c4b7df5df19692ca99a9336c36ee37ba249,.github/workflows/maven.yml,success,52327453,stephan-herrmann,192,7,0.0,0.0,,pull_request,58,0,2921.0,1,success,2,6d4713366a8590fc4bf06217ff40258c78a36024,1,70,0,0,0,1,3,1,67,0,1,1,0,0,1,0,0,0,0,0,0,0,14,0,14,0,1,0,16,1,0,67,0,0,0,0,0,0,54,0,[],java-maven,2989724,3622345,1211.6,0,0,0,0,0,0.0166667,0.988095,0.0,1.0,2,0,1,0,1,1,0,0
52474,8429423230,1553758,Build,fix-fragment-encoding,922b23f139645f0986998470220d6c67951014b4,.github/workflows/maven.yml,success,52327453,EhabY,193,8,0.0,0.0,,pull_request,57,0,2964.0,0,success,1,1e42c1b22f58ebc86c0bc08bd331bfc3d2311e35,2,7,1,0,0,1,2,1,6,0,1,0,0,2,2,1,0,1,7,0,0,0,0,0,0,1,1,0,16,0,0,6,0,0,0,0,0,0,63,0,[],java-maven,2986082,3622924,1213.27,0,0,0,0,0,0.000925926,0.999228,0.0,1.0,0,0,1,0,1,0,0,0
52475,7715293021,1553758,Build,issue2920,d8c30d15ae0d8e2c11f5829a28299ca92a342e7c,.github/workflows/maven.yml,success,52327453,stephan-herrmann,192,7,0.0,0.0,,pull_request,58,0,2921.0,0,success,1,6d4713366a8590fc4bf06217ff40258c78a36024,1,3,0,0,0,1,3,1,0,0,0,0,0,0,0,0,0,0,0,0,0,0,0,0,0,0,0,0,16,0,0,0,0,0,0,0,0,0,54,0,[],java-maven,2989678,3622278,1211.59,0,0,0,0,0,0.0166667,0.986111,0.0,1.0,1,0,1,0,1,1,0,0
52476,8797569710,1553758,Build,lb_gh_actions_macos,b184d43692e5e642997122afec66eb69cfcbc18b,.github/workflows/maven.yml,failure,52327453,LorenzoBettini,194,11,0.0,0.0,,push,25,0,3008.0,1,success,1,995655fd9b4b011c007861808214720bee04c34a,1,2,2,0,0,0,0,1,0,0,0,0,0,0,0,0,0,0,0,0,0,0,0,0,0,0,0,0,16,0,0,0,0,0,1,0,0,0,63,0,[],java-maven,2988680,3622468,1212.06,0,0,0,0,1,0.0166667,0.909204,0.00462963,0.885053,21,0,4,0,1,0,0,0
52477,10090802746,1553758,Build,fix_NPE_when_editor_is_closed_and_the_worker_thread_asks_for_doc,9b2a1add754c84c825846edae6a6ec35adb59f95,.github/workflows/maven.yml,failure,52327453,mehmet-karaman,197,8,0.0,1.0,{'fix'},dynamic,69,0,3111.0,0,failure,1,34a6e3b7e5b4cdc3f1aa5462929def021a8051ed,1,6,1,0,0,1,7,1,0,0,0,0,0,0,0,0,0,0,0,0,0,0,0,0,0,0,0,0,22,0,0,0,0,0,0,0,0,0,244,1,[],java-maven,3046514,3754369,1232.35,0,0,0,0,0,0.0111111,0.994444,0.00740741,0.994709,0,0,2,0,1,1,0,0
52478,8791826557,1553758,Build,main,995655fd9b4b011c007861808214720bee04c34a,.github/workflows/maven.yml,failure,52327453,szarnekow,194,11,0.0,0.0,,push,18,0,3006.0,0,success,1,3a9f915d129db092e4fe2b8fe9518fba15bafb64,2,9,1,0,0,1,2,1,8,0,1,0,0,2,2,1,0,1,13,0,0,0,1,0,1,1,1,0,16,0,0,8,0,0,0,1,0,0,63,0,[],java-maven,2988680,3622468,1212.06,0,0,0,0,1,0.0148148,0.951766,0.00277778,0.887346,4,1,4,0,0,1,0,1
52479,7769346806,1553758,Build,issue2920,4b43a2103fbd3775c4bde5f46dfff5cbe53dc486,.github/workflows/maven.yml,success,52327453,stephan-herrmann,193,8,0.0,0.0,,pull_request,58,0,2921.0,0,success,4,6d4713366a8590fc4bf06217ff40258c78a36024,3,221,1,0,0,1,3,3,219,1,1,3,0,0,3,0,0,0,0,0,0,0,32,0,32,0,1,0,16,3,0,218,1,0,0,0,0,0,54,0,[],java-maven,2989829,3622495,1211.61,0,0,0,0,0,0.0166667,0.989583,0.0,1.0,3,0,1,0,1,0,0,0
52480,7478449865,1553758,Build,cd_lsp4j0212,bfc947dda8f94a4ef545ca6efc46aecc4f4ad06a,.github/workflows/maven.yml,failure,52327453,cdietrich,192,7,0.0,0.0,,push,0,0,,1,success,1,9f2e95e663db24a625fd5d10b1fb2bad199f51b8,1,9,26,0,0,1,35,1,0,0,0,0,0,1,1,0,1,1,64,0,0,0,1,0,1,1,0,0,16,0,0,0,0,0,0,0,0,0,54,0,[],java-maven,2989257,3622360,1211.79,0,0,0,0,1,0.0175926,0.762119,0.0111111,0.719136,6,1,3,0,0,1,0,0
52481,7477825384,1553758,Build,cd_lsp4j0212,edd330f0d50780e357e1abc83eef5be6f8b8ddb5,.github/workflows/maven.yml,failure,52327453,cdietrich,192,7,0.0,0.0,,push,0,0,,1,success,1,c5dc873c6c0ca6fd301d079c9f52563beefeb6a0,0,0,0,0,0,0,0,0,0,0,0,0,0,0,0,0,0,0,0,0,0,0,0,0,0,0,0,0,16,0,0,0,0,0,0,0,0,0,54,0,[],java-maven,2989228,3622360,1211.8,0,0,0,0,1,0.0157407,0.797377,0.00925926,0.782407,6,1,3,0,0,1,0,0
52482,10057336572,1553758,Build,fix_xtext_editors_sync_ext_editing,52d207b6316a466b76802d95d27534fb40054864,.github/workflows/maven.yml,failure,52327453,mehmet-karaman,196,8,,,,pull_request,0,0,,0,success,0,,0,0,0,0,0,0,0,0,0,0,0,0,0,0,0,0,0,0,0,0,0,0,0,0,0,0,0,0,21,0,0,0,0,0,0,0,0,0,220,1,[],java-maven,3046549,3754418,1232.35,0,0,0,0,1,0.0101852,0.824846,0.00555556,0.828704,0,0,5,0,1,0,0,0
52483,10072892276,1553758,Build,fix_xtext_editors_sync_ext_editing,3f5e61ddfec155037e054b1300a50ba5a1983e8d,.github/workflows/maven.yml,failure,52327453,mehmet-karaman,196,8,,,,pull_request,0,0,,1,failure,0,,0,0,0,0,0,0,0,0,0,0,0,0,0,0,0,0,0,0,0,0,0,0,0,0,0,0,0,0,21,0,0,0,0,0,0,0,0,0,220,1,[],java-maven,3046571,3754431,1232.35,0,0,0,0,1,0.012037,0.617477,0.00740741,0.62037,0,0,5,0,1,0,0,0
52484,9030244784,1553758,Build,miklossy_issue_3007,fe3f940962a1efa3503021d441de7fffec4a901f,.github/workflows/maven.yml,failure,52327453,miklossy,195,11,0.0,0.0,,push,0,0,,0,success,1,33665f17d74a6c410e23f5259b60f008ee2914d0,2,7,4,0,0,0,0,1,11,0,1,0,0,2,2,0,0,0,6,0,0,0,1,0,1,0,1,0,16,0,0,7,4,0,0,1,0,0,87,0,[],java-maven,2989781,3623400,1211.93,0,0,0,0,1,0.0185185,0.828189,0.00277778,0.873264,2,1,4,0,0,0,0,0
52485,7585723642,1553758,Build,lb_tycho50,2b3e136c7ef39aae4243ddad09dbd2652fef43b3,.github/workflows/maven.yml,failure,52327453,LorenzoBettini,192,7,0.0,0.0,,push,0,0,,1,success,1,a1c6d7db5819be6522e50ec94d4c48a8c38c58e0,3,12,12,0,0,3,24,1,0,0,1,0,0,0,0,0,0,0,0,0,0,0,0,0,0,0,0,0,16,0,0,0,0,0,0,0,0,0,54,0,[],java-maven,2989586,3622243,1211.62,0,0,0,0,1,0.0157407,0.927024,0.00185185,0.95963,115,0,3,0,1,0,0,0
52486,9461442404,1553758,Build,cd-orbit-202409,5205c2920df43dc02f902744def26b851536872c,.github/workflows/maven.yml,failure,52327453,cdietrich,196,10,0.0,0.0,,push,4,0,3082.0,1,failure,1,6d67f2d97897cb5d95640e011b049e6b6a66b272,23,38,38,15,0,5,16,4,6,2,1,0,0,0,0,0,0,0,0,0,0,0,0,0,0,0,0,0,22,0,0,3,3,1,0,0,0,0,89,0,[],java-maven,3046443,3754255,1232.34,0,0,0,0,1,0.0212963,0.821963,0.00555556,0.712302,25,1,5,0,0,0,0,0
52487,7973430986,1553758,Build,cd_bs234m2,74d048537519bf61973eaa87e9e4788d940f10ea,.github/workflows/maven.yml,failure,52327453,cdietrich,193,7,0.0,0.0,,push,0,0,,0,success,1,84021e3ec58046fac227cf28eaaa0dcaac4da1bc,1,1,1,0,0,1,2,1,0,0,0,0,0,0,0,0,0,0,0,0,0,0,0,0,0,0,0,0,16,0,0,0,0,0,0,0,0,0,54,0,[],java-maven,2990202,3622725,1211.53,0,0,0,0,1,0.00185185,0.972723,0.00185185,0.946881,12,1,3,0,0,0,0,0
52488,7586035406,1553758,Build,sz_nodemodel,5bd7c49ab7e75e82329178540cd28f125a986d95,.github/workflows/maven.yml,failure,52327453,szarnekow,192,7,0.0,0.0,,push,0,0,,1,failure,1,8f7ac5fba8b516173e49848ed32b35efd28fce73,1,3,0,0,0,1,3,1,0,0,0,0,0,1,1,0,0,0,0,0,0,0,0,0,0,1,0,0,16,0,0,0,0,0,0,0,0,0,54,0,[],java-maven,2989627,3622271,1211.61,0,0,0,0,1,0.0185185,0.878748,0.00462963,0.622106,5,1,3,0,0,1,0,0
52489,8813306757,1553758,Build,issue_3010,64d6b7faa8418528855180fac1849093f1f0d1b1,.github/workflows/maven.yml,failure,52327453,miklossy,194,11,0.0,0.0,,push,0,0,,0,success,1,3a9f915d129db092e4fe2b8fe9518fba15bafb64,1,4,1,0,0,0,0,1,5,0,0,0,0,1,1,0,0,0,8,0,0,0,2,0,2,0,1,0,16,0,0,4,1,0,0,0,0,0,63,0,[],java-maven,2988676,3622463,1212.06,0,0,0,0,1,0.0212963,0.827418,0.00925926,0.869213,1,1,4,0,0,0,0,0
52490,7478439379,1553758,Build,cd_lsp4j0212,9f2e95e663db24a625fd5d10b1fb2bad199f51b8,.github/workflows/maven.yml,failure,52327453,cdietrich,192,7,0.0,0.0,,push,0,0,,1,success,1,edd330f0d50780e357e1abc83eef5be6f8b8ddb5,1,61,17,0,0,1,78,1,0,0,0,0,0,1,1,1,1,2,18,0,0,0,1,0,1,1,0,0,16,0,0,0,0,0,0,0,0,0,54,0,[],java-maven,2989270,3622360,1211.79,0,0,0,0,1,0.0166667,0.778646,0.0101852,0.746817,6,1,3,0,0,1,0,0
52491,8575829380,1553758,Build,repalace-guava-ContainersStateFactory,07be8f41bb8c350ea26b4333a3ed678b5a64b398,.github/workflows/maven.yml,failure,52327453,HannesWell,194,9,,,,pull_request,0,0,,1,success,0,,0,0,0,0,0,0,0,0,0,0,0,0,0,0,0,0,0,0,0,0,0,0,0,0,0,0,0,0,21,0,0,0,0,0,0,0,0,0,63,0,[],java-maven,2986099,3622924,1213.26,0,0,0,0,1,0.00555556,0.815657,0.0037037,0.816498,1,0,4,0,1,0,0,0
52492,9472998392,1553758,Build,sz_wip,8f4e3f36439c88e50e9242337a7c5f224ea7f89a,.github/workflows/maven.yml,failure,52327453,szarnekow,196,10,0.0,0.0,,push,0,0,,0,success,1,a821f43fdeb745ab018b499d2b7115025e59aff4,68,1185,1920,0,0,4,50,5,3055,1,1,0,0,59,59,6,3,9,139,1,1,2,5,5,10,1,1,0,22,0,0,1158,1897,0,0,6,0,0,89,0,[],java-maven,3061650,3769959,1231.35,0,0,0,0,1,0.0222222,0.814815,0.00740741,0.82716,0,1,5,0,0,0,0,0
52493,9404818309,1553758,Build,cd-orbit-202409,4f1c3d9d212e8c9fdb75180e32dfe7972db988b2,.github/workflows/maven.yml,failure,52327453,cdietrich,196,11,0.0,0.0,,push,0,0,,1,success,1,0a0e95357593d5cd4b923207217d88d83173cc67,22,33,33,12,0,1,2,3,20,1,1,0,0,1,1,0,0,0,1,0,0,0,0,0,0,1,0,0,22,0,0,10,10,0,0,1,0,0,89,0,[],java-maven,3062192,3770698,1231.37,0,0,0,0,1,0.0212963,0.862023,0.000925926,0.933025,24,1,5,0,0,0,0,0
52494,7365268438,1553758,Build,cd_mwe2170m0,a202bccf0f9b3bbc2378bd70d7d32bb0a98a1eae,.github/workflows/maven.yml,failure,52327453,cdietrich,192,6,0.0,0.0,,push,18,0,2887.0,0,success,1,32ac1441fa426d16b4a132b8349a03872a311063,39,61,61,12,0,6,24,4,56,2,1,0,0,1,1,0,0,0,1,0,0,0,0,0,0,1,0,0,16,0,0,28,28,0,0,2,0,0,54,0,[],java-maven,2988559,3621828,1211.9,0,0,0,0,1,0.00555556,0.883547,0.000925926,0.874421,12,1,3,0,0,0,0,0
52495,9461289863,1553758,Build,cd-orbit-202409,6d67f2d97897cb5d95640e011b049e6b6a66b272,.github/workflows/maven.yml,failure,52327453,cdietrich,196,10,0.0,0.0,,push,4,0,3082.0,0,success,6,4f1c3d9d212e8c9fdb75180e32dfe7972db988b2,24,36,23241,37,0,50,5261,10,16475,2,1,0,154,0,154,0,0,0,0,0,0,0,0,1286,1286,1,1,0,22,0,198,16,16459,1,0,0,0,0,89,0,[],java-maven,3046443,3754255,1232.34,0,0,0,0,1,0.0203704,0.834301,0.00462963,0.76745,24,1,5,0,0,0,0,0
52496,8680641585,1553758,Build,sz_parameterNames,cda5dfd43614320185da147c91dfd9ca359c5cf6,.github/workflows/maven.yml,failure,52327453,szarnekow,194,9,0.0,0.0,,push,6,0,2995.0,1,success,1,9e3b1b496e157a58fe3bf556bb910f03c3a7a9a7,11,75,91,1,0,2,25,5,135,2,1,0,0,5,5,1,6,7,39,1,0,1,2,6,8,1,1,0,16,0,0,48,87,0,0,2,0,0,63,0,[],java-maven,2986074,3622876,1213.26,0,0,0,0,1,0.012037,0.9658,0.00648148,0.955113,0,1,4,0,0,0,0,0
52497,8557036756,1553758,Build,cd_mwe2180M1,811d4b37c173e2b615656120376bd99129f617e5,.github/workflows/maven.yml,failure,52327453,cdietrich,194,9,0.0,0.0,,push,0,0,,1,success,1,4f1669f20b5f2bdd0ad5d4663b2b9261753fd389,30,46,46,10,0,5,22,3,32,1,1,0,0,1,1,0,0,0,1,0,0,0,0,0,0,1,0,0,16,0,0,16,16,0,0,2,0,0,63,0,[],java-maven,2986082,3622924,1213.27,0,0,0,0,1,0.00277778,0.955918,0.000925926,0.888375,8,1,4,0,0,0,0,0
52498,8813420098,1553758,Build,issue_3010,507b59229d008776fc49f19adab25d44fe45cfc9,.github/workflows/maven.yml,failure,52327453,miklossy,194,11,0.0,0.0,,push,0,0,,1,success,7,64d6b7faa8418528855180fac1849093f1f0d1b1,3,44,10,0,0,1,2,2,8,1,1,0,0,2,2,1,0,1,13,0,0,0,1,0,1,1,1,0,16,0,0,8,0,0,1,1,0,0,87,0,[],java-maven,2988707,3622471,1212.05,0,0,0,0,1,0.0222222,0.794444,0.0101852,0.794907,1,1,4,0,0,0,0,0
52499,9059388436,1553758,Build,lb_3014,08075c9b1f6c43e446fc0b9f2408169df15e6b20,.github/workflows/maven.yml,failure,52327453,LorenzoBettini,195,11,0.0,0.0,,push,0,0,,0,success,1,a064b20b221a25d07003d8c40044669cbdfe0960,1,2,2,0,0,0,0,1,0,0,0,0,0,0,0,0,0,0,0,0,0,0,0,0,0,0,0,0,16,0,0,0,0,0,1,0,0,0,87,0,[],java-maven,2989659,3623235,1211.92,0,0,0,0,1,0.0175926,0.92671,0.00555556,0.885802,41,0,5,0,1,0,0,0
52500,9576102426,1553758,Build,cd-classgraph-48174,4750a6d44db5a5cb148a72c1129878ac219add98,.github/workflows/maven.yml,failure,52327453,cdietrich,196,10,0.0,0.0,,push,0,0,,0,success,1,1cb474441d19df9692dc69125dfab5042dd71814,25,26,26,12,0,3,8,6,18,1,1,0,0,1,1,0,0,0,1,0,0,0,0,0,0,1,0,0,22,0,0,9,9,1,0,1,0,0,89,0,[],java-maven,3046471,3754270,1232.33,0,0,0,0,1,0.012963,0.855985,0.00277778,0.938973,21,1,5,0,0,0,0,0
52501,8599898093,1553758,Build,main,3607c6332cc289edabae2a3d801581aa5337fc24,.github/workflows/maven.yml,failure,52327453,cdietrich,194,9,0.0,0.0,,push,0,0,,1,success,1,36837f5b3cd8201dfcb6ffedb17d48e9987d22fc,1,3,3,0,0,1,6,1,0,0,0,0,0,0,0,0,0,0,0,0,0,0,0,0,0,0,0,0,16,0,0,0,0,0,0,0,0,0,63,0,[],java-maven,2986082,3622924,1213.27,0,0,0,0,1,0.00740741,0.915638,0.00555556,0.862374,13,1,4,0,0,1,0,1
52502,7586019751,1553758,Build,sz_nodemodel,8f7ac5fba8b516173e49848ed32b35efd28fce73,.github/workflows/maven.yml,failure,52327453,szarnekow,192,7,0.0,0.0,,push,0,0,,1,failure,12,bd6ddca1d7538f2e7b6d0ec01930c6c02d0c1c8e,4,132,64,0,0,1,62,2,134,1,1,1,0,3,4,1,1,2,87,0,0,0,0,0,0,1,1,0,16,1,0,106,28,0,0,11,0,0,54,0,[],java-maven,2989627,3622271,1211.61,0,0,0,0,1,0.0175926,0.900294,0.0037037,0.71164,5,1,3,0,0,1,0,0
52503,8565285598,1553758,Build,cd_mwe2180M1,a86e50bedf874d551b112590bd030cbdf425c5df,.github/workflows/maven.yml,failure,52327453,cdietrich,194,9,0.0,0.0,,push,0,0,,1,success,1,811d4b37c173e2b615656120376bd99129f617e5,19,19,19,10,0,1,2,2,16,0,1,0,0,1,1,0,0,0,1,0,0,0,0,0,0,1,0,0,16,0,0,8,8,0,0,1,0,0,63,0,[],java-maven,2986082,3622924,1213.27,0,0,0,0,1,0.0037037,0.919259,0.00185185,0.81734,8,1,4,0,0,0,0,0
52504,7586016581,1553758,Build,sz_nodemodel,bd6ddca1d7538f2e7b6d0ec01930c6c02d0c1c8e,.github/workflows/maven.yml,failure,52327453,szarnekow,192,7,0.0,0.0,,push,0,0,,0,failure,1,4eaa306d49576c79e2b3e8b8a483cf426e9ba873,4,406,270,0,0,5,676,1,0,0,0,1,0,4,5,4,2,6,29,0,0,0,7,1,8,1,0,0,16,1,0,0,0,0,0,0,0,0,54,0,[],java-maven,2989581,3622193,1211.61,0,0,0,0,1,0.0166667,0.922917,0.00277778,0.831019,5,1,3,0,0,1,0,0
52505,7580424508,1553758,Build,cd_tycho50,a1c6d7db5819be6522e50ec94d4c48a8c38c58e0,.github/workflows/maven.yml,failure,52327453,cdietrich,192,7,0.0,0.0,,push,0,0,,0,success,16,f616bcd1ecac7b32e1c88a6c21de471c90cf7ce7,15,90,43,1,0,4,11,3,120,1,1,0,0,5,5,1,0,1,94,0,0,0,0,0,0,1,1,0,16,0,0,85,35,0,0,12,0,0,54,0,[],java-maven,2989586,3622243,1211.62,0,0,0,0,1,0.0148148,0.803071,0.000925926,0.899537,7,1,3,0,0,0,0,0
52506,8452872112,1553758,Build,miklossy_formatter_abstract_base_class,63f641873dbc52dd83a939b53eec771326fad787,.github/workflows/maven.yml,failure,52327453,miklossy,194,9,0.0,0.0,,push,0,0,,0,success,1,0c2b68eed167c5455263ef2e9436a9797f5de12e,1,41,17,0,0,0,0,2,58,1,1,1,0,0,1,0,0,0,0,0,0,0,2,0,2,0,1,0,16,1,0,41,17,0,0,0,0,0,54,0,[],java-maven,2990274,3622802,1211.53,0,0,0,0,1,0.00185185,0.83179,0.000925926,0.832562,0,1,3,0,0,0,0,0
52507,8452976691,1553758,Build,miklossy_formatter_abstract_base_class,538de855b6f6e667581fb95237cfca6637c365bf,.github/workflows/maven.yml,failure,52327453,miklossy,194,9,0.0,0.0,,push,0,0,,1,success,1,63f641873dbc52dd83a939b53eec771326fad787,2,26,34,0,0,0,0,1,60,0,1,0,0,2,2,0,0,0,1,0,1,1,2,3,5,0,1,0,16,0,0,26,34,0,0,3,0,0,54,0,[],java-maven,2990266,3622794,1211.53,0,0,0,0,1,0.00277778,0.748264,0.00185185,0.748843,0,1,3,0,0,0,0,0
52508,8813304519,1553758,Build,lb_java_21,94b6c73a1d957388a788fbad094d7c72ab100df5,.github/workflows/maven.yml,failure,52327453,LorenzoBettini,194,11,0.0,0.0,,push,0,0,,0,success,30,6ee5c8cc6eca67a9d675fc1dc70adb4a32ec9244,3,43,9,0,0,1,2,2,8,1,1,0,0,2,2,1,0,1,13,0,0,0,1,0,1,1,1,0,20,0,0,8,0,0,1,1,0,0,91,0,[],java-maven,2988871,3622746,1212.08,0,0,0,0,1,0.0203704,0.875286,0.00833333,0.835884,26,0,5,0,1,1,0,0
52509,8814022464,1553758,Build,main,fb3945314122a94313b71035d563611767398bd0,.github/workflows/maven.yml,failure,52327453,cdietrich,194,11,0.0,0.0,,push,14,0,3009.0,1,success,1,e7dce5713bc2adc0187afacb4c31a8a1d10bdbc7,2,6,6,0,0,0,0,2,12,1,0,0,0,1,1,0,0,0,0,0,0,0,0,0,0,0,1,0,16,0,0,6,6,0,0,2,0,0,87,0,[],java-maven,2988704,3622468,1212.05,0,0,0,0,1,0.0231481,0.867234,0.0111111,0.882716,11,1,4,0,0,1,0,1
52510,7949822359,1553758,Build,sz_delete_packrat,2d8a175b9d94fc46067cdd5d5096d5cd4b207c81,.github/workflows/maven.yml,failure,52327453,szarnekow,193,7,0.0,0.0,,push,0,0,,0,success,1,447dc2cd0a04711cbb61e02d8eb58e86d856f6e8,4,1,6758,3,0,80,6749,4,0,0,1,0,79,1,80,0,0,0,23,0,0,0,0,329,329,1,0,0,16,0,79,0,0,0,0,0,0,0,54,0,[],java-maven,2985818,3622683,1213.3,0,0,0,0,1,0.000925926,0.937211,0.000925926,0.832562,2,1,3,0,0,0,0,0
52511,7477428823,1553758,Build,cd_lsp4j0212,a64e112b3a0e27e7ed13b1b664341d81ff970734,.github/workflows/maven.yml,failure,52327453,cdietrich,192,7,0.0,0.0,,push,0,0,,0,success,1,b85670bc0c8107c2941a5f19348d0ca2a394e258,12,29,29,9,0,1,14,3,8,1,1,0,0,0,0,0,0,0,0,0,0,0,0,0,0,0,0,0,16,0,0,4,4,0,0,0,0,0,54,0,[],java-maven,2989228,3622360,1211.8,0,0,0,0,1,0.012963,0.843661,0.00648148,0.896759,6,1,3,0,0,1,0,0
52512,6982429168,1553758,Build,cd_431Ibuilds,7c27287e6a25945f7444973c13399bad24a775b9,.github/workflows/maven.yml,failure,52327453,cdietrich,191,5,0.0,0.0,,push,0,0,,1,failure,1,7a7413dce51b335c1655fc875d5b0ffd26936b9b,6,6,6,2,0,1,2,3,6,1,1,0,0,1,1,0,0,0,1,0,0,0,0,0,0,1,0,0,16,0,0,3,3,0,0,1,0,0,54,0,[],java-maven,2988477,3622387,1212.12,0,0,0,0,1,0.00185185,0.712963,0.00185185,0.712963,27,1,3,0,0,0,0,0
52513,7020048848,1553758,Build,cd_202403wiz,cf0dbeb334cd0379b1ea11914af26f19bd10bf91,.github/workflows/maven.yml,failure,52327453,cdietrich,191,5,0.0,0.0,,push,0,0,,1,success,3,240729dc8166fda1c7fcbd3f37ac4c0fa4d42bc1,2,2,2,0,0,1,2,2,2,1,1,0,0,0,0,0,0,0,0,0,0,0,0,0,0,0,0,0,16,0,0,1,1,0,0,0,0,0,54,0,[],java-maven,2988477,3622387,1212.12,0,0,0,0,1,0.00277778,0.72601,0.00277778,0.72601,25,1,3,0,0,0,0,0
52514,7119959380,1553758,Build,fork-main,f6ec0e7b459eaa2f4198751fdfd29f24e570086d,.github/workflows/maven.yml,action_required,52327453,jnt0r,191,6,0.0,0.0,,pull_request,70,0,2801.0,0,success,1,c23f8b4267eaf8899bf0cbeea4dd35f21f02575b,10,85,8,0,0,1,10,2,83,0,1,0,0,7,7,3,1,4,54,0,0,0,6,0,6,1,1,0,16,0,0,77,6,0,0,3,0,0,54,0,[],java-maven,2988551,3621828,1211.9,0,0,0,0,0,0.0037037,0.996914,0.0,1.0,0,0,1,0,1,0,0,0
52515,7439232478,1553758,PR #2892,sz_bundleConstraints,a31ce7ed14643765ca071f38d62427021c5c1b4e,dynamic/github-code-scanning/codeql,success,79271691,szarnekow,192,6,0.0,0.0,,dynamic,94,0,2892.0,1,failure,1,a2be9f39c625f94422a51fa01def81da5c756804,4,206,128,2,0,2,292,3,39,1,1,1,0,2,3,2,4,6,24,1,0,1,8,3,11,1,1,0,16,1,0,39,0,0,0,0,0,0,1,0,[],java-maven,2988576,3621653,1211.83,0,0,0,0,0,0.00740741,0.830247,0.00185185,0.85582,2,1,1,0,0,1,0,0
52516,7753486571,1553758,PR #2926,cd_issue2925,5554cc803f009d2ca392fe0b2c783b36f04ac0c6,dynamic/github-code-scanning/codeql,success,79271691,cdietrich,193,8,0.0,0.0,,dynamic,12,0,2926.0,1,success,1,88acf1555988cd81e1756abc0d6d2c3f1f1efa11,10,17,17,1,0,2,6,4,24,2,1,0,0,1,1,0,0,0,0,0,0,0,0,0,0,1,0,0,16,0,0,12,12,0,0,0,0,0,1,0,[],java-maven,2989722,3622304,1211.59,0,0,0,0,0,0.0166667,0.851626,0.0,1.0,4,1,1,0,0,0,0,0
52517,8800779933,1553758,PR #3008,lb_gh_actions_macos,4c69a4b75a03431020a0cf204f772c93581eca88,dynamic/github-code-scanning/codeql,success,79271691,LorenzoBettini,194,11,0.0,0.0,,dynamic,25,0,3008.0,1,failure,1,136d31a54db226350187bffe2ab5af0309c9c146,1,1,1,0,0,0,0,1,0,0,0,0,0,0,0,0,0,0,0,0,0,0,0,0,0,0,0,0,16,0,0,0,0,0,1,0,0,0,0,0,[],java-maven,2988704,3622468,1212.05,0,0,0,0,0,0.0194444,0.877065,0.00740741,0.832452,23,0,1,0,1,0,0,0
52518,8895266222,1553758,PR #3024,miklossy_issue_3007,79797f92dd3ae948d6fc3e2bb486bf72fb6333d7,dynamic/github-code-scanning/codeql,success,79271691,miklossy,195,11,0.0,0.0,,dynamic,0,0,,1,success,1,0afffe3fb47c145e133fa6009b1df34f15114ffd,7,260,131,0,0,0,0,2,391,1,1,1,0,4,5,3,3,6,4,1,3,4,13,9,22,0,1,0,16,1,0,260,131,0,0,14,0,0,0,0,[],java-maven,2989769,3623362,1211.92,0,0,0,0,0,0.0222222,0.888889,0.00462963,0.844373,2,1,1,0,0,0,0,0
52519,8683578551,1553758,Push on main,main,eb0420ab5ebf89e670f7e66b1802e9395bd541b2,dynamic/github-code-scanning/codeql,success,79271691,szarnekow,194,9,0.0,0.0,,dynamic,163,0,2968.0,1,success,1,f738a5b6c3ee05a2530016374cf61576b33e3382,46,2562,343,3,0,50,2218,5,682,1,1,28,5,36,69,45,2,47,298,0,0,0,253,11,264,1,1,0,16,27,5,418,264,0,0,12,0,0,0,0,[],java-maven,2988718,3622513,1212.06,0,0,0,0,0,0.012037,0.9721,0.00648148,0.965586,3,1,1,0,0,1,0,1
52520,8766261777,1553758,PR #3004,lb_2293,efa5aa17de66895b3952271ad21b38b8a9e17619,dynamic/github-code-scanning/codeql,success,79271691,LorenzoBettini,194,11,0.0,0.0,,dynamic,0,0,,1,failure,1,3a9f915d129db092e4fe2b8fe9518fba15bafb64,4,29,3,0,0,1,7,1,25,0,1,0,0,2,2,3,0,3,8,0,0,0,0,0,0,1,1,0,16,0,0,23,2,0,0,0,0,0,0,0,[],java-maven,2988692,3622481,1212.06,0,0,0,0,0,0.012963,0.945271,0.00462963,0.968027,20,0,1,0,1,0,0,0
52521,7274085313,1553758,Build,lb_xtend_validator_tests,9c8360dd315bdb38203be40fd7e84b76fcf283cb,.github/workflows/maven.yml,success,52327453,LorenzoBettini,192,7,0.0,0.0,,push,0,0,,1,success,1,759e7c7f413f1722f713edf9cc89d6ea2e18b111,2,16,4,0,0,0,0,1,20,0,0,0,0,1,1,0,0,0,12,2,0,2,0,0,0,0,1,0,16,0,0,16,4,0,0,0,0,0,54,0,[],java-maven,2988603,3621880,1211.9,0,0,0,0,1,0.00555556,0.998538,0.000925926,0.999669,2,0,3,0,1,1,0,0
52522,7249116758,1553758,PR #2873,lb_xtend_validator_tests,dc00a3b227db2532c6a3ba57a642af679cc5e977,dynamic/github-code-scanning/codeql,success,79271691,LorenzoBettini,192,7,0.0,0.0,,dynamic,0,0,,1,success,1,2b19d66e625171785850253a5cb647df652edf4d,1,16,0,0,0,0,0,1,16,0,0,0,0,0,0,0,0,0,0,0,0,0,0,0,0,0,0,0,16,0,0,16,0,0,0,0,0,0,1,0,[],java-maven,2988574,3621844,1211.9,0,0,0,0,0,0.00462963,0.998071,0.0,1.0,2,0,1,0,1,1,0,0
52523,7124376822,1553758,Build,cd_orbit202403,5a138f0ab506fccd367977e9ce084e32b6e8b629,.github/workflows/maven.yml,failure,52327453,cdietrich,191,6,0.0,0.0,,push,4,0,2868.0,1,success,1,cb5bd6973da4cf486f53f82bf09bbdc1f3ac0042,18,18,18,9,0,1,2,3,16,1,1,0,0,1,1,0,0,0,1,0,0,0,0,0,0,1,0,0,16,0,0,8,8,0,0,1,0,0,54,0,[],java-maven,2988478,3621757,1211.91,0,0,0,0,1,0.00462963,0.820602,0.000925926,0.933025,28,1,3,0,0,0,0,0
52524,7272247010,1553758,Build,cd_guava33,afdcfd4f94f74299f36559584f7f0bba7ea940c1,.github/workflows/maven.yml,failure,52327453,cdietrich,192,7,0.0,0.0,,push,40,0,2878.0,0,success,1,2b19d66e625171785850253a5cb647df652edf4d,28,42,42,17,0,5,18,4,12,2,1,0,0,0,0,0,0,0,0,0,0,0,0,0,0,0,0,0,16,0,0,6,6,1,0,0,0,0,54,0,[],java-maven,2988559,3621828,1211.9,0,0,0,0,1,0.00555556,0.822712,0.000925926,0.832562,19,1,3,0,0,0,0,0
52525,7272622621,1553758,PR #2873,lb_xtend_validator_tests,c571778606f5bfd93b4f10c2a2a861080dedfd5b,dynamic/github-code-scanning/codeql,success,79271691,LorenzoBettini,192,7,0.0,0.0,,dynamic,0,0,,1,cancelled,1,a444ee785a2cfcaf325190ee742c47f0eab3441d,1,11,5,0,0,0,0,1,16,0,0,0,0,0,0,0,0,0,0,0,0,0,0,0,0,0,0,0,16,0,0,11,5,0,0,0,0,0,1,0,[],java-maven,2988590,3621860,1211.9,0,0,0,0,0,0.00555556,0.998264,0.000925926,0.999579,2,0,1,0,1,1,0,0
52526,7274980605,1553758,Push on main,main,a292bf99afa55643eb6e14dee05f7d9ac1bc9172,dynamic/github-code-scanning/codeql,success,79271691,eclipsewebmaster,192,7,0.0,0.0,,dynamic,82,0,2875.0,0,success,1,2b19d66e625171785850253a5cb647df652edf4d,1,2,2,1,0,0,0,1,0,0,0,0,0,0,0,0,0,0,0,0,0,0,0,0,0,0,0,0,16,0,0,0,0,0,0,0,0,0,1,0,[],java-maven,2988559,3621828,1211.9,0,0,0,0,0,0.00555556,0.996032,0.000925926,0.999339,0,0,2,0,1,1,0,1
52527,7273492631,1553758,Build,lb_xtend_validator_tests,759e7c7f413f1722f713edf9cc89d6ea2e18b111,.github/workflows/maven.yml,success,52327453,LorenzoBettini,192,7,0.0,0.0,,push,0,0,,0,success,4,c571778606f5bfd93b4f10c2a2a861080dedfd5b,3,15,7,0,0,0,0,2,22,1,1,0,0,1,1,0,0,0,0,0,0,0,0,0,0,0,1,0,16,0,0,15,7,0,0,1,0,0,54,0,[],java-maven,2988598,3621868,1211.9,0,0,0,0,1,0.00555556,0.998366,0.000925926,0.999614,2,0,3,0,1,1,0,0
52528,7001029921,1553758,Build,cd_202403wiz,240729dc8166fda1c7fcbd3f37ac4c0fa4d42bc1,.github/workflows/maven.yml,failure,52327453,cdietrich,191,5,0.0,0.0,,push,0,0,,1,failure,1,7a7413dce51b335c1655fc875d5b0ffd26936b9b,6,6,6,2,0,1,2,3,6,1,1,0,0,1,1,0,0,0,1,0,0,0,0,0,0,1,0,0,16,0,0,3,3,0,0,1,0,0,54,0,[],java-maven,2988477,3622387,1212.12,0,0,0,0,1,0.00185185,0.712963,0.00185185,0.712963,27,1,3,0,0,0,0,0
52529,7124351765,1553758,Build,main,cb5bd6973da4cf486f53f82bf09bbdc1f3ac0042,.github/workflows/maven.yml,success,52327453,cdietrich,191,6,0.0,0.0,,push,12,0,2867.0,1,success,1,c23f8b4267eaf8899bf0cbeea4dd35f21f02575b,1,5,2,1,0,0,0,1,0,0,0,0,0,0,0,0,0,0,0,0,0,0,0,0,0,0,0,0,16,0,0,0,0,0,0,0,0,0,54,0,[],java-maven,2988478,3621757,1211.91,0,0,0,0,1,0.0037037,0.839259,0.0,1.0,27,1,3,0,0,1,0,1
52530,7297946016,1553758,PR #2879,lb_2877,c4576116970108757e671da55addb059ddce3743,dynamic/github-code-scanning/codeql,success,79271691,LorenzoBettini,192,7,0.0,0.0,,dynamic,54,0,2879.0,1,success,6,dbb67052136dbf81f430d7aff35954898d518d9a,31,46,46,19,0,5,18,5,14,2,1,0,0,0,0,0,0,0,0,0,0,0,0,0,0,0,0,0,16,0,0,7,7,1,0,0,0,0,1,0,[],java-maven,2988560,3621828,1211.9,0,0,0,0,0,0.00833333,0.948958,0.0037037,0.942328,3,0,1,0,1,0,0,0
52531,7273493365,1553758,PR #2873,lb_xtend_validator_tests,759e7c7f413f1722f713edf9cc89d6ea2e18b111,dynamic/github-code-scanning/codeql,success,79271691,LorenzoBettini,192,7,0.0,0.0,,dynamic,0,0,,1,success,4,c571778606f5bfd93b4f10c2a2a861080dedfd5b,3,15,7,0,0,0,0,2,22,1,1,0,0,1,1,0,0,0,0,0,0,0,0,0,0,0,1,0,16,0,0,15,7,0,0,1,0,0,1,0,[],java-maven,2988598,3621868,1211.9,0,0,0,0,0,0.00555556,0.998457,0.000925926,0.999644,2,0,1,0,1,1,0,0
52532,7030010438,1553758,Build,lb_issue2860,9c40383f30ec50f3a58e97a62527a39a3fe3d5a9,.github/workflows/maven.yml,success,52327453,LorenzoBettini,191,5,0.0,0.0,,push,42,0,2861.0,0,success,1,652c2c41499387ab87737143d12939a8bdab41ab,3,15,9,0,0,0,0,1,24,0,1,2,0,1,3,0,0,0,0,0,0,0,21,0,21,0,1,0,16,0,0,15,9,0,0,0,0,0,54,0,[],java-maven,2988479,3622393,1212.12,0,0,0,0,1,0.00277778,0.997685,0.00277778,0.997685,0,0,3,0,1,0,0,0
52533,7272523557,1553758,Build,lb_xtend_validator_tests,a444ee785a2cfcaf325190ee742c47f0eab3441d,.github/workflows/maven.yml,cancelled,52327453,LorenzoBettini,192,7,0.0,0.0,,push,0,0,,0,failure,2,dc00a3b227db2532c6a3ba57a642af679cc5e977,29,59,49,17,0,5,18,5,36,2,1,0,0,0,0,0,0,0,0,0,0,0,0,0,0,0,0,0,16,0,0,23,13,1,0,0,0,0,54,0,[],java-maven,2988584,3621854,1211.9,0,0,0,0,1,0.00555556,0.997863,0.000925926,0.999421,2,0,3,0,1,1,0,0
52534,7274096934,1553758,PR #2873,lb_xtend_validator_tests,9c8360dd315bdb38203be40fd7e84b76fcf283cb,dynamic/github-code-scanning/codeql,success,79271691,LorenzoBettini,192,7,0.0,0.0,,dynamic,0,0,,1,success,1,759e7c7f413f1722f713edf9cc89d6ea2e18b111,2,16,4,0,0,0,0,1,20,0,0,0,0,1,1,0,0,0,12,2,0,2,0,0,0,0,1,0,16,0,0,16,4,0,0,0,0,0,1,0,[],java-maven,2988603,3621880,1211.9,0,0,0,0,0,0.00555556,0.998611,0.000925926,0.999691,2,0,1,0,1,1,0,0
52535,7275790970,1553758,Build,lb_xtend_validator_tests,a2470e7bd786257ac07e07cff15967b05ba5d86f,.github/workflows/maven.yml,success,52327453,LorenzoBettini,192,7,0.0,0.0,,push,0,0,,1,success,2,9c8360dd315bdb38203be40fd7e84b76fcf283cb,2,22,9,0,0,0,0,1,31,0,0,0,0,1,1,0,0,0,12,1,1,2,0,0,0,0,1,0,16,0,0,22,9,0,0,0,0,0,54,0,[],java-maven,2988616,3621893,1211.9,0,0,0,0,1,0.00833333,0.914931,0.0037037,0.893762,2,0,3,0,1,1,0,0
52536,7298018678,1553758,PR #2882,lb_2881,54b9a1c70ed121918cb7d7bb715a4977cb3f0c42,dynamic/github-code-scanning/codeql,success,79271691,LorenzoBettini,192,7,0.0,0.0,,dynamic,174,0,2882.0,1,success,15,1982c626ba11d3048bde2a70c6df39cbd12ea90e,3,3,3,3,0,0,0,1,0,0,1,0,0,0,0,0,0,0,0,0,0,0,0,0,0,0,0,0,16,0,0,0,0,0,0,0,0,0,1,0,[],java-maven,2988539,3621828,1211.91,0,0,0,0,0,0.00833333,0.953598,0.0037037,0.948243,15,0,1,0,1,0,0,0
52537,7298018454,1553758,Build,lb_2881,54b9a1c70ed121918cb7d7bb715a4977cb3f0c42,.github/workflows/maven.yml,success,52327453,LorenzoBettini,192,7,0.0,0.0,,push,174,0,2882.0,1,success,15,1982c626ba11d3048bde2a70c6df39cbd12ea90e,3,3,3,3,0,0,0,1,0,0,1,0,0,0,0,0,0,0,0,0,0,0,0,0,0,0,0,0,16,0,0,0,0,0,0,0,0,0,54,0,[],java-maven,2988539,3621828,1211.91,0,0,0,0,1,0.00833333,0.952519,0.0037037,0.946881,15,0,3,0,1,0,0,0
52538,7124234292,1553758,Build,cd_oomph202403,228b3bafbb743327c126db6d06f69039ac5d6a18,.github/workflows/maven.yml,success,52327453,cdietrich,191,6,0.0,0.0,,push,12,0,2867.0,0,action_required,1,c23f8b4267eaf8899bf0cbeea4dd35f21f02575b,1,5,2,1,0,0,0,1,0,0,0,0,0,0,0,0,0,0,0,0,0,0,0,0,0,0,0,0,16,0,0,0,0,0,0,0,0,0,54,0,[],java-maven,2988478,3621757,1211.91,0,0,0,0,1,0.0037037,0.832562,0.0,1.0,26,1,3,0,0,0,0,0
52539,7249100776,1553758,Build,lb_xtend_validator_tests,dc00a3b227db2532c6a3ba57a642af679cc5e977,.github/workflows/maven.yml,success,52327453,LorenzoBettini,192,7,0.0,0.0,,push,0,0,,0,success,1,2b19d66e625171785850253a5cb647df652edf4d,1,16,0,0,0,0,0,1,16,0,0,0,0,0,0,0,0,0,0,0,0,0,0,0,0,0,0,0,16,0,0,16,0,0,0,0,0,0,54,0,[],java-maven,2988574,3621844,1211.9,0,0,0,0,1,0.00462963,0.997896,0.0,1.0,2,0,3,0,1,1,0,0
52540,7274815120,1553758,PR #2878,cd_guava33,f4af5c40dbccc29326dd5f734fc2a4e656ee8b1e,dynamic/github-code-scanning/codeql,success,79271691,cdietrich,192,7,0.0,0.0,,dynamic,40,0,2878.0,0,success,1,afdcfd4f94f74299f36559584f7f0bba7ea940c1,1,1,1,0,0,0,0,1,2,0,0,0,0,0,0,0,0,0,0,0,0,0,0,0,0,0,0,0,16,0,0,1,1,0,0,0,0,0,1,0,[],java-maven,2988559,3621828,1211.9,0,0,0,0,0,0.00555556,0.832562,0.000925926,0.874421,18,1,1,0,0,1,0,0
52541,7286012505,1553758,Build,lb_2881,75b8347dc469862efc6331c4a8802607b928a91b,.github/workflows/maven.yml,success,52327453,LorenzoBettini,192,7,0.0,0.0,,push,0,0,,1,success,1,215d229bcd6c19d903074cc8d1e89666f2e1b339,1,1,48,1,0,1,42,2,0,1,0,0,1,0,1,0,0,0,0,0,0,0,0,4,4,1,0,0,16,0,1,0,0,0,0,0,0,0,54,0,[],java-maven,2988540,3621828,1211.91,0,0,0,0,1,0.00833333,0.931944,0.0037037,0.919259,2,0,3,0,1,0,0,0
52542,7127034652,1553758,Build,lb_2498,d0c20d66b516c754ddf4ed9c0f1d4b1bc99a285e,.github/workflows/maven.yml,success,52327453,LorenzoBettini,191,6,0.0,0.0,,push,0,0,,0,success,1,c81a06ebe4b24bc1b502ecf52a6a6b0b347247c4,1,10,1,0,0,1,11,1,0,0,0,0,0,1,1,1,0,1,15,0,0,0,0,0,0,1,0,0,16,0,0,0,0,0,0,0,0,0,54,0,[],java-maven,2988486,3621757,1211.9,0,0,0,0,1,0.00462963,0.997106,0.000925926,0.999228,1,0,3,0,1,0,0,0
52543,7002363771,1553758,Build,cd_dmt404,5ad09f92d187f1f549bed1fb673c037a6ba74561,.github/workflows/maven.yml,success,52327453,cdietrich,191,5,0.0,0.0,,push,8,0,2858.0,1,failure,1,7a7413dce51b335c1655fc875d5b0ffd26936b9b,1,1,1,0,0,1,2,1,0,0,0,0,0,0,0,0,0,0,0,0,0,0,0,0,0,0,0,0,16,0,0,0,0,0,0,0,0,0,54,0,[],java-maven,2988477,3622387,1212.12,0,0,0,0,1,0.00185185,0.748843,0.00185185,0.748843,28,1,3,0,0,0,0,0
52544,7297927566,1553758,Build,main,32ac1441fa426d16b4a132b8349a03872a311063,.github/workflows/maven.yml,success,52327453,LorenzoBettini,192,7,0.0,0.0,,push,40,0,2878.0,1,success,5,a292bf99afa55643eb6e14dee05f7d9ac1bc9172,31,46,46,19,0,5,18,5,14,2,1,0,0,0,0,0,0,0,0,0,0,0,0,0,0,0,0,0,16,0,0,7,7,1,0,0,0,0,54,0,[],java-maven,2988559,3621828,1211.9,0,0,0,0,1,0.00833333,0.946272,0.0037037,0.938833,3,0,3,0,1,1,0,1
52545,7124488506,1553758,Build,cd_orbit202403,c405309f71dd7a6b5682ac556cbd0f091e51c4b6,.github/workflows/maven.yml,success,52327453,cdietrich,191,6,0.0,0.0,,push,4,0,2868.0,1,failure,1,5a138f0ab506fccd367977e9ce084e32b6e8b629,22,23,23,10,0,3,8,6,16,1,1,0,0,1,1,0,0,0,1,0,0,0,0,0,0,1,0,0,16,0,0,8,8,1,0,1,0,0,54,0,[],java-maven,2988478,3621757,1211.91,0,0,0,0,1,0.00462963,0.826788,0.000925926,0.937211,29,1,3,0,0,0,0,0
52546,7124357756,1553758,Build,cd_tycho50,222e15c7a3250fe29c3869777dbbd3aef34da7dc,.github/workflows/maven.yml,success,52327453,cdietrich,191,6,0.0,0.0,,push,0,0,,1,success,6,3451a3a6808663ad39625a5052ef078c137c3ace,8,12,9,4,0,1,2,4,6,2,1,0,0,1,1,0,0,0,1,0,0,0,0,0,0,1,0,0,16,0,0,3,3,0,0,1,0,0,54,0,[],java-maven,2988492,3621757,1211.9,0,0,0,0,1,0.0037037,0.851166,0.0,1.0,27,1,3,0,0,0,0,0
52547,7150511454,1553758,Build,cd_tycho40,db10d24906ea6db773ddbcf079db3ac4206f12f5,.github/workflows/maven.yml,success,52327453,cdietrich,192,7,0.0,0.0,,push,0,0,,1,success,7,6b9a79d84e8361564a2a0a667df187e795cc5369,33,126,49,11,0,4,20,6,115,2,1,0,0,8,8,3,1,4,55,0,0,0,6,0,6,1,1,0,16,0,0,93,22,1,0,4,0,0,54,0,[],java-maven,2988565,3621828,1211.9,0,0,0,0,1,0.00462963,0.843027,0.000925926,0.947125,28,1,3,0,0,0,0,0
52548,7090729849,1553758,Build,cd_emf236,b9e33213967121548979a1113279429afac59a40,.github/workflows/maven.yml,success,52327453,cdietrich,191,6,0.0,0.0,,push,12,0,2865.0,1,success,1,74a4f1e539ee4b10599cc0ab1da6fd4af52fb2c1,0,0,0,0,0,0,0,0,0,0,0,0,0,0,0,0,0,0,0,0,0,0,0,0,0,0,0,0,16,0,0,0,0,0,0,0,0,0,54,0,[],java-maven,2988478,3621757,1211.91,0,0,0,0,1,0.0037037,0.799074,0.00185185,0.874421,26,1,3,0,0,0,0,0
52549,7273102305,1553758,Build,cd_guava33,f4af5c40dbccc29326dd5f734fc2a4e656ee8b1e,.github/workflows/maven.yml,success,52327453,cdietrich,192,7,0.0,0.0,,push,40,0,2878.0,0,success,1,afdcfd4f94f74299f36559584f7f0bba7ea940c1,1,1,1,0,0,0,0,1,2,0,0,0,0,0,0,0,0,0,0,0,0,0,0,0,0,0,0,0,16,0,0,1,1,0,0,0,0,0,54,0,[],java-maven,2988559,3621828,1211.9,0,0,0,0,1,0.00555556,0.827778,0.000925926,0.856481,18,1,3,0,0,1,0,0
52550,7020093897,1553758,Build,cd_tycho50,e646b8fe6984907421eaa097cc9a2e4cd2dde404,.github/workflows/maven.yml,success,52327453,cdietrich,191,5,0.0,0.0,,push,0,0,,1,success,1,1bceb043635666a7b07e257ee19a46f2310604e2,2,3,3,1,0,1,2,2,0,1,1,0,0,0,0,0,0,0,0,0,0,0,0,0,0,0,0,0,16,0,0,0,0,0,0,0,0,0,54,0,[],java-maven,2988491,3622387,1212.11,0,0,0,0,1,0.00277778,0.768162,0.00277778,0.768162,25,1,3,0,0,0,0,0
52551,7035862272,1553758,Build,cd_tycho50,3451a3a6808663ad39625a5052ef078c137c3ace,.github/workflows/maven.yml,success,52327453,cdietrich,191,5,0.0,0.0,,push,0,0,,1,success,6,e646b8fe6984907421eaa097cc9a2e4cd2dde404,14,21,16,2,0,0,0,4,32,2,1,2,0,1,3,0,0,0,0,0,0,0,21,0,21,0,1,0,16,0,0,19,13,1,0,0,0,0,54,0,[],java-maven,2988492,3621757,1211.9,0,0,0,0,1,0.0037037,0.776749,0.0037037,0.776749,28,1,3,0,0,0,0,0
52552,7035856766,1553758,Build,cd_tycho40,d6d33e7dfedc582f9bcc876506940381266da071,.github/workflows/maven.yml,success,52327453,cdietrich,191,5,0.0,0.0,,push,0,0,,1,success,7,a986db40bd4d23c5a047112c3896db2ed7db7837,14,21,16,2,0,0,0,4,32,2,1,2,0,1,3,0,0,0,0,0,0,0,21,0,21,0,1,0,16,0,0,19,13,1,0,0,0,0,54,0,[],java-maven,2988492,3621757,1211.9,0,0,0,0,1,0.0037037,0.763617,0.0037037,0.763617,28,1,3,0,0,0,0,0
52553,7275568526,1553758,Build,lb_2877,7ab2af2f3b8bb608eba75b18893922f65b470eba,.github/workflows/maven.yml,failure,52327453,LorenzoBettini,192,7,0.0,0.0,,push,0,0,,0,failure,1,a292bf99afa55643eb6e14dee05f7d9ac1bc9172,1,4,3,0,0,1,7,1,0,0,0,0,0,1,1,0,0,0,88,0,0,0,0,0,0,1,0,0,16,0,0,0,0,0,0,0,0,0,54,0,[],java-maven,2988560,3621828,1211.9,0,0,0,0,1,0.00740741,0.950617,0.00277778,0.936632,2,0,3,0,1,0,0,0
52554,7290449716,1553758,PR #2878,cd_guava33,92097038110409331ffa3130105b82ad5b710b01,dynamic/github-code-scanning/codeql,success,79271691,szarnekow,192,7,0.0,0.0,,dynamic,40,0,2878.0,1,success,1,f4af5c40dbccc29326dd5f734fc2a4e656ee8b1e,3,3,3,3,0,0,0,1,0,0,1,0,0,0,0,0,0,0,0,0,0,0,0,0,0,0,0,0,16,0,0,0,0,0,0,0,0,0,1,0,[],java-maven,2988559,3621828,1211.9,0,0,0,0,0,0.00833333,0.884259,0.0037037,0.872685,0,1,1,0,0,0,0,0
52555,7034485285,1553758,Build,cd_gradle85,88f73103a485e5c6181dc735ea1d42c68d9ff912,.github/workflows/maven.yml,failure,52327453,cdietrich,191,5,0.0,0.0,,push,0,0,,0,success,1,497aa5757a742b925f737feeeaf9d8b3d10466bd,2,1,1,2,0,0,0,2,0,1,0,0,0,0,0,0,0,0,0,0,0,0,0,0,0,0,0,0,16,0,0,0,0,0,0,0,0,0,54,0,[],java-maven,2988478,3622393,1212.12,0,0,0,0,1,0.0037037,0.712963,0.0037037,0.712963,26,1,3,0,0,0,0,0
52556,7286247283,1553758,Build,lb_2881,061304247fabf1741a360a587f52a6dc3bd0afca,.github/workflows/maven.yml,success,52327453,LorenzoBettini,192,7,0.0,0.0,,push,0,0,,1,success,2,75b8347dc469862efc6331c4a8802607b928a91b,5,2,4,1,0,4,5,2,0,1,0,0,0,4,4,0,0,0,1,0,0,0,0,0,0,1,0,0,16,0,0,0,0,0,0,0,0,0,54,0,[],java-maven,2988540,3621828,1211.91,0,0,0,0,1,0.00833333,0.93414,0.0037037,0.922365,2,0,3,0,1,1,0,0
52557,7276507885,1553758,PR #2873,lb_xtend_validator_tests,07b408acdc9a98f792ab4aa651887851e765363b,dynamic/github-code-scanning/codeql,success,79271691,LorenzoBettini,192,7,0.0,0.0,,dynamic,0,0,,1,success,1,a2470e7bd786257ac07e07cff15967b05ba5d86f,1,27,8,0,0,0,0,1,35,0,0,0,0,0,0,0,0,0,0,0,0,0,0,0,0,0,0,0,16,0,0,27,8,0,0,0,0,0,1,0,[],java-maven,2988635,3621912,1211.9,0,0,0,0,0,0.00833333,0.924383,0.0037037,0.908249,2,0,1,0,1,1,0,0
52558,7034534780,1553758,Build,cd_gradle85,6d959a37b93b54ab75f45ce26e3996d00be3dc11,.github/workflows/maven.yml,success,52327453,cdietrich,191,5,0.0,0.0,,push,8,0,2863.0,1,failure,1,88f73103a485e5c6181dc735ea1d42c68d9ff912,8,4,4,0,0,0,0,2,8,1,0,0,0,0,0,0,0,0,0,0,0,0,0,0,0,0,0,0,16,0,0,4,4,0,0,0,0,0,54,0,[],java-maven,2988478,3621757,1211.91,0,0,0,0,1,0.0037037,0.732099,0.0037037,0.732099,27,1,3,0,0,0,0,0
52559,7112341765,1553758,Build,main,c23f8b4267eaf8899bf0cbeea4dd35f21f02575b,.github/workflows/maven.yml,success,52327453,cdietrich,191,6,0.0,0.0,,push,8,0,2862.0,1,success,1,d0c1a2a1642816fe92f78a2895014c2d86e0eea2,6,6,6,2,0,1,2,3,6,1,1,0,0,1,1,0,0,0,1,0,0,0,0,0,0,1,0,0,16,0,0,3,3,0,0,1,0,0,54,0,[],java-maven,2988478,3621757,1211.91,0,0,0,0,1,0.0037037,0.825282,0.000925926,0.933025,26,1,3,0,0,1,0,1
52560,7272524137,1553758,PR #2873,lb_xtend_validator_tests,a444ee785a2cfcaf325190ee742c47f0eab3441d,dynamic/github-code-scanning/codeql,success,79271691,LorenzoBettini,192,7,0.0,0.0,,dynamic,0,0,,1,cancelled,2,dc00a3b227db2532c6a3ba57a642af679cc5e977,29,59,49,17,0,5,18,5,36,2,1,0,0,0,0,0,0,0,0,0,0,0,0,0,0,0,0,0,16,0,0,23,13,1,0,0,0,0,1,0,[],java-maven,2988584,3621854,1211.9,0,0,0,0,0,0.00555556,0.998016,0.000925926,0.999486,2,0,1,0,1,1,0,0
52561,7293556022,1553758,Build,cd_guava33,a0bdf30c467b510577732b99e75e606624bb0614,.github/workflows/maven.yml,success,52327453,szarnekow,192,7,0.0,0.0,,push,40,0,2878.0,0,success,1,92097038110409331ffa3130105b82ad5b710b01,1,0,1,1,0,0,0,1,0,0,0,0,0,0,0,0,0,0,0,0,0,0,0,0,0,0,0,0,16,0,0,0,0,0,0,0,0,0,54,0,[],java-maven,2988559,3621828,1211.9,0,0,0,0,1,0.00833333,0.895833,0.0037037,0.886831,0,1,3,0,0,0,0,0
52562,7124355831,1553758,Build,cd_tycho40,6b9a79d84e8361564a2a0a667df187e795cc5369,.github/workflows/maven.yml,success,52327453,cdietrich,191,6,0.0,0.0,,push,0,0,,1,success,7,d6d33e7dfedc582f9bcc876506940381266da071,8,12,9,4,0,1,2,4,6,2,1,0,0,1,1,0,0,0,1,0,0,0,0,0,0,1,0,0,16,0,0,3,3,0,0,1,0,0,54,0,[],java-maven,2988492,3621757,1211.9,0,0,0,0,1,0.0037037,0.845442,0.0,1.0,27,1,3,0,0,0,0,0
52563,7297945744,1553758,Build,lb_2877,c4576116970108757e671da55addb059ddce3743,.github/workflows/maven.yml,success,52327453,LorenzoBettini,192,7,0.0,0.0,,push,54,0,2879.0,1,success,6,dbb67052136dbf81f430d7aff35954898d518d9a,31,46,46,19,0,5,18,5,14,2,1,0,0,0,0,0,0,0,0,0,0,0,0,0,0,0,0,0,16,0,0,7,7,1,0,0,0,0,54,0,[],java-maven,2988560,3621828,1211.9,0,0,0,0,1,0.00833333,0.94765,0.0037037,0.940632,3,0,3,0,1,0,0,0
52564,7254744744,1553758,Build,replace-o.e.osgi.services,b87fca094de3a32abc4b87eb45841de1a7996b13,.github/workflows/maven.yml,success,52327453,HannesWell,192,7,0.0,0.0,,pull_request,82,0,2875.0,0,success,1,2b19d66e625171785850253a5cb647df652edf4d,1,2,2,1,0,0,0,1,0,0,0,0,0,0,0,0,0,0,0,0,0,0,0,0,0,0,0,0,16,0,0,0,0,0,0,0,0,0,54,0,[],java-maven,2988559,3621828,1211.9,0,0,0,0,1,0.00462963,0.996142,0.0,1.0,0,0,3,0,1,0,0,0
52565,7090701193,1553758,Build,cd_emf236,74a4f1e539ee4b10599cc0ab1da6fd4af52fb2c1,.github/workflows/maven.yml,success,52327453,cdietrich,191,6,0.0,0.0,,push,0,0,,1,success,1,4fca0fb916f14852e4831a00ac5591a04f0a546d,1,1,1,1,0,0,0,1,0,0,0,0,0,0,0,0,0,0,0,0,0,0,0,0,0,0,0,0,16,0,0,0,0,0,0,0,0,0,54,0,[],java-maven,2988478,3621757,1211.91,0,0,0,0,1,0.0037037,0.788499,0.00185185,0.866049,25,1,3,0,0,0,0,0
52566,7165093345,1553758,Build,main,2b19d66e625171785850253a5cb647df652edf4d,.github/workflows/maven.yml,success,52327453,LorenzoBettini,192,7,0.0,0.0,,push,91,0,2869.0,1,success,1,cf168df75339fe44cbc19d7da0ad43b3329cf630,1,10,1,0,0,1,11,1,0,0,0,0,0,1,1,1,0,1,15,0,0,0,0,0,0,1,0,0,16,0,0,0,0,0,0,0,0,0,54,0,[],java-maven,2988559,3621828,1211.9,0,0,0,0,1,0.00462963,0.997685,0.000925926,0.999421,2,0,3,0,1,1,0,1
52567,7275791544,1553758,PR #2873,lb_xtend_validator_tests,a2470e7bd786257ac07e07cff15967b05ba5d86f,dynamic/github-code-scanning/codeql,success,79271691,LorenzoBettini,192,7,0.0,0.0,,dynamic,0,0,,1,success,2,9c8360dd315bdb38203be40fd7e84b76fcf283cb,2,22,9,0,0,0,0,1,31,0,0,0,0,1,1,0,0,0,12,1,1,2,0,0,0,0,1,0,16,0,0,22,9,0,0,0,0,0,1,0,[],java-maven,2988616,3621893,1211.9,0,0,0,0,0,0.00833333,0.918333,0.0037037,0.899074,2,0,1,0,1,1,0,0
52568,7003365397,1553758,Build,main,ce4743e728ffb51fc9957626742f32dde71c05d6,.github/workflows/maven.yml,success,52327453,cdietrich,191,5,0.0,0.0,,push,8,0,2858.0,1,success,1,7a7413dce51b335c1655fc875d5b0ffd26936b9b,1,1,1,0,0,1,2,1,0,0,0,0,0,0,0,0,0,0,0,0,0,0,0,0,0,0,0,0,16,0,0,0,0,0,0,0,0,0,54,0,[],java-maven,2988477,3622387,1212.12,0,0,0,0,1,0.00185185,0.776749,0.00185185,0.776749,29,1,3,0,0,1,0,1
52569,7150512704,1553758,Build,cd_tycho50,aede68033e19770f556078205bc2d496b07b892c,.github/workflows/maven.yml,success,52327453,cdietrich,192,7,0.0,0.0,,push,0,0,,1,success,6,222e15c7a3250fe29c3869777dbbd3aef34da7dc,33,126,49,11,0,4,20,6,115,2,1,0,0,8,8,3,1,4,55,0,0,0,6,0,6,1,1,0,16,0,0,93,22,1,0,4,0,0,54,0,[],java-maven,2988565,3621828,1211.9,0,0,0,0,1,0.00462963,0.847783,0.000925926,0.949769,28,1,3,0,0,0,0,0
52570,7293454603,1553758,PR #2882,lb_2881,1982c626ba11d3048bde2a70c6df39cbd12ea90e,dynamic/github-code-scanning/codeql,success,79271691,LorenzoBettini,192,7,0.0,0.0,,dynamic,0,0,,1,success,1,061304247fabf1741a360a587f52a6dc3bd0afca,1,0,1,1,0,0,0,1,0,0,0,0,0,0,0,0,0,0,0,0,0,0,0,0,0,0,0,0,16,0,0,0,0,0,0,0,0,0,1,0,[],java-maven,2988539,3621828,1211.91,0,0,0,0,0,0.00833333,0.939951,0.0037037,0.930396,2,0,1,0,1,0,0,0
52571,7020083764,1553758,Build,cd_tycho40,a986db40bd4d23c5a047112c3896db2ed7db7837,.github/workflows/maven.yml,success,52327453,cdietrich,191,5,0.0,0.0,,push,0,0,,1,failure,1,80c64adbf5640a47da65f5e7ba3eef9e23c92e74,1,1,1,0,0,1,2,1,0,0,0,0,0,0,0,0,0,0,0,0,0,0,0,0,0,0,0,0,16,0,0,0,0,0,0,0,0,0,54,0,[],java-maven,2988491,3622387,1212.11,0,0,0,0,1,0.00277778,0.748843,0.00277778,0.748843,25,1,3,0,0,0,0,0
52572,7297981842,1553758,Build,lb_xtend_validator_tests,af655083057b03bc43e9345e8d839cd90cb43b43,.github/workflows/maven.yml,success,52327453,LorenzoBettini,192,7,0.0,0.0,,push,36,0,2898.0,1,success,18,b5a41cb6c6c532141df4908bdc3908111f2dba7b,4,5,5,4,0,0,0,1,0,0,1,0,0,0,0,0,0,0,0,0,0,0,0,0,0,0,0,0,16,0,0,0,0,0,0,0,0,0,54,0,[],java-maven,2988653,3621930,1211.89,0,0,0,0,1,0.00833333,0.950203,0.0037037,0.94393,15,0,3,0,1,1,0,0
52573,7195625522,1553758,CodeQL Setup,main,2b19d66e625171785850253a5cb647df652edf4d,dynamic/github-code-scanning/codeql,success,79271691,eclipsewebmaster,192,7,0.0,0.0,,dynamic,91,0,2869.0,0,success,1,cf168df75339fe44cbc19d7da0ad43b3329cf630,1,10,1,0,0,1,11,1,0,0,0,0,0,1,1,1,0,1,15,0,0,0,0,0,0,1,0,0,16,0,0,0,0,0,0,0,0,0,1,0,[],java-maven,2988559,3621828,1211.9,0,0,0,0,0,0.00462963,0.996142,0.000925926,0.999228,0,0,3,0,1,1,0,1
52574,7293454272,1553758,Build,lb_2881,1982c626ba11d3048bde2a70c6df39cbd12ea90e,.github/workflows/maven.yml,success,52327453,LorenzoBettini,192,7,0.0,0.0,,push,0,0,,0,success,1,061304247fabf1741a360a587f52a6dc3bd0afca,1,0,1,1,0,0,0,1,0,0,0,0,0,0,0,0,0,0,0,0,0,0,0,0,0,0,0,0,16,0,0,0,0,0,0,0,0,0,54,0,[],java-maven,2988539,3621828,1211.91,0,0,0,0,1,0.00833333,0.938131,0.0037037,0.92791,2,0,3,0,1,0,0,0
52575,7150506139,1553758,Build,cd_seqn,cab70378b9cabc874fa22f745200a3a8753ea2be,.github/workflows/maven.yml,success,52327453,cdietrich,192,7,0.0,0.0,,push,0,0,,0,success,1,c81a06ebe4b24bc1b502ecf52a6a6b0b347247c4,9,9,9,8,0,0,0,1,2,0,1,0,0,0,0,0,0,0,0,0,0,0,0,0,0,0,0,0,16,0,0,1,1,0,0,0,0,0,54,0,[],java-maven,2988478,3621757,1211.91,0,0,0,0,1,0.00462963,0.837963,0.000925926,0.944187,28,1,3,0,0,0,0,0
52576,7297802970,1553758,Build,cd_guava33,9ee860cce6ea001ee12f8b8c71bb433fdc5b762b,.github/workflows/maven.yml,success,52327453,LorenzoBettini,192,7,0.0,0.0,,push,40,0,2878.0,0,success,1,a0bdf30c467b510577732b99e75e606624bb0614,1,1,0,1,0,0,0,1,0,0,0,0,0,0,0,0,0,0,0,0,0,0,0,0,0,0,0,0,16,0,0,0,0,0,0,0,0,0,54,0,[],java-maven,2988559,3621828,1211.9,0,0,0,0,1,0.00833333,0.941667,0.0037037,0.932716,2,0,3,0,1,0,0,0
52577,7143690974,1553758,Build,main,cf168df75339fe44cbc19d7da0ad43b3329cf630,.github/workflows/maven.yml,success,52327453,szarnekow,191,6,0.0,0.0,,push,70,0,2801.0,0,success,1,c81a06ebe4b24bc1b502ecf52a6a6b0b347247c4,10,85,8,0,0,1,10,2,83,0,1,0,0,7,7,3,1,4,54,0,0,0,6,0,6,1,1,0,16,0,0,77,6,0,0,3,0,0,54,0,[],java-maven,2988551,3621828,1211.9,0,0,0,0,1,0.00462963,0.996142,0.000925926,0.999228,1,1,3,0,0,1,0,1
52578,7274329501,1553758,Scheduled,main,2b19d66e625171785850253a5cb647df652edf4d,dynamic/github-code-scanning/codeql,success,79271691,github-advanced-security[bot],192,7,0.0,0.0,,dynamic,91,0,2869.0,0,success,1,cf168df75339fe44cbc19d7da0ad43b3329cf630,1,10,1,0,0,1,11,1,0,0,0,0,0,1,1,1,0,1,15,0,0,0,0,0,0,1,0,0,16,0,0,0,0,0,0,0,0,0,1,0,[],java-maven,2988559,3621828,1211.9,0,0,0,0,0,0.00555556,0.99537,0.000925926,0.999228,0,0,1,0,1,1,0,1
52579,7111681430,1553758,Build,cd_202403wiz,a807591c1b5a8fb7749c955b764762e773365d6d,.github/workflows/maven.yml,success,52327453,cdietrich,191,6,0.0,0.0,,push,8,0,2862.0,1,success,5,cf0dbeb334cd0379b1ea11914af26f19bd10bf91,15,22,17,3,0,0,0,5,32,2,1,2,0,1,3,0,0,0,0,0,0,0,21,0,21,0,1,0,16,0,0,19,13,1,0,0,0,0,54,0,[],java-maven,2988478,3621757,1211.91,0,0,0,0,1,0.0037037,0.81734,0.000925926,0.928241,25,1,3,0,0,0,0,0
52580,7125577534,1553758,Build,main,c81a06ebe4b24bc1b502ecf52a6a6b0b347247c4,.github/workflows/maven.yml,success,52327453,cdietrich,191,6,0.0,0.0,,push,4,0,2868.0,1,success,2,cb5bd6973da4cf486f53f82bf09bbdc1f3ac0042,23,41,41,11,0,3,10,6,32,1,1,0,0,1,1,0,0,0,1,0,0,0,0,0,0,1,0,0,16,0,0,16,16,1,0,1,0,0,54,0,[],java-maven,2988478,3621757,1211.91,0,0,0,0,1,0.00462963,0.832562,0.000925926,0.940904,30,1,3,0,0,1,0,1
52581,7272622416,1553758,Build,lb_xtend_validator_tests,c571778606f5bfd93b4f10c2a2a861080dedfd5b,.github/workflows/maven.yml,cancelled,52327453,LorenzoBettini,192,7,0.0,0.0,,push,0,0,,1,success,1,a444ee785a2cfcaf325190ee742c47f0eab3441d,1,11,5,0,0,0,0,1,16,0,0,0,0,0,0,0,0,0,0,0,0,0,0,0,0,0,0,0,16,0,0,11,5,0,0,0,0,0,54,0,[],java-maven,2988590,3621860,1211.9,0,0,0,0,1,0.00555556,0.998148,0.000925926,0.999537,2,0,3,0,1,1,0,0
52582,7286308849,1553758,PR #2882,lb_2881,061304247fabf1741a360a587f52a6dc3bd0afca,dynamic/github-code-scanning/codeql,success,79271691,LorenzoBettini,192,7,0.0,0.0,,dynamic,0,0,,1,success,2,75b8347dc469862efc6331c4a8802607b928a91b,5,2,4,1,0,4,5,2,0,1,0,0,0,4,4,0,0,0,1,0,0,0,0,0,0,1,0,0,16,0,0,0,0,0,0,0,0,0,1,0,[],java-maven,2988540,3621828,1211.91,0,0,0,0,0,0.00833333,0.936198,0.0037037,0.92524,2,0,1,0,1,1,0,0
52583,7297803313,1553758,PR #2878,cd_guava33,9ee860cce6ea001ee12f8b8c71bb433fdc5b762b,dynamic/github-code-scanning/codeql,success,79271691,LorenzoBettini,192,7,0.0,0.0,,dynamic,40,0,2878.0,1,success,1,a0bdf30c467b510577732b99e75e606624bb0614,1,1,0,1,0,0,0,1,0,0,0,0,0,0,0,0,0,0,0,0,0,0,0,0,0,0,0,0,16,0,0,0,0,0,0,0,0,0,1,0,[],java-maven,2988559,3621828,1211.9,0,0,0,0,0,0.00833333,0.943287,0.0037037,0.934887,2,0,1,0,1,0,0,0
52584,7275602733,1553758,PR #2879,lb_2877,dbb67052136dbf81f430d7aff35954898d518d9a,dynamic/github-code-scanning/codeql,success,79271691,LorenzoBettini,192,7,0.0,0.0,,dynamic,0,0,,1,failure,1,7ab2af2f3b8bb608eba75b18893922f65b470eba,1,1,1,0,0,1,2,1,0,0,0,0,0,1,1,1,1,2,87,0,0,0,0,0,0,1,0,0,16,0,0,0,0,0,0,0,0,0,1,0,[],java-maven,2988560,3621828,1211.9,0,0,0,0,0,0.00833333,0.911232,0.0037037,0.88786,2,0,1,0,1,0,0,0
52585,7164102411,1553758,Build,lb_2498,e8989b51587504a27ea374f2a70d691dd5e389d8,.github/workflows/maven.yml,success,52327453,LorenzoBettini,192,7,0.0,0.0,,push,91,0,2869.0,0,success,2,d0c20d66b516c754ddf4ed9c0f1d4b1bc99a285e,10,85,8,0,0,1,10,2,83,0,1,0,0,7,7,3,1,4,54,0,0,0,6,0,6,1,1,0,16,0,0,77,6,0,0,3,0,0,54,0,[],java-maven,2988559,3621828,1211.9,0,0,0,0,1,0.00462963,0.997428,0.000925926,0.999339,1,0,3,0,1,0,0,0
52586,7096702686,1553758,Build,main,d0c1a2a1642816fe92f78a2895014c2d86e0eea2,.github/workflows/maven.yml,success,52327453,cdietrich,191,6,0.0,0.0,,push,12,0,2865.0,1,success,1,4fca0fb916f14852e4831a00ac5591a04f0a546d,1,1,1,1,0,0,0,1,0,0,0,0,0,0,0,0,0,0,0,0,0,0,0,0,0,0,0,0,16,0,0,0,0,0,0,0,0,0,54,0,[],java-maven,2988478,3621757,1211.91,0,0,0,0,1,0.0037037,0.808642,0.00185185,0.881808,27,1,3,0,0,1,0,1
52587,7293556276,1553758,PR #2878,cd_guava33,a0bdf30c467b510577732b99e75e606624bb0614,dynamic/github-code-scanning/codeql,success,79271691,szarnekow,192,7,0.0,0.0,,dynamic,40,0,2878.0,1,success,1,92097038110409331ffa3130105b82ad5b710b01,1,0,1,1,0,0,0,1,0,0,0,0,0,0,0,0,0,0,0,0,0,0,0,0,0,0,0,0,16,0,0,0,0,0,0,0,0,0,1,0,[],java-maven,2988559,3621828,1211.9,0,0,0,0,0,0.00833333,0.905303,0.0037037,0.898148,0,1,1,0,0,0,0,0
52588,7276507063,1553758,Build,lb_xtend_validator_tests,07b408acdc9a98f792ab4aa651887851e765363b,.github/workflows/maven.yml,success,52327453,LorenzoBettini,192,7,0.0,0.0,,push,0,0,,1,success,1,a2470e7bd786257ac07e07cff15967b05ba5d86f,1,27,8,0,0,0,0,1,35,0,0,0,0,0,0,0,0,0,0,0,0,0,0,0,0,0,0,0,16,0,0,27,8,0,0,0,0,0,54,0,[],java-maven,2988635,3621912,1211.9,0,0,0,0,1,0.00833333,0.921474,0.0037037,0.90388,2,0,3,0,1,1,0,0
52589,7277721172,1553758,PR #2873,lb_xtend_validator_tests,b5a41cb6c6c532141df4908bdc3908111f2dba7b,dynamic/github-code-scanning/codeql,success,79271691,LorenzoBettini,192,7,0.0,0.0,,dynamic,0,0,,1,success,2,07b408acdc9a98f792ab4aa651887851e765363b,2,28,10,0,0,0,0,1,38,0,0,0,0,1,1,0,0,0,0,0,0,0,0,0,0,0,1,0,16,0,0,28,10,0,0,2,0,0,1,0,[],java-maven,2988653,3621930,1211.89,0,0,0,0,0,0.00833333,0.929598,0.0037037,0.915895,2,0,1,0,1,1,0,0
52590,7297927509,1553758,Push on main,main,32ac1441fa426d16b4a132b8349a03872a311063,dynamic/github-code-scanning/codeql,success,79271691,LorenzoBettini,192,7,0.0,0.0,,dynamic,40,0,2878.0,1,success,5,a292bf99afa55643eb6e14dee05f7d9ac1bc9172,31,46,46,19,0,5,18,5,14,2,1,0,0,0,0,0,0,0,0,0,0,0,0,0,0,0,0,0,16,0,0,7,7,1,0,0,0,0,1,0,[],java-maven,2988559,3621828,1211.9,0,0,0,0,0,0.00833333,0.94482,0.0037037,0.936921,3,0,1,0,1,1,0,1
52591,7020039943,1553758,Build,main,652c2c41499387ab87737143d12939a8bdab41ab,.github/workflows/maven.yml,success,52327453,cdietrich,191,5,0.0,0.0,,push,8,0,2857.0,1,success,1,ce4743e728ffb51fc9957626742f32dde71c05d6,1,1,1,0,0,0,0,1,2,0,0,0,0,0,0,0,0,0,0,0,0,0,0,0,0,0,0,0,16,0,0,1,1,0,0,0,0,0,54,0,[],java-maven,2988477,3622387,1212.12,0,0,0,0,1,0.00185185,0.799074,0.00185185,0.799074,25,1,3,0,0,1,0,1
52592,7290449152,1553758,Build,cd_guava33,92097038110409331ffa3130105b82ad5b710b01,.github/workflows/maven.yml,success,52327453,szarnekow,192,7,0.0,0.0,,push,40,0,2878.0,0,success,1,f4af5c40dbccc29326dd5f734fc2a4e656ee8b1e,3,3,3,3,0,0,0,1,0,0,1,0,0,0,0,0,0,0,0,0,0,0,0,0,0,0,0,0,16,0,0,0,0,0,0,0,0,0,54,0,[],java-maven,2988559,3621828,1211.9,0,0,0,0,1,0.00833333,0.869792,0.0037037,0.854497,0,1,3,0,0,0,0,0
52593,7035612462,1553758,Build,main,4fca0fb916f14852e4831a00ac5591a04f0a546d,.github/workflows/maven.yml,success,52327453,cdietrich,191,5,0.0,0.0,,push,8,0,2863.0,1,success,2,28dd893267ac0cdecbcd14b375f97ec4a18ab603,11,6,7,2,0,0,0,3,8,1,1,0,0,0,0,0,0,0,0,0,0,0,0,0,0,0,0,0,16,0,0,4,4,1,0,0,0,0,54,0,[],java-maven,2988478,3621757,1211.91,0,0,0,0,1,0.0037037,0.748843,0.0037037,0.748843,28,1,3,0,0,1,0,1
52594,7277720765,1553758,Build,lb_xtend_validator_tests,b5a41cb6c6c532141df4908bdc3908111f2dba7b,.github/workflows/maven.yml,success,52327453,LorenzoBettini,192,7,0.0,0.0,,push,0,0,,1,success,2,07b408acdc9a98f792ab4aa651887851e765363b,2,28,10,0,0,0,0,1,38,0,0,0,0,1,1,0,0,0,0,0,0,0,0,0,0,0,1,0,16,0,0,28,10,0,0,2,0,0,54,0,[],java-maven,2988653,3621930,1211.89,0,0,0,0,1,0.00833333,0.927083,0.0037037,0.912238,2,0,3,0,1,1,0,0
52595,7275594538,1553758,Build,lb_2877,dbb67052136dbf81f430d7aff35954898d518d9a,.github/workflows/maven.yml,failure,52327453,LorenzoBettini,192,7,0.0,0.0,,push,0,0,,1,failure,1,7ab2af2f3b8bb608eba75b18893922f65b470eba,1,1,1,0,0,1,2,1,0,0,0,0,0,1,1,1,1,2,87,0,0,0,0,0,0,1,0,0,16,0,0,0,0,0,0,0,0,0,54,0,[],java-maven,2988560,3621828,1211.9,0,0,0,0,1,0.00833333,0.907197,0.0037037,0.881264,2,0,3,0,1,0,0,0
52596,7031791930,1553758,Build,main,28dd893267ac0cdecbcd14b375f97ec4a18ab603,.github/workflows/maven.yml,success,52327453,LorenzoBettini,191,5,0.0,0.0,,push,42,0,2861.0,1,success,1,652c2c41499387ab87737143d12939a8bdab41ab,3,15,9,0,0,0,0,1,24,0,1,2,0,1,3,0,0,0,0,0,0,0,21,0,21,0,1,0,16,0,0,15,9,0,0,0,0,0,54,0,[],java-maven,2988479,3622393,1212.12,0,0,0,0,1,0.00277778,0.998016,0.00277778,0.998016,1,0,3,0,1,1,0,1
52597,7297982131,1553758,PR #2873,lb_xtend_validator_tests,af655083057b03bc43e9345e8d839cd90cb43b43,dynamic/github-code-scanning/codeql,success,79271691,LorenzoBettini,192,7,0.0,0.0,,dynamic,36,0,2898.0,1,success,18,b5a41cb6c6c532141df4908bdc3908111f2dba7b,4,5,5,4,0,0,0,1,0,0,1,0,0,0,0,0,0,0,0,0,0,0,0,0,0,0,0,0,16,0,0,0,0,0,0,0,0,0,1,0,[],java-maven,2988653,3621930,1211.89,0,0,0,0,0,0.00833333,0.951389,0.0037037,0.945445,15,0,1,0,1,1,0,0
52598,7274980696,1553758,Build,main,a292bf99afa55643eb6e14dee05f7d9ac1bc9172,.github/workflows/maven.yml,failure,52327453,szarnekow,192,7,0.0,0.0,,push,82,0,2875.0,0,success,1,2b19d66e625171785850253a5cb647df652edf4d,1,2,2,1,0,0,0,1,0,0,0,0,0,0,0,0,0,0,0,0,0,0,0,0,0,0,0,0,16,0,0,0,0,0,0,0,0,0,54,0,[],java-maven,2988559,3621828,1211.9,0,0,0,0,1,0.00648148,0.852513,0.00185185,0.83179,0,1,3,0,0,1,0,1
52599,8023965961,1553758,Build,cd_resLeak,92c9b06187693a17cb6855baf8114256c24fb73c,.github/workflows/maven.yml,success,52327453,cdietrich,193,7,0.0,0.0,,push,0,0,,1,failure,1,f2043e521c4d6dca0e5ee6a7a4755004f4cc072f,1,4,2,0,0,1,6,1,0,0,0,0,0,1,1,0,0,0,6,0,0,0,0,0,0,1,0,0,16,0,0,0,0,0,0,0,0,0,54,0,[],java-maven,2990266,3622778,1211.52,0,0,0,0,1,0.0037037,0.95194,0.0037037,0.908249,12,1,3,0,0,0,0,0
