id,run_id,repository_id,name,head_branch,head_sha,path,conclusion,workflow_id,actor_name,git_num_committers,repo_team_size_last_3_month,commit_message_issue_ref,gh_commits_on_files_touched,git_commit_attention,trigger_event,gh_pr_description_complexity,gh_num_pr_comments,pr_number,git_same_committer,gh_previous_build_result,git_commits,base_sha,gh_files_modified,gh_lines_added,gh_lines_deleted,gh_other_files,gh_hotspot_files_touched,gh_src_files,gh_src_churn,gh_files_type_modified,gh_test_churn,gh_files_entropy,gh_cross_module_changes,ast_class_added,ast_class_deleted,ast_class_modified,ast_class_changed,ast_met_added,ast_met_deleted,ast_met_changed,ast_met_sig_modified,ast_field_added,ast_field_deleted,ast_field_changed,ast_import_added,ast_import_deleted,ast_import_changed,src_ast_diff,test_ast_diff,gh_dependencies_churn,dependencies_count,gh_files_added,gh_files_deleted,gh_tests_added,gh_tests_deleted,gh_doc_files,gh_config_files,ast_met_body_modified,dockerfile_changed,docker_compose_changed,workflow_size,external_github_resource,test_frameworks,build_language,sloc_initial,test_lines_initial,test_lines_per_1000_sloc,tests_passed,tests_failed,tests_skipped,tests_total,tests_ran,repo_fail_rate_history,gh_committer_bayesian_trust_score_history,repo_fail_rate_recent,gh_committer_bayesian_trust_score_recent,git_committer_repo_exp,is_core_member,concurrent_jobs,committer_cross_project_exp,gh_committer_first_build,prev_build_same_files_touched,repo_ci_config_churn_nums,is_master
32165,8751170853,198181246,Java CI with Maven,2022.0.x-upgrade,c83ec644e90a063fdff0a30dd1299553a68b8203,.github/workflows/maven.yml,success,1345677,chengyouling,37,2,1.0,3.0,{'revert'},pull_request,8,0,1257.0,1,failure,3,f17c0fa9f89bb5967f625316bbd2110c39964df0,28,188,794,1,1,19,525,4,453,1,1,4,8,19,31,1,12,13,19,1,3,4,44,91,135,1,1,0,1,1,8,92,361,0,0,4,0,0,220,1,[],java-maven,33345,21925,657.52,0,0,0,0,0,0.0362117,0.700557,0.0139276,0.733177,5,0,1,0,0,0,0,0
32166,8750592061,198181246,Java CI with Maven,master-upgrade,62d84ea01e75f324386f1dde07172ecc1cdb2edf,.github/workflows/maven.yml,success,1345677,chengyouling,37,2,1.0,2.0,{'docs'},pull_request,8,0,1256.0,1,failure,2,dd1bdc2a10a258e148398fec4d8dad9408926f8e,2,9,3,0,0,2,12,2,0,1,1,0,0,1,1,0,0,0,4,0,0,0,1,0,1,1,0,0,1,0,0,0,0,0,0,0,0,0,220,1,[],java-maven,33751,22194,657.581,0,0,0,0,0,0.0362117,0.700557,0.0111421,0.761429,5,0,1,0,0,0,0,0
32167,9560125870,198181246,Java CI with Maven,2021.0.x-cc,8db969cdb894425bdaa59464edd280a3b07abacb,.github/workflows/maven.yml,success,1345677,chengyouling,37,0,1.0,3.0,{'ci'},pull_request,16,0,1281.0,1,failure,3,11f75904d757aa5b0165046706068cb2b9436653,2,40,7,0,1,2,47,2,0,1,1,0,0,1,1,2,0,2,12,0,0,0,0,0,0,1,0,0,1,0,0,0,0,0,0,0,0,0,220,1,[],java-maven,31860,21925,688.167,0,0,0,0,0,0.00557103,0.774683,0.00557103,0.746518,0,0,1,0,0,0,0,0
32168,7610306410,198181246,Java CI with Maven,2021.0.x-license,2a6e11338bcf485e421e926e4289347892215e2a,.github/workflows/maven.yml,success,1345677,chengyouling,37,3,1.0,3.0,{'docs'},pull_request,12,0,1202.0,1,failure,3,ad9494ea36b29ef5452575abe3d0092c381c0e25,608,610,610,14,1,285,570,9,608,1,1,0,0,439,439,0,0,0,795,0,0,0,0,0,0,1,1,0,1,0,0,304,304,0,5,0,0,0,31,0,[],java-maven,32033,22139,691.131,0,0,0,0,0,0.0473538,0.869258,0.0167131,0.805544,15,0,1,0,0,0,0,0
32169,8387584188,198181246,Java CI with Maven,master-health,5ca4a8103fcc8030b4a02ec473fc3b33ff0dc5eb,.github/workflows/maven.yml,success,1345677,chengyouling,37,2,1.0,5.0,"{'feat', 'fix'}",pull_request,12,0,1239.0,1,failure,5,aaa8878cd70f3ff43d76be39148e0bf1d0b7732c,1,28,11,0,1,1,39,1,0,0,0,0,0,1,1,1,0,1,3,2,0,2,5,1,6,1,0,0,1,0,0,0,0,0,0,0,0,0,31,0,[],java-maven,31956,21925,686.1,0,0,0,0,0,0.0194986,0.727019,0.0111421,0.631299,2,0,1,0,0,1,0,0
32170,7605964384,198181246,Java CI with Maven,2021.0.x-boot2718,7af14af7985ab11e1e7724dc79d8c0f2f2747388,.github/workflows/maven.yml,success,1345677,chengyouling,37,3,1.0,1.0,,pull_request,22,0,1199.0,1,success,1,1ca39230e342d689c114fa29d541bb2fc39d10e4,1,2,2,0,0,1,4,1,0,0,0,0,0,0,0,0,0,0,0,0,0,0,0,0,0,0,0,0,1,0,0,0,0,0,0,0,0,0,31,0,[],java-maven,32033,22139,691.131,0,0,0,0,0,0.0362117,0.89343,0.0,1.0,13,0,1,0,0,0,0,0
32171,8780353839,198181246,Java CI with Maven,2022.0.x-health,8abb7e3ccde0356f234566e974d3420fef1d9277,.github/workflows/maven.yml,success,1345677,chengyouling,37,2,1.0,1.0,,pull_request,20,0,1261.0,1,success,1,0e90ccbdf3bc2172ec4b84734d54b4963a0487f2,1,2,1,1,0,0,0,1,0,0,0,0,0,0,0,0,0,0,0,0,0,0,0,0,0,0,0,0,1,0,0,0,0,0,0,0,0,0,220,1,[],java-maven,33755,22194,657.503,0,0,0,0,0,0.0334262,0.720822,0.0167131,0.756657,4,0,1,0,0,0,0,0
32172,7677619836,198181246,Java CI with Maven,master-hession,5f4892d62439d27aadccca06ea8ea81081492b41,.github/workflows/maven.yml,success,1345677,chengyouling,37,4,1.0,1.0,,pull_request,15,0,1215.0,1,failure,1,ce84bb98a920a504b4b09f884fe95ab935069311,1,1,1,0,1,1,2,1,0,0,0,0,0,0,0,0,0,0,0,0,0,0,0,0,0,0,0,0,1,0,0,0,0,0,0,0,0,0,31,0,[],java-maven,31700,21925,691.64,0,0,0,0,0,0.0584958,0.8425,0.0334262,0.753315,14,0,1,0,0,0,0,0
32173,7707432476,198181246,Java CI with Maven,master-weighted,f9945bda146260f7c08302fd29e2689eabcfea7e,.github/workflows/maven.yml,success,1345677,chengyouling,37,3,1.0,6.0,"{'feat', 'fix'}",pull_request,8,0,1204.0,1,failure,6,e26a5d2075c26ef7e234d4ab1903d001d454b0ed,15,384,51,0,1,15,407,1,28,0,1,4,0,14,18,4,0,4,45,2,0,2,53,6,59,1,1,0,1,3,0,14,14,0,0,11,0,0,31,0,[],java-maven,31863,21925,688.102,0,0,0,0,0,0.0640668,0.801398,0.0250696,0.770814,14,0,1,0,0,1,0,0
32174,8965711343,198181246,Java CI with Maven,2022.0.x-include,ec62b4ed375fe0fc5ac2935bd8f093ca97698e39,.github/workflows/maven.yml,success,1345677,chengyouling,37,1,1.0,1.0,{'fix'},pull_request,20,0,1269.0,1,success,1,deaca1e164ee5818941f501f17c1a3798e8109e9,8,361,26,0,0,6,67,1,320,0,0,0,0,8,8,40,3,43,5,2,0,2,1,0,1,1,1,0,1,0,0,306,14,0,0,14,0,0,220,1,[],java-maven,34034,22486,660.692,0,0,0,0,0,0.0222841,0.802161,0.00278552,0.907825,5,0,1,0,0,0,0,0
32175,8872209714,198181246,Java CI with Maven,master-include,23c438b2abdda9ea9761a31208b01bcc773254f2,.github/workflows/maven.yml,success,1345677,chengyouling,37,1,1.0,1.0,,pull_request,18,0,1266.0,1,cancelled,1,36063918ed22d095ca9224cdbb424dccb702edc8,8,361,26,0,0,6,67,1,320,0,0,0,0,8,8,40,3,43,5,2,0,2,1,0,1,1,1,0,1,0,0,306,14,0,0,14,0,0,220,1,[],java-maven,34030,22486,660.77,0,0,0,0,0,0.0334262,0.710306,0.00278552,0.927577,4,0,1,0,0,0,0,0
32176,7334108808,198181246,Java CI with Maven,master-order1,a8344d07711f87856d0ed804c27a532c2438d76f,.github/workflows/maven.yml,success,1345677,chengyouling,37,3,,,,pull_request,0,0,,0,failure,0,,0,0,0,0,0,0,0,0,0,0,0,0,0,0,0,0,0,0,0,0,0,0,0,0,0,0,0,0,1,0,0,0,0,0,0,0,0,0,31,0,[],java-maven,31521,21808,691.856,0,0,0,0,0,0.0724234,0.619342,0.0167131,0.818444,10,0,1,0,0,0,0,0
32177,7677650284,198181246,Java CI with Maven,2022.0.x,830ac50e09b89b63da19755b536ee55fcdd8e7cb,.github/workflows/maven.yml,success,1345677,chengyouling,37,4,1.0,1.0,,pull_request,15,0,1216.0,1,success,1,c700585accf021db2311f12bc0561e4681c23448,1,1,1,0,1,1,2,1,0,0,0,0,0,0,0,0,0,0,0,0,0,0,0,0,0,0,0,0,1,0,0,0,0,0,0,0,0,0,31,0,[],java-maven,31708,21925,691.466,0,0,0,0,0,0.0584958,0.845125,0.0334262,0.762803,14,0,1,0,0,1,0,0
32178,8646311976,198181246,Java CI with Maven,master-auth,fe0a0d9c22724b2fb689e9b55fe99b479e411533,.github/workflows/maven.yml,success,1345677,chengyouling,37,2,1.0,1.0,{'fix'},pull_request,30,0,1251.0,1,success,1,7f19a0cb185f778a4d9e4f8a04cda75ad0fa6528,27,793,187,1,1,18,523,3,453,1,1,11,1,19,31,12,1,13,19,3,1,4,128,10,138,1,1,0,1,8,1,361,92,0,0,4,0,0,220,1,[],java-maven,33747,22194,657.658,0,0,0,0,0,0.0334262,0.647418,0.0139276,0.662024,4,0,1,0,0,0,0,0
32179,8429937017,198181246,Java CI with Maven,2022.0.x-nacos,8bd8117b0ff88b771d59d297becdb340d2673d18,.github/workflows/maven.yml,success,1345677,chengyouling,37,2,1.0,1.0,{'fix'},pull_request,16,0,1245.0,1,success,1,3e799add23daf3a1bbc8aa42707e12c4c92d4dfb,1,6,0,0,0,1,6,1,0,0,0,0,0,0,0,0,0,0,0,0,0,0,0,0,0,0,0,0,1,0,0,0,0,0,0,0,0,0,220,1,[],java-maven,31964,21925,685.928,0,0,0,0,0,0.0250696,0.745523,0.0167131,0.744777,5,0,1,0,0,1,0,0
32180,7328302060,198181246,Java CI with Maven,master-order,38647cc8561ead0b884a440424716730bfc8b4d4,.github/workflows/maven.yml,success,1345677,chengyouling,37,3,1.0,4.0,"{'chore', 'fix'}",pull_request,16,0,1150.0,0,success,4,afa332f081f72f8d264a4a78b81a579879d69c4b,12,52,32,0,1,10,73,2,0,1,1,0,0,10,10,0,0,0,18,5,3,8,9,1,10,1,0,0,1,0,0,0,0,2,0,5,0,0,31,0,[],java-maven,31512,21808,692.054,0,0,0,0,0,0.0752089,0.594215,0.0139276,0.797215,10,0,1,0,0,0,0,0
32181,7458156410,198181246,Java CI with Maven,2021.0.x-reactive,731c55aa756ec086a0436686a230924c48f2791c,.github/workflows/maven.yml,success,1345677,chengyouling,37,3,1.0,1.0,,pull_request,14,0,1190.0,0,success,1,01211f2cb259050088792825028a3620a3f3827f,5,35,42,3,1,4,10,3,0,1,1,2,0,2,4,0,0,0,2,0,0,0,42,2,44,1,0,0,1,1,1,0,0,0,0,0,0,0,31,0,[],java-maven,32029,22139,691.217,0,0,0,0,0,0.0529248,0.815769,0.0167131,0.889873,16,0,1,0,0,0,0,0
32182,8966297109,198181246,Java CI with Maven,2021.0.x-actuator,a1a3cfac628c60945ae08a693b240101562deca7,.github/workflows/maven.yml,success,1345677,chengyouling,37,1,1.0,2.0,{'fix'},pull_request,22,0,1271.0,1,success,2,4df863f400f137a9091402ef590599d2d9521de3,5,58,23,1,1,4,80,2,0,1,0,0,0,4,4,6,0,6,6,2,2,4,2,3,5,1,0,0,1,0,0,0,0,0,0,3,0,0,220,1,[],java-maven,34178,22409,655.656,0,0,0,0,0,0.0222841,0.81565,0.00278552,0.927577,6,0,1,0,0,0,0,0
32183,7636699098,198181246,Java CI with Maven,2022.0.x-alibaba,46fa7e07b8911b81aac95551ad922c632dfab1f3,.github/workflows/maven.yml,success,1345677,chengyouling,37,3,1.0,1.0,,pull_request,12,0,1206.0,1,success,1,a3fb6b8c20123ae3457e4115e3343108c5fc6229,1,1,1,0,1,1,2,1,0,0,0,0,0,0,0,0,0,0,0,0,0,0,0,0,0,0,0,0,1,0,0,0,0,0,0,0,0,0,31,0,[],java-maven,31644,21925,692.864,0,0,0,0,0,0.0473538,0.850241,0.0222841,0.777764,12,0,1,0,0,0,0,0
32184,7320931104,198181246,Java CI with Maven,2021.0.x-isolationOrder,8b5a0e4cf4d2113db12d6f724b17abbfb33099db,.github/workflows/maven.yml,success,1345677,chengyouling,37,3,,,,pull_request,0,0,,1,failure,0,,0,0,0,0,0,0,0,0,0,0,0,0,0,0,0,0,0,0,0,0,0,0,0,0,0,0,0,0,1,0,0,0,0,0,0,0,0,0,31,0,[],java-maven,31887,22022,690.626,0,0,0,0,0,0.0752089,0.583999,0.0111421,0.774683,10,0,1,0,0,0,0,0
32185,7334283316,198181246,Java CI with Maven,2021.0.x-order1,87f5f0a2b138bcbf9dba198bf6670b95052a56e0,.github/workflows/maven.yml,success,1345677,chengyouling,37,3,1.0,1.0,,pull_request,18,0,1156.0,1,success,1,ae49056e9b702081b2a88cd5d51bc2b19dafb43c,3,3,3,0,1,3,6,1,0,0,0,0,0,3,3,0,0,0,6,0,0,0,0,0,0,1,0,0,1,0,0,0,0,0,0,3,0,0,31,0,[],java-maven,31904,22017,690.102,0,0,0,0,0,0.0724234,0.625198,0.0167131,0.824705,10,0,1,0,0,0,0,0
32186,7552242193,198181246,Java CI with Maven,master-2023,ec4e8a72f24c3e2ad3dbdede5a656d2822ca5213,.github/workflows/maven.yml,success,1345677,chengyouling,37,3,1.0,1.0,,pull_request,14,0,1194.0,1,success,1,ba3e304f92603e91c05e7c2c96ea43d78534b1db,83,86,86,0,1,35,76,1,96,0,1,0,0,0,0,0,0,0,0,0,0,0,0,0,0,0,0,0,1,0,0,48,48,0,0,0,0,0,31,0,[],java-maven,31644,21925,692.864,0,0,0,0,0,0.0417827,0.8697,0.0,1.0,14,0,1,0,0,0,0,0
32187,7737891193,198181246,Java CI with Maven,2022.0.x,72a14cc334d471c94f71b04b9b703c5fcf0d1e83,.github/workflows/maven.yml,success,1345677,chengyouling,37,4,1.0,1.0,{'fix'},pull_request,10,0,1219.0,0,failure,1,623b04f872856e32a0425ad78c9ece718f6cef75,15,387,51,0,1,15,410,1,28,0,1,4,0,14,18,4,0,4,45,2,0,2,53,6,59,1,1,0,1,3,0,14,14,0,0,11,0,0,31,0,[],java-maven,31940,21925,686.443,0,0,0,0,0,0.0612813,0.821031,0.0139276,0.808148,14,0,1,0,0,1,0,0
32188,8872729275,198181246,Java CI with Maven,master-home,3761354051ec60545be325d343489189d5fdc2cd,.github/workflows/maven.yml,success,1345677,chengyouling,37,2,1.0,2.0,{'feat'},pull_request,14,0,1268.0,1,success,2,36063918ed22d095ca9224cdbb424dccb702edc8,3,13,7,0,1,0,0,2,0,1,1,0,0,0,0,0,0,0,0,0,0,0,0,0,0,0,0,0,1,0,0,0,0,2,1,0,0,0,220,1,[],java-maven,33756,22194,657.483,0,0,0,0,0,0.0334262,0.723474,0.00278552,0.93663,4,0,1,0,0,0,0,0
32189,7381933211,198181246,Java CI with Maven,2021.0.x-refresh,8c03b30b4fc8aaa4ea6182da3724b78f83457a6c,.github/workflows/maven.yml,success,1345677,chengyouling,23,0,1.0,1.0,,pull_request,18,0,1163.0,0,failure,1,f707b254e873d52eb74a72f117de91cf89822f00,1,7,5,0,0,1,12,1,0,0,0,0,0,1,1,0,0,0,2,0,0,0,0,0,0,1,0,0,1,0,0,0,0,0,0,0,0,0,31,0,[],java-maven,31907,22017,690.037,0,0,0,0,0,0.0696379,0.65081,0.00557103,0.998361,12,0,1,0,0,0,0,0
32190,8596317952,198181246,Java CI with Maven,2021.0.x-nacos,19746da713639cc31c34e9ea5a92d66db3b607ff,.github/workflows/maven.yml,success,1345677,chengyouling,37,2,1.0,1.0,,pull_request,16,0,1249.0,1,success,1,4d694df26c0baf0c03f850746d57824269df0918,21,2758,604,2,1,46,3311,5,0,1,1,35,3,0,38,0,0,0,0,0,0,0,268,21,289,1,0,0,1,25,3,0,0,1,0,0,0,0,220,1,[],java-maven,33736,22140,656.272,0,0,0,0,0,0.0417827,0.606164,0.0139276,0.637883,4,0,1,0,0,0,0,0
32191,8750799076,198181246,Java CI with Maven,2022.0.x-upgrade,a2bd7a9f5f36c46b868c6d752e20c2fb4b6f0650,.github/workflows/maven.yml,failure,1345677,chengyouling,37,2,1.0,2.0,{'revert'},pull_request,8,0,1257.0,1,success,2,f17c0fa9f89bb5967f625316bbd2110c39964df0,30,188,806,1,1,21,537,4,453,1,1,4,8,21,33,1,13,14,20,1,3,4,44,91,135,1,1,0,1,1,8,92,361,0,0,4,0,0,220,1,[],java-maven,33335,21925,657.717,0,0,0,0,0,0.0362117,0.691483,0.0139276,0.718353,5,0,1,0,0,1,0,0
32192,7706018029,198181246,Java CI with Maven,master-weighted,9a0955a9632ddd06f7c0acc2f8200978ada54933,.github/workflows/maven.yml,failure,1345677,chengyouling,37,3,1.0,4.0,"{'feat', 'fix'}",pull_request,8,0,1204.0,0,success,4,e26a5d2075c26ef7e234d4ab1903d001d454b0ed,13,374,45,0,1,15,403,1,16,0,1,4,0,12,16,4,0,4,45,2,0,2,50,4,54,1,1,0,1,3,0,8,8,0,0,7,0,0,31,0,[],java-maven,31860,21925,688.167,0,0,0,0,0,0.0612813,0.812611,0.0222841,0.805536,14,0,1,0,0,1,0,0
32193,7707322316,198181246,Java CI with Maven,master-weighted,b9877c4ebd3eeb8f626621b2fee74abd15ef427d,.github/workflows/maven.yml,failure,1345677,chengyouling,37,3,1.0,5.0,"{'feat', 'fix'}",pull_request,8,0,1204.0,1,failure,5,e26a5d2075c26ef7e234d4ab1903d001d454b0ed,13,378,45,0,1,15,407,1,16,0,1,4,0,12,16,4,0,4,45,2,0,2,51,4,55,1,1,0,1,3,0,8,8,0,0,7,0,0,31,0,[],java-maven,31863,21925,688.102,0,0,0,0,0,0.0640668,0.797851,0.0250696,0.757332,14,0,1,0,0,1,0,0
32194,8384011427,198181246,Java CI with Maven,master-health,565a3385867ed58f2a47a6b22df509e757b52db2,.github/workflows/maven.yml,failure,1345677,chengyouling,37,2,1.0,3.0,{'feat'},pull_request,12,0,1239.0,1,failure,3,aaa8878cd70f3ff43d76be39148e0bf1d0b7732c,5,50,6,0,1,1,39,2,17,1,1,0,0,1,1,1,0,1,3,2,0,2,5,0,5,1,0,0,1,0,0,17,0,0,0,0,0,0,31,0,[],java-maven,31982,21942,686.073,0,0,0,0,0,0.0167131,0.735497,0.00835655,0.619777,2,0,1,0,0,1,0,0
32195,9072730892,198181246,Java CI with Maven,master-zk,197dae8cea34b9bbfd44463d1cf31c395b95006c,.github/workflows/maven.yml,failure,1345677,chengyouling,37,0,,,,pull_request,0,0,,1,failure,0,,0,0,0,0,0,0,0,0,0,0,0,0,0,0,0,0,0,0,0,0,0,0,0,0,0,0,0,0,1,0,0,0,0,0,0,0,0,0,220,1,[],java-maven,31860,21925,688.167,0,0,0,0,0,0.0362117,0.746518,0.00835655,0.662024,6,0,1,0,0,1,0,0
32196,9076475927,198181246,Java CI with Maven,master-zk,d37f4310384001c8dcf43bb04cd254f412994889,.github/workflows/maven.yml,failure,1345677,chengyouling,37,0,,,,pull_request,0,0,,1,failure,0,,0,0,0,0,0,0,0,0,0,0,0,0,0,0,0,0,0,0,0,0,0,0,0,0,0,0,0,0,1,0,0,0,0,0,0,0,0,0,220,1,[],java-maven,31860,21925,688.167,0,0,0,0,0,0.0389972,0.73217,0.0139276,0.539124,6,0,1,0,0,0,0,0
32197,7447426171,198181246,Java CI with Maven,dependabot/maven/spring-cloud-huawei-dependencies/com.google.guava-guava-32.0.0-jre,789f01571a2d83cc9b40fe1756febd82728913c2,.github/workflows/maven.yml,failure,1345677,dependabot[bot],37,3,,,,pull_request,0,0,,0,success,0,,0,0,0,0,0,0,0,0,0,0,0,0,0,0,0,0,0,0,0,0,0,0,0,0,0,0,0,0,1,0,0,0,0,0,0,0,0,0,31,0,[],java-maven,31640,21925,692.952,0,0,0,0,0,0.0612813,0.782266,0.0139276,0.821727,0,1,1,0,0,0,0,0
32198,8387551428,198181246,Java CI with Maven,master-health,366ad4bba8ae712c6ff97ae5a4e8240296e7efbf,.github/workflows/maven.yml,failure,1345677,chengyouling,37,3,1.0,4.0,"{'feat', 'fix'}",pull_request,12,0,1239.0,1,success,4,aaa8878cd70f3ff43d76be39148e0bf1d0b7732c,1,28,10,0,1,1,38,1,0,0,0,0,0,1,1,1,0,1,3,2,0,2,5,0,5,1,0,0,1,0,0,0,0,0,0,0,0,0,31,0,[],java-maven,31957,21925,686.078,0,0,0,0,0,0.0194986,0.7161,0.0111421,0.594429,2,0,1,0,0,1,0,0
32199,8750530675,198181246,Java CI with Maven,2022.0.x-upgrade,ff64ccaaaa3a1c5a1e465ac6ed6ea2fcaedade72,.github/workflows/maven.yml,failure,1345677,chengyouling,37,2,1.0,1.0,,pull_request,8,0,1257.0,1,failure,1,f17c0fa9f89bb5967f625316bbd2110c39964df0,30,189,807,1,1,21,539,4,453,1,1,4,8,21,33,1,13,14,20,1,3,4,44,91,135,1,1,0,1,1,8,92,361,0,0,4,0,0,220,1,[],java-maven,33335,21925,657.717,0,0,0,0,0,0.0362117,0.691483,0.0111421,0.746518,5,0,1,0,0,0,0,0
32200,9072403249,198181246,Java CI with Maven,master-zk,5a9807827c4b63e32998f9458c5261c05fb180b8,.github/workflows/maven.yml,failure,1345677,chengyouling,37,0,,,,pull_request,0,0,,1,failure,0,,0,0,0,0,0,0,0,0,0,0,0,0,0,0,0,0,0,0,0,0,0,0,0,0,0,0,0,0,1,0,0,0,0,0,0,0,0,0,220,1,[],java-maven,31860,21925,688.167,0,0,0,0,0,0.0334262,0.761429,0.00557103,0.746518,6,0,1,0,0,0,0,0
32201,8342400761,198181246,Java CI with Maven,master-health,852c89a68698937972941b8ff0991d20ca1a0e0f,.github/workflows/maven.yml,failure,1345677,chengyouling,37,2,1.0,2.0,{'feat'},pull_request,12,0,1239.0,1,failure,2,aaa8878cd70f3ff43d76be39148e0bf1d0b7732c,5,44,9,0,0,1,36,2,17,1,1,0,0,1,1,1,0,1,3,2,0,2,5,1,6,1,0,0,1,0,0,17,0,0,0,0,0,0,31,0,[],java-maven,31973,21942,686.267,0,0,0,0,0,0.0139276,0.769562,0.0139276,0.610028,2,0,1,0,0,1,0,0
32202,7636537021,198181246,Java CI with Maven,master-weighted,391250aeceea1288759f04d448ed5f9409a56754,.github/workflows/maven.yml,failure,1345677,chengyouling,37,3,1.0,1.0,,pull_request,8,0,1204.0,0,failure,1,e26a5d2075c26ef7e234d4ab1903d001d454b0ed,4,289,18,0,1,7,307,1,0,0,1,3,0,4,7,1,0,1,20,2,0,2,34,0,34,1,0,0,1,3,0,0,0,0,0,0,0,0,31,0,[],java-maven,31808,21925,689.292,0,0,0,0,0,0.0473538,0.844589,0.0222841,0.767663,12,0,1,0,0,0,0,0
32203,9073411705,198181246,Java CI with Maven,master-zk,53015d65816e56614570f5ff64eaeae5e50ea203,.github/workflows/maven.yml,failure,1345677,chengyouling,37,0,,,,pull_request,0,0,,1,failure,0,,0,0,0,0,0,0,0,0,0,0,0,0,0,0,0,0,0,0,0,0,0,0,0,0,0,0,0,0,1,0,0,0,0,0,0,0,0,0,220,1,[],java-maven,31860,21925,688.167,0,0,0,0,0,0.0389972,0.73217,0.0111421,0.594429,6,0,1,0,0,1,0,0
32204,8340526752,198181246,Java CI with Maven,master-health,ce00ea1a6a918847f7f02cc124dd6cdfeaa8cee6,.github/workflows/maven.yml,failure,1345677,chengyouling,37,2,1.0,1.0,,pull_request,12,0,1239.0,1,success,1,aaa8878cd70f3ff43d76be39148e0bf1d0b7732c,1,22,9,0,0,1,31,1,0,0,0,0,0,1,1,1,0,1,3,1,0,1,5,1,6,1,0,0,1,0,0,0,0,0,0,0,0,0,31,0,[],java-maven,31952,21925,686.186,0,0,0,0,0,0.0111421,0.806871,0.0111421,0.662024,2,0,1,0,0,1,0,0
32205,9063143903,198181246,Java CI with Maven,master-zk,ccac323a8b65a3879d9bfd42a981ffabf4e2b4e9,.github/workflows/maven.yml,failure,1345677,chengyouling,37,0,,,,pull_request,0,0,,1,success,0,,0,0,0,0,0,0,0,0,0,0,0,0,0,0,0,0,0,0,0,0,0,0,0,0,0,0,0,0,1,0,0,0,0,0,0,0,0,0,220,1,[],java-maven,36065,23804,660.031,0,0,0,0,0,0.0306407,0.776936,0.00278552,0.855153,6,0,1,0,0,0,0,0
32206,7469243652,198181246,Java CI with Maven,master,ba3e304f92603e91c05e7c2c96ea43d78534b1db,.github/workflows/maven.yml,failure,1345677,liubao68,37,3,1.0,1.0,{'fix'},push,14,0,1189.0,0,success,1,706ef1f98d95952069861bd1e36c9cafe97120bd,4,4,4,2,0,2,4,2,0,1,1,2,0,0,2,0,0,0,0,0,0,0,42,0,42,1,0,0,1,0,0,0,0,0,0,0,0,0,31,0,[],java-maven,31644,21925,692.864,0,0,0,0,0,0.0557103,0.790715,0.0139276,0.829465,0,1,1,0,0,1,0,1
32207,7610040556,198181246,Java CI with Maven,2022.0.x-license,43f007b2a93e56701a544b47ec10909e96e0ac28,.github/workflows/maven.yml,failure,1345677,chengyouling,37,3,1.0,1.0,{'docs'},pull_request,12,0,1201.0,0,success,1,4cf8d57c20d2b033903deb475ccdef80c53cb8d7,226,228,228,3,1,42,84,8,362,2,1,0,0,142,142,0,0,0,185,0,0,0,0,0,0,1,1,0,1,0,0,181,181,0,0,0,0,0,31,0,[],java-maven,31644,21925,692.864,0,0,0,0,0,0.0445682,0.875468,0.0139276,0.808148,15,0,1,0,0,1,0,0
32208,7381851264,198181246,Java CI with Maven,master,e72589895dcafaad5faf4ed3670ce2b02e131d5e,.github/workflows/maven.yml,failure,1345677,liubao68,37,3,1.0,1.0,{'fix'},push,18,0,1162.0,0,success,1,ccb1c0896ea9daf2f88ac84796451016fcce1702,1,7,5,0,0,1,12,1,0,0,0,0,0,1,1,0,0,0,2,0,0,0,0,0,0,1,0,0,1,0,0,0,0,0,0,0,0,0,31,0,[],java-maven,31524,21808,691.79,0,0,0,0,0,0.0696379,0.813989,0.00557103,0.844011,0,1,1,0,0,1,0,1
32209,7945965330,198181246,Java CI with Maven,2022.0.x,2afdf9f9eb0cb936f47b9a7027e3299029bd5c42,.github/workflows/maven.yml,failure,1345677,chengyouling,37,4,1.0,1.0,{'fix'},push,10,0,1219.0,1,success,1,623b04f872856e32a0425ad78c9ece718f6cef75,15,387,51,0,1,15,410,1,28,0,1,4,0,14,18,4,0,4,45,2,0,2,53,6,59,1,1,0,1,3,0,14,14,0,0,11,0,0,31,0,[],java-maven,31940,21925,686.443,0,0,0,0,0,0.0584958,0.667688,0.00278552,0.831012,8,0,1,0,0,1,0,0
32210,7608045834,198181246,Java CI with Maven,master-license2024,4cbb266bbe451e8cd814bfb3b41c57f132ac72fc,.github/workflows/maven.yml,failure,1345677,chengyouling,37,3,1.0,1.0,{'docs'},pull_request,12,0,1200.0,0,failure,1,5780eb0922f4d196b9a1d5d62494f601b9254501,298,300,300,6,1,63,126,9,458,2,1,0,0,196,196,0,0,0,302,0,0,0,0,0,0,1,1,0,1,0,0,229,229,0,0,0,0,0,31,0,[],java-maven,31634,21925,693.083,0,0,0,0,0,0.0417827,0.877815,0.00557103,0.920934,14,0,1,0,0,1,0,0
32211,7608846798,198181246,Java CI with Maven,master,e26a5d2075c26ef7e234d4ab1903d001d454b0ed,.github/workflows/maven.yml,failure,1345677,liubao68,37,3,1.0,1.0,{'fix'},push,12,0,1200.0,0,success,1,5780eb0922f4d196b9a1d5d62494f601b9254501,610,612,612,17,1,285,570,9,606,1,1,0,0,439,439,0,0,0,792,0,0,0,0,0,0,1,1,0,1,0,0,303,303,0,5,0,0,0,31,0,[],java-maven,31634,21925,693.083,0,0,0,0,0,0.0417827,0.735196,0.0111421,0.743036,0,1,1,0,0,1,0,1
32212,7605982851,198181246,Java CI with Maven,master,5780eb0922f4d196b9a1d5d62494f601b9254501,.github/workflows/maven.yml,failure,1345677,liubao68,37,3,1.0,1.0,{'fix'},push,22,0,1197.0,0,success,1,3a56826f063981dc8b746e608f4bd01b419fb420,3,2,14,0,0,3,16,2,0,1,1,0,0,2,2,0,1,1,1,0,0,0,0,0,0,1,0,0,1,0,0,0,0,0,0,0,0,0,31,0,[],java-maven,31634,21925,693.083,0,0,0,0,0,0.0389972,0.760167,0.00278552,0.855153,0,1,1,0,0,1,0,1
32213,7409538053,198181246,Java CI with Maven,master,5f6a55646dd0e0c9208c58f33191a8b035fccb11,.github/workflows/maven.yml,failure,1345677,liubao68,37,3,1.0,1.0,{'fix'},push,12,0,1172.0,1,success,1,999c1a26082ab0698858f3f46d5a0e2b709684e4,1,9,15,0,1,1,24,1,0,0,0,0,0,0,0,0,0,0,0,0,0,0,0,0,0,0,0,0,1,0,0,0,0,0,0,0,0,0,31,0,[],java-maven,31521,21808,691.856,0,0,0,0,0,0.0612813,0.812765,0.0111421,0.828691,0,1,1,0,0,1,0,1
32214,8701332721,198181246,Java CI with Maven,2022.0.x,abab4be5eaf5859e90757c76747b2b8721100f74,.github/workflows/maven.yml,failure,1345677,chengyouling,37,3,1.0,1.0,{'fix'},push,18,0,1248.0,1,success,1,28c4149bc3b1b0f9670028b4a080f78d675abc76,21,2739,586,2,1,46,3311,5,0,1,1,34,3,0,37,0,0,0,0,0,0,0,252,21,273,1,0,0,1,25,3,0,0,1,0,0,0,0,220,1,[],java-maven,33345,21925,657.52,0,0,0,0,0,0.0362117,0.622924,0.00278552,0.855153,4,0,1,0,0,1,0,0
32215,8747700492,198181246,Java CI with Maven,master-upgrade,8aa8056266ce9db9de55ae418e7d55940ee7ba0a,.github/workflows/maven.yml,failure,1345677,chengyouling,37,2,1.0,1.0,,pull_request,8,0,1256.0,1,success,1,dd1bdc2a10a258e148398fec4d8dad9408926f8e,1,3,3,0,0,1,6,1,0,0,0,0,0,0,0,0,0,0,0,0,0,0,0,0,0,0,0,0,1,0,0,0,0,0,0,0,0,0,220,1,[],java-maven,33747,22194,657.658,0,0,0,0,0,0.0334262,0.713527,0.00835655,0.797215,5,0,1,0,0,1,0,0
32216,7321393945,198181246,Java CI with Maven,master-order,bd45c737cda54071daecc7208f23dc748901b595,.github/workflows/maven.yml,failure,1345677,chengyouling,37,3,1.0,1.0,,pull_request,16,0,1150.0,1,success,1,afa332f081f72f8d264a4a78b81a579879d69c4b,4,16,10,0,1,2,15,2,0,1,1,0,0,2,2,0,0,0,5,1,0,1,2,1,3,1,0,0,1,0,0,0,0,2,0,1,0,0,31,0,[],java-maven,31499,21808,692.339,0,0,0,0,0,0.0779944,0.581112,0.0139276,0.746518,10,0,1,0,0,0,0,0
32217,9559106707,198181246,Java CI with Maven,2021.0.x-cc,7e1488eabbf73448722d76c9f37a7dc61d834ba0,.github/workflows/maven.yml,failure,1345677,chengyouling,37,0,1.0,2.0,{'ci'},pull_request,16,0,1281.0,1,failure,2,11f75904d757aa5b0165046706068cb2b9436653,1,39,6,0,0,1,45,1,0,0,0,0,0,1,1,2,0,2,12,0,0,0,0,0,0,1,0,0,1,0,0,0,0,0,0,0,0,0,220,1,[],java-maven,31860,21925,688.167,0,0,0,0,0,0.00557103,0.746518,0.00557103,0.710306,0,0,1,0,0,1,0,0
32218,9558497600,198181246,Java CI with Maven,2021.0.x-cc,46101f6761150685d18d1a1026784031d01e855b,.github/workflows/maven.yml,failure,1345677,chengyouling,37,0,1.0,1.0,{'ci'},pull_request,16,0,1281.0,1,success,1,11f75904d757aa5b0165046706068cb2b9436653,1,38,6,0,0,1,44,1,0,0,0,0,0,1,1,2,0,2,12,0,0,0,0,0,0,1,0,0,1,0,0,0,0,0,0,0,0,0,220,1,[],java-maven,31860,21925,688.167,0,0,0,0,0,0.00278552,0.855153,0.00278552,0.831012,0,0,1,0,0,1,0,0
32219,8867366618,198181246,Java CI with Maven,master-actuator,97fa5f60c2c143b34ff4fc3a80e2e0e5a741a08d,.github/workflows/maven.yml,cancelled,1345677,chengyouling,37,1,1.0,2.0,,pull_request,20,0,1265.0,1,success,2,36063918ed22d095ca9224cdbb424dccb702edc8,3,13,3,1,1,2,15,2,0,1,0,0,0,2,2,0,0,0,2,2,0,2,4,0,4,1,0,0,1,0,0,0,0,0,0,0,0,0,220,1,[],java-maven,33760,22194,657.405,0,0,0,0,0,0.0334262,0.703241,0.00557103,0.873259,4,0,1,0,0,1,0,0
32220,7457618933,198181246,Java CI with Maven,master,706ef1f98d95952069861bd1e36c9cafe97120bd,.github/workflows/maven.yml,failure,1345677,liubao68,37,3,1.0,1.0,{'fix'},push,14,0,1186.0,1,success,1,5d8ffbf2783db06d31e9f0f29aaf7a9474bb4560,2,6,0,0,1,2,6,1,0,0,0,0,0,2,2,0,0,0,2,0,0,0,2,0,2,1,0,0,1,0,0,0,0,0,0,0,0,0,31,0,[],java-maven,31644,21925,692.864,0,0,0,0,0,0.0529248,0.811978,0.0167131,0.877437,0,1,1,0,0,1,0,1
32221,7723184600,198181246,Java CI with Maven,master,1cc7e35a1f8c88f2792c7fed4f99fbab1202202c,.github/workflows/maven.yml,failure,1345677,liubao68,37,4,1.0,1.0,{'fix'},push,8,0,1204.0,0,success,1,73624cedd5b881b944848c97e7eb6ddc91c6bb32,15,387,51,0,1,15,410,1,28,0,1,4,0,14,18,4,0,4,45,2,0,2,53,6,59,1,1,0,1,3,0,14,14,0,0,11,0,0,31,0,[],java-maven,31932,21925,686.615,0,0,0,0,0,0.0612813,0.676147,0.0222841,0.716032,1,1,1,0,0,1,0,1
32222,8274786555,198181246,Java CI with Maven,master-locator,19fd5e0a7b2eadda7dee741dfc05ceeec8f71d3f,.github/workflows/maven.yml,failure,1345677,chengyouling,37,2,1.0,1.0,{'fix'},pull_request,14,0,1235.0,1,failure,1,aaa8878cd70f3ff43d76be39148e0bf1d0b7732c,2,33,2,0,0,3,35,2,0,1,1,1,0,1,2,0,0,0,1,0,0,0,5,0,5,1,0,0,1,1,0,0,0,0,0,0,0,0,31,0,[],java-maven,31951,21925,686.207,0,0,0,0,0,0.0111421,0.774683,0.00557103,0.710306,2,0,1,0,0,0,0,0
32223,7608226946,198181246,Java CI with Maven,master-license2024,35b261146c1499e7f4b75d61a22473fb9c62e835,.github/workflows/maven.yml,failure,1345677,chengyouling,37,3,1.0,2.0,{'docs'},pull_request,12,0,1200.0,1,failure,2,5780eb0922f4d196b9a1d5d62494f601b9254501,498,500,500,9,1,208,416,9,552,1,1,0,0,351,351,0,0,0,634,0,0,0,0,0,0,1,1,0,1,0,0,276,276,0,5,0,0,0,31,0,[],java-maven,31634,21925,693.083,0,0,0,0,0,0.0417827,0.877815,0.00835655,0.854158,14,0,1,0,0,1,0,0
32224,7442657619,198181246,Java CI with Maven,master-gatewayRetry,6a2d4160dc1a12e09fb772ec179515e207f4ab21,.github/workflows/maven.yml,success,1345677,chengyouling,17,0,1.0,1.0,{'ci'},pull_request,16,0,1175.0,1,success,1,5f6a55646dd0e0c9208c58f33191a8b035fccb11,7,151,17,0,1,2,45,4,123,2,1,0,0,4,4,9,0,9,7,1,0,1,6,0,6,1,1,0,1,0,0,120,3,0,0,0,0,0,31,0,[],java-maven,31647,21925,692.799,0,0,0,0,0,0.0584958,0.737993,0.0111421,0.910621,12,0,1,0,0,0,0,0
32225,8965829012,198181246,Java CI with Maven,2022.0.x-actuator,6b48470760d1c3330c40a16b18f65d8ddd934f41,.github/workflows/maven.yml,success,1345677,chengyouling,37,1,1.0,1.0,{'fix'},pull_request,22,0,1270.0,1,success,1,deaca1e164ee5818941f501f17c1a3798e8109e9,5,97,23,1,1,4,119,2,0,1,0,0,0,4,4,8,0,8,6,4,2,6,6,3,9,1,0,0,1,0,0,0,0,0,0,3,0,0,220,1,[],java-maven,33821,22194,656.219,0,0,0,0,0,0.0222841,0.811362,0.00278552,0.922006,6,0,1,0,0,0,0,0
32226,8151599154,198181246,Java CI with Maven,2021.0.x,a93b3ccf3a4c5a271ddf2b5d45b549cbbf553d7f,.github/workflows/maven.yml,success,1345677,liubao68,37,2,1.0,1.0,{'fix'},push,12,0,1231.0,0,success,1,64f6a71a27411c9058ed8d3145e8605d956110eb,1,1,1,0,0,1,2,1,0,0,0,0,0,0,0,0,0,0,0,0,0,0,0,0,0,0,0,0,1,0,0,0,0,0,0,0,0,0,31,0,[],java-maven,32339,22140,684.622,0,0,0,0,0,0.00557103,0.996905,0.0,1.0,0,1,1,0,0,1,0,0
32227,7442802889,198181246,Java CI with Maven,Greenwich,3751adc9cf569459c05036f43b2f0730d82dba0d,.github/workflows/maven.yml,success,1345677,liubao68,23,0,0.0,0.0,,push,20,0,1177.0,0,success,1,05188ecbb7d3d1e2cc926e01451ea160e48d9bb9,1,8,5,0,0,1,13,1,0,0,0,0,0,1,1,0,0,0,2,0,0,0,0,0,0,1,0,0,0,0,0,0,0,0,0,0,0,0,27,0,[],java-maven,11166,6365,570.034,0,0,0,0,0,0.0584958,0.81337,0.0111421,0.828691,0,1,1,0,0,0,0,0
32228,7740625299,198181246,Java CI with Maven,2021.0.x,efcdc1b8c8c16eb7a06a600f95a942615eef6be4,.github/workflows/maven.yml,success,1345677,chengyouling,37,4,1.0,5.0,"{'feat', 'fix'}",pull_request,10,0,1220.0,1,failure,5,5a101e2263b9de8d1bc9101c64707b6162c03bca,16,391,54,0,1,15,410,1,35,0,1,4,0,15,19,4,0,4,46,2,0,2,53,6,59,1,1,0,1,3,0,18,17,0,0,13,0,0,31,0,[],java-maven,32333,22140,684.749,0,0,0,0,0,0.0724234,0.761391,0.0250696,0.660698,13,0,1,0,0,1,0,0
32229,7329222638,198181246,Java CI with Maven,master,7549f7242b27c3cc912df36b2cd9cd097c7343aa,.github/workflows/maven.yml,success,1345677,liubao68,37,3,1.0,1.0,{'fix'},push,16,0,1150.0,0,success,1,f778f0f379b4d08d73918b9a31c0e1ef9c232170,10,46,27,0,1,10,73,1,0,0,1,0,0,10,10,0,0,0,18,5,3,8,9,1,10,1,0,0,1,0,0,0,0,0,0,5,0,0,31,0,[],java-maven,31521,21808,691.856,0,0,0,0,0,0.0752089,0.88533,0.0139276,0.990052,0,1,1,0,0,1,0,1
32230,8780330289,198181246,Java CI with Maven,master-health,84db2b5006914dc7d0c1019f3069ee1d6657eb4a,.github/workflows/maven.yml,success,1345677,chengyouling,37,2,1.0,1.0,,pull_request,20,0,1260.0,1,success,1,b940de6bc4a70c10ad3c62ad4064eb629f0570d0,1,2,1,1,0,0,0,1,0,0,0,0,0,0,0,0,0,0,0,0,0,0,0,0,0,0,0,0,1,0,0,0,0,0,0,0,0,0,220,1,[],java-maven,33751,22194,657.581,0,0,0,0,0,0.0334262,0.713663,0.0167131,0.746518,4,0,1,0,0,1,0,0
32231,8430425522,198181246,Java CI with Maven,2022.0.x,839d6f6aae888a8fddea1b4fdbff6ca6aa478144,.github/workflows/maven.yml,success,1345677,liubao68,37,2,1.0,1.0,{'fix'},push,14,0,1242.0,0,success,1,3e799add23daf3a1bbc8aa42707e12c4c92d4dfb,1,28,3,0,1,1,31,1,0,0,0,0,0,1,1,1,0,1,3,2,0,2,5,0,5,1,0,0,1,0,0,0,0,0,0,0,0,0,220,1,[],java-maven,31981,21925,685.563,0,0,0,0,0,0.0250696,0.874979,0.0167131,0.810585,0,1,1,0,0,1,0,0
32232,9223526951,198181246,Java CI with Maven,master-health,b191c5d6dc97c6387fc0f00c63708fdaef1cfca2,.github/workflows/maven.yml,success,1345677,chengyouling,37,0,,,,pull_request,0,0,,1,success,0,,0,0,0,0,0,0,0,0,0,0,0,0,0,0,0,0,0,0,0,0,0,0,0,0,0,0,0,0,1,0,0,0,0,0,0,0,0,0,220,1,[],java-maven,31860,21925,688.167,0,0,0,0,0,0.0222841,0.746518,0.0,1.0,3,0,1,0,0,0,0,0
32233,8965716051,198181246,Java CI with Maven,master,97cd01637d1b5db04513562efb2f6881d2f83c38,.github/workflows/maven.yml,success,1345677,chengyouling,37,1,1.0,1.0,{'fix'},push,20,0,1265.0,1,success,1,694c27eae809691ba5d9d9221ded3818e0d442d8,5,97,23,1,1,4,119,2,0,1,0,0,0,4,4,8,0,8,6,4,2,6,6,3,9,1,0,0,1,0,0,0,0,0,0,3,0,0,220,1,[],java-maven,34101,22486,659.394,0,0,0,0,0,0.0222841,0.806871,0.00278552,0.915506,6,0,1,0,0,1,0,1
32234,7392371623,198181246,Java CI with Maven,master-snakeyaml,669b56dc67be9865167782cbfb48553936555044,.github/workflows/maven.yml,success,1345677,chengyouling,37,3,1.0,2.0,{'chore'},pull_request,12,0,1170.0,1,failure,2,e72589895dcafaad5faf4ed3670ce2b02e131d5e,1,1,1,0,1,1,2,1,0,0,0,0,0,0,0,0,0,0,0,0,0,0,0,0,0,0,0,0,1,0,0,0,0,0,0,0,0,0,31,0,[],java-maven,31524,21808,691.79,0,0,0,0,0,0.0612813,0.702978,0.00835655,0.902772,11,0,1,0,0,0,0,0
32235,7408992138,198181246,Java CI with Maven,2021.0.x-snakeyaml,46bdb7683246e710e414913172ea6a8b7c35d3c6,.github/workflows/maven.yml,success,1345677,chengyouling,37,3,1.0,3.0,{'chore'},pull_request,12,0,1171.0,0,success,3,a0de1e12aa332b37296ae5bc6c89f0c0933a381a,2,16,16,0,1,2,32,2,0,1,1,0,0,1,1,0,0,0,2,0,0,0,0,0,0,1,0,0,1,0,0,0,0,0,0,0,0,0,31,0,[],java-maven,31904,22017,690.102,0,0,0,0,0,0.0584958,0.718577,0.00835655,0.897911,12,0,1,0,0,0,0,0
32236,8429891618,198181246,Java CI with Maven,2021.0.x-health,6b3dab0f7789909d388927e22ae488741e1a226f,.github/workflows/maven.yml,success,1345677,chengyouling,37,2,1.0,1.0,{'fix'},pull_request,14,0,1243.0,1,success,1,21afaae16e65b47ee1e750b4a3aea2196c4b9112,1,28,3,0,1,1,31,1,0,0,0,0,0,1,1,1,0,1,3,2,0,2,5,0,5,1,0,0,1,0,0,0,0,0,0,0,0,0,220,1,[],java-maven,32372,22140,683.924,0,0,0,0,0,0.0250696,0.725948,0.0167131,0.708317,5,0,1,0,0,1,0,0
32237,7409252558,198181246,Java CI with Maven,master-jckson,9490f1fa89271c8e7270a52521ad87daef37d8f3,.github/workflows/maven.yml,success,1345677,chengyouling,37,3,1.0,1.0,,pull_request,12,0,1172.0,1,success,1,999c1a26082ab0698858f3f46d5a0e2b709684e4,1,9,15,0,1,1,24,1,0,0,0,0,0,0,0,0,0,0,0,0,0,0,0,0,0,0,0,0,1,0,0,0,0,0,0,0,0,0,31,0,[],java-maven,31521,21808,691.856,0,0,0,0,0,0.0584958,0.722841,0.00835655,0.902772,12,0,1,0,0,0,0,0
32238,7654092472,198181246,Java CI with Maven,master-weighted,0f8d90cbea558e05bc788b4da877d2768beaf6be,.github/workflows/maven.yml,success,1345677,chengyouling,37,4,1.0,3.0,"{'feat', 'fix'}",pull_request,8,0,1204.0,0,failure,3,e26a5d2075c26ef7e234d4ab1903d001d454b0ed,5,334,20,0,1,8,354,1,0,0,1,3,0,5,8,4,0,4,23,2,0,2,38,0,38,1,0,0,1,3,0,0,0,0,0,0,0,0,31,0,[],java-maven,31847,21925,688.448,0,0,0,0,0,0.0557103,0.852169,0.0306407,0.765763,13,0,1,0,0,1,0,0
32239,7442715915,198181246,Java CI with Maven,Greenwich-refresh,a5cb687063285641cbbce6f53e73313fa6710c46,.github/workflows/maven.yml,success,1345677,chengyouling,23,0,1.0,1.0,,pull_request,20,0,1177.0,1,success,1,05188ecbb7d3d1e2cc926e01451ea160e48d9bb9,1,8,5,0,0,1,13,1,0,0,0,0,0,1,1,0,0,0,2,0,0,0,0,0,0,1,0,0,0,0,0,0,0,0,0,0,0,0,27,0,[],java-maven,11166,6365,570.034,0,0,0,0,0,0.0584958,0.741903,0.0111421,0.914345,12,0,1,0,0,0,0,0
32240,8429869666,198181246,Java CI with Maven,2022.0.x-health,0266f603d189c3f18a36eb3b081753334c0d1f84,.github/workflows/maven.yml,success,1345677,chengyouling,37,2,1.0,1.0,{'fix'},pull_request,14,0,1242.0,0,success,1,3e799add23daf3a1bbc8aa42707e12c4c92d4dfb,1,28,3,0,1,1,31,1,0,0,0,0,0,1,1,1,0,1,3,2,0,2,5,0,5,1,0,0,1,0,0,0,0,0,0,0,0,0,31,0,[],java-maven,31981,21925,685.563,0,0,0,0,0,0.0250696,0.714986,0.0167131,0.68588,5,0,1,0,0,1,0,0
32241,7334853157,198181246,Java CI with Maven,master,ccb1c0896ea9daf2f88ac84796451016fcce1702,.github/workflows/maven.yml,success,1345677,liubao68,37,3,1.0,1.0,{'fix'},push,18,0,1157.0,1,success,1,7549f7242b27c3cc912df36b2cd9cd097c7343aa,3,3,3,0,1,3,6,1,0,0,0,0,0,3,3,0,0,0,6,0,0,0,0,0,0,1,0,0,1,0,0,0,0,0,0,3,0,0,31,0,[],java-maven,31521,21808,691.856,0,0,0,0,0,0.0724234,0.852368,0.0167131,0.901494,0,1,1,0,0,1,0,1
32242,7381703034,198181246,Java CI with Maven,master-refresh,ac033d9a259c77928182869300482cd4a1ccc945,.github/workflows/maven.yml,success,1345677,chengyouling,37,3,1.0,1.0,,pull_request,18,0,1162.0,0,success,1,ccb1c0896ea9daf2f88ac84796451016fcce1702,1,7,5,0,0,1,12,1,0,0,0,0,0,1,1,0,0,0,2,0,0,0,0,0,0,1,0,0,1,0,0,0,0,0,0,0,0,0,31,0,[],java-maven,31524,21808,691.79,0,0,0,0,0,0.0668524,0.645488,0.00278552,0.999181,11,0,1,0,0,0,0,0
32243,8965629359,198181246,Java CI with Maven,master,694c27eae809691ba5d9d9221ded3818e0d442d8,.github/workflows/maven.yml,success,1345677,chengyouling,37,1,1.0,1.0,{'fix'},push,18,0,1266.0,1,success,1,744b4a34ada0f29101edee296e7948df12a06c17,8,361,26,0,0,6,67,1,320,0,0,0,0,8,8,40,3,43,5,2,0,2,1,0,1,1,1,0,1,0,0,306,14,0,0,14,0,0,220,1,[],java-maven,34035,22486,660.673,0,0,0,0,0,0.0222841,0.802161,0.00278552,0.898607,5,0,1,0,0,1,0,1
32244,8416130840,198181246,Java CI with Maven,master,5b942876add15bfd926c938a635fad972d537684,.github/workflows/maven.yml,success,1345677,liubao68,37,2,1.0,1.0,{'fix'},push,14,0,1241.0,0,success,1,aaa8878cd70f3ff43d76be39148e0bf1d0b7732c,1,6,0,0,0,1,6,1,0,0,0,0,0,0,0,0,0,0,0,0,0,0,0,0,0,0,0,0,1,0,0,0,0,0,0,0,0,0,31,0,[],java-maven,31946,21925,686.314,0,0,0,0,0,0.0194986,0.991876,0.0111421,0.990715,0,1,1,0,0,1,0,1
32245,7457590793,198181246,Java CI with Maven,master,5d8ffbf2783db06d31e9f0f29aaf7a9474bb4560,.github/workflows/maven.yml,success,1345677,liubao68,37,3,1.0,1.0,{'fix'},push,14,0,1183.0,0,failure,1,366c6aa54cfa6fba8045b668e56894bdb90e81ed,1,1,1,0,1,1,2,1,0,0,0,0,0,0,0,0,0,0,0,0,0,0,0,0,0,0,0,0,1,0,0,0,0,0,0,0,0,0,31,0,[],java-maven,31640,21925,692.952,0,0,0,0,0,0.0501393,0.836512,0.0139276,0.928691,0,1,1,0,0,1,0,1
32246,8717881705,198181246,Java CI with Maven,2021.0.x-auth,5508ea1d80829b9fb92fe282ea5711340ed0cff4,.github/workflows/maven.yml,success,1345677,chengyouling,37,2,1.0,2.0,"{'chore', 'fix'}",pull_request,32,0,1254.0,1,failure,2,c74f426043819b5680819610826b2790c3e428f7,27,824,219,1,1,18,524,3,453,1,1,11,1,19,31,12,1,13,19,3,1,4,128,10,138,1,1,0,1,8,1,361,92,0,0,4,0,0,220,1,[],java-maven,34146,22409,656.27,0,0,0,0,0,0.0334262,0.704286,0.00557103,0.844011,5,0,1,0,0,0,0,0
32247,7455471870,198181246,Java CI with Maven,master-guava,9fcf08723981cc67068960fcdfa60409298a41c6,.github/workflows/maven.yml,success,1345677,chengyouling,37,3,1.0,1.0,,pull_request,14,0,1183.0,0,failure,1,366c6aa54cfa6fba8045b668e56894bdb90e81ed,1,1,1,0,1,1,2,1,0,0,0,0,0,0,0,0,0,0,0,0,0,0,0,0,0,0,0,0,1,0,0,0,0,0,0,0,0,0,31,0,[],java-maven,31640,21925,692.952,0,0,0,0,0,0.0557103,0.778572,0.0139276,0.926084,14,0,1,0,0,0,0,0
32248,7382005919,198181246,Java CI with Maven,Hoxton-refresh,97f0bd3005d9bfefe53f0dfb81b8d6316c82cf39,.github/workflows/maven.yml,success,1345677,chengyouling,17,0,,,,pull_request,0,0,,1,success,0,,0,0,0,0,0,0,0,0,0,0,0,0,0,0,0,0,0,0,0,0,0,0,0,0,0,0,0,0,0,0,0,0,0,0,0,0,0,0,27,0,[],java-maven,11227,6871,612.007,0,0,0,0,0,0.0640668,0.692116,0.00557103,0.998674,12,0,1,0,0,0,0,0
32249,8430432283,198181246,Java CI with Maven,2022.0.x,28c4149bc3b1b0f9670028b4a080f78d675abc76,.github/workflows/maven.yml,success,1345677,liubao68,37,2,1.0,1.0,{'fix'},push,16,0,1245.0,1,success,1,839d6f6aae888a8fddea1b4fdbff6ca6aa478144,1,6,0,0,0,1,6,1,0,0,0,0,0,0,0,0,0,0,0,0,0,0,0,0,0,0,0,0,1,0,0,0,0,0,0,0,0,0,220,1,[],java-maven,31987,21925,685.435,0,0,0,0,0,0.0250696,0.881925,0.0167131,0.82637,0,1,1,0,0,1,0,0
32250,7649600059,198181246,Java CI with Maven,2022.0.x,552b294c6fd53fd83d3c066f2c349d8e0623124c,.github/workflows/maven.yml,success,1345677,liubao68,37,3,1.0,1.0,{'fix'},push,12,0,1206.0,1,success,1,a3fb6b8c20123ae3457e4115e3343108c5fc6229,1,1,1,0,1,1,2,1,0,0,0,0,0,0,0,0,0,0,0,0,0,0,0,0,0,0,0,0,1,0,0,0,0,0,0,0,0,0,31,0,[],java-maven,31644,21925,692.864,0,0,0,0,0,0.0501393,0.710916,0.0250696,0.724977,1,1,1,0,0,1,0,0
32251,8274953979,198181246,Java CI with Maven,2021.0.x-locator,30eee2970eb4363773b52182eacc3d5aba7ee62d,.github/workflows/maven.yml,success,1345677,chengyouling,37,2,1.0,1.0,{'fix'},pull_request,14,0,1237.0,1,success,1,a93b3ccf3a4c5a271ddf2b5d45b549cbbf553d7f,2,33,3,0,1,3,36,2,0,1,1,1,0,1,2,0,0,0,1,0,0,0,5,1,6,1,0,0,1,1,0,0,0,0,0,0,0,0,31,0,[],java-maven,32349,22140,684.411,0,0,0,0,0,0.0139276,0.769562,0.00835655,0.723474,2,0,1,0,0,0,0,0
32252,8776860788,198181246,Java CI with Maven,master,b940de6bc4a70c10ad3c62ad4064eb629f0570d0,.github/workflows/maven.yml,success,1345677,chengyouling,37,2,1.0,1.0,{'fix'},push,8,0,1256.0,1,success,1,dd1bdc2a10a258e148398fec4d8dad9408926f8e,2,9,3,0,1,2,12,2,0,1,1,0,0,1,1,0,0,0,4,0,0,0,1,0,1,1,0,0,1,0,0,0,0,0,0,0,0,0,220,1,[],java-maven,33751,22194,657.581,0,0,0,0,0,0.0362117,0.717193,0.0139276,0.758589,6,0,1,0,0,1,0,1
32253,7382009400,198181246,Java CI with Maven,Greenwich-refresh,1c6d5f3ec63e1ac031bce8ff443615df6e294232,.github/workflows/maven.yml,success,1345677,chengyouling,37,3,,,,pull_request,0,0,,1,success,0,,0,0,0,0,0,0,0,0,0,0,0,0,0,0,0,0,0,0,0,0,0,0,0,0,0,0,0,0,1,0,0,0,0,0,0,0,0,0,27,0,[],java-maven,11165,6365,570.085,0,0,0,0,0,0.0640668,0.696711,0.00557103,0.998734,12,0,1,0,0,0,0,0
32254,8076549500,198181246,Java CI with Maven,master,300cbd1d38d0cdb58581ade13a447883e233c61d,.github/workflows/maven.yml,success,1345677,liubao68,37,2,1.0,1.0,{'fix'},push,22,0,1225.0,1,success,1,b494696db9f4c561217022c8e477c8f69ebd880b,1,8,1,0,0,0,0,1,0,0,0,0,0,0,0,0,0,0,0,0,0,0,0,0,0,0,0,0,1,0,0,0,0,0,1,0,0,0,31,0,[],java-maven,31940,21925,686.443,0,0,0,0,0,0.0194986,0.878056,0.0,1.0,0,1,1,0,0,1,0,1
32255,8714727966,198181246,Java CI with Maven,master-auth,050b36b714edc762c0f4e722b4a4674863a1efec,.github/workflows/maven.yml,success,1345677,chengyouling,37,2,1.0,2.0,{'fix'},pull_request,30,0,1251.0,1,failure,2,7f19a0cb185f778a4d9e4f8a04cda75ad0fa6528,27,793,187,1,1,18,523,3,453,1,1,11,1,19,31,12,1,13,19,3,1,4,128,10,138,1,1,0,1,8,1,361,92,0,0,4,0,0,220,1,[],java-maven,33747,22194,657.658,0,0,0,0,0,0.0306407,0.686415,0.00278552,0.873259,4,0,1,0,0,0,0,0
32256,8076402692,198181246,Java CI with Maven,2022.0.x-feign,2ab390df9df37d01f9ebf5093f92e2b466a67208,.github/workflows/maven.yml,success,1345677,chengyouling,37,3,1.0,2.0,"{'chore', 'fix'}",pull_request,22,0,1226.0,1,success,2,2afdf9f9eb0cb936f47b9a7027e3299029bd5c42,1,8,1,0,0,0,0,1,0,0,0,0,0,0,0,0,0,0,0,0,0,0,0,0,0,0,0,0,1,0,0,0,0,0,1,0,0,0,31,0,[],java-maven,31948,21925,686.271,0,0,0,0,0,0.0194986,0.709643,0.0,1.0,2,0,1,0,0,0,0,0
32257,8780769738,198181246,Java CI with Maven,2022.0.x,deaca1e164ee5818941f501f17c1a3798e8109e9,.github/workflows/maven.yml,success,1345677,chengyouling,37,2,1.0,1.0,{'fix'},push,20,0,1261.0,1,failure,1,0e90ccbdf3bc2172ec4b84734d54b4963a0487f2,1,2,1,1,1,0,0,1,0,0,0,0,0,0,0,0,0,0,0,0,0,0,0,0,0,0,0,0,1,0,0,0,0,0,0,0,0,0,220,1,[],java-maven,33755,22194,657.503,0,0,0,0,0,0.0362117,0.71672,0.0194986,0.746518,5,0,1,0,0,1,0,0
32258,8076546413,198181246,Java CI with Maven,2022.0.x,bc1054292f9fc899b234908c421fed6f076254c4,.github/workflows/maven.yml,success,1345677,liubao68,37,2,1.0,1.0,{'fix'},push,22,0,1226.0,1,success,1,2afdf9f9eb0cb936f47b9a7027e3299029bd5c42,1,8,1,0,0,0,0,1,0,0,0,0,0,0,0,0,0,0,0,0,0,0,0,0,0,0,0,0,1,0,0,0,0,0,1,0,0,0,31,0,[],java-maven,31948,21925,686.271,0,0,0,0,0,0.0194986,0.862813,0.0,1.0,0,1,1,0,0,1,0,0
32259,7608856977,198181246,Java CI with Maven,2022.0.x,4cf8d57c20d2b033903deb475ccdef80c53cb8d7,.github/workflows/maven.yml,success,1345677,liubao68,37,3,0.0,0.0,,push,12,0,1198.0,1,success,1,ba3e304f92603e91c05e7c2c96ea43d78534b1db,2,3,3,0,1,1,2,2,0,1,1,0,0,0,0,0,0,0,0,0,0,0,0,0,0,0,0,0,1,0,0,0,0,0,1,0,0,0,31,0,[],java-maven,31644,21925,692.864,0,0,0,0,0,0.0417827,0.751245,0.0111421,0.794429,0,1,1,0,0,1,0,0
32260,8965482032,198181246,Java CI with Maven,master,744b4a34ada0f29101edee296e7948df12a06c17,.github/workflows/maven.yml,success,1345677,chengyouling,37,2,1.0,1.0,{'fix'},push,14,0,1268.0,1,success,1,36063918ed22d095ca9224cdbb424dccb702edc8,3,13,7,0,1,0,0,2,0,1,1,0,0,0,0,0,0,0,0,0,0,0,0,0,0,0,0,0,1,0,0,0,0,2,1,0,0,0,220,1,[],java-maven,33756,22194,657.483,0,0,0,0,0,0.0222841,0.792015,0.00278552,0.873259,4,0,1,0,0,1,0,1
32261,7326264145,198181246,Java CI with Maven,master-order,f546680af16d8cd562e38a50d4e335bb79157de7,.github/workflows/maven.yml,success,1345677,chengyouling,37,3,1.0,2.0,,pull_request,16,0,1150.0,1,failure,2,afa332f081f72f8d264a4a78b81a579879d69c4b,12,52,32,0,1,10,73,2,0,1,1,0,0,10,10,0,0,0,18,5,3,8,9,1,10,1,0,0,1,0,0,0,0,2,0,5,0,0,31,0,[],java-maven,31512,21808,692.054,0,0,0,0,0,0.0779944,0.581112,0.0139276,0.758589,9,0,1,0,0,0,0,0
32262,8274933640,198181246,Java CI with Maven,master-locator,8263cb4d3ccc21ba0aeb498564ed7bfad3389da1,.github/workflows/maven.yml,success,1345677,chengyouling,37,2,1.0,2.0,{'fix'},pull_request,14,0,1235.0,1,success,2,aaa8878cd70f3ff43d76be39148e0bf1d0b7732c,2,33,3,0,1,3,36,2,0,1,1,1,0,1,2,0,0,0,1,0,0,0,5,1,6,1,0,0,1,1,0,0,0,0,0,0,0,0,31,0,[],java-maven,31950,21925,686.228,0,0,0,0,0,0.0139276,0.758589,0.00835655,0.695822,2,0,1,0,0,0,0,0
32263,8076411880,198181246,Java CI with Maven,2021.0.x-feign,e6010520bef59e91fa977f4e084660abcf86c667,.github/workflows/maven.yml,success,1345677,chengyouling,37,2,1.0,2.0,"{'chore', 'fix'}",pull_request,22,0,1227.0,1,success,2,99d6cf8bd2c5dc94ae0b344ba00d8f07ec607a32,1,6,0,0,0,0,0,1,0,0,0,0,0,0,0,0,0,0,0,0,0,0,0,0,0,0,0,0,1,0,0,0,0,0,1,0,0,0,31,0,[],java-maven,32339,22140,684.622,0,0,0,0,0,0.0194986,0.722841,0.0,1.0,2,0,1,0,0,0,0,0
32264,8751727360,198181246,Java CI with Maven,2021.0.x-upgrade,fa15ed22b269e021d1c1a06a8123443b2285100d,.github/workflows/maven.yml,success,1345677,chengyouling,37,2,1.0,1.0,,pull_request,8,0,1258.0,1,success,1,9d78769d1d40194550ca4fd8371bd446cc36be3c,28,220,825,1,1,19,526,4,453,1,1,4,8,19,31,1,12,13,19,1,3,4,44,91,135,1,1,0,1,1,8,92,361,0,0,4,0,0,220,1,[],java-maven,33736,22140,656.272,0,0,0,0,0,0.0362117,0.709113,0.0139276,0.746518,5,0,1,0,0,0,0,0
32265,8384382803,198181246,Java CI with Maven,master-nacos,1165134ce3bf441797ea9ed8ac13d6ff6ac88012,.github/workflows/maven.yml,success,1345677,chengyouling,37,3,1.0,1.0,,pull_request,14,0,1241.0,1,failure,1,aaa8878cd70f3ff43d76be39148e0bf1d0b7732c,1,6,0,0,0,1,6,1,0,0,0,0,0,0,0,0,0,0,0,0,0,0,0,0,0,0,0,0,1,0,0,0,0,0,0,0,0,0,31,0,[],java-maven,31946,21925,686.314,0,0,0,0,0,0.0167131,0.746518,0.00835655,0.662024,2,0,1,0,0,0,0,0
32266,9590039839,198181246,Java CI with Maven,master-cc,ad19156014afd1b2f7bedb506561343dbcca4a1f,.github/workflows/maven.yml,success,1345677,chengyouling,37,0,1.0,1.0,{'ci'},pull_request,16,0,1282.0,1,success,1,97cd01637d1b5db04513562efb2f6881d2f83c38,1,39,6,0,1,1,45,1,0,0,0,0,0,1,1,2,0,2,12,0,0,0,0,0,0,1,0,0,1,0,0,0,0,0,0,0,0,0,220,1,[],java-maven,31860,21925,688.167,0,0,0,0,0,0.00557103,0.81565,0.00557103,0.797215,0,0,1,0,0,0,0,0
32267,7650630085,198181246,Java CI with Maven,2022.0.x,c700585accf021db2311f12bc0561e4681c23448,.github/workflows/maven.yml,success,1345677,liubao68,37,3,1.0,1.0,{'fix'},push,12,0,1209.0,1,failure,1,552b294c6fd53fd83d3c066f2c349d8e0623124c,2,106,5,0,1,3,111,1,0,0,0,1,0,2,3,2,0,2,5,1,0,1,7,0,7,1,0,0,1,1,0,0,0,0,0,0,0,0,31,0,[],java-maven,31708,21925,691.466,0,0,0,0,0,0.0529248,0.714872,0.0278552,0.729512,1,1,1,0,0,1,0,0
32268,8417420483,198181246,Java CI with Maven,master-health,4487d64ef9e82dbdc84b3fc63c75065edb9b7f56,.github/workflows/maven.yml,success,1345677,chengyouling,37,2,1.0,6.0,"{'feat', 'fix'}",pull_request,12,0,1239.0,0,success,6,aaa8878cd70f3ff43d76be39148e0bf1d0b7732c,1,28,3,0,1,1,31,1,0,0,0,0,0,1,1,1,0,1,3,2,0,2,5,0,5,1,0,0,1,0,0,0,0,0,0,0,0,0,31,0,[],java-maven,31963,21925,685.949,0,0,0,0,0,0.0250696,0.703111,0.0167131,0.659703,4,0,1,0,0,1,0,0
32269,7392645630,198181246,Java CI with Maven,master,29e9686528f1ea6288dfe44a66ea76f85232cefa,.github/workflows/maven.yml,success,1345677,liubao68,37,3,1.0,1.0,{'fix'},push,12,0,1170.0,0,success,1,e72589895dcafaad5faf4ed3670ce2b02e131d5e,1,1,1,0,1,1,2,1,0,0,0,0,0,0,0,0,0,0,0,0,0,0,0,0,0,0,0,0,1,0,0,0,0,0,0,0,0,0,31,0,[],java-maven,31524,21808,691.79,0,0,0,0,0,0.0612813,0.83468,0.00835655,0.905292,0,1,1,0,0,1,0,1
32270,7457450618,198181246,Java CI with Maven,master-web,7295370739b3e8897e42e8a183b16f884814bcca,.github/workflows/maven.yml,success,1345677,chengyouling,37,3,1.0,1.0,,pull_request,14,0,1186.0,1,success,1,366c6aa54cfa6fba8045b668e56894bdb90e81ed,2,6,0,0,0,2,6,1,0,0,0,0,0,2,2,0,0,0,2,0,0,0,2,0,2,1,0,0,1,0,0,0,0,0,0,0,0,0,31,0,[],java-maven,31644,21925,692.864,0,0,0,0,0,0.0473538,0.817362,0.0111421,0.910621,14,0,1,0,0,0,0,0
32271,7610107277,198181246,Java CI with Maven,2022.0.x-license,e8eda3ff1958d9ad7b718f98d1bb796dbd65f39f,.github/workflows/maven.yml,success,1345677,chengyouling,37,3,1.0,2.0,{'docs'},pull_request,12,0,1201.0,1,failure,2,4cf8d57c20d2b033903deb475ccdef80c53cb8d7,477,479,479,8,1,190,380,9,548,1,1,0,0,332,332,0,0,0,590,0,0,0,0,0,0,1,1,0,1,0,0,274,274,0,5,0,0,0,31,0,[],java-maven,31644,21925,692.864,0,0,0,0,0,0.0445682,0.877579,0.0139276,0.819433,15,0,1,0,0,1,0,0
32272,7693925739,198181246,Java CI with Maven,master,73624cedd5b881b944848c97e7eb6ddc91c6bb32,.github/workflows/maven.yml,success,1345677,liubao68,37,4,1.0,1.0,{'fix'},push,15,0,1215.0,0,success,1,ce84bb98a920a504b4b09f884fe95ab935069311,1,1,1,0,1,1,2,1,0,0,0,0,0,0,0,0,0,0,0,0,0,0,0,0,0,0,0,0,1,0,0,0,0,0,0,0,0,0,31,0,[],java-maven,31700,21925,691.64,0,0,0,0,0,0.0584958,0.702829,0.0222841,0.758152,1,1,1,0,0,1,0,1
32273,7442917749,198181246,Java CI with Maven,2021.0.x,9c9f5d578fe124b68bab860eda43de5fe6bdc02e,.github/workflows/maven.yml,success,1345677,liubao68,37,3,1.0,1.0,{'fix'},push,16,0,1174.0,1,success,1,7692dbc1836d38de0b3ee073c20ef92793f5ac01,6,140,7,0,0,1,21,3,126,1,1,0,0,4,4,9,0,9,7,1,0,1,9,0,9,1,1,0,1,0,0,124,2,0,0,0,0,0,31,0,[],java-maven,32029,22139,691.217,0,0,0,0,0,0.0584958,0.834905,0.0111421,0.862953,0,1,1,0,0,1,0,0
32274,7605869587,198181246,Java CI with Maven,2022.0.x-update,c52e467ebbc7da05eddfa5e1e7701d8708131f3b,.github/workflows/maven.yml,success,1345677,chengyouling,37,3,1.0,2.0,{'chore'},pull_request,12,0,1198.0,1,success,2,ba3e304f92603e91c05e7c2c96ea43d78534b1db,2,3,3,0,0,1,2,2,0,1,1,0,0,0,0,0,0,0,0,0,0,0,0,0,0,0,0,0,1,0,0,0,0,0,1,0,0,0,31,0,[],java-maven,31644,21925,692.864,0,0,0,0,0,0.0362117,0.89156,0.0,1.0,13,0,1,0,0,0,0,0
32275,7392712745,198181246,Java CI with Maven,master-up,4a6445452f8279bbf26cf3fe7b196d7f86ac492c,.github/workflows/maven.yml,success,1345677,chengyouling,37,3,0.0,3.0,{'chore'},pull_request,12,0,1168.0,0,success,3,e72589895dcafaad5faf4ed3670ce2b02e131d5e,2,18,14,0,0,0,0,1,0,0,1,0,0,0,0,0,0,0,0,0,0,0,0,0,0,0,0,0,1,0,0,0,0,2,0,0,0,0,31,0,[],java-maven,31528,21808,691.703,0,0,0,0,0,0.0612813,0.711845,0.00835655,0.897911,12,0,1,0,0,1,0,0
32276,7334852545,198181246,Java CI with Maven,2021.0.x,552b045775031a0673cf8e2915337c9ca8049024,.github/workflows/maven.yml,success,1345677,liubao68,37,3,1.0,1.0,{'fix'},push,18,0,1156.0,0,success,1,ae49056e9b702081b2a88cd5d51bc2b19dafb43c,3,3,3,0,1,3,6,1,0,0,0,0,0,3,3,0,0,0,6,0,0,0,0,0,0,1,0,0,1,0,0,0,0,0,0,3,0,0,31,0,[],java-maven,31904,22017,690.102,0,0,0,0,0,0.0724234,0.842526,0.0167131,0.891643,0,1,1,0,0,1,0,0
32277,8105900632,198181246,Java CI with Maven,master-up,993ac89dae038bd333840a4dd8542de92f562583,.github/workflows/maven.yml,success,1345677,chengyouling,37,2,1.0,1.0,,pull_request,12,0,1229.0,0,success,1,300cbd1d38d0cdb58581ade13a447883e233c61d,1,1,1,0,0,1,2,1,0,0,0,0,0,0,0,0,0,0,0,0,0,0,0,0,0,0,0,0,1,0,0,0,0,0,0,0,0,0,31,0,[],java-maven,31940,21925,686.443,0,0,0,0,0,0.00557103,0.873259,0.0,1.0,2,0,1,0,0,0,0,0
32278,8042842975,198181246,Java CI with Maven,master-feign,e07e89ecdc9437dbea099024221c7b903301617e,.github/workflows/maven.yml,success,1345677,chengyouling,37,3,1.0,1.0,{'fix'},pull_request,22,0,1225.0,1,failure,1,b494696db9f4c561217022c8e477c8f69ebd880b,0,30,0,0,0,0,0,1,0,0,0,0,0,0,0,0,0,0,0,0,0,0,0,0,0,0,0,0,1,1,0,0,0,0,1,0,0,0,31,0,[],java-maven,31941,21925,686.422,0,0,0,0,0,0.0278552,0.593036,0.0,1.0,3,0,1,0,0,0,0,0
32279,7445718016,198181246,Java CI with Maven,master-home,ed5035bd4829f42df824e9a4f391b5f29d176721,.github/workflows/maven.yml,success,1345677,chengyouling,37,3,1.0,1.0,,pull_request,8,0,1180.0,0,success,1,1f92338954d2ee61f8d64f5e16a249370eeb0f27,2,4,4,0,0,0,0,1,0,0,1,0,0,0,0,0,0,0,0,0,0,0,0,0,0,0,0,0,1,0,0,0,0,2,0,0,0,0,31,0,[],java-maven,31640,21925,692.952,0,0,0,0,0,0.0584958,0.749384,0.0111421,0.920934,13,0,1,0,0,1,0,0
32280,7608241185,198181246,Java CI with Maven,master-license2024,49ee49a86343b0852f758170e226516b4f9c48bd,.github/workflows/maven.yml,success,1345677,chengyouling,37,3,1.0,3.0,{'docs'},pull_request,12,0,1200.0,1,failure,3,5780eb0922f4d196b9a1d5d62494f601b9254501,610,612,612,17,1,285,570,9,606,1,1,0,0,439,439,0,0,0,792,0,0,0,0,0,0,1,1,0,1,0,0,303,303,0,5,0,0,0,31,0,[],java-maven,31634,21925,693.083,0,0,0,0,0,0.0417827,0.879851,0.00835655,0.863881,14,0,1,0,0,0,0,0
32281,7329288955,198181246,Java CI with Maven,2021.0.x-filterOrder,148e8388e5a7d543f2b11c755adf7ba1b1269593,.github/workflows/maven.yml,success,1345677,chengyouling,37,3,1.0,1.0,{'fix'},pull_request,16,0,1153.0,1,success,1,db2750b59333e03372fe26609a6e0b051e9ab096,10,46,27,0,1,10,73,1,0,0,1,0,0,10,10,0,0,0,18,5,3,8,9,1,10,1,0,0,1,0,0,0,0,0,0,5,0,0,31,0,[],java-maven,31894,22017,690.318,0,0,0,0,0,0.0724234,0.609814,0.0139276,0.812236,11,0,1,0,0,0,0,0
32282,7650677012,198181246,Java CI with Maven,2021.0.x,92690d20d35fd1e9f70f70c438b4d62965084b29,.github/workflows/maven.yml,success,1345677,liubao68,37,3,1.0,2.0,{'fix'},pull_request,12,0,1210.0,1,success,2,73f2a160aaeaaf7c2bb8326ab29c3370804f208d,2,108,5,0,1,3,113,1,0,0,0,1,0,2,3,2,0,2,5,1,0,1,8,0,8,1,0,0,1,1,0,0,0,0,0,0,0,0,31,0,[],java-maven,32099,22139,689.71,0,0,0,0,0,0.0529248,0.722578,0.0278552,0.743036,1,1,1,0,0,1,0,0
32283,8965511467,198181246,Java CI with Maven,master-actuator,d305b9be200d32c8d7cd8994740464e86eff8ccf,.github/workflows/maven.yml,success,1345677,chengyouling,37,1,1.0,5.0,"{'chore', 'ci', 'fix'}",pull_request,20,0,1265.0,1,success,5,36063918ed22d095ca9224cdbb424dccb702edc8,5,97,23,1,1,4,119,2,0,1,0,0,0,4,4,8,0,8,6,4,2,6,6,3,9,1,0,0,1,0,0,0,0,0,0,3,0,0,220,1,[],java-maven,33817,22194,656.297,0,0,0,0,0,0.0222841,0.797215,0.00278552,0.887341,4,0,1,0,0,0,0,0
32284,8593418249,198181246,Java CI with Maven,master-nacos,c253b8ecefc5b60803cc2c6aee5a10393366df4c,.github/workflows/maven.yml,success,1345677,chengyouling,37,2,1.0,5.0,"{'chore', 'docs', 'fix'}",pull_request,16,0,1247.0,1,failure,5,fea6e1a539d982f52e106f426efe4fe147b373c1,21,2739,586,2,1,46,3311,5,0,1,1,34,3,0,37,0,0,0,0,0,0,0,252,21,273,1,0,0,1,25,3,0,0,1,0,0,0,0,220,1,[],java-maven,33337,21925,657.678,0,0,0,0,0,0.0389972,0.585371,0.0111421,0.594429,3,0,1,0,0,0,0,0
32285,7624598991,198181246,Java CI with Maven,2021.0.x,73f2a160aaeaaf7c2bb8326ab29c3370804f208d,.github/workflows/maven.yml,success,1345677,liubao68,37,3,1.0,1.0,{'fix'},push,12,0,1202.0,0,success,1,ad9494ea36b29ef5452575abe3d0092c381c0e25,608,610,610,14,1,285,570,9,608,1,1,0,0,439,439,0,0,0,795,0,0,0,0,0,0,1,1,0,1,0,0,304,304,0,5,0,0,0,31,0,[],java-maven,32033,22139,691.131,0,0,0,0,0,0.0445682,0.750823,0.0167131,0.810585,0,1,1,0,0,1,0,0
32286,7321202280,198181246,Java CI with Maven,2021.0.x-isolationOrder,4cfc0d76b6bc98d4f524f1d676fae7ab539b07c3,.github/workflows/maven.yml,success,1345677,chengyouling,37,3,,,,pull_request,0,0,,1,success,0,,0,0,0,0,0,0,0,0,0,0,0,0,0,0,0,0,0,0,0,0,0,0,0,0,0,0,0,0,1,0,0,0,0,0,0,0,0,0,31,0,[],java-maven,31881,22017,690.599,0,0,0,0,0,0.0752089,0.590709,0.0111421,0.786542,10,0,1,0,0,0,0,0
32287,9590258386,198181246,Java CI with Maven,master,a0a0df18aba967277dddfa95cb838c587163a4c4,.github/workflows/maven.yml,success,1345677,chengyouling,37,0,1.0,1.0,{'fix'},push,16,0,1282.0,1,success,1,97cd01637d1b5db04513562efb2f6881d2f83c38,1,39,6,0,1,1,45,1,0,0,0,0,0,1,1,2,0,2,12,0,0,0,0,0,0,1,0,0,1,0,0,0,0,0,0,0,0,0,220,1,[],java-maven,31860,21925,688.167,0,0,0,0,0,0.00557103,0.844011,0.00557103,0.831012,1,0,1,0,0,0,0,1
32288,8106224619,198181246,Java CI with Maven,2022.0.x-up,146d0440595f804d90735598992fbdeaea8d0bdc,.github/workflows/maven.yml,success,1345677,chengyouling,37,2,1.0,1.0,,pull_request,24,0,1230.0,1,success,1,bc1054292f9fc899b234908c421fed6f076254c4,1,3,3,0,0,1,6,1,0,0,0,0,0,0,0,0,0,0,0,0,0,0,0,0,0,0,0,0,1,0,0,0,0,0,0,0,0,0,31,0,[],java-maven,31948,21925,686.271,0,0,0,0,0,0.00557103,0.880714,0.0,1.0,2,0,1,0,0,0,0,0
32289,7336011484,198181246,Java CI with Maven,2021.0.x-snapshot,b274d009428bc90a6fe014560271ae719e8969c9,.github/workflows/maven.yml,success,1345677,chengyouling,37,3,1.0,1.0,,pull_request,12,0,1159.0,0,success,1,552b045775031a0673cf8e2915337c9ca8049024,83,86,86,0,1,35,76,1,96,0,1,0,0,0,0,0,0,0,0,0,0,0,0,0,0,0,0,0,1,0,0,48,48,0,0,0,0,0,31,0,[],java-maven,31904,22017,690.102,0,0,0,0,0,0.0724234,0.636386,0.0167131,0.836014,11,0,1,0,0,0,0,0
32290,7334312266,198181246,Java CI with Maven,master-order2,f059525620bd01d818467a344a70965292aea4a8,.github/workflows/maven.yml,success,1345677,chengyouling,37,3,1.0,1.0,,pull_request,18,0,1157.0,1,success,1,7549f7242b27c3cc912df36b2cd9cd097c7343aa,3,3,3,0,1,3,6,1,0,0,0,0,0,3,3,0,0,0,6,0,0,0,0,0,0,1,0,0,1,0,0,0,0,0,0,3,0,0,31,0,[],java-maven,31521,21808,691.856,0,0,0,0,0,0.0724234,0.630877,0.0167131,0.830548,10,0,1,0,0,0,0,0
32291,7329280830,198181246,Java CI with Maven,2021.0.x-invocation,8ec7e43b13642e10e8af94e6af5d0cb8fb3276f8,.github/workflows/maven.yml,success,1345677,chengyouling,37,3,1.0,1.0,{'fix'},pull_request,14,0,1152.0,0,success,1,db2750b59333e03372fe26609a6e0b051e9ab096,2,17,5,0,0,2,22,1,0,0,0,0,0,2,2,0,0,0,6,2,0,2,2,0,2,1,0,0,1,0,0,0,0,0,0,0,0,0,31,0,[],java-maven,31887,22017,690.469,0,0,0,0,0,0.0724234,0.603717,0.0139276,0.805014,11,0,1,0,0,0,0,0
32292,8106248118,198181246,Java CI with Maven,2021.0.x-up,303fe5506dcb52f11d6c9cef02b5ac2cf71136c3,.github/workflows/maven.yml,success,1345677,chengyouling,37,2,1.0,1.0,,pull_request,12,0,1231.0,1,success,1,64f6a71a27411c9058ed8d3145e8605d956110eb,1,1,1,0,0,1,2,1,0,0,0,0,0,0,0,0,0,0,0,0,0,0,0,0,0,0,0,0,1,0,0,0,0,0,0,0,0,0,31,0,[],java-maven,32339,22140,684.622,0,0,0,0,0,0.00557103,0.887341,0.0,1.0,2,0,1,0,0,0,0,0
32293,8274929121,198181246,Java CI with Maven,2022.0.x-locator,0eb19a4516ed04a772573e94e5a9f49b194cf2d7,.github/workflows/maven.yml,success,1345677,chengyouling,37,2,1.0,2.0,{'fix'},pull_request,14,0,1236.0,1,failure,2,262fc566165f4137518b8161932b278e5fb3f6c6,2,35,5,0,1,3,40,2,0,1,1,1,0,1,2,0,0,0,1,0,0,0,5,1,6,1,0,0,1,1,0,0,0,0,0,0,0,0,31,0,[],java-maven,31958,21925,686.057,0,0,0,0,0,0.0139276,0.746518,0.00835655,0.662024,2,0,1,0,0,0,0,0
32294,8595377717,198181246,Java CI with Maven,master,7f19a0cb185f778a4d9e4f8a04cda75ad0fa6528,.github/workflows/maven.yml,success,1345677,chengyouling,37,2,1.0,1.0,{'fix'},push,16,0,1247.0,1,success,1,fea6e1a539d982f52e106f426efe4fe147b373c1,21,2739,586,2,1,46,3311,5,0,1,1,34,3,0,37,0,0,0,0,0,0,0,252,21,273,1,0,0,1,25,3,0,0,1,0,0,0,0,220,1,[],java-maven,33337,21925,657.678,0,0,0,0,0,0.0389972,0.600179,0.0111421,0.631299,4,0,1,0,0,1,0,1
32295,8416261073,198181246,Java CI with Maven,master,16dac77aa1657120e39bff251ccdfa3fad54a621,.github/workflows/maven.yml,success,1345677,liubao68,37,3,1.0,1.0,{'fix'},push,14,0,1235.0,1,failure,1,5b942876add15bfd926c938a635fad972d537684,1,32,2,0,1,2,34,1,0,0,0,1,0,1,2,0,0,0,1,0,0,0,5,1,6,1,0,0,1,1,0,0,0,0,0,0,0,0,31,0,[],java-maven,31956,21925,686.1,0,0,0,0,0,0.0250696,0.85831,0.0167131,0.768493,0,1,1,0,0,1,0,1
32296,7649602287,198181246,Java CI with Maven,master,e97b297cf0ced889b86fd0c4bb23c610039b5cec,.github/workflows/maven.yml,success,1345677,liubao68,37,3,1.0,1.0,{'fix'},push,12,0,1205.0,1,success,1,01bcaaea7e5bb22dbda4423fcf2639d52054ba2f,1,1,1,0,1,1,2,1,0,0,0,0,0,0,0,0,0,0,0,0,0,0,0,0,0,0,0,0,1,0,0,0,0,0,0,0,0,0,31,0,[],java-maven,31698,21925,691.684,0,0,0,0,0,0.0501393,0.719676,0.0250696,0.742166,1,1,1,0,0,1,0,1
32297,8595642198,198181246,Java CI with Maven,2022.0.x-nacos,09c0037b0fcb90e6871e5bcf133351f9ac24c34a,.github/workflows/maven.yml,success,1345677,chengyouling,37,2,1.0,2.0,"{'chore', 'fix'}",pull_request,18,0,1248.0,1,failure,2,28c4149bc3b1b0f9670028b4a080f78d675abc76,21,2739,586,2,1,46,3311,5,0,1,1,34,3,0,37,0,0,0,0,0,0,0,252,21,273,1,0,0,1,25,3,0,0,1,0,0,0,0,220,1,[],java-maven,33345,21925,657.52,0,0,0,0,0,0.0417827,0.593036,0.0139276,0.610028,4,0,1,0,0,0,0,0
32298,7385225687,198181246,Java CI with Maven,master-up,e849d89a6998005688f2931f25d8f9947a21bbb6,.github/workflows/maven.yml,success,1345677,chengyouling,37,3,0.0,1.0,{'chore'},pull_request,12,0,1168.0,0,success,1,e72589895dcafaad5faf4ed3670ce2b02e131d5e,1,9,7,0,0,0,0,1,0,0,0,0,0,0,0,0,0,0,0,0,0,0,0,0,0,0,0,0,1,0,0,0,0,1,0,0,0,0,31,0,[],java-maven,31526,21808,691.747,0,0,0,0,0,0.0584958,0.71418,0.00557103,0.998534,11,0,1,0,0,1,0,0
32299,7381937546,198181246,Java CI with Maven,Hoxton-refresh,2850a412b16feda386c490a8417aa25605e6301c,.github/workflows/maven.yml,success,1345677,chengyouling,17,0,,,,pull_request,0,0,,1,success,0,,0,0,0,0,0,0,0,0,0,0,0,0,0,0,0,0,0,0,0,0,0,0,0,0,0,0,0,0,0,0,0,0,0,0,0,0,0,0,27,0,[],java-maven,11228,6871,611.952,0,0,0,0,0,0.0696379,0.656182,0.00557103,0.998452,12,0,1,0,0,0,0,0
32300,8717313458,198181246,Java CI with Maven,2022.0.x-auth,651ee37b60d8986df29e59821cd28e4c9ea27ddb,.github/workflows/maven.yml,success,1345677,chengyouling,37,2,1.0,1.0,{'fix'},pull_request,32,0,1253.0,1,success,1,abab4be5eaf5859e90757c76747b2b8721100f74,27,793,187,1,1,18,523,3,453,1,1,11,1,19,31,12,1,13,19,3,1,4,128,10,138,1,1,0,1,8,1,361,92,0,0,4,0,0,220,1,[],java-maven,33755,22194,657.503,0,0,0,0,0,0.0306407,0.718855,0.00278552,0.907825,5,0,1,0,0,0,0,0
32301,7407417652,198181246,Java CI with Maven,master,999c1a26082ab0698858f3f46d5a0e2b709684e4,.github/workflows/maven.yml,success,1345677,liubao68,37,3,1.0,1.0,{'fix'},push,12,0,1168.0,0,success,1,29e9686528f1ea6288dfe44a66ea76f85232cefa,2,18,14,0,0,0,0,1,0,0,1,0,0,0,0,0,0,0,0,0,0,0,0,0,0,0,0,0,1,0,0,0,0,2,0,0,0,0,31,0,[],java-maven,31528,21808,691.703,0,0,0,0,0,0.0584958,0.843215,0.00835655,0.895822,0,1,1,0,0,1,0,1
32302,8429926200,198181246,Java CI with Maven,2021.0.x-nacos,467b3da62b3c1969671847006d5d196a5870037b,.github/workflows/maven.yml,success,1345677,chengyouling,37,2,1.0,1.0,,pull_request,14,0,1244.0,1,success,1,21afaae16e65b47ee1e750b4a3aea2196c4b9112,1,6,0,0,0,1,6,1,0,0,0,0,0,0,0,0,0,0,0,0,0,0,0,0,0,0,0,0,1,0,0,0,0,0,0,0,0,0,220,1,[],java-maven,32355,22140,684.284,0,0,0,0,0,0.0250696,0.736098,0.0167131,0.727762,5,0,1,0,0,0,0,0
32303,8892897360,198181246,Java CI with Maven,master-actuator,e59ed001455854d839d1e7c844e52891d63ba8f4,.github/workflows/maven.yml,success,1345677,chengyouling,37,1,1.0,4.0,"{'chore', 'fix'}",pull_request,20,0,1265.0,1,failure,4,36063918ed22d095ca9224cdbb424dccb702edc8,6,98,23,1,1,4,119,3,0,1,1,0,0,4,4,8,0,8,6,4,2,6,6,3,9,1,0,0,1,0,0,0,0,0,1,3,0,0,220,1,[],java-maven,33818,22194,656.278,0,0,0,0,0,0.0362117,0.713455,0.00278552,0.915506,4,0,1,0,0,1,0,0
32304,7381999300,198181246,Java CI with Maven,2020.0.x-refresh,fccb1674c07442ca9d06959806747b17f749c297,.github/workflows/maven.yml,success,1345677,chengyouling,23,0,,,,pull_request,0,0,,1,success,0,,0,0,0,0,0,0,0,0,0,0,0,0,0,0,0,0,0,0,0,0,0,0,0,0,0,0,0,0,0,0,0,0,0,0,0,0,0,0,48,0,[],java-maven,22865,11627,508.506,0,0,0,0,0,0.0668524,0.676754,0.00557103,0.998607,12,0,1,0,0,0,0,0
32305,8968008322,198181246,Java CI with Maven,2022.0.x,57e60be644055de833bb153f54cb8e5434afe9be,.github/workflows/maven.yml,success,1345677,chengyouling,37,1,1.0,1.0,{'fix'},push,20,0,1269.0,1,success,1,dc0418c2f03bdcb2f3eae7594ec57bc333f307b6,8,361,26,0,0,6,67,1,320,0,0,0,0,8,8,40,3,43,5,2,0,2,1,0,1,1,1,0,1,0,0,306,14,0,0,14,0,0,220,1,[],java-maven,34100,22486,659.414,0,0,0,0,0,0.0222841,0.827417,0.00278552,0.940357,6,0,1,0,0,1,0,0
32306,9590466810,198181246,Java CI with Maven,2022.0.x,69f2713ce8ebe979a10dbe5d50cbf71cbf8e3217,.github/workflows/maven.yml,success,1345677,chengyouling,37,0,1.0,1.0,{'fix'},push,16,0,1283.0,1,success,1,57e60be644055de833bb153f54cb8e5434afe9be,1,39,6,0,1,1,45,1,0,0,0,0,0,1,1,2,0,2,12,0,0,0,0,0,0,1,0,0,1,0,0,0,0,0,0,0,0,0,220,1,[],java-maven,31860,21925,688.167,0,0,0,0,0,0.00557103,0.855153,0.00557103,0.844011,1,0,1,0,0,0,0,0
32307,7457734565,198181246,Java CI with Maven,2021.0.x-web,15933ff52b09e2be8f1dc3bd6d5a95a9bec65874,.github/workflows/maven.yml,success,1345677,chengyouling,37,3,1.0,2.0,,pull_request,14,0,1187.0,0,failure,2,9c9f5d578fe124b68bab860eda43de5fe6bdc02e,3,12,1,0,1,2,6,1,7,0,1,0,0,3,3,0,0,0,3,1,0,1,4,0,4,1,1,0,1,0,0,6,1,0,0,1,0,0,31,0,[],java-maven,32039,22144,691.158,0,0,0,0,0,0.0529248,0.807759,0.0167131,0.876657,16,0,1,0,0,0,0,0
32308,7409533975,198181246,Java CI with Maven,2021.0.x,7692dbc1836d38de0b3ee073c20ef92793f5ac01,.github/workflows/maven.yml,success,1345677,liubao68,37,3,1.0,1.0,{'fix'},push,12,0,1171.0,0,success,1,a0de1e12aa332b37296ae5bc6c89f0c0933a381a,1,11,9,0,1,1,20,1,0,0,0,0,0,0,0,0,0,0,0,0,0,0,0,0,0,0,0,0,1,0,0,0,0,0,0,0,0,0,31,0,[],java-maven,31907,22017,690.037,0,0,0,0,0,0.0584958,0.850342,0.00835655,0.905292,0,1,1,0,0,1,0,0
32309,9076864557,198181246,Java CI with Maven,master-zk,875de4f3d765830fb15733d94a8eec22361fdb4a,.github/workflows/maven.yml,success,1345677,chengyouling,37,0,,,,pull_request,0,0,,1,failure,0,,0,0,0,0,0,0,0,0,0,0,0,0,0,0,0,0,0,0,0,0,0,0,0,0,0,0,0,0,1,0,0,0,0,0,0,0,0,0,220,1,[],java-maven,31860,21925,688.167,0,0,0,0,0,0.0389972,0.73713,0.0139276,0.57753,6,0,1,0,0,0,0,0
32310,7458065801,198181246,Java CI with Maven,master-reactive,6a753b540367a370955d707a2cc375b6b0ad49fa,.github/workflows/maven.yml,success,1345677,chengyouling,37,3,1.0,1.0,,pull_request,14,0,1189.0,1,success,1,706ef1f98d95952069861bd1e36c9cafe97120bd,4,4,4,2,0,2,4,2,0,1,1,2,0,0,2,0,0,0,0,0,0,0,42,0,42,1,0,0,1,0,0,0,0,0,0,0,0,0,31,0,[],java-maven,31644,21925,692.864,0,0,0,0,0,0.0529248,0.813174,0.0167131,0.885794,16,0,1,0,0,0,0,0
32311,8968003869,198181246,Java CI with Maven,2022.0.x,dc0418c2f03bdcb2f3eae7594ec57bc333f307b6,.github/workflows/maven.yml,success,1345677,chengyouling,37,1,1.0,1.0,{'fix'},push,22,0,1270.0,1,success,1,deaca1e164ee5818941f501f17c1a3798e8109e9,5,97,23,1,0,4,119,2,0,1,0,0,0,4,4,8,0,8,6,4,2,6,6,3,9,1,0,0,1,0,0,0,0,0,0,3,0,0,220,1,[],java-maven,33821,22194,656.219,0,0,0,0,0,0.0222841,0.823665,0.00278552,0.93663,6,0,1,0,0,1,0,0
32312,7457933237,198181246,Java CI with Maven,2021.0.x-web,57b879868c134f25e9b3cc7fd309bf85b085cd66,.github/workflows/maven.yml,success,1345677,chengyouling,37,3,1.0,3.0,{'test'},pull_request,14,0,1187.0,1,success,3,9c9f5d578fe124b68bab860eda43de5fe6bdc02e,2,6,0,0,1,2,6,1,0,0,0,0,0,2,2,0,0,0,2,0,0,0,2,0,2,1,0,0,1,0,0,0,0,0,0,0,0,0,31,0,[],java-maven,32033,22139,691.131,0,0,0,0,0,0.0529248,0.810505,0.0167131,0.881401,16,0,1,0,0,0,0,0
32313,8780374153,198181246,Java CI with Maven,2021.0.x-health,ee70fdd3d7d641d5f015a940105f0009eb36634b,.github/workflows/maven.yml,success,1345677,chengyouling,37,2,1.0,1.0,,pull_request,20,0,1262.0,1,success,1,1a5b6595ef7e57d038685bd0cfea18b16ba1ec67,1,2,1,1,0,0,0,1,0,0,0,0,0,0,0,0,0,0,0,0,0,0,0,0,0,0,0,0,1,0,0,0,0,0,0,0,0,0,220,1,[],java-maven,34146,22409,656.27,0,0,0,0,0,0.0334262,0.727631,0.0167131,0.766017,4,0,1,0,0,0,0,0
32314,7636601756,198181246,Java CI with Maven,master-alibaba,b28a910d60aea436bc42f8c192da4051aaa908a9,.github/workflows/maven.yml,success,1345677,chengyouling,37,3,1.0,1.0,,pull_request,12,0,1205.0,1,failure,1,e26a5d2075c26ef7e234d4ab1903d001d454b0ed,1,1,1,0,1,1,2,1,0,0,0,0,0,0,0,0,0,0,0,0,0,0,0,0,0,0,0,0,1,0,0,0,0,0,0,0,0,0,31,0,[],java-maven,31634,21925,693.083,0,0,0,0,0,0.0473538,0.847467,0.0222841,0.767663,12,0,1,0,0,0,0,0
32315,8776869072,198181246,Java CI with Maven,2022.0.x,0e90ccbdf3bc2172ec4b84734d54b4963a0487f2,.github/workflows/maven.yml,success,1345677,chengyouling,37,2,1.0,1.0,{'fix'},push,8,0,1257.0,1,failure,1,f17c0fa9f89bb5967f625316bbd2110c39964df0,1,1,1,0,1,1,2,1,0,0,0,0,0,0,0,0,0,0,0,0,0,0,0,0,0,0,0,0,1,0,0,0,0,0,0,0,0,0,220,1,[],java-maven,33755,22194,657.503,0,0,0,0,0,0.0389972,0.705395,0.0167131,0.735497,6,0,1,0,0,1,0,0
32316,7795514554,198181246,Java CI with Maven,master,bd329b46feaa0e9a24681f41c5a16343198dc668,.github/workflows/maven.yml,success,1345677,chengyouling,37,4,1.0,1.0,,pull_request,12,0,1223.0,1,success,1,1cc7e35a1f8c88f2792c7fed4f99fbab1202202c,2,2,2,0,1,0,0,1,0,0,1,0,0,0,0,0,0,0,0,0,0,0,0,0,0,0,0,0,1,0,0,0,0,2,0,0,0,0,31,0,[],java-maven,31932,21925,686.615,0,0,0,0,0,0.0668524,0.722203,0.0167131,0.661096,10,0,1,0,0,1,0,1
32317,7457592944,198181246,Java CI with Maven,2021.0.x,c83392fb04314e7e83fa24eb92a30fcd8f70aa0d,.github/workflows/maven.yml,success,1345677,liubao68,37,3,1.0,1.0,{'fix'},push,14,0,1184.0,1,success,1,9c9f5d578fe124b68bab860eda43de5fe6bdc02e,1,1,1,0,1,1,2,1,0,0,0,0,0,0,0,0,0,0,0,0,0,0,0,0,0,0,0,0,1,0,0,0,0,0,0,0,0,0,31,0,[],java-maven,32029,22139,691.217,0,0,0,0,0,0.0501393,0.842567,0.0139276,0.933148,0,1,1,0,0,1,0,0
32318,7353476174,198181246,Java CI with Maven,2021.0.x,f707b254e873d52eb74a72f117de91cf89822f00,.github/workflows/maven.yml,success,1345677,liubao68,37,3,1.0,1.0,{'fix'},push,12,0,1159.0,0,success,1,552b045775031a0673cf8e2915337c9ca8049024,83,86,86,0,1,35,76,1,96,0,1,0,0,0,0,0,0,0,0,0,0,0,0,0,0,0,0,0,1,0,0,48,48,0,0,0,0,0,31,0,[],java-maven,31904,22017,690.102,0,0,0,0,0,0.0724234,0.861052,0.0139276,0.910864,0,1,1,0,0,0,0,0
32319,9562702151,198181246,Java CI with Maven,2021.0.x,bb21403a0c979eceb789003dea326faa8e546804,.github/workflows/maven.yml,success,1345677,chengyouling,37,0,1.0,1.0,{'fix'},push,16,0,1281.0,1,success,1,11f75904d757aa5b0165046706068cb2b9436653,2,40,7,0,1,2,47,2,0,1,1,0,0,1,1,2,0,2,12,0,0,0,0,0,0,1,0,0,1,0,0,0,0,0,0,0,0,0,220,1,[],java-maven,31860,21925,688.167,0,0,0,0,0,0.00557103,0.797215,0.00557103,0.774683,0,0,1,0,0,0,0,0
32320,7442579124,198181246,Java CI with Maven,2021.0.x-gatewayRetry,2543ea17ada71daf773eb6fe0d9ede1eb2a71c83,.github/workflows/maven.yml,success,1345677,chengyouling,37,3,1.0,1.0,{'ci'},pull_request,16,0,1174.0,0,failure,1,7692dbc1836d38de0b3ee073c20ef92793f5ac01,6,140,7,0,0,1,21,3,126,1,1,0,0,4,4,9,0,9,7,1,0,1,9,0,9,1,1,0,1,0,0,124,2,0,0,0,0,0,31,0,[],java-maven,32029,22139,691.217,0,0,0,0,0,0.0584958,0.733962,0.0111421,0.906559,12,0,1,0,0,0,0,0
32321,7553641994,198181246,Java CI with Maven,master-loadbalance,adae20ddebbdd9371d78ca1c70b874b552c86a07,.github/workflows/maven.yml,success,1345677,chengyouling,37,3,,,,pull_request,0,0,,1,success,0,,0,0,0,0,0,0,0,0,0,0,0,0,0,0,0,0,0,0,0,0,0,0,0,0,0,0,0,0,1,0,0,0,0,0,0,0,0,0,31,0,[],java-maven,31825,22042,692.6,0,0,0,0,0,0.0417827,0.871736,0.0,1.0,14,0,1,0,0,0,0,0
32322,8042939744,198181246,Java CI with Maven,2021.0.x-feign,c08a57e07d8bcb87d8b76829fd2af2365d08fa05,.github/workflows/maven.yml,success,1345677,chengyouling,37,3,1.0,1.0,{'fix'},pull_request,22,0,1227.0,1,success,1,99d6cf8bd2c5dc94ae0b344ba00d8f07ec607a32,0,28,0,0,0,0,0,1,0,0,0,0,0,0,0,0,0,0,0,0,0,0,0,0,0,0,0,0,1,1,0,0,0,0,1,0,0,0,31,0,[],java-maven,32340,22140,684.601,0,0,0,0,0,0.0278552,0.630033,0.0,1.0,3,0,1,0,0,0,0,0
32323,7326412315,198181246,Java CI with Maven,master-InvocationContextWebFilter,d62d2c9622e14b04d757c81add28d91b449f12c6,.github/workflows/maven.yml,success,1345677,chengyouling,37,3,1.0,1.0,,pull_request,14,0,1151.0,1,success,1,afa332f081f72f8d264a4a78b81a579879d69c4b,4,23,10,0,1,2,22,2,0,1,1,0,0,2,2,0,0,0,6,2,0,2,2,0,2,1,0,0,1,0,0,0,0,2,0,0,0,0,31,0,[],java-maven,31505,21808,692.208,0,0,0,0,0,0.0779944,0.587657,0.0139276,0.769562,9,0,1,0,0,0,0,0
32324,7329689375,198181246,Java CI with Maven,2021.0.x,fdc3b4a2582297c9f0b84d2d1a2f137cb9ce1341,.github/workflows/maven.yml,success,1345677,liubao68,37,3,1.0,1.0,{'fix'},push,14,0,1152.0,0,success,1,db2750b59333e03372fe26609a6e0b051e9ab096,2,17,5,0,0,2,22,1,0,0,0,0,0,2,2,0,0,0,6,2,0,2,2,0,2,1,0,0,1,0,0,0,0,0,0,0,0,0,31,0,[],java-maven,31887,22017,690.469,0,0,0,0,0,0.0696379,0.896293,0.0139276,0.991295,0,1,1,0,0,1,0,0
32325,7649586069,198181246,Java CI with Maven,master,01bcaaea7e5bb22dbda4423fcf2639d52054ba2f,.github/workflows/maven.yml,success,1345677,liubao68,37,3,1.0,1.0,{'fix'},push,10,0,1208.0,1,failure,1,e26a5d2075c26ef7e234d4ab1903d001d454b0ed,2,106,5,0,1,3,111,1,0,0,0,1,0,2,3,2,0,2,5,1,0,1,7,0,7,1,0,0,1,1,0,0,0,0,0,0,0,0,31,0,[],java-maven,31698,21925,691.684,0,0,0,0,0,0.0501393,0.70159,0.0250696,0.705332,1,1,1,0,0,1,0,1
32326,7649656624,198181246,Java CI with Maven,2022.0.x,a3b739d8d96edb78a51f12864aa350451b9f6048,.github/workflows/maven.yml,success,1345677,liubao68,37,3,1.0,1.0,{'fix'},pull_request,12,0,1209.0,1,success,1,552b294c6fd53fd83d3c066f2c349d8e0623124c,2,106,5,0,1,3,111,1,0,0,0,1,0,2,3,2,0,2,5,1,0,1,7,0,7,1,0,0,1,1,0,0,0,0,0,0,0,0,31,0,[],java-maven,31708,21925,691.466,0,0,0,0,0,0.0501393,0.727921,0.0250696,0.757332,1,1,1,0,0,1,0,0
32327,7564718786,198181246,Java CI with Maven,master-loadbalance,6da0da235195c8d19964a899d227303ac812fbb0,.github/workflows/maven.yml,success,1345677,chengyouling,37,3,,,,pull_request,0,0,,1,success,0,,0,0,0,0,0,0,0,0,0,0,0,0,0,0,0,0,0,0,0,0,0,0,0,0,0,0,0,0,1,0,0,0,0,0,0,0,0,0,31,0,[],java-maven,31872,22042,691.579,0,0,0,0,0,0.0389972,0.882049,0.0,1.0,13,0,1,0,0,0,0,0
32328,7442751880,198181246,Java CI with Maven,Hoxton-refresh,9237a84d1f7a6a84057a3585620f339653358345,.github/workflows/maven.yml,success,1345677,chengyouling,17,0,1.0,1.0,,pull_request,20,0,1178.0,1,success,1,03b7f05410fc13b5768884f02ff24e3aacc5659b,1,8,5,0,0,1,13,1,0,0,0,0,0,1,1,0,0,0,2,0,0,0,0,0,0,1,0,0,0,0,0,0,0,0,0,0,0,0,27,0,[],java-maven,11228,6871,611.952,0,0,0,0,0,0.0584958,0.745699,0.0111421,0.917772,12,0,1,0,0,0,0,0
32329,7381967961,198181246,Java CI with Maven,Greenwich-refresh,7b8c7e456f7e66b5fb34a363f0c8da3894bb1a2c,.github/workflows/maven.yml,success,1345677,chengyouling,34,0,,,,pull_request,0,0,,1,success,0,,0,0,0,0,0,0,0,0,0,0,0,0,0,0,0,0,0,0,0,0,0,0,0,0,0,0,0,0,1,0,0,0,0,0,0,0,0,0,27,0,[],java-maven,11166,6365,570.034,0,0,0,0,0,0.0668524,0.671781,0.00557103,0.998534,12,0,1,0,0,0,0,0
32330,7458072703,198181246,Java CI with Maven,2021.0.x,01211f2cb259050088792825028a3620a3f3827f,.github/workflows/maven.yml,success,1345677,liubao68,37,3,1.0,1.0,{'fix'},push,14,0,1187.0,0,success,1,c83392fb04314e7e83fa24eb92a30fcd8f70aa0d,2,6,0,0,1,2,6,1,0,0,0,0,0,2,2,0,0,0,2,0,0,0,2,0,2,1,0,0,1,0,0,0,0,0,0,0,0,0,31,0,[],java-maven,32033,22139,691.131,0,0,0,0,0,0.0529248,0.818461,0.0167131,0.884246,0,1,1,0,0,1,0,0
32331,8717915704,198181246,Java CI with Maven,2022.0.x,f17c0fa9f89bb5967f625316bbd2110c39964df0,.github/workflows/maven.yml,success,1345677,chengyouling,37,2,1.0,1.0,{'fix'},push,32,0,1253.0,1,success,1,abab4be5eaf5859e90757c76747b2b8721100f74,27,793,187,1,1,18,523,3,453,1,1,11,1,19,31,12,1,13,19,3,1,4,128,10,138,1,1,0,1,8,1,361,92,0,0,4,0,0,220,1,[],java-maven,33755,22194,657.503,0,0,0,0,0,0.0334262,0.713527,0.00557103,0.855153,5,0,1,0,0,1,0,0
32332,8867354197,198181246,Java CI with Maven,master-actuator,a08eae38fe37fac7719c07843ddb584cad354260,.github/workflows/maven.yml,success,1345677,chengyouling,37,1,1.0,1.0,,pull_request,20,0,1265.0,1,success,1,36063918ed22d095ca9224cdbb424dccb702edc8,2,13,2,0,1,2,15,1,0,0,0,0,0,2,2,0,0,0,2,2,0,2,4,0,4,1,0,0,1,0,0,0,0,0,0,0,0,0,220,1,[],java-maven,33760,22194,657.405,0,0,0,0,0,0.0334262,0.695822,0.00557103,0.86481,4,0,1,0,0,1,0,0
32333,8780773630,198181246,Java CI with Maven,2021.0.x,4df863f400f137a9091402ef590599d2d9521de3,.github/workflows/maven.yml,success,1345677,chengyouling,37,2,1.0,1.0,{'fix'},push,20,0,1262.0,1,success,1,1a5b6595ef7e57d038685bd0cfea18b16ba1ec67,1,2,1,1,0,0,0,1,0,0,0,0,0,0,0,0,0,0,0,0,0,0,0,0,0,0,0,0,1,0,0,0,0,0,0,0,0,0,220,1,[],java-maven,34146,22409,656.27,0,0,0,0,0,0.0362117,0.723158,0.0194986,0.755259,5,0,1,0,0,1,0,0
32334,8714746745,198181246,Java CI with Maven,2021.0.x,c74f426043819b5680819610826b2790c3e428f7,.github/workflows/maven.yml,success,1345677,chengyouling,37,2,1.0,1.0,{'fix'},push,16,0,1249.0,1,success,1,4d694df26c0baf0c03f850746d57824269df0918,21,2758,604,2,1,46,3311,5,0,1,1,35,3,0,38,0,0,0,0,0,0,0,268,21,289,1,0,0,1,25,3,0,0,1,0,0,0,0,220,1,[],java-maven,33736,22140,656.272,0,0,0,0,0,0.0306407,0.69803,0.00278552,0.887341,4,0,1,0,0,1,0,0
32335,7455539677,198181246,Java CI with Maven,2021.0.x-guava,89ab4e4b12c3e8801f27cfb38b927050f7d3bf88,.github/workflows/maven.yml,success,1345677,chengyouling,37,3,1.0,1.0,,pull_request,14,0,1184.0,1,success,1,9c9f5d578fe124b68bab860eda43de5fe6bdc02e,1,1,1,0,1,1,2,1,0,0,0,0,0,0,0,0,0,0,0,0,0,0,0,0,0,0,0,0,1,0,0,0,0,0,0,0,0,0,31,0,[],java-maven,32029,22139,691.217,0,0,0,0,0,0.0557103,0.781735,0.0139276,0.928633,14,0,1,0,0,0,0,0
32336,7605589683,198181246,Java CI with Maven,master,3a56826f063981dc8b746e608f4bd01b419fb420,.github/workflows/maven.yml,success,1345677,liubao68,37,3,1.0,1.0,{'fix'},push,14,0,1194.0,0,success,1,ba3e304f92603e91c05e7c2c96ea43d78534b1db,83,86,86,0,0,35,76,1,96,0,1,0,0,0,0,0,0,0,0,0,0,0,0,0,0,0,0,0,1,0,0,48,48,0,0,0,0,0,31,0,[],java-maven,31644,21925,692.864,0,0,0,0,0,0.0362117,0.78686,0.0,1.0,0,1,1,0,0,1,0,1
32337,7677658857,198181246,Java CI with Maven,2021.0.x,02c8a6e1dcf0c7b488192d089100e5c794cd3289,.github/workflows/maven.yml,success,1345677,chengyouling,37,4,1.0,1.0,,pull_request,15,0,1217.0,1,success,1,f3c3a60bedd35e7c43c774848f7d5e2d7fe7ad34,1,1,1,0,1,1,2,1,0,0,0,0,0,0,0,0,0,0,0,0,0,0,0,0,0,0,0,0,1,0,0,0,0,0,0,0,0,0,31,0,[],java-maven,32099,22139,689.71,0,0,0,0,0,0.0584958,0.847664,0.0334262,0.771588,14,0,1,0,0,1,0,0
32338,8419240060,198181246,Java CI with Maven,master,fea6e1a539d982f52e106f426efe4fe147b373c1,.github/workflows/maven.yml,success,1345677,liubao68,37,2,1.0,1.0,{'fix'},push,12,0,1239.0,0,success,1,16dac77aa1657120e39bff251ccdfa3fad54a621,1,28,3,0,1,1,31,1,0,0,0,0,0,1,1,1,0,1,3,2,0,2,5,0,5,1,0,0,1,0,0,0,0,0,0,0,0,0,31,0,[],java-maven,31979,21925,685.606,0,0,0,0,0,0.0250696,0.867166,0.0167131,0.791643,0,1,1,0,0,1,0,1
32339,7327796151,198181246,Java CI with Maven,master-order,0e494f658585e9ba599482fbae304ca387663b0c,.github/workflows/maven.yml,success,1345677,chengyouling,37,3,1.0,3.0,{'chore'},pull_request,16,0,1150.0,1,success,3,afa332f081f72f8d264a4a78b81a579879d69c4b,12,52,32,0,1,10,73,2,0,1,1,0,0,10,10,0,0,0,18,5,3,8,9,1,10,1,0,0,1,0,0,0,0,2,0,5,0,0,31,0,[],java-maven,31512,21808,692.054,0,0,0,0,0,0.0752089,0.600363,0.0139276,0.788765,9,0,1,0,0,0,0,0
32340,8076393623,198181246,Java CI with Maven,master-feign,731087888e0e893fa82dc9235888f19575659fda,.github/workflows/maven.yml,success,1345677,chengyouling,37,3,1.0,2.0,"{'chore', 'fix'}",pull_request,22,0,1225.0,1,success,2,b494696db9f4c561217022c8e477c8f69ebd880b,1,8,1,0,0,0,0,1,0,0,0,0,0,0,0,0,0,0,0,0,0,0,0,0,0,0,0,0,1,0,0,0,0,0,1,0,0,0,31,0,[],java-maven,31940,21925,686.443,0,0,0,0,0,0.0194986,0.695125,0.0,1.0,2,0,1,0,0,0,0,0
32341,8430437545,198181246,Java CI with Maven,2021.0.x,4d694df26c0baf0c03f850746d57824269df0918,.github/workflows/maven.yml,success,1345677,liubao68,37,2,1.0,1.0,{'fix'},push,14,0,1243.0,1,failure,1,63fc087624f090d6111b0c85cc21e015b424ba5d,1,28,3,0,1,1,31,1,0,0,0,0,0,1,1,1,0,1,3,2,0,2,5,0,5,1,0,0,1,0,0,0,0,0,0,0,0,0,220,1,[],java-maven,32378,22140,683.798,0,0,0,0,0,0.0278552,0.843036,0.0194986,0.77875,0,1,1,0,0,1,0,0
32342,8042888927,198181246,Java CI with Maven,2022.0.x-feign,561a1f847e4b948d31a484a72acfcb583966e746,.github/workflows/maven.yml,success,1345677,chengyouling,37,2,1.0,1.0,{'fix'},pull_request,22,0,1226.0,1,success,1,2afdf9f9eb0cb936f47b9a7027e3299029bd5c42,0,30,0,0,0,0,0,1,0,0,0,0,0,0,0,0,0,0,0,0,0,0,0,0,0,0,0,0,1,1,0,0,0,0,1,0,0,0,31,0,[],java-maven,31949,21925,686.25,0,0,0,0,0,0.0278552,0.612415,0.0,1.0,3,0,1,0,0,0,0,0
32343,7654205778,198181246,Java CI with Maven,master-homepage,16214a1e49ad41620dfb4f857858a8dbc6b718f3,.github/workflows/maven.yml,success,1345677,chengyouling,37,4,1.0,1.0,,pull_request,14,0,1212.0,1,success,1,e97b297cf0ced889b86fd0c4bb23c610039b5cec,2,6,4,0,0,0,0,1,0,0,1,0,0,0,0,0,0,0,0,0,0,0,0,0,0,0,0,0,1,0,0,0,0,2,0,0,0,0,31,0,[],java-maven,31700,21925,691.64,0,0,0,0,0,0.0557103,0.854762,0.0306407,0.775948,13,0,1,0,0,0,0,0
32344,7552082558,198181246,Java CI with Maven,master-loadbalance,46f2cb90658d3118fbe59e6e675a84f7a3c1bbad,.github/workflows/maven.yml,success,1345677,chengyouling,37,3,,,,pull_request,0,0,,0,failure,0,,0,0,0,0,0,0,0,0,0,0,0,0,0,0,0,0,0,0,0,0,0,0,0,0,0,0,0,0,1,0,0,0,0,0,0,0,0,0,31,0,[],java-maven,31826,22042,692.578,0,0,0,0,0,0.0417827,0.867598,0.0,1.0,14,0,1,0,0,0,0,0
32345,8967769973,198181246,Java CI with Maven,2021.0.x-include,b6eed492a62ef405e542253c5650f45f6f1de843,.github/workflows/maven.yml,success,1345677,chengyouling,37,1,1.0,1.0,{'fix'},pull_request,18,0,1272.0,1,success,1,4df863f400f137a9091402ef590599d2d9521de3,8,361,26,0,0,6,67,1,320,0,0,0,0,8,8,40,3,43,5,2,0,2,1,0,1,1,1,0,1,0,0,306,14,0,0,14,0,0,220,1,[],java-maven,34425,22701,659.434,0,0,0,0,0,0.0222841,0.819746,0.00278552,0.932405,6,0,1,0,0,0,0,0
32346,8731018891,198181246,Java CI with Maven,2021.0.x,9d78769d1d40194550ca4fd8371bd446cc36be3c,.github/workflows/maven.yml,success,1345677,chengyouling,37,2,1.0,1.0,{'fix'},push,32,0,1254.0,1,success,1,c74f426043819b5680819610826b2790c3e428f7,27,824,219,1,1,18,524,3,453,1,1,11,1,19,31,12,1,13,19,3,1,4,128,10,138,1,1,0,1,8,1,361,92,0,0,4,0,0,220,1,[],java-maven,34146,22409,656.27,0,0,0,0,0,0.0334262,0.722208,0.00557103,0.86481,5,0,1,0,0,1,0,0
32347,8076543417,198181246,Java CI with Maven,2021.0.x,64f6a71a27411c9058ed8d3145e8605d956110eb,.github/workflows/maven.yml,success,1345677,liubao68,37,2,1.0,1.0,{'fix'},push,22,0,1227.0,0,success,1,99d6cf8bd2c5dc94ae0b344ba00d8f07ec607a32,1,6,0,0,0,0,0,1,0,0,0,0,0,0,0,0,0,0,0,0,0,0,0,0,0,0,0,0,1,0,0,0,0,0,1,0,0,0,31,0,[],java-maven,32339,22140,684.622,0,0,0,0,0,0.0194986,0.843215,0.0,1.0,0,1,1,0,0,1,0,0
32348,7392477058,198181246,Java CI with Maven,master-up,d65f1fac4907c97edf8ae047c0af5a2f828737a0,.github/workflows/maven.yml,success,1345677,chengyouling,37,3,0.0,2.0,{'chore'},pull_request,12,0,1168.0,1,success,2,e72589895dcafaad5faf4ed3670ce2b02e131d5e,2,18,14,0,0,0,0,1,0,0,1,0,0,0,0,0,0,0,0,0,0,0,0,0,0,0,0,0,1,0,0,0,0,2,0,0,0,0,31,0,[],java-maven,31528,21808,691.703,0,0,0,0,0,0.0612813,0.707479,0.00835655,0.902772,11,0,1,0,0,1,0,0
32349,8872414579,198181246,Java CI with Maven,master-home,dddc8237c7a14a60df26a0b80e1a93bc7cd0b838,.github/workflows/maven.yml,success,1345677,chengyouling,37,1,1.0,1.0,,pull_request,14,0,1268.0,1,success,1,36063918ed22d095ca9224cdbb424dccb702edc8,2,12,6,0,1,0,0,1,0,0,1,0,0,0,0,0,0,0,0,0,0,0,0,0,0,0,0,0,1,0,0,0,0,2,0,0,0,0,220,1,[],java-maven,33755,22194,657.503,0,0,0,0,0,0.0334262,0.717043,0.00278552,0.932405,4,0,1,0,0,1,0,0
32350,7722321683,198181246,Java CI with Maven,master-weighted,083ec0b8ff74eb0bcfe782e7c2b791321126035e,.github/workflows/maven.yml,success,1345677,chengyouling,37,4,1.0,7.0,"{'feat', 'fix'}",pull_request,8,0,1204.0,1,success,7,e26a5d2075c26ef7e234d4ab1903d001d454b0ed,15,387,51,0,1,15,410,1,28,0,1,4,0,14,18,4,0,4,45,2,0,2,53,6,59,1,1,0,1,3,0,14,14,0,0,11,0,0,31,0,[],java-maven,31866,21925,688.037,0,0,0,0,0,0.0584958,0.817795,0.0194986,0.827917,13,0,1,0,0,0,0,0
32351,9061005775,198181246,Java CI with Maven,master-zk,3e25d12029463545d3f920053b16d9f233811b79,.github/workflows/maven.yml,success,1345677,chengyouling,37,1,,,,pull_request,0,0,,1,failure,0,,0,0,0,0,0,0,0,0,0,0,0,0,0,0,0,0,0,0,0,0,0,0,0,0,0,0,0,0,1,0,0,0,0,0,0,0,0,0,220,1,[],java-maven,36246,23804,656.735,0,0,0,0,0,0.0278552,0.793076,0.00557103,0.81565,6,0,1,0,0,0,0,0
32352,8151601245,198181246,Java CI with Maven,2022.0.x,262fc566165f4137518b8161932b278e5fb3f6c6,.github/workflows/maven.yml,success,1345677,liubao68,37,2,1.0,1.0,{'fix'},push,24,0,1230.0,1,success,1,bc1054292f9fc899b234908c421fed6f076254c4,1,3,3,0,0,1,6,1,0,0,0,0,0,0,0,0,0,0,0,0,0,0,0,0,0,0,0,0,1,0,0,0,0,0,0,0,0,0,31,0,[],java-maven,31948,21925,686.271,0,0,0,0,0,0.00557103,0.997214,0.0,1.0,0,1,1,0,0,1,0,0
32353,7693931657,198181246,Java CI with Maven,2022.0.x,623b04f872856e32a0425ad78c9ece718f6cef75,.github/workflows/maven.yml,success,1345677,liubao68,37,3,1.0,1.0,{'fix'},push,15,0,1216.0,1,failure,1,c700585accf021db2311f12bc0561e4681c23448,1,1,1,0,1,1,2,1,0,0,0,0,0,0,0,0,0,0,0,0,0,0,0,0,0,0,0,0,1,0,0,0,0,0,0,0,0,0,31,0,[],java-maven,31708,21925,691.466,0,0,0,0,0,0.0612813,0.69234,0.0250696,0.730245,1,1,1,0,0,1,0,0
32354,7636881205,198181246,Java CI with Maven,master-weighted,eca5ac2b6af2358b5f1a5de7ef8e5429d8906594,.github/workflows/maven.yml,success,1345677,chengyouling,37,3,1.0,2.0,{'fix'},pull_request,8,0,1204.0,1,success,2,e26a5d2075c26ef7e234d4ab1903d001d454b0ed,4,297,18,0,1,7,315,1,0,0,1,3,0,4,7,3,0,3,20,2,0,2,34,0,34,1,0,0,1,3,0,0,0,0,0,0,0,0,31,0,[],java-maven,31814,21925,689.162,0,0,0,0,0,0.0473538,0.850241,0.0222841,0.777764,12,0,1,0,0,1,0,0
32355,7442917066,198181246,Java CI with Maven,master,1f92338954d2ee61f8d64f5e16a249370eeb0f27,.github/workflows/maven.yml,success,1345677,liubao68,37,3,1.0,1.0,{'fix'},push,16,0,1175.0,1,success,1,5f6a55646dd0e0c9208c58f33191a8b035fccb11,6,136,8,0,0,1,21,3,123,1,1,0,0,4,4,9,0,9,7,1,0,1,6,0,6,1,1,0,1,0,0,120,3,0,0,0,0,0,31,0,[],java-maven,31640,21925,692.952,0,0,0,0,0,0.0584958,0.828301,0.0111421,0.853164,0,1,1,0,0,1,0,1
32356,7605804862,198181246,Java CI with Maven,master-boot322,52f3df01248f2bd4a2e606c576a5eec8caf3a4b0,.github/workflows/maven.yml,success,1345677,chengyouling,37,3,1.0,1.0,,pull_request,22,0,1197.0,0,success,1,3a56826f063981dc8b746e608f4bd01b419fb420,3,2,14,0,0,3,16,2,0,1,1,0,0,2,2,0,1,1,1,0,0,0,0,0,0,1,0,0,1,0,0,0,0,0,0,0,0,0,31,0,[],java-maven,31634,21925,693.083,0,0,0,0,0,0.0362117,0.889624,0.0,1.0,13,0,1,0,0,0,0,0
32357,7327739789,198181246,Java CI with Maven,master-InvocationContextWebFilter,5fc100d8ec42e560f585ad1bfb490bbbdc8fb4a0,.github/workflows/maven.yml,success,1345677,chengyouling,37,3,1.0,2.0,{'chore'},pull_request,14,0,1151.0,1,success,2,afa332f081f72f8d264a4a78b81a579879d69c4b,4,23,10,0,1,2,22,2,0,1,1,0,0,2,2,0,0,0,6,2,0,2,2,0,2,1,0,0,1,0,0,0,0,2,0,0,0,0,31,0,[],java-maven,31505,21808,692.208,0,0,0,0,0,0.0752089,0.594215,0.0139276,0.779581,9,0,1,0,0,0,0,0
32358,7328080482,198181246,Java CI with Maven,master,f778f0f379b4d08d73918b9a31c0e1ef9c232170,.github/workflows/maven.yml,success,1345677,liubao68,37,3,1.0,1.0,{'fix'},push,14,0,1151.0,0,success,1,afa332f081f72f8d264a4a78b81a579879d69c4b,2,17,5,0,0,2,22,1,0,0,0,0,0,2,2,0,0,0,6,2,0,2,2,0,2,1,0,0,1,0,0,0,0,0,0,0,0,0,31,0,[],java-maven,31504,21808,692.23,0,0,0,0,0,0.0752089,0.874905,0.0139276,0.988394,0,1,1,0,0,1,0,1
32359,7608850091,198181246,Java CI with Maven,2021.0.x,ad9494ea36b29ef5452575abe3d0092c381c0e25,.github/workflows/maven.yml,success,1345677,liubao68,37,3,1.0,1.0,{'fix'},push,22,0,1199.0,1,failure,1,1ca39230e342d689c114fa29d541bb2fc39d10e4,1,2,2,0,1,1,4,1,0,0,0,0,0,0,0,0,0,0,0,0,0,0,0,0,0,0,0,0,1,0,0,0,0,0,0,0,0,0,31,0,[],java-maven,32033,22139,691.131,0,0,0,0,0,0.0417827,0.743471,0.0111421,0.771588,0,1,1,0,0,1,0,0
32360,7385602540,198181246,Java CI with Maven,master-snakeyaml,8f1e2da1d4b24c8271f1962b4256be488c797b86,.github/workflows/maven.yml,success,1345677,chengyouling,37,3,1.0,1.0,,pull_request,12,0,1170.0,1,success,1,e72589895dcafaad5faf4ed3670ce2b02e131d5e,1,1,1,0,0,1,2,1,0,0,0,0,0,0,0,0,0,0,0,0,0,0,0,0,0,0,0,0,1,0,0,0,0,0,0,0,0,0,31,0,[],java-maven,31524,21808,691.79,0,0,0,0,0,0.0584958,0.718577,0.00557103,0.998452,11,0,1,0,0,0,0,0
32361,9590129673,198181246,Java CI with Maven,2022.0.x-cc,92b034a4a6843c36f58d1ef6ccc19408db9fef90,.github/workflows/maven.yml,success,1345677,chengyouling,37,0,1.0,1.0,{'ci'},pull_request,16,0,1283.0,1,success,1,57e60be644055de833bb153f54cb8e5434afe9be,1,39,6,0,1,1,45,1,0,0,0,0,0,1,1,2,0,2,12,0,0,0,0,0,0,1,0,0,1,0,0,0,0,0,0,0,0,0,220,1,[],java-maven,31860,21925,688.167,0,0,0,0,0,0.00557103,0.831012,0.00557103,0.81565,0,0,1,0,0,0,0,0
32362,8717261729,198181246,Java CI with Maven,master,dd1bdc2a10a258e148398fec4d8dad9408926f8e,.github/workflows/maven.yml,success,1345677,chengyouling,37,2,1.0,1.0,{'fix'},push,30,0,1251.0,1,success,1,7f19a0cb185f778a4d9e4f8a04cda75ad0fa6528,27,793,187,1,1,18,523,3,453,1,1,11,1,19,31,12,1,13,19,3,1,4,128,10,138,1,1,0,1,8,1,361,92,0,0,4,0,0,220,1,[],java-maven,33747,22194,657.658,0,0,0,0,0,0.0306407,0.708814,0.00278552,0.898607,5,0,1,0,0,1,0,1
32363,7610159770,198181246,Java CI with Maven,2022.0.x-license,3e5d10d5c199c509bd1d7bfa3660908b03dc1d5d,.github/workflows/maven.yml,success,1345677,chengyouling,37,3,1.0,3.0,{'docs'},pull_request,12,0,1201.0,1,success,3,4cf8d57c20d2b033903deb475ccdef80c53cb8d7,610,612,612,17,1,285,570,9,606,1,1,0,0,439,439,0,0,0,792,0,0,0,0,0,0,1,1,0,1,0,0,303,303,0,5,0,0,0,31,0,[],java-maven,31644,21925,692.864,0,0,0,0,0,0.0445682,0.879619,0.0139276,0.829465,15,0,1,0,0,0,0,0
32364,7442805596,198181246,Java CI with Maven,Hoxton,a0b3398609ddc207af427bcfcd04ba4564159e56,.github/workflows/maven.yml,success,1345677,liubao68,37,3,0.0,0.0,,push,20,0,1178.0,1,success,1,03b7f05410fc13b5768884f02ff24e3aacc5659b,1,8,5,0,0,1,13,1,0,0,0,0,0,1,1,0,0,0,2,0,0,0,0,0,0,1,0,0,0,0,0,0,0,0,0,0,0,0,27,0,[],java-maven,11228,6871,611.952,0,0,0,0,0,0.0584958,0.821147,0.0111421,0.841868,0,1,1,0,0,0,0,0
32365,7383349821,198181246,Java CI with Maven,2021.0.x,a0de1e12aa332b37296ae5bc6c89f0c0933a381a,.github/workflows/maven.yml,success,1345677,liubao68,37,3,1.0,1.0,{'fix'},push,18,0,1163.0,0,success,1,f707b254e873d52eb74a72f117de91cf89822f00,1,7,5,0,0,1,12,1,0,0,0,0,0,1,1,0,0,0,2,0,0,0,0,0,0,1,0,0,1,0,0,0,0,0,0,0,0,0,31,0,[],java-maven,31907,22017,690.037,0,0,0,0,0,0.0612813,0.825979,0.00557103,0.855153,0,1,1,0,0,1,0,0
32366,8151603019,198181246,Java CI with Maven,master,aaa8878cd70f3ff43d76be39148e0bf1d0b7732c,.github/workflows/maven.yml,success,1345677,liubao68,37,2,1.0,1.0,{'fix'},push,12,0,1229.0,1,success,1,300cbd1d38d0cdb58581ade13a447883e233c61d,1,1,1,0,0,1,2,1,0,0,0,0,0,0,0,0,0,0,0,0,0,0,0,0,0,0,0,0,1,0,0,0,0,0,0,0,0,0,31,0,[],java-maven,31940,21925,686.443,0,0,0,0,0,0.00557103,0.997468,0.0,1.0,0,1,1,0,0,1,0,1
32367,7610254270,198181246,Java CI with Maven,2021.0.x-license,4cb5386ce04b58968e0634bf89492188f30ccf62,.github/workflows/maven.yml,success,1345677,chengyouling,37,3,1.0,1.0,{'docs'},pull_request,12,0,1202.0,1,success,1,ad9494ea36b29ef5452575abe3d0092c381c0e25,246,248,248,3,1,42,84,8,402,1,1,0,0,159,159,0,0,0,223,0,0,0,0,0,0,1,1,0,1,0,0,201,201,0,0,0,0,0,31,0,[],java-maven,32033,22139,691.131,0,0,0,0,0,0.0445682,0.881593,0.0139276,0.83844,15,0,1,0,0,1,0,0
32368,7446228199,198181246,Java CI with Maven,master,366c6aa54cfa6fba8045b668e56894bdb90e81ed,.github/workflows/maven.yml,success,1345677,chengyouling,37,3,1.0,1.0,{'fix'},push,8,0,1180.0,1,success,1,1f92338954d2ee61f8d64f5e16a249370eeb0f27,2,4,4,0,0,0,0,1,0,0,1,0,0,0,0,0,0,0,0,0,0,0,0,0,0,0,0,0,1,0,0,0,0,2,0,0,0,0,31,0,[],java-maven,31640,21925,692.952,0,0,0,0,0,0.0584958,0.752965,0.0111421,0.923863,14,0,1,0,0,1,0,1
32369,7795790092,198181246,Java CI with Maven,master,b494696db9f4c561217022c8e477c8f69ebd880b,.github/workflows/maven.yml,success,1345677,chengyouling,37,4,1.0,1.0,{'fix'},push,12,0,1223.0,1,success,1,1cc7e35a1f8c88f2792c7fed4f99fbab1202202c,2,2,2,0,0,0,0,1,0,0,1,0,0,0,0,0,0,0,0,0,0,0,0,0,0,0,0,0,1,0,0,0,0,2,0,0,0,0,31,0,[],java-maven,31932,21925,686.615,0,0,0,0,0,0.0612813,0.738162,0.0139276,0.728691,9,0,1,0,0,1,0,1
32370,8587850464,198181246,Java CI with Maven,master-nacos,bc4b6dc50433b062163700561a5e07d2b0af5313,.github/workflows/maven.yml,failure,1345677,chengyouling,37,2,1.0,4.0,"{'chore', 'docs'}",pull_request,16,0,1247.0,1,failure,4,fea6e1a539d982f52e106f426efe4fe147b373c1,21,2720,571,2,1,46,3283,5,0,1,1,34,3,0,37,0,0,0,0,0,0,0,253,21,274,1,0,0,1,25,3,0,0,1,0,0,0,0,220,1,[],java-maven,33335,21925,657.717,0,0,0,0,0,0.0389972,0.569424,0.0111421,0.549366,3,0,1,0,0,0,0,0
32371,8274753880,198181246,Java CI with Maven,master-locator,19fd5e0a7b2eadda7dee741dfc05ceeec8f71d3f,.github/workflows/maven.yml,failure,1345677,chengyouling,37,2,1.0,1.0,{'fix'},pull_request,14,0,1235.0,0,success,1,aaa8878cd70f3ff43d76be39148e0bf1d0b7732c,2,33,2,0,0,3,35,2,0,1,1,1,0,1,2,0,0,0,1,0,0,0,5,0,5,1,0,0,1,1,0,0,0,0,0,0,0,0,31,0,[],java-maven,31951,21925,686.207,0,0,0,0,0,0.00835655,0.821072,0.00278552,0.831012,2,0,1,0,0,0,0,0
32372,8585869584,198181246,Java CI with Maven,master-nacos,f00ed48ebbe6b155ef895107668d17f23e2480fa,.github/workflows/maven.yml,failure,1345677,chengyouling,37,2,1.0,1.0,,pull_request,16,0,1247.0,0,success,1,fea6e1a539d982f52e106f426efe4fe147b373c1,22,2692,570,2,1,46,3252,6,2,1,1,34,3,0,37,0,0,0,0,0,0,0,254,21,275,1,0,0,1,25,3,2,0,1,0,0,0,0,220,1,[],java-maven,33337,21927,657.738,0,0,0,0,0,0.0306407,0.645513,0.00278552,0.831012,3,0,1,0,0,0,0,0
32373,7738953641,198181246,Java CI with Maven,2021.0.x,5952ae0b42bd3e0a3e4917b9fbbec75361dac3aa,.github/workflows/maven.yml,failure,1345677,chengyouling,37,4,1.0,2.0,{'fix'},pull_request,10,0,1220.0,1,failure,2,5a101e2263b9de8d1bc9101c64707b6162c03bca,16,387,52,0,1,15,410,1,29,0,1,4,0,15,19,4,0,4,46,2,0,2,53,6,59,1,1,0,1,3,0,14,15,0,0,11,0,0,31,0,[],java-maven,32331,22138,684.73,0,0,0,0,0,0.0668524,0.790106,0.0194986,0.716806,13,0,1,0,0,1,0,0
32374,7624602001,198181246,Java CI with Maven,2022.0.x,a3fb6b8c20123ae3457e4115e3343108c5fc6229,.github/workflows/maven.yml,failure,1345677,liubao68,37,3,1.0,1.0,{'fix'},push,12,0,1201.0,1,success,1,4cf8d57c20d2b033903deb475ccdef80c53cb8d7,610,612,612,17,1,285,570,9,606,1,1,0,0,439,439,0,0,0,792,0,0,0,0,0,0,1,1,0,1,0,0,303,303,0,5,0,0,0,31,0,[],java-maven,31644,21925,692.864,0,0,0,0,0,0.0473538,0.72833,0.0194986,0.741876,0,1,1,0,0,1,0,0
32375,7693930217,198181246,Java CI with Maven,2021.0.x,5a101e2263b9de8d1bc9101c64707b6162c03bca,.github/workflows/maven.yml,failure,1345677,liubao68,37,4,1.0,1.0,{'fix'},push,15,0,1217.0,1,success,1,f3c3a60bedd35e7c43c774848f7d5e2d7fe7ad34,1,1,1,0,1,1,2,1,0,0,0,0,0,0,0,0,0,0,0,0,0,0,0,0,0,0,0,0,1,0,0,0,0,0,0,0,0,0,31,0,[],java-maven,32099,22139,689.71,0,0,0,0,0,0.0612813,0.684451,0.0250696,0.715258,1,1,1,0,0,1,0,0
32376,7649697098,198181246,Java CI with Maven,2021.0.x,f7320d69513cacbbb5f566a16ba9e8e991cb75da,.github/workflows/maven.yml,failure,1345677,liubao68,37,3,1.0,1.0,{'fix'},pull_request,12,0,1210.0,1,success,1,73f2a160aaeaaf7c2bb8326ab29c3370804f208d,2,106,5,0,1,3,111,1,0,0,0,1,0,2,3,2,0,2,5,1,0,1,7,0,7,1,0,0,1,1,0,0,0,0,0,0,0,0,31,0,[],java-maven,32097,22139,689.753,0,0,0,0,0,0.0529248,0.706725,0.0278552,0.714485,1,1,1,0,0,1,0,0
32377,8416254889,198181246,Java CI with Maven,2022.0.x,3e799add23daf3a1bbc8aa42707e12c4c92d4dfb,.github/workflows/maven.yml,failure,1345677,liubao68,37,2,1.0,1.0,{'fix'},push,14,0,1236.0,1,failure,1,262fc566165f4137518b8161932b278e5fb3f6c6,1,32,2,0,1,2,34,1,0,0,0,1,0,1,2,0,0,0,1,0,0,0,5,1,6,1,0,0,1,1,0,0,0,0,0,0,0,0,31,0,[],java-maven,31958,21925,686.057,0,0,0,0,0,0.0250696,0.848189,0.0167131,0.739554,0,1,1,0,0,1,0,0
32378,7329690353,198181246,Java CI with Maven,2021.0.x,ae49056e9b702081b2a88cd5d51bc2b19dafb43c,.github/workflows/maven.yml,failure,1345677,liubao68,37,3,1.0,1.0,{'fix'},push,16,0,1153.0,1,success,1,fdc3b4a2582297c9f0b84d2d1a2f137cb9ce1341,10,46,27,0,1,10,73,1,0,0,1,0,0,10,10,0,0,0,18,5,3,8,9,1,10,1,0,0,1,0,0,0,0,0,0,5,0,0,31,0,[],java-maven,31904,22017,690.102,0,0,0,0,0,0.0724234,0.831277,0.0167131,0.879604,0,1,1,0,0,1,0,0
32379,7469251848,198181246,Java CI with Maven,2021.0.x,1ca39230e342d689c114fa29d541bb2fc39d10e4,.github/workflows/maven.yml,failure,1345677,liubao68,37,3,1.0,1.0,{'fix'},push,14,0,1190.0,1,failure,1,01211f2cb259050088792825028a3620a3f3827f,3,35,36,3,0,2,4,3,0,2,1,2,0,0,2,0,0,0,0,0,0,0,42,0,42,1,0,0,1,1,1,0,0,0,0,0,0,0,31,0,[],java-maven,32033,22139,691.131,0,0,0,0,0,0.0584958,0.764759,0.0167131,0.785075,0,1,1,0,0,1,0,0
32380,7610285839,198181246,Java CI with Maven,2021.0.x-license,34665ade9e83a4ab93a832a0ed5dbb910ee49dcf,.github/workflows/maven.yml,failure,1345677,chengyouling,37,3,1.0,2.0,{'docs'},pull_request,12,0,1202.0,1,success,2,ad9494ea36b29ef5452575abe3d0092c381c0e25,484,486,486,8,1,197,394,9,548,1,1,0,0,339,339,0,0,0,605,0,0,0,0,0,0,1,1,0,1,0,0,274,274,0,5,0,0,0,31,0,[],java-maven,32033,22139,691.131,0,0,0,0,0,0.0473538,0.867149,0.0167131,0.795822,15,0,1,0,0,1,0,0
32381,7654506242,198181246,Java CI with Maven,master,ce84bb98a920a504b4b09f884fe95ab935069311,.github/workflows/maven.yml,failure,1345677,chengyouling,37,4,1.0,1.0,{'fix'},push,14,0,1212.0,1,success,1,e97b297cf0ced889b86fd0c4bb23c610039b5cec,2,6,4,0,0,0,0,1,0,0,1,0,0,0,0,0,0,0,0,0,0,0,0,0,0,0,0,0,1,0,0,0,0,2,0,0,0,0,31,0,[],java-maven,31700,21925,691.64,0,0,0,0,0,0.0584958,0.839785,0.0334262,0.743036,14,0,1,0,0,1,0,1
32382,7739344735,198181246,Java CI with Maven,2021.0.x,3716270ebeb59ae504bed1576fd4543927629d31,.github/workflows/maven.yml,failure,1345677,chengyouling,37,4,1.0,3.0,{'fix'},pull_request,10,0,1220.0,1,failure,3,5a101e2263b9de8d1bc9101c64707b6162c03bca,16,393,52,0,1,15,410,1,35,0,1,4,0,15,19,4,0,4,46,3,0,3,55,6,61,1,1,0,1,3,0,20,15,0,0,12,0,0,31,0,[],java-maven,32337,22144,684.788,0,0,0,0,0,0.0696379,0.775487,0.0222841,0.678346,13,0,1,0,0,1,0,0
32383,7320294493,198181246,Java CI with Maven,2021.0.x-isolationOrder,7d940be664b1a6ed675f245ff9e137ed7ae314f7,.github/workflows/maven.yml,failure,1345677,chengyouling,37,3,,,,pull_request,0,0,,1,success,0,,0,0,0,0,0,0,0,0,0,0,0,0,0,0,0,0,0,0,0,0,0,0,0,0,0,0,0,0,1,0,0,0,0,0,0,0,0,0,31,0,[],java-maven,31877,22017,690.686,0,0,0,0,0,0.0724234,0.587083,0.00835655,0.809889,10,0,1,0,0,1,0,0
32384,7945979014,198181246,Java CI with Maven,2021.0.x,99d6cf8bd2c5dc94ae0b344ba00d8f07ec607a32,.github/workflows/maven.yml,failure,1345677,chengyouling,37,4,1.0,1.0,{'fix'},push,10,0,1220.0,1,failure,1,5a101e2263b9de8d1bc9101c64707b6162c03bca,16,391,54,0,1,15,410,1,35,0,1,4,0,15,19,4,0,4,46,2,0,2,53,6,59,1,1,0,1,3,0,18,17,0,0,13,0,0,31,0,[],java-maven,32333,22140,684.749,0,0,0,0,0,0.0612813,0.651063,0.00557103,0.710306,8,0,1,0,0,1,0,0
32385,7650910613,198181246,Java CI with Maven,2021.0.x,f3c3a60bedd35e7c43c774848f7d5e2d7fe7ad34,.github/workflows/maven.yml,failure,1345677,liubao68,37,3,1.0,1.0,{'fix'},push,12,0,1210.0,1,success,1,73f2a160aaeaaf7c2bb8326ab29c3370804f208d,2,108,5,0,1,3,113,1,0,0,0,1,0,2,3,2,0,2,5,1,0,1,8,0,8,1,0,0,1,1,0,0,0,0,0,0,0,0,31,0,[],java-maven,32099,22139,689.71,0,0,0,0,0,0.0557103,0.703196,0.0306407,0.70699,1,1,1,0,0,1,0,0
32386,8968105818,198181246,Java CI with Maven,2021.0.x,11f75904d757aa5b0165046706068cb2b9436653,.github/workflows/maven.yml,failure,1345677,chengyouling,37,1,1.0,1.0,{'fix'},push,18,0,1272.0,1,failure,1,c0c8c39ec34902bb86f9c711277e011cf078894a,8,361,26,0,0,6,67,1,320,0,0,0,0,8,8,40,3,43,5,2,0,2,1,0,1,1,1,0,1,0,0,306,14,0,0,14,0,0,220,1,[],java-maven,34457,22701,658.821,0,0,0,0,0,0.0278552,0.793076,0.00835655,0.839906,6,0,1,0,0,1,0,0
32387,8717846175,198181246,Java CI with Maven,2021.0.x-auth,a913a45680eda10465dcf1b6cf02377642359614,.github/workflows/maven.yml,failure,1345677,chengyouling,37,2,1.0,1.0,{'fix'},pull_request,32,0,1254.0,1,success,1,c74f426043819b5680819610826b2790c3e428f7,27,821,175,1,1,17,477,3,453,1,1,11,0,19,30,12,1,13,19,3,1,4,125,5,130,1,1,0,1,8,0,361,92,0,0,4,0,0,220,1,[],java-maven,34163,22409,655.944,0,0,0,0,0,0.0334262,0.694429,0.00557103,0.831012,5,0,1,0,0,0,0,0
32388,7740165092,198181246,Java CI with Maven,2021.0.x,7ce37558505b008d3ec408e1055c6d3d32b4acff,.github/workflows/maven.yml,failure,1345677,chengyouling,37,4,1.0,4.0,"{'feat', 'fix'}",pull_request,10,0,1220.0,1,failure,4,5a101e2263b9de8d1bc9101c64707b6162c03bca,17,405,53,0,1,15,410,2,48,0,1,4,0,15,19,4,0,4,46,3,0,3,55,6,61,1,1,0,1,3,0,32,16,0,0,12,0,0,31,0,[],java-maven,32348,22155,684.896,0,0,0,0,0,0.0724234,0.761391,0.0250696,0.643733,13,0,1,0,0,1,0,0
32389,8586951240,198181246,Java CI with Maven,master-nacos,797ac24937a1d1962b7ac0bee5b2193239f03293,.github/workflows/maven.yml,failure,1345677,chengyouling,37,2,1.0,3.0,"{'chore', 'docs'}",pull_request,16,0,1247.0,1,failure,3,fea6e1a539d982f52e106f426efe4fe147b373c1,21,2719,570,2,1,46,3281,5,0,1,1,34,3,0,37,0,0,0,0,0,0,0,253,21,274,1,0,0,1,25,3,0,0,1,0,0,0,0,220,1,[],java-maven,33335,21925,657.717,0,0,0,0,0,0.0362117,0.592758,0.00835655,0.619777,3,0,1,0,0,1,0,0
32390,8780766080,198181246,Java CI with Maven,master,36063918ed22d095ca9224cdbb424dccb702edc8,.github/workflows/maven.yml,failure,1345677,chengyouling,37,2,1.0,1.0,{'fix'},push,20,0,1260.0,1,success,1,b940de6bc4a70c10ad3c62ad4064eb629f0570d0,1,2,1,1,0,0,0,1,0,0,0,0,0,0,0,0,0,0,0,0,0,0,0,0,0,0,0,0,1,0,0,0,0,0,0,0,0,0,220,1,[],java-maven,33751,22194,657.581,0,0,0,0,0,0.0362117,0.709975,0.0194986,0.73713,5,0,1,0,0,1,0,1
32391,8595492887,198181246,Java CI with Maven,2022.0.x-nacos,21294de009de894a16df41d1422431e4fd5cb31a,.github/workflows/maven.yml,failure,1345677,chengyouling,37,2,1.0,1.0,{'fix'},pull_request,18,0,1248.0,1,success,1,28c4149bc3b1b0f9670028b4a080f78d675abc76,21,2739,586,2,1,46,3311,5,0,1,1,34,3,0,37,0,0,0,0,0,0,0,252,21,273,1,0,0,1,25,3,0,0,1,0,0,0,0,220,1,[],java-maven,33345,21925,657.52,0,0,0,0,0,0.0417827,0.579003,0.0139276,0.57753,4,0,1,0,0,0,0,0
32392,8416251186,198181246,Java CI with Maven,2021.0.x,21afaae16e65b47ee1e750b4a3aea2196c4b9112,.github/workflows/maven.yml,failure,1345677,liubao68,37,2,1.0,1.0,{'fix'},push,14,0,1237.0,1,success,1,a93b3ccf3a4c5a271ddf2b5d45b549cbbf553d7f,1,32,2,0,1,2,34,1,0,0,0,1,0,1,2,0,0,0,1,0,0,0,5,1,6,1,0,0,1,1,0,0,0,0,0,0,0,0,31,0,[],java-maven,32349,22140,684.411,0,0,0,0,0,0.0222841,0.914506,0.0139276,0.847195,0,1,1,0,0,1,0,0
32393,8968095907,198181246,Java CI with Maven,2021.0.x,c0c8c39ec34902bb86f9c711277e011cf078894a,.github/workflows/maven.yml,failure,1345677,chengyouling,37,1,1.0,1.0,{'fix'},push,22,0,1271.0,1,success,1,4df863f400f137a9091402ef590599d2d9521de3,5,58,23,1,1,4,80,2,0,1,0,0,0,4,4,6,0,6,6,2,2,4,2,3,5,1,0,0,1,0,0,0,0,0,0,3,0,0,220,1,[],java-maven,34178,22409,655.656,0,0,0,0,0,0.0250696,0.809889,0.00557103,0.887341,6,0,1,0,0,1,0,0
32394,8776863740,198181246,Java CI with Maven,2021.0.x,1a5b6595ef7e57d038685bd0cfea18b16ba1ec67,.github/workflows/maven.yml,failure,1345677,chengyouling,37,2,1.0,1.0,{'fix'},push,8,0,1258.0,1,success,1,9d78769d1d40194550ca4fd8371bd446cc36be3c,1,1,1,0,1,1,2,1,0,0,0,0,0,0,0,0,0,0,0,0,0,0,0,0,0,0,0,0,1,0,0,0,0,0,0,0,0,0,220,1,[],java-maven,34146,22409,656.27,0,0,0,0,0,0.0389972,0.697433,0.0167131,0.723474,6,0,1,0,0,1,0,0
32395,8274913944,198181246,Java CI with Maven,2022.0.x-locator,46678297bb48430fc1a6238f3a01a4fb9bd68703,.github/workflows/maven.yml,failure,1345677,chengyouling,37,2,1.0,1.0,{'fix'},pull_request,14,0,1236.0,1,failure,1,262fc566165f4137518b8161932b278e5fb3f6c6,2,35,4,0,0,3,39,2,0,1,1,1,0,1,2,0,0,0,1,0,0,0,5,0,5,1,0,0,1,1,0,0,0,0,0,0,0,0,31,0,[],java-maven,31959,21925,686.035,0,0,0,0,0,0.0139276,0.733177,0.00835655,0.619777,2,0,1,0,0,0,0,0
32396,7648642690,198181246,Java CI with Maven,master,aa9101ae78520a71c273e503e9dd7b85cffc2115,.github/workflows/maven.yml,failure,1345677,liubao68,37,3,1.0,1.0,,pull_request,10,0,1208.0,0,success,1,e26a5d2075c26ef7e234d4ab1903d001d454b0ed,2,106,5,0,1,3,111,1,0,0,0,1,0,2,3,2,0,2,5,1,0,1,7,0,7,1,0,0,1,1,0,0,0,0,0,0,0,0,31,0,[],java-maven,31698,21925,691.684,0,0,0,0,0,0.0501393,0.691643,0.0250696,0.682666,0,1,1,0,0,1,0,1
32397,8430434944,198181246,Java CI with Maven,2021.0.x,63fc087624f090d6111b0c85cc21e015b424ba5d,.github/workflows/maven.yml,failure,1345677,liubao68,37,2,1.0,1.0,{'fix'},push,14,0,1244.0,1,success,1,21afaae16e65b47ee1e750b4a3aea2196c4b9112,1,6,0,0,0,1,6,1,0,0,0,0,0,0,0,0,0,0,0,0,0,0,0,0,0,0,0,0,1,0,0,0,0,0,0,0,0,0,220,1,[],java-maven,32355,22140,684.284,0,0,0,0,0,0.0278552,0.834775,0.0194986,0.761731,0,1,1,0,0,1,0,0
32398,7392360328,198181246,Java CI with Maven,2021.0.x-snakeyaml,76f6e395471a74ec415e6460d55579d4f5845c4f,.github/workflows/maven.yml,failure,1345677,chengyouling,37,3,1.0,2.0,{'chore'},pull_request,12,0,1171.0,1,failure,2,a0de1e12aa332b37296ae5bc6c89f0c0933a381a,2,6,8,0,1,2,14,2,0,1,1,0,0,1,1,0,0,0,2,0,0,0,0,0,0,1,0,0,1,0,0,0,0,0,0,0,0,0,31,0,[],java-maven,31904,22017,690.102,0,0,0,0,0,0.0612813,0.698337,0.00835655,0.897911,11,0,1,0,0,0,0,0
32399,7457491792,198181246,Java CI with Maven,2021.0.x-web,01586f4581a7277683e52ede4121cba2762daa45,.github/workflows/maven.yml,failure,1345677,chengyouling,37,3,1.0,1.0,,pull_request,14,0,1187.0,1,success,1,9c9f5d578fe124b68bab860eda43de5fe6bdc02e,2,6,0,0,1,2,6,1,0,0,0,0,0,2,2,0,0,0,2,0,0,0,2,0,2,1,0,0,1,0,0,0,0,0,0,0,0,0,31,0,[],java-maven,32033,22139,691.131,0,0,0,0,0,0.0501393,0.805137,0.0139276,0.872098,14,0,1,0,0,1,0,0
32400,7738049089,198181246,Java CI with Maven,2021.0.x,9b001e66415c8eb37f91a11cfa4fe8901226c301,.github/workflows/maven.yml,failure,1345677,chengyouling,37,4,1.0,1.0,{'fix'},pull_request,10,0,1220.0,1,success,1,5a101e2263b9de8d1bc9101c64707b6162c03bca,15,387,51,0,1,15,410,1,28,0,1,4,0,14,18,4,0,4,45,2,0,2,53,6,59,1,1,0,1,3,0,14,14,0,0,11,0,0,31,0,[],java-maven,32331,22139,684.761,0,0,0,0,0,0.0640668,0.805277,0.0167131,0.75979,14,0,1,0,0,1,0,0
32401,7320594128,198181246,Java CI with Maven,2021.0.x-isolationOrder,624615614064464fe058dd7ea0f6df20733ba03e,.github/workflows/maven.yml,failure,1345677,chengyouling,37,3,,,,pull_request,0,0,,1,failure,0,,0,0,0,0,0,0,0,0,0,0,0,0,0,0,0,0,0,0,0,0,0,0,0,0,0,0,0,0,1,0,0,0,0,0,0,0,0,0,31,0,[],java-maven,31882,22017,690.578,0,0,0,0,0,0.0752089,0.577066,0.0111421,0.761429,10,0,1,0,0,1,0,0
32402,7385648846,198181246,Java CI with Maven,2021.0.x-snakeyaml,a2b50fee522ed49b956ec7d204c4aea3f639f96e,.github/workflows/maven.yml,failure,1345677,chengyouling,37,3,1.0,1.0,,pull_request,12,0,1171.0,1,success,1,a0de1e12aa332b37296ae5bc6c89f0c0933a381a,2,6,8,0,0,2,14,2,0,1,1,0,0,1,1,0,0,0,2,0,0,0,0,0,0,1,0,0,1,0,0,0,0,0,0,0,0,0,31,0,[],java-maven,31904,22017,690.102,0,0,0,0,0,0.0612813,0.707479,0.00835655,0.945169,11,0,1,0,0,0,0,0
32403,8585942392,198181246,Java CI with Maven,master-nacos,9a5f8299f27daf64b8e243899e9e82aa856752eb,.github/workflows/maven.yml,failure,1345677,chengyouling,37,2,1.0,2.0,{'docs'},pull_request,16,0,1247.0,1,failure,2,fea6e1a539d982f52e106f426efe4fe147b373c1,22,2721,570,2,1,46,3281,6,2,1,1,34,3,0,37,0,0,0,0,0,0,0,254,21,275,1,0,0,1,25,3,2,0,1,0,0,0,0,220,1,[],java-maven,33337,21927,657.738,0,0,0,0,0,0.0334262,0.618036,0.00557103,0.710306,3,0,1,0,0,1,0,0
32404,8891122102,198181246,Java CI with Maven,master-actuator,68c48040e76855379e79a4fd09a75a17b7e7088d,.github/workflows/maven.yml,failure,1345677,chengyouling,37,2,1.0,3.0,{'fix'},pull_request,20,0,1265.0,1,success,3,36063918ed22d095ca9224cdbb424dccb702edc8,4,90,8,1,1,2,96,3,0,2,1,0,0,2,2,7,0,7,1,4,1,5,10,1,11,1,0,0,1,0,0,0,0,0,1,0,0,0,220,1,[],java-maven,33825,22194,656.142,0,0,0,0,0,0.0362117,0.707088,0.00278552,0.907825,4,0,1,0,0,0,0,0
32405,6890698857,198181246,Java CI with Maven,master_disc,2c6c3f149e801cb9ae4b6a0bbe28a204f39c72a0,.github/workflows/maven.yml,failure,1345677,chengyouling,35,3,1.0,5.0,"{'chore', 'feat', 'fix'}",pull_request,12,0,1096.0,1,success,5,522f0c8f3dede59ce616425df8cdec9b3c0d5c0f,3,435,0,1,1,3,140,4,294,2,1,6,0,0,6,0,0,0,0,0,0,0,33,0,33,1,1,0,1,8,0,294,0,0,0,0,0,0,31,0,[],java-maven,30778,21460,697.251,0,0,0,0,0,0.0167131,0.824705,0.0111421,0.662024,3,0,1,0,0,0,0,0
32406,6940317535,198181246,Java CI with Maven,2021.0.x_secNew,dd9a3bfbba4e92c84bb4ebce5f7adb230372bde0,.github/workflows/maven.yml,failure,1345677,chengyouling,36,4,1.0,2.0,{'chore'},pull_request,19,0,1104.0,1,success,2,05aa23737993cdf3c1a6f9cf4982916fab86fed0,6,31,23,0,1,5,50,1,4,0,0,0,0,6,6,0,0,0,18,1,0,1,0,0,0,1,1,0,1,0,0,2,2,0,0,1,0,0,31,0,[],java-maven,30878,21371,692.111,0,0,0,0,0,0.0250696,0.786175,0.0194986,0.7161,4,0,1,0,0,0,0,0
32407,7111967967,198181246,Java CI with Maven,master_invokeContext,cbbefcbdbba61be08b2fe85cc9a39ab3ba57e3ef,.github/workflows/maven.yml,failure,1345677,chengyouling,37,5,1.0,8.0,"{'chore', 'feat', 'fix'}",pull_request,24,0,1123.0,1,success,8,e9f205bbeeeaf1270d6728ee88bfb517abc8c275,7,532,108,1,1,8,592,3,45,1,1,7,0,4,11,4,1,5,5,0,0,0,96,2,98,1,1,0,1,6,0,45,0,0,0,0,0,0,31,0,[],java-maven,31153,21505,690.303,0,0,0,0,0,0.0529248,0.69559,0.0222841,0.631299,10,0,1,0,0,0,0,0
32408,7108785192,198181246,Java CI with Maven,2021.0.x-rbac,147121691936a97037d48feb302eb7d1014b7350,.github/workflows/maven.yml,failure,1345677,chengyouling,37,5,1.0,1.0,,pull_request,20,0,1126.0,1,success,1,7379ac5c97ba2be4e44394bdd2d87a4346684a4c,1,2,2,0,0,1,4,1,0,0,0,0,0,1,1,0,0,0,1,0,0,0,0,0,0,1,0,0,1,0,0,0,0,0,0,0,0,0,31,0,[],java-maven,31276,21682,693.247,0,0,0,0,0,0.0501393,0.707615,0.0194986,0.626448,9,0,1,0,0,0,0,0
32409,7140782919,198181246,Java CI with Maven,master-circuiter,494745bdff67bf57a6d3746df4dccabe6d8cba68,.github/workflows/maven.yml,failure,1345677,chengyouling,37,5,,,,pull_request,0,0,,0,success,0,,0,0,0,0,0,0,0,0,0,0,0,0,0,0,0,0,0,0,0,0,0,0,0,0,0,0,0,0,1,0,0,0,0,0,0,0,0,0,31,0,[],java-maven,31189,21519,689.955,0,0,0,0,0,0.0557103,0.683958,0.0222841,0.613742,10,0,1,0,0,0,0,0
32410,7297100158,198181246,Java CI with Maven,master-home,804a4db86584a343a590e5311845d4b27180983b,.github/workflows/maven.yml,failure,1345677,chengyouling,37,3,1.0,1.0,,pull_request,14,0,1144.0,1,success,1,9378ab7ab423f825bd3c2702f28d620a60206667,2,4,4,0,1,0,0,1,0,0,1,0,0,0,0,0,0,0,0,0,0,0,0,0,0,0,0,0,1,0,0,0,0,2,0,0,0,0,31,0,[],java-maven,31495,21808,692.427,0,0,0,0,0,0.0696379,0.604268,0.00557103,0.797215,11,0,1,0,0,1,0,0
32411,7175502590,198181246,Java CI with Maven,master-header,938e25b9cbdee7c07673ecf3b347b7224d58700e,.github/workflows/maven.yml,failure,1345677,chengyouling,37,5,1.0,2.0,"{'feat', 'fix'}",pull_request,24,0,1132.0,1,failure,2,c69540570458a0831264b9eabc3ba082132553bd,16,228,7,0,1,7,86,2,149,1,1,1,0,14,15,9,0,9,51,3,0,3,13,1,14,1,1,0,1,1,0,148,1,0,0,0,0,0,31,0,[],java-maven,31346,21666,691.189,0,0,0,0,0,0.0612813,0.667087,0.0250696,0.56546,10,0,1,0,0,1,0,0
32412,7018297729,198181246,Java CI with Maven,master-upgrade,83d6ddd983681d7259a3e0e7d8482848abb076e0,.github/workflows/maven.yml,failure,1345677,chengyouling,37,5,1.0,1.0,,pull_request,10,0,1117.0,1,success,1,ed12ff2a3f8b039855553b8e3d0f0ce0fcc284db,1,2,2,0,0,0,0,1,0,0,0,0,0,0,0,0,0,0,0,0,0,0,0,0,0,0,0,0,1,0,0,0,0,1,0,0,0,0,31,0,[],java-maven,30887,21460,694.791,0,0,0,0,0,0.0334262,0.808167,0.00835655,0.892538,8,0,1,0,0,1,0,0
32413,7282591012,198181246,Java CI with Maven,master-upgrade,708a773426054ea4932a7e4c55d1e5f7cddf41e8,.github/workflows/maven.yml,failure,1345677,chengyouling,37,3,1.0,1.0,,pull_request,12,0,1142.0,1,success,1,5cead40a6f73450d4f374e47607f76399896796f,1,1,1,0,0,1,2,1,0,0,0,0,0,0,0,0,0,0,0,0,0,0,0,0,0,0,0,0,1,0,0,0,0,0,0,0,0,0,31,0,[],java-maven,31495,21808,692.427,0,0,0,0,0,0.0668524,0.608171,0.00835655,0.723474,10,0,1,0,0,1,0,0
32414,6938086588,198181246,Java CI with Maven,master_configLoad,d036d81b053b5d9f802736008f700df4e4a955fa,.github/workflows/maven.yml,failure,1345677,chengyouling,35,3,1.0,1.0,,pull_request,14,0,1107.0,1,success,1,cf16bbe65d914880c079cbacfe220fe051c2a6d9,0,30,0,0,0,0,0,1,0,0,0,0,0,0,0,0,0,0,0,0,0,0,0,0,0,0,0,0,1,1,0,0,0,0,1,0,0,0,31,0,[],java-maven,30787,21460,697.047,0,0,0,0,0,0.0222841,0.796817,0.0167131,0.723474,4,0,1,0,0,0,0,0
32415,7208498905,198181246,Java CI with Maven,2021.0.x-whitelist,e817a301be7e0bb7362f2a103c8117fb75c5b48a,.github/workflows/maven.yml,failure,1345677,chengyouling,37,4,1.0,1.0,{'fix'},pull_request,16,0,1139.0,1,success,1,7fe73a6b218337d2e9598de936f648424540570d,8,154,35,0,1,6,96,2,93,0,1,2,0,7,9,3,2,5,13,1,0,1,8,0,8,1,1,0,1,2,0,93,0,0,0,0,0,0,31,0,[],java-maven,31878,22017,690.664,0,0,0,0,0,0.0752089,0.647555,0.0306407,0.558556,13,0,1,0,0,0,0,0
32416,6717556076,198181246,Java CI with Maven,master-graceful,b1869ed7122205e818db98035ec80d8a7065e2bc,.github/workflows/maven.yml,failure,1345677,chengyouling,35,3,1.0,2.0,,pull_request,12,0,1089.0,1,success,2,2f248ce20cc321bac13d71f9cc8767dc17efe9b3,4,218,0,2,0,6,216,3,0,1,1,4,0,1,5,0,0,0,3,4,0,4,36,0,36,1,0,0,1,4,0,0,0,0,0,0,0,0,31,0,[],java-maven,30511,21166,693.717,0,0,0,0,0,0.00557103,0.920934,0.00278552,0.855153,3,0,1,0,0,0,0,0
32417,7095926461,198181246,Java CI with Maven,master_invokeContext,b7c05a0211f0821789197008463dadc02986c154,.github/workflows/maven.yml,failure,1345677,chengyouling,37,5,1.0,5.0,"{'feat', 'fix'}",pull_request,24,0,1123.0,1,failure,5,e9f205bbeeeaf1270d6728ee88bfb517abc8c275,10,809,108,1,1,8,580,4,334,1,1,10,0,5,15,4,1,5,5,1,0,1,113,2,115,1,1,0,1,11,0,334,0,0,0,0,0,0,31,0,[],java-maven,31333,21794,695.561,0,0,0,0,0,0.0445682,0.732933,0.0222841,0.625715,8,0,1,0,0,0,0,0
32418,7059477631,198181246,Java CI with Maven,2021.0.x-security,c834e80f37f18fb7b562f1167d26227106269114,.github/workflows/maven.yml,failure,1345677,chengyouling,37,5,1.0,2.0,{'feat'},pull_request,24,0,1121.0,1,failure,2,799d90240f7c6832a853ebf89332e1823bd7a67b,2,18,1,0,1,1,6,1,13,0,0,0,0,2,2,2,0,2,7,0,0,0,1,1,2,1,1,0,1,0,0,13,0,0,0,0,0,0,31,0,[],java-maven,31276,21682,693.247,0,0,0,0,0,0.0362117,0.765749,0.0139276,0.806208,8,0,1,0,0,0,0,0
32419,7059036204,198181246,Java CI with Maven,2021.0.x-security,58c7cb393068e702410728c2619bc2651535b2c4,.github/workflows/maven.yml,failure,1345677,chengyouling,37,5,1.0,1.0,,pull_request,24,0,1121.0,1,success,1,799d90240f7c6832a853ebf89332e1823bd7a67b,2,17,1,0,1,1,5,1,13,0,0,0,0,2,2,2,0,2,7,0,0,0,1,1,2,1,1,0,1,0,0,13,0,0,0,0,0,0,31,0,[],java-maven,31276,21682,693.247,0,0,0,0,0,0.0334262,0.781037,0.0111421,0.847214,8,0,1,0,0,0,0,0
32420,6902203338,198181246,Java CI with Maven,2021.0.x,fed603a72c2cedc77c52496185406c492237f57d,.github/workflows/maven.yml,success,1345677,chengyouling,35,3,1.0,1.0,{'fix'},push,14,0,1103.0,1,success,1,05aa23737993cdf3c1a6f9cf4982916fab86fed0,1,6,0,0,0,1,6,1,0,0,0,0,0,1,1,0,0,0,1,0,0,0,0,0,0,1,0,0,1,0,0,0,0,0,0,0,0,0,31,0,[],java-maven,30888,21371,691.887,0,0,0,0,0,0.0167131,0.854755,0.0111421,0.774683,4,0,1,0,0,1,0,0
32421,6952009457,198181246,Java CI with Maven,2021.0.x,7dab7aac26446c3e8fdbf44bbd18812946bc7a68,.github/workflows/maven.yml,success,1345677,chengyouling,36,4,1.0,1.0,{'fix'},push,8,0,1108.0,1,success,1,1302c876fb8c9cf0bc0b23a5e03f59be0300f3d1,2,5,5,0,0,2,10,2,0,1,1,0,0,1,1,0,0,0,12,0,0,0,0,0,0,1,0,0,1,0,0,0,0,0,0,0,0,0,31,0,[],java-maven,31153,21669,695.567,0,0,0,0,0,0.0250696,0.801821,0.0194986,0.746518,4,0,1,0,0,0,0,0
32422,7191623749,198181246,Java CI with Maven,2021.0.x,e76ea72ca9f0f8c481823b410ba7782258fc3724,.github/workflows/maven.yml,success,1345677,liubao68,37,5,1.0,1.0,{'fix'},push,24,0,1133.0,1,failure,1,9fdc3ef31d5da8917f46b2978b684f8b6f7ec6f6,15,229,6,0,1,7,86,2,149,1,1,1,0,13,14,9,0,9,47,3,0,3,13,0,13,1,1,0,1,1,0,149,0,0,0,0,0,0,31,0,[],java-maven,31730,21875,689.411,0,0,0,0,0,0.0724234,0.848654,0.0222841,0.876509,0,1,1,0,0,1,0,0
32423,6783778970,198181246,Java CI with Maven,master_sec,6466de77f97dbe9f2e95e231a1dcbe86198dc578,.github/workflows/maven.yml,success,1345677,chengyouling,35,3,1.0,1.0,{'perf'},pull_request,12,0,1093.0,0,success,1,15b689a426a23d7d25d42a9070e87b1f8d962938,1,5,5,0,0,1,10,1,0,0,0,0,0,1,1,0,0,0,1,0,0,0,1,0,1,1,0,0,1,0,0,0,0,0,0,0,0,0,31,0,[],java-maven,30517,21166,693.581,0,0,0,0,0,0.00835655,0.945169,0.00557103,0.920934,4,0,1,0,0,0,0,0
32424,6885110301,198181246,Java CI with Maven,master_disc,87f71b8de97d787e77b615dd521810c06dfa7049,.github/workflows/maven.yml,success,1345677,chengyouling,35,3,1.0,3.0,"{'feat', 'fix'}",pull_request,12,0,1096.0,1,failure,3,522f0c8f3dede59ce616425df8cdec9b3c0d5c0f,3,435,0,1,1,3,140,4,294,2,1,6,0,0,6,0,0,0,0,0,0,0,33,0,33,1,1,0,1,8,0,294,0,0,0,0,0,0,31,0,[],java-maven,30778,21460,697.251,0,0,0,0,0,0.0111421,0.877772,0.00557103,0.746518,3,0,1,0,0,1,0,0
32425,6568503583,198181246,Java CI with Maven,2021.0.x,c7c4156cdac4b2e006a80dcf8fa57ac50de89842,.github/workflows/maven.yml,failure,1345677,liubao68,35,3,0.0,0.0,,push,26,0,1084.0,0,success,1,ddce93ebdb867e277e30c5a10e3ef5ad8b4c07f4,1,2,2,0,0,1,4,1,0,0,0,0,0,1,1,0,0,0,7,0,0,0,0,0,0,1,0,0,1,0,0,0,0,0,0,0,0,0,31,0,[],java-maven,30738,21371,695.263,0,0,0,0,0,0.00278552,0.831012,0.00278552,0.831012,0,1,1,0,0,1,0,0
32426,7018878144,198181246,Java CI with Maven,master,e9f205bbeeeaf1270d6728ee88bfb517abc8c275,.github/workflows/maven.yml,success,1345677,chengyouling,36,4,1.0,1.0,{'fix'},push,10,0,1117.0,1,failure,1,ed12ff2a3f8b039855553b8e3d0f0ce0fcc284db,1,2,2,0,0,0,0,1,0,0,0,0,0,0,0,0,0,0,0,0,0,0,0,0,0,0,0,0,1,0,0,0,0,1,0,0,0,0,31,0,[],java-maven,30887,21460,694.791,0,0,0,0,0,0.0362117,0.800338,0.0111421,0.861104,9,0,1,0,0,1,0,1
32427,7175852594,198181246,Java CI with Maven,master-header,1ce6c80d24fe976793b7ced66bd0012ead016d80,.github/workflows/maven.yml,failure,1345677,chengyouling,37,5,1.0,3.0,"{'feat', 'fix'}",pull_request,24,0,1132.0,1,failure,3,c69540570458a0831264b9eabc3ba082132553bd,16,244,7,0,1,7,86,2,165,1,1,1,0,14,15,9,0,9,51,5,0,5,17,1,18,1,1,0,1,1,0,164,1,0,0,0,0,0,31,0,[],java-maven,31363,21682,691.324,0,0,0,0,0,0.0640668,0.65661,0.0278552,0.539124,10,0,1,0,0,0,0,0
32428,7095816073,198181246,Java CI with Maven,master_invokeContext,daaea349ced4f53dc44a81a23f87f4722ba1fcbd,.github/workflows/maven.yml,failure,1345677,chengyouling,37,5,1.0,3.0,{'fix'},pull_request,24,0,1123.0,1,success,3,e9f205bbeeeaf1270d6728ee88bfb517abc8c275,10,799,108,1,1,8,580,4,324,1,1,10,0,5,15,4,1,5,5,1,0,1,119,2,121,1,1,0,1,11,0,324,0,0,0,0,0,0,31,0,[],java-maven,31339,21784,695.108,0,0,0,0,0,0.0389972,0.760091,0.0167131,0.700967,8,0,1,0,0,0,0,0
32429,7086013724,198181246,Java CI with Maven,master_invokeContext,32af55fd6b7f4c4ea0479144bf081939ed427339,.github/workflows/maven.yml,success,1345677,chengyouling,37,5,1.0,2.0,{'fix'},pull_request,24,0,1123.0,1,success,2,e9f205bbeeeaf1270d6728ee88bfb517abc8c275,10,595,108,1,0,6,382,4,319,1,1,7,0,5,12,4,1,5,5,1,0,1,73,2,75,1,1,0,1,8,0,319,0,0,0,0,0,0,31,0,[],java-maven,31197,21779,698.112,0,0,0,0,0,0.0362117,0.774425,0.0139276,0.76061,8,0,1,0,0,0,0,0
32430,6742549167,198181246,Java CI with Maven,2021.0.x,69f0f073e95b6c5f4fd2e9a2033f0bc819545ebc,.github/workflows/maven.yml,success,1345677,liubao68,35,3,1.0,1.0,{'fix'},push,12,0,1090.0,0,success,1,c312d19d98a8f2a792cb60d83443726b2513eecd,4,229,2,2,1,6,225,3,0,1,1,4,0,1,5,0,0,0,3,4,0,4,39,0,39,1,0,0,1,4,0,0,0,0,0,0,0,0,31,0,[],java-maven,30883,21371,691.999,0,0,0,0,0,0.00835655,0.829851,0.00557103,0.853164,0,1,1,0,0,1,0,0
32431,6901036368,198181246,Java CI with Maven,2021.0.x_disc,05a0784c231a5d799a03e39b21c9ef89efcef875,.github/workflows/maven.yml,success,1345677,chengyouling,35,3,1.0,1.0,,pull_request,12,0,1102.0,1,success,1,05aa23737993cdf3c1a6f9cf4982916fab86fed0,2,456,0,1,1,3,140,4,298,2,1,6,0,0,6,0,0,0,0,0,0,0,33,0,33,1,1,0,1,9,0,298,0,0,0,0,0,0,31,0,[],java-maven,31147,21669,695.701,0,0,0,0,0,0.0167131,0.836014,0.0111421,0.710306,4,0,1,0,0,0,0,0
32432,7208242591,198181246,Java CI with Maven,master,5cead40a6f73450d4f374e47607f76399896796f,.github/workflows/maven.yml,success,1345677,chengyouling,37,4,1.0,1.0,{'fix'},push,16,0,1138.0,1,success,1,9449ce8fc1dae114b4401425bb54945a0a3ed8e5,8,154,35,0,1,6,96,2,93,0,1,2,0,7,9,3,2,5,13,1,0,1,8,0,8,1,1,0,1,2,0,93,0,0,0,0,0,0,31,0,[],java-maven,31495,21808,692.427,0,0,0,0,0,0.0724234,0.656872,0.0278552,0.584578,13,0,1,0,0,1,0,1
32433,7216629462,198181246,Java CI with Maven,2021.0.x,a2f742ae5aafb1c65de8353e8b272243d5f45325,.github/workflows/maven.yml,failure,1345677,chengyouling,37,4,1.0,1.0,{'fix'},push,16,0,1139.0,1,failure,1,7fe73a6b218337d2e9598de936f648424540570d,8,154,35,0,1,6,96,2,93,0,1,2,0,7,9,3,2,5,13,1,0,1,8,0,8,1,1,0,1,2,0,93,0,0,0,0,0,0,31,0,[],java-maven,31878,22017,690.664,0,0,0,0,0,0.0752089,0.647555,0.0334262,0.534703,13,0,1,0,0,1,0,0
32434,6610823235,198181246,Java CI with Maven,master,2f248ce20cc321bac13d71f9cc8767dc17efe9b3,.github/workflows/maven.yml,success,1345677,liubao68,35,3,1.0,1.0,{'fix'},push,20,0,1086.0,0,success,1,7fb63f0dc9f345a6e3002bf1d5e9b823fd5a88d4,2,22,4,0,0,2,26,1,0,0,0,0,0,2,2,0,0,0,7,0,0,0,2,0,2,1,0,0,1,0,0,0,0,0,0,0,0,0,31,0,[],java-maven,30391,21166,696.456,0,0,0,0,0,0.00278552,0.887341,0.00278552,0.887341,0,1,1,0,0,1,0,1
32435,7016121098,198181246,Java CI with Maven,2021.0.x_locator,5ce005095227c024b3118e735b9077adfebf2b3a,.github/workflows/maven.yml,success,1345677,chengyouling,37,5,1.0,1.0,,pull_request,16,0,1115.0,0,failure,1,f05847732a613738d9621b88d95bc8afa63f4a12,2,186,29,1,1,4,184,4,0,2,0,3,0,0,3,0,0,0,0,0,0,0,23,0,23,1,0,0,1,3,1,0,0,0,1,0,0,0,31,0,[],java-maven,31262,21669,693.142,0,0,0,0,0,0.0306407,0.820525,0.00557103,0.939538,8,0,1,0,0,0,0,0
32436,6924612825,198181246,Java CI with Maven,2021.0.x,1302c876fb8c9cf0bc0b23a5e03f59be0300f3d1,.github/workflows/maven.yml,failure,1345677,chengyouling,35,3,1.0,1.0,{'fix'},push,12,0,1102.0,1,success,1,fed603a72c2cedc77c52496185406c492237f57d,2,456,0,1,1,3,140,4,298,2,1,6,0,0,6,0,0,0,0,0,0,0,33,0,33,1,1,0,1,9,0,298,0,0,0,0,0,0,31,0,[],java-maven,31153,21669,695.567,0,0,0,0,0,0.0194986,0.830625,0.0139276,0.733177,4,0,1,0,0,1,0,0
32437,7101002295,198181246,Java CI with Maven,master-rbac,17b4eb991ceedc5e4607d1ce05740c61d6fd446c,.github/workflows/maven.yml,success,1345677,chengyouling,37,5,1.0,1.0,,pull_request,20,0,1125.0,1,success,1,3de36f75722d4961baa856d94fb71cd81a3d68db,1,2,2,0,0,1,4,1,0,0,0,0,0,1,1,0,0,0,1,0,0,0,0,0,0,1,0,0,1,0,0,0,0,0,0,0,0,0,31,0,[],java-maven,30902,21474,694.906,0,0,0,0,0,0.0473538,0.720056,0.0167131,0.662024,9,0,1,0,0,0,0,0
32438,7299031559,198181246,Java CI with Maven,2021.0.x,db2750b59333e03372fe26609a6e0b051e9ab096,.github/workflows/maven.yml,success,1345677,chengyouling,37,3,1.0,1.0,{'fix'},push,14,0,1145.0,1,success,1,86db4d163234dc277cb48c044c2fe3eb4219537f,2,7,8,0,1,0,0,1,0,0,1,0,0,0,0,0,0,0,0,0,0,0,0,0,0,0,0,0,1,0,0,0,0,2,0,0,0,0,31,0,[],java-maven,31877,22017,690.686,0,0,0,0,0,0.0696379,0.629394,0.00557103,0.855153,11,0,1,0,0,1,0,0
32439,7192042720,198181246,Java CI with Maven,2021.0.x-circuitheader,062ba713c5c2427a520b145120cd17442434ed69,.github/workflows/maven.yml,failure,1345677,chengyouling,37,5,1.0,2.0,"{'chore', 'fix'}",pull_request,12,0,1136.0,1,failure,2,e76ea72ca9f0f8c481823b410ba7782258fc3724,5,112,10,0,1,3,74,2,48,1,1,1,0,4,5,3,0,3,15,0,1,1,10,2,12,1,1,0,1,1,0,48,0,0,0,0,0,0,31,0,[],java-maven,31807,21923,689.251,0,0,0,0,0,0.0807799,0.629677,0.0306407,0.49234,12,0,1,0,0,1,0,0
32440,6940144291,198181246,Java CI with Maven,master_secnew,ebbdeacfed31daa8cd476ded76cc4f0f0fbc0530,.github/workflows/maven.yml,success,1345677,chengyouling,36,4,1.0,3.0,{'fix'},pull_request,19,0,1100.0,1,success,3,522f0c8f3dede59ce616425df8cdec9b3c0d5c0f,6,23,23,0,1,5,42,1,4,0,0,0,0,6,6,0,0,0,18,1,0,1,0,0,0,1,1,0,1,0,0,2,2,0,0,1,0,0,31,0,[],java-maven,30513,21166,693.672,0,0,0,0,0,0.0222841,0.807799,0.0167131,0.746518,4,0,1,0,0,0,0,0
32441,7097513156,198181246,Java CI with Maven,master,3de36f75722d4961baa856d94fb71cd81a3d68db,.github/workflows/maven.yml,success,1345677,chengyouling,37,5,1.0,1.0,{'fix'},push,24,0,1120.0,1,failure,1,e9f205bbeeeaf1270d6728ee88bfb517abc8c275,2,18,1,0,1,1,5,1,14,0,0,0,0,2,2,2,0,2,7,0,0,0,2,1,3,1,1,0,1,0,0,14,0,0,0,0,0,0,31,0,[],java-maven,30902,21474,694.906,0,0,0,0,0,0.0445682,0.737537,0.0194986,0.645125,9,0,1,0,0,1,0,1
32442,7001350388,198181246,Java CI with Maven,2021.0.x_isolation,fcb8adba9c890acc928cda586e1782ab4986ac23,.github/workflows/maven.yml,success,1345677,chengyouling,35,3,1.0,1.0,,pull_request,20,0,1112.0,1,success,1,f58153ff4e736d623800ff25e4edd23b905b7ae2,1,4,0,0,0,1,4,1,0,0,0,0,0,1,1,0,0,0,1,0,0,0,1,0,1,1,0,0,1,0,0,0,0,0,0,0,0,0,31,0,[],java-maven,31162,21669,695.366,0,0,0,0,0,0.0278552,0.805547,0.00835655,0.839906,6,0,1,0,0,0,0,0
32443,6794572372,198181246,Java CI with Maven,2021.0.x_sec,e8f8f2a74c20765794e136b08f6420a4eeadeaa5,.github/workflows/maven.yml,success,1345677,chengyouling,35,3,1.0,1.0,{'perf'},pull_request,12,0,1094.0,1,success,1,69f0f073e95b6c5f4fd2e9a2033f0bc819545ebc,1,4,5,0,0,1,9,1,0,0,0,0,0,1,1,0,0,0,1,0,0,0,1,0,1,1,0,0,1,0,0,0,0,0,0,0,0,0,31,0,[],java-maven,30882,21371,692.021,0,0,0,0,0,0.00835655,0.956592,0.00557103,0.942897,4,0,1,0,0,0,0,0
32444,6924738359,198181246,Java CI with Maven,master_version,2c1236d7972d54ecc1246b6e0019ea82a7c2c986,.github/workflows/maven.yml,success,1345677,chengyouling,35,3,1.0,1.0,,pull_request,8,0,1105.0,1,failure,1,b23f9261a761064b8fb0404a2d02144e25ecaf73,2,6,6,0,0,2,12,2,0,1,1,0,0,1,1,0,0,0,12,0,0,0,0,0,0,1,0,0,1,0,0,0,0,0,0,0,0,0,31,0,[],java-maven,30778,21460,697.251,0,0,0,0,0,0.0194986,0.835203,0.0139276,0.746518,4,0,1,0,0,0,0,0
32445,6784243812,198181246,Java CI with Maven,master_sec,97061b6a3407a74526adbd82d5efe62bc0d881d7,.github/workflows/maven.yml,success,1345677,chengyouling,35,3,1.0,2.0,"{'feat', 'perf'}",pull_request,12,0,1093.0,1,success,2,15b689a426a23d7d25d42a9070e87b1f8d962938,1,14,5,0,0,1,19,1,0,0,0,0,0,1,1,0,0,0,1,0,0,0,1,0,1,1,0,0,1,0,0,0,0,0,0,0,0,0,31,0,[],java-maven,30517,21166,693.581,0,0,0,0,0,0.00835655,0.947911,0.00557103,0.926582,4,0,1,0,0,0,0,0
32446,7109417348,198181246,Java CI with Maven,2021.0.x,6a7c159ac3e3a5f8805db0f8e6abe6d1b38c9839,.github/workflows/maven.yml,success,1345677,chengyouling,37,5,1.0,1.0,{'fix'},push,20,0,1126.0,1,failure,1,7379ac5c97ba2be4e44394bdd2d87a4346684a4c,1,2,2,0,0,1,4,1,0,0,0,0,0,1,1,0,0,0,1,0,0,0,0,0,0,1,0,0,1,0,0,0,0,0,0,0,0,0,31,0,[],java-maven,31276,21682,693.247,0,0,0,0,0,0.0501393,0.707615,0.0194986,0.645125,9,0,1,0,0,1,0,0
32447,7189341880,198181246,Java CI with Maven,master,eb8a0311eb3dd58ae6bcc6a6d84413341509fd7a,.github/workflows/maven.yml,success,1345677,chengyouling,37,5,1.0,1.0,{'fix'},push,24,0,1132.0,1,success,1,c69540570458a0831264b9eabc3ba082132553bd,16,229,7,0,1,7,86,2,150,1,1,1,0,14,15,9,0,9,51,3,0,3,13,1,14,1,1,0,1,1,0,149,1,0,0,0,0,0,31,0,[],java-maven,31347,21667,691.199,0,0,0,0,0,0.0696379,0.647128,0.0222841,0.549366,11,0,1,0,0,1,0,1
32448,6901900857,198181246,Java CI with Maven,2021.0.x_hessian,3b0b63c266a9aaa6b451fd703481f47430cb9fd0,.github/workflows/maven.yml,success,1345677,chengyouling,35,3,1.0,2.0,{'fix'},pull_request,14,0,1103.0,1,success,2,05aa23737993cdf3c1a6f9cf4982916fab86fed0,1,6,0,0,0,1,6,1,0,0,0,0,0,1,1,0,0,0,1,0,0,0,0,0,0,1,0,0,1,0,0,0,0,0,0,0,0,0,31,0,[],java-maven,30888,21371,691.887,0,0,0,0,0,0.0167131,0.850483,0.0111421,0.761429,4,0,1,0,0,0,0,0
32449,7018321020,198181246,Java CI with Maven,2021.0.x-upgrade,c91a01e72be9a6caed76af95187297bee3a560a6,.github/workflows/maven.yml,success,1345677,chengyouling,37,5,1.0,1.0,,pull_request,10,0,1118.0,1,failure,1,7a2c19bfbb45ac54b71234083c79298ebe1a5951,3,30,187,1,1,4,184,5,0,2,1,0,3,0,3,0,0,0,0,0,0,0,0,23,23,1,0,0,1,1,3,0,0,1,1,0,0,0,31,0,[],java-maven,31162,21669,695.366,0,0,0,0,0,0.0334262,0.81172,0.00835655,0.897911,8,0,1,0,0,1,0,0
32450,7095879050,198181246,Java CI with Maven,master_invokeContext,0ca915b35ac1f29bf6816d30f0b813706994de51,.github/workflows/maven.yml,failure,1345677,chengyouling,37,5,1.0,4.0,{'fix'},pull_request,24,0,1123.0,1,failure,4,e9f205bbeeeaf1270d6728ee88bfb517abc8c275,10,792,108,1,1,8,580,4,317,1,1,10,0,5,15,4,1,5,5,1,0,1,113,2,115,1,1,0,1,11,0,317,0,0,0,0,0,0,31,0,[],java-maven,31333,21777,695.018,0,0,0,0,0,0.0417827,0.746269,0.0194986,0.66125,8,0,1,0,0,0,0,0
32451,6741895403,198181246,Java CI with Maven,master,15b689a426a23d7d25d42a9070e87b1f8d962938,.github/workflows/maven.yml,failure,1345677,liubao68,35,3,1.0,1.0,{'fix'},push,12,0,1089.0,0,success,1,2f248ce20cc321bac13d71f9cc8767dc17efe9b3,4,227,0,2,1,6,225,3,0,1,1,4,0,1,5,0,0,0,3,4,0,4,39,0,39,1,0,0,1,4,0,0,0,0,0,0,0,0,31,0,[],java-maven,30518,21166,693.558,0,0,0,0,0,0.00835655,0.814383,0.00557103,0.828691,0,1,1,0,0,1,0,1
32452,6561743939,198181246,Java CI with Maven,master-sec,66f7971be9147a7e9e44808e3daab08bd3b51237,.github/workflows/maven.yml,success,1345677,chengyouling,35,3,1.0,1.0,{'fix'},pull_request,26,0,1085.0,1,success,1,96faf2b55fb57c81d6ed45c8c00cf08b8b60b5d3,1,2,2,0,0,1,4,1,0,0,0,0,0,1,1,0,0,0,7,0,0,0,0,0,0,1,0,0,1,0,0,0,0,0,0,0,0,0,31,0,[],java-maven,30373,21166,696.869,0,0,0,0,0,0.0,1.0,0.0,1.0,2,0,1,0,0,0,0,0
32453,7298909751,198181246,Java CI with Maven,master-home,523fabff4083c98a0c8a899dccc251cb92ccb2b7,.github/workflows/maven.yml,success,1345677,chengyouling,37,3,1.0,2.0,{'chore'},pull_request,14,0,1144.0,1,success,2,9378ab7ab423f825bd3c2702f28d620a60206667,2,5,6,0,1,0,0,1,0,0,1,0,0,0,0,0,0,0,0,0,0,0,0,0,0,0,0,0,1,0,0,0,0,2,0,0,0,0,31,0,[],java-maven,31494,21808,692.449,0,0,0,0,0,0.0696379,0.623416,0.00557103,0.844011,11,0,1,0,0,1,0,0
32454,7190901934,198181246,Java CI with Maven,master-circuitHeader,94e2b02c31006ed8a1e1889602dabb4c51873d55,.github/workflows/maven.yml,success,1345677,chengyouling,37,5,1.0,1.0,{'perf'},pull_request,12,0,1134.0,1,success,1,eb8a0311eb3dd58ae6bcc6a6d84413341509fd7a,5,112,10,0,1,3,74,2,48,1,1,1,0,4,5,3,0,3,15,0,1,1,10,2,12,1,1,0,1,1,0,48,0,0,0,0,0,0,31,0,[],java-maven,31424,21715,691.032,0,0,0,0,0,0.0696379,0.657068,0.0194986,0.5825,11,0,1,0,0,0,0,0
32455,6740174286,198181246,Java CI with Maven,master-graceful,0904792e238608f23fb3c0f8e9fe6eea3bbd11d7,.github/workflows/maven.yml,success,1345677,chengyouling,36,4,1.0,5.0,{'fix'},pull_request,12,0,1089.0,1,success,5,2f248ce20cc321bac13d71f9cc8767dc17efe9b3,4,228,0,2,1,6,226,3,0,1,1,4,0,1,5,0,0,0,3,4,0,4,39,0,39,1,0,0,1,4,0,0,0,0,0,0,0,0,31,0,[],java-maven,30519,21166,693.535,0,0,0,0,0,0.00557103,0.935759,0.00278552,0.898607,3,0,1,0,0,0,0,0
32456,7176332687,198181246,Java CI with Maven,master-header,4df99731f58b5604e39a4028ad347d0ec06c2007,.github/workflows/maven.yml,success,1345677,chengyouling,37,5,1.0,6.0,"{'feat', 'fix'}",pull_request,24,0,1132.0,1,failure,6,c69540570458a0831264b9eabc3ba082132553bd,16,229,7,0,1,7,86,2,150,1,1,1,0,14,15,9,0,9,51,3,0,3,13,1,14,1,1,0,1,1,0,149,1,0,0,0,0,0,31,0,[],java-maven,31347,21667,691.199,0,0,0,0,0,0.0696379,0.641938,0.0334262,0.513315,10,0,1,0,0,0,0,0
32457,7018675514,198181246,Java CI with Maven,2021.0.x,799d90240f7c6832a853ebf89332e1823bd7a67b,.github/workflows/maven.yml,failure,1345677,chengyouling,36,4,1.0,1.0,{'fix'},push,10,0,1118.0,1,success,1,7a2c19bfbb45ac54b71234083c79298ebe1a5951,1,1,1,0,0,0,0,1,0,0,0,0,0,0,0,0,0,0,0,0,0,0,0,0,0,0,0,0,1,0,0,0,0,1,0,0,0,0,31,0,[],java-maven,31262,21669,693.142,0,0,0,0,0,0.0362117,0.796708,0.0111421,0.85449,8,0,1,0,0,1,0,0
32458,6953744175,198181246,Java CI with Maven,2021.0.x,c0c5746e9aca8139135aad99f02749e08cada3ac,.github/workflows/maven.yml,success,1345677,dantesun,35,3,1.0,2.0,{'chore'},push,19,0,1104.0,0,success,2,7dab7aac26446c3e8fdbf44bbd18812946bc7a68,6,31,23,0,1,5,50,1,4,0,0,0,0,6,6,0,0,0,18,1,0,1,0,0,0,1,1,0,1,0,0,2,2,0,0,1,0,0,31,0,[],java-maven,31149,21669,695.656,0,0,0,0,0,0.0250696,0.979109,0.0194986,0.983751,0,0,1,0,1,1,0,0
32459,7191622360,198181246,Java CI with Maven,master,9449ce8fc1dae114b4401425bb54945a0a3ed8e5,.github/workflows/maven.yml,failure,1345677,liubao68,37,5,1.0,1.0,{'fix'},push,12,0,1134.0,0,success,1,eb8a0311eb3dd58ae6bcc6a6d84413341509fd7a,5,112,10,0,1,3,74,2,48,1,1,1,0,4,5,3,0,3,15,0,1,1,10,2,12,1,1,0,1,1,0,48,0,0,0,0,0,0,31,0,[],java-maven,31424,21715,691.032,0,0,0,0,0,0.0724234,0.829735,0.0222841,0.861072,0,1,1,0,0,1,0,1
32460,6795620202,198181246,Java CI with Maven,2021.0.x,05aa23737993cdf3c1a6f9cf4982916fab86fed0,.github/workflows/maven.yml,success,1345677,liubao68,35,3,1.0,1.0,{'fix'},push,12,0,1094.0,1,success,1,69f0f073e95b6c5f4fd2e9a2033f0bc819545ebc,1,4,5,0,0,1,9,1,0,0,0,0,0,1,1,0,0,0,1,0,0,0,1,0,1,1,0,0,1,0,0,0,0,0,0,0,0,0,31,0,[],java-maven,30882,21371,692.021,0,0,0,0,0,0.00835655,0.854158,0.00557103,0.885794,0,1,1,0,0,1,0,0
32461,7015334932,198181246,Java CI with Maven,master,ed12ff2a3f8b039855553b8e3d0f0ce0fcc284db,.github/workflows/maven.yml,failure,1345677,dantesun,37,5,1.0,1.0,,push,16,0,1114.0,0,success,1,332c41bd7110bcb0a3a2ad40d89f68c16a3b817a,2,186,12,1,1,4,184,3,0,1,0,3,0,0,3,0,0,0,0,0,0,0,23,0,23,1,0,0,1,3,0,0,0,0,0,0,0,0,31,0,[],java-maven,30887,21460,694.791,0,0,0,0,0,0.0306407,0.835257,0.00557103,0.853164,1,0,1,0,1,1,0,1
32462,6611260815,198181246,Java CI with Maven,2021.0.x-header,23d3dc76b68f5d8e7a0183a53acb86f0fc59e1ae,.github/workflows/maven.yml,success,1345677,chengyouling,35,3,1.0,1.0,,pull_request,20,0,1087.0,0,success,1,c7c4156cdac4b2e006a80dcf8fa57ac50de89842,2,22,4,0,0,2,26,1,0,0,0,0,0,2,2,0,0,0,7,0,0,0,2,0,2,1,0,0,1,0,0,0,0,0,0,0,0,0,31,0,[],java-maven,30756,21371,694.856,0,0,0,0,0,0.00278552,0.998734,0.00278552,0.998734,3,0,1,0,0,1,0,0
32463,6875950313,198181246,Java CI with Maven,master_disc,1886bbbb3852a2f38ee9b435e0f124304c4be9c7,.github/workflows/maven.yml,failure,1345677,chengyouling,35,3,1.0,1.0,,pull_request,12,0,1096.0,0,success,1,522f0c8f3dede59ce616425df8cdec9b3c0d5c0f,2,404,0,1,1,3,140,4,263,2,1,6,0,0,6,0,0,0,0,0,0,0,33,0,33,1,1,0,1,8,0,263,0,0,0,0,0,0,31,0,[],java-maven,30748,21429,696.923,0,0,0,0,0,0.0111421,0.914345,0.00278552,0.831012,5,0,1,0,0,0,0,0
32464,7058829731,198181246,Java CI with Maven,master-application,68756917d4629ec25c9efb39ef8594fdf597469f,.github/workflows/maven.yml,success,1345677,chengyouling,37,5,1.0,1.0,,pull_request,24,0,1120.0,1,success,1,e9f205bbeeeaf1270d6728ee88bfb517abc8c275,2,18,1,0,1,1,5,1,14,0,0,0,0,2,2,2,0,2,7,0,0,0,2,1,3,1,1,0,1,0,0,14,0,0,0,0,0,0,31,0,[],java-maven,30902,21474,694.906,0,0,0,0,0,0.0306407,0.796936,0.00835655,0.892538,8,0,1,0,0,0,0,0
32465,6716926736,198181246,Java CI with Maven,master-graceful,cb00424c98f0469bae7d5b0854fd608ced90ecf8,.github/workflows/maven.yml,success,1345677,chengyouling,35,3,1.0,1.0,,pull_request,12,0,1089.0,0,success,1,2f248ce20cc321bac13d71f9cc8767dc17efe9b3,4,209,0,2,0,6,207,3,0,1,1,4,0,1,5,0,0,0,3,4,0,4,34,0,34,1,0,0,1,4,0,0,0,0,0,0,0,0,31,0,[],java-maven,30504,21166,693.876,0,0,0,0,0,0.00278552,0.998839,0.0,1.0,3,0,1,0,0,0,0,0
32466,6795617246,198181246,Java CI with Maven,master,522f0c8f3dede59ce616425df8cdec9b3c0d5c0f,.github/workflows/maven.yml,success,1345677,liubao68,35,3,1.0,1.0,{'fix'},push,12,0,1093.0,0,success,1,15b689a426a23d7d25d42a9070e87b1f8d962938,1,14,5,0,0,1,19,1,0,0,0,0,0,1,1,0,0,0,1,0,0,0,1,0,1,1,0,0,1,0,0,0,0,0,0,0,0,0,31,0,[],java-maven,30517,21166,693.581,0,0,0,0,0,0.00835655,0.84294,0.00557103,0.871518,0,1,1,0,0,1,0,1
32467,7109418916,198181246,Java CI with Maven,master,0baa0583c7674ddee4ff4a44cd098e1a9533e02f,.github/workflows/maven.yml,success,1345677,chengyouling,37,5,1.0,1.0,{'fix'},push,20,0,1125.0,1,success,1,3de36f75722d4961baa856d94fb71cd81a3d68db,1,2,2,0,0,1,4,1,0,0,0,0,0,1,1,0,0,0,1,0,0,0,0,0,0,1,0,0,1,0,0,0,0,0,0,0,0,0,31,0,[],java-maven,30902,21474,694.906,0,0,0,0,0,0.0501393,0.712488,0.0194986,0.662024,10,1,1,0,0,1,0,1
32468,6901191195,198181246,Java CI with Maven,2021.0.x_hessian,6923559718b6a12905f2d979cead7bcf61b09727,.github/workflows/maven.yml,success,1345677,chengyouling,35,3,1.0,1.0,,pull_request,14,0,1103.0,1,success,1,05aa23737993cdf3c1a6f9cf4982916fab86fed0,1,3,0,0,0,1,3,1,0,0,0,0,0,1,1,0,0,0,1,0,0,0,0,0,0,1,0,0,1,0,0,0,0,0,0,0,0,0,31,0,[],java-maven,30885,21371,691.954,0,0,0,0,0,0.0167131,0.841139,0.0111421,0.729619,4,0,1,0,0,0,0,0
32469,7100682049,198181246,Java CI with Maven,master_invokeContext,208200e0e32566702921b0b678c4ffe83495a4ab,.github/workflows/maven.yml,success,1345677,chengyouling,37,5,1.0,7.0,"{'chore', 'feat', 'fix'}",pull_request,24,0,1123.0,1,failure,7,e9f205bbeeeaf1270d6728ee88bfb517abc8c275,10,816,108,1,1,8,587,4,334,1,1,10,0,5,15,4,1,5,5,1,0,1,112,2,114,1,1,0,1,11,0,334,0,0,0,0,0,0,31,0,[],java-maven,31334,21794,695.538,0,0,0,0,0,0.0473538,0.715144,0.0167131,0.662024,9,0,1,0,0,1,0,0
32470,7282930212,198181246,Java CI with Maven,master,9378ab7ab423f825bd3c2702f28d620a60206667,.github/workflows/maven.yml,success,1345677,chengyouling,37,3,1.0,1.0,{'fix'},push,12,0,1142.0,1,failure,1,5cead40a6f73450d4f374e47607f76399896796f,1,1,1,0,1,1,2,1,0,0,0,0,0,0,0,0,0,0,0,0,0,0,0,0,0,0,0,0,1,0,0,0,0,0,0,0,0,0,31,0,[],java-maven,31495,21808,692.427,0,0,0,0,0,0.0668524,0.614927,0.00835655,0.746518,11,0,1,0,0,1,0,1
32471,7167677680,198181246,Java CI with Maven,master-header,b6ac1883451c21ff2e91e06936198513a138103f,.github/workflows/maven.yml,failure,1345677,chengyouling,37,5,1.0,1.0,{'fix'},pull_request,24,0,1132.0,1,success,1,c69540570458a0831264b9eabc3ba082132553bd,16,211,7,0,1,7,69,2,149,1,1,1,0,14,15,9,0,9,51,3,0,3,13,1,14,1,1,0,1,1,0,148,1,0,0,0,0,0,31,0,[],java-maven,31346,21666,691.189,0,0,0,0,0,0.0584958,0.677897,0.0222841,0.594429,10,0,1,0,0,0,0,0
32472,6742262908,198181246,Java CI with Maven,2021.0.x-grace,b98910640208f0a393cf3ad425c05a02f6a16217,.github/workflows/maven.yml,success,1345677,chengyouling,35,3,1.0,1.0,,pull_request,12,0,1090.0,0,failure,1,c312d19d98a8f2a792cb60d83443726b2513eecd,4,229,2,2,1,6,225,3,0,1,1,4,0,1,5,0,0,0,3,4,0,4,39,0,39,1,0,0,1,4,0,0,0,0,0,0,0,0,31,0,[],java-maven,30883,21371,691.999,0,0,0,0,0,0.00835655,0.942123,0.00557103,0.914345,4,0,1,0,0,0,0,0
32473,7138976148,198181246,Java CI with Maven,master,c69540570458a0831264b9eabc3ba082132553bd,.github/workflows/maven.yml,success,1345677,liubao68,37,5,1.0,1.0,{'fix'},push,24,0,1123.0,0,failure,1,0baa0583c7674ddee4ff4a44cd098e1a9533e02f,7,532,108,1,1,8,592,3,45,1,1,7,0,4,11,4,1,5,5,0,0,0,96,2,98,1,1,0,1,6,0,45,0,0,0,0,0,0,31,0,[],java-maven,31168,21519,690.42,0,0,0,0,0,0.0529248,0.955896,0.0222841,0.98143,0,1,1,0,0,1,0,1
32474,6610616384,198181246,Java CI with Maven,master_headerMapper,3670ca1d0c1dd676ca0bd3b44d99f7fa5066d8f4,.github/workflows/maven.yml,success,1345677,chengyouling,35,3,1.0,3.0,"{'chore', 'feat'}",pull_request,20,0,1086.0,1,success,3,7fb63f0dc9f345a6e3002bf1d5e9b823fd5a88d4,2,22,4,0,0,2,26,1,0,0,0,0,0,2,2,0,0,0,7,0,0,0,2,0,2,1,0,0,1,0,0,0,0,0,0,0,0,0,31,0,[],java-maven,30391,21166,696.456,0,0,0,0,0,0.00278552,0.998607,0.00278552,0.998607,3,0,1,0,0,0,0,0
32475,6730209259,198181246,Java CI with Maven,master-graceful,5227c3ecabfcd1b9ff95136c544a40fb3fa65729,.github/workflows/maven.yml,success,1345677,chengyouling,36,4,1.0,4.0,,pull_request,12,0,1089.0,1,success,4,2f248ce20cc321bac13d71f9cc8767dc17efe9b3,4,218,0,2,1,6,216,3,0,1,1,4,0,1,5,0,0,0,3,4,0,4,36,0,36,1,0,0,1,4,0,0,0,0,0,0,0,0,31,0,[],java-maven,30511,21166,693.717,0,0,0,0,0,0.00557103,0.931476,0.00278552,0.887341,3,0,1,0,0,0,0,0
32476,7016534653,198181246,Java CI with Maven,2021.0.x,7a2c19bfbb45ac54b71234083c79298ebe1a5951,.github/workflows/maven.yml,success,1345677,chengyouling,36,4,1.0,1.0,{'fix'},push,16,0,1115.0,1,success,1,f05847732a613738d9621b88d95bc8afa63f4a12,2,186,29,1,1,4,184,4,0,2,0,3,0,0,3,0,0,0,0,0,0,0,23,0,23,1,0,0,1,3,1,0,0,0,1,0,0,0,31,0,[],java-maven,31262,21669,693.142,0,0,0,0,0,0.0306407,0.823977,0.00557103,0.942897,8,0,1,0,0,1,0,0
32477,7176011395,198181246,Java CI with Maven,master-header,1bc75d497d4c2082e57f952825c57b3929ce605a,.github/workflows/maven.yml,failure,1345677,chengyouling,37,5,1.0,4.0,"{'feat', 'fix'}",pull_request,24,0,1132.0,0,success,4,c69540570458a0831264b9eabc3ba082132553bd,16,245,7,0,1,7,86,2,166,1,1,1,0,14,15,9,0,9,51,5,0,5,17,1,18,1,1,0,1,1,0,165,1,0,0,0,0,0,31,0,[],java-maven,31364,21683,691.334,0,0,0,0,0,0.0668524,0.646451,0.0306407,0.515078,10,0,1,0,0,0,0,0
32478,7097518411,198181246,Java CI with Maven,2021.0.x,7379ac5c97ba2be4e44394bdd2d87a4346684a4c,.github/workflows/maven.yml,success,1345677,chengyouling,37,5,1.0,1.0,{'fix'},push,24,0,1121.0,1,success,1,799d90240f7c6832a853ebf89332e1823bd7a67b,2,18,1,0,1,1,6,1,13,0,0,0,0,2,2,2,0,2,7,0,0,0,1,1,2,1,1,0,1,0,0,13,0,0,0,0,0,0,31,0,[],java-maven,31276,21682,693.247,0,0,0,0,0,0.0445682,0.741986,0.0194986,0.662024,9,0,1,0,0,1,0,0
32479,6901474934,198181246,Java CI with Maven,2021.0.x_secNew,4ca4bb9cfde9f5cf9699632ff39d21cc9f9528ed,.github/workflows/maven.yml,success,1345677,chengyouling,35,3,1.0,1.0,,pull_request,19,0,1104.0,1,success,1,05aa23737993cdf3c1a6f9cf4982916fab86fed0,6,30,22,0,1,5,48,1,4,0,0,0,0,6,6,0,0,0,18,1,0,1,0,0,0,1,1,0,1,0,0,2,2,0,0,1,0,0,31,0,[],java-maven,30878,21371,692.111,0,0,0,0,0,0.0167131,0.845953,0.0111421,0.746518,4,0,1,0,0,0,0,0
32480,7002071055,198181246,Java CI with Maven,2021.0.x,f05847732a613738d9621b88d95bc8afa63f4a12,.github/workflows/maven.yml,success,1345677,chengyouling,35,3,1.0,1.0,{'fix'},push,20,0,1112.0,1,success,1,f58153ff4e736d623800ff25e4edd23b905b7ae2,1,4,0,0,0,1,4,1,0,0,0,0,0,1,1,0,0,0,1,0,0,0,1,0,1,1,0,0,1,0,0,0,0,0,0,0,0,0,31,0,[],java-maven,31162,21669,695.366,0,0,0,0,0,0.0278552,0.813484,0.00835655,0.855153,7,0,1,0,0,1,0,0
32481,6938276181,198181246,Java CI with Maven,2021.0.x_updateV,25d8f6118e968aa8296f82e404dacd34248d4ee4,.github/workflows/maven.yml,success,1345677,chengyouling,36,4,1.0,1.0,,pull_request,8,0,1108.0,1,failure,1,1302c876fb8c9cf0bc0b23a5e03f59be0300f3d1,2,5,5,0,0,2,10,2,0,1,1,0,0,1,1,0,0,0,12,0,0,0,0,0,0,1,0,0,1,0,0,0,0,0,0,0,0,0,31,0,[],java-maven,31153,21669,695.567,0,0,0,0,0,0.0222841,0.802461,0.0167131,0.735497,4,0,1,0,0,0,0,0
32482,6969032476,198181246,Java CI with Maven,2021.0.x_congifLoad,69986936cfb1e57a27d7f959999642147b0f274d,.github/workflows/maven.yml,success,1345677,chengyouling,35,3,1.0,1.0,,pull_request,14,0,1109.0,1,failure,1,c0c5746e9aca8139135aad99f02749e08cada3ac,0,29,0,0,0,0,0,1,0,0,0,0,0,0,0,0,0,0,0,0,0,0,0,0,0,0,0,0,1,1,0,0,0,0,1,0,0,0,31,0,[],java-maven,31158,21669,695.455,0,0,0,0,0,0.0278552,0.787459,0.0139276,0.788765,5,0,1,0,0,0,0,0
32483,7298763352,198181246,Java CI with Maven,2021.0.x-home,0d1593497e94c1be69d4ace7f72526d9a9e99c32,.github/workflows/maven.yml,success,1345677,chengyouling,37,3,1.0,2.0,{'chore'},pull_request,14,0,1145.0,1,success,2,86db4d163234dc277cb48c044c2fe3eb4219537f,2,7,8,0,1,0,0,1,0,0,1,0,0,0,0,0,0,0,0,0,0,0,0,0,0,0,0,0,1,0,0,0,0,2,0,0,0,0,31,0,[],java-maven,31877,22017,690.686,0,0,0,0,0,0.0696379,0.617243,0.00557103,0.831012,11,0,1,0,0,0,0,0
32484,6889197757,198181246,Java CI with Maven,master_disc,f2c4b71b8a2a807954ae0f765341d4a19836d33f,.github/workflows/maven.yml,success,1345677,chengyouling,36,4,1.0,4.0,"{'feat', 'fix'}",pull_request,12,0,1096.0,1,success,4,522f0c8f3dede59ce616425df8cdec9b3c0d5c0f,3,435,0,1,1,3,140,4,294,2,1,6,0,0,6,0,0,0,0,0,0,0,33,0,33,1,1,0,1,8,0,294,0,0,0,0,0,0,31,0,[],java-maven,30778,21460,697.251,0,0,0,0,0,0.0139276,0.854656,0.00835655,0.723474,3,0,1,0,0,0,0,0
32485,6884915299,198181246,Java CI with Maven,master_disc,aa463e93541808e5c1fd3f60e7c0639272f2d37a,.github/workflows/maven.yml,failure,1345677,chengyouling,36,4,1.0,2.0,{'feat'},pull_request,12,0,1096.0,1,failure,2,522f0c8f3dede59ce616425df8cdec9b3c0d5c0f,3,435,0,1,1,3,140,4,294,2,1,6,0,0,6,0,0,0,0,0,0,0,33,0,33,1,1,0,1,8,0,294,0,0,0,0,0,0,31,0,[],java-maven,30778,21460,697.251,0,0,0,0,0,0.0139276,0.872098,0.00557103,0.710306,5,0,1,0,0,1,0,0
32486,6729636507,198181246,Java CI with Maven,master-graceful,0e16a78dd91bb9e0b8079bf0b517f648987d8f41,.github/workflows/maven.yml,success,1345677,chengyouling,36,4,1.0,3.0,,pull_request,12,0,1089.0,1,failure,3,2f248ce20cc321bac13d71f9cc8767dc17efe9b3,4,218,0,2,1,6,216,3,0,1,1,4,0,1,5,0,0,0,3,4,0,4,36,0,36,1,0,0,1,4,0,0,0,0,0,0,0,0,31,0,[],java-maven,30511,21166,693.717,0,0,0,0,0,0.00557103,0.926582,0.00278552,0.873259,3,0,1,0,0,0,0,0
32487,7297113585,198181246,Java CI with Maven,2021.0.x-home,43be58cd1ba76c0a3531cd7598b824d206b810b2,.github/workflows/maven.yml,success,1345677,chengyouling,37,3,1.0,1.0,,pull_request,14,0,1145.0,1,failure,1,86db4d163234dc277cb48c044c2fe3eb4219537f,2,6,6,0,1,0,0,1,0,0,1,0,0,0,0,0,0,0,0,0,0,0,0,0,0,0,0,0,1,0,0,0,0,2,0,0,0,0,31,0,[],java-maven,31878,22017,690.664,0,0,0,0,0,0.0696379,0.610864,0.00557103,0.81565,11,0,1,0,0,0,0,0
32488,6610576874,198181246,Java CI with Maven,master_headerMapper,bb74d6985f4cb83db5a91f27293f2cced3d81ca7,.github/workflows/maven.yml,success,1345677,chengyouling,35,3,1.0,2.0,{'feat'},pull_request,20,0,1086.0,1,success,2,7fb63f0dc9f345a6e3002bf1d5e9b823fd5a88d4,2,20,4,0,0,2,24,1,0,0,0,0,0,2,2,0,0,0,7,0,0,0,0,0,0,1,0,0,1,0,0,0,0,0,0,0,0,0,31,0,[],java-maven,30389,21166,696.502,0,0,0,0,0,0.00278552,0.998452,0.00278552,0.998452,3,0,1,0,0,0,0,0
32489,7084589030,198181246,Java CI with Maven,master_invokeContext,a6268fcbbc97b04273326425662d194afcc97c02,.github/workflows/maven.yml,success,1345677,chengyouling,37,5,1.0,1.0,,pull_request,24,0,1123.0,1,failure,1,e9f205bbeeeaf1270d6728ee88bfb517abc8c275,8,441,1,0,0,2,123,3,319,1,1,3,0,5,8,5,0,5,6,1,0,1,43,0,43,1,1,0,1,5,0,319,0,0,0,0,0,0,31,0,[],java-maven,31197,21779,698.112,0,0,0,0,0,0.0362117,0.770169,0.0139276,0.745648,8,0,1,0,0,0,0,0
32490,6784309159,198181246,Java CI with Maven,master_sec,ab2006994d90e1311ca7b0c0215defa310e93d0c,.github/workflows/maven.yml,success,1345677,chengyouling,35,3,1.0,4.0,"{'chore', 'feat', 'perf'}",pull_request,12,0,1093.0,1,success,4,15b689a426a23d7d25d42a9070e87b1f8d962938,1,14,5,0,0,1,19,1,0,0,0,0,0,1,1,0,0,0,1,0,0,0,1,0,1,1,0,0,1,0,0,0,0,0,0,0,0,0,31,0,[],java-maven,30517,21166,693.581,0,0,0,0,0,0.00835655,0.952646,0.00557103,0.935759,4,0,1,0,0,0,0,0
32491,7176091176,198181246,Java CI with Maven,master-header,10a80158ade2d221f45c5823e32fa093196a8ac2,.github/workflows/maven.yml,failure,1345677,chengyouling,37,5,1.0,5.0,"{'feat', 'fix'}",pull_request,24,0,1132.0,1,failure,5,c69540570458a0831264b9eabc3ba082132553bd,16,236,7,0,1,7,86,2,157,1,1,1,0,14,15,9,0,9,51,4,0,4,15,1,16,1,1,0,1,1,0,156,1,0,0,0,0,0,31,0,[],java-maven,31354,21674,691.267,0,0,0,0,0,0.0696379,0.636594,0.0334262,0.493036,10,0,1,0,0,0,0,0
32492,6610367060,198181246,Java CI with Maven,master_headerMapper,091fb7c91461f217ea03582503e2fe09ae0852bf,.github/workflows/maven.yml,success,1345677,chengyouling,35,3,1.0,1.0,,pull_request,20,0,1086.0,0,success,1,7fb63f0dc9f345a6e3002bf1d5e9b823fd5a88d4,1,10,2,0,0,1,12,1,0,0,0,0,0,1,1,0,0,0,3,0,0,0,0,0,0,1,0,0,1,0,0,0,0,0,0,0,0,0,31,0,[],java-maven,30381,21166,696.685,0,0,0,0,0,0.00278552,0.998259,0.00278552,0.998259,3,0,1,0,0,0,0,0
32493,6568505985,198181246,Java CI with Maven,master,d920e4d852fd162e8934c3d63d09ff832de9796b,.github/workflows/maven.yml,success,1345677,liubao68,35,3,0.0,0.0,,push,26,0,1085.0,1,failure,1,96faf2b55fb57c81d6ed45c8c00cf08b8b60b5d3,1,2,2,0,0,1,4,1,0,0,0,0,0,1,1,0,0,0,7,0,0,0,0,0,0,1,0,0,1,0,0,0,0,0,0,0,0,0,31,0,[],java-maven,30373,21166,696.869,0,0,0,0,0,0.00278552,0.855153,0.00278552,0.855153,0,1,1,0,0,1,0,1
32494,6929471787,198181246,Java CI with Maven,master,cf16bbe65d914880c079cbacfe220fe051c2a6d9,.github/workflows/maven.yml,success,1345677,chengyouling,35,3,1.0,1.0,{'fix'},push,8,0,1105.0,1,success,1,b23f9261a761064b8fb0404a2d02144e25ecaf73,2,6,6,0,0,2,12,2,0,1,1,0,0,1,1,0,0,0,12,0,0,0,0,0,0,1,0,0,1,0,0,0,0,0,0,0,0,0,31,0,[],java-maven,30778,21460,697.251,0,0,0,0,0,0.0194986,0.820662,0.0139276,0.758589,4,0,1,0,0,0,0,1
32495,6784293317,198181246,Java CI with Maven,master_sec,8a82292416c4d13be56735d0c66e291613817984,.github/workflows/maven.yml,success,1345677,chengyouling,35,3,1.0,3.0,"{'chore', 'feat', 'perf'}",pull_request,12,0,1093.0,1,success,3,15b689a426a23d7d25d42a9070e87b1f8d962938,1,14,5,0,0,1,19,1,0,0,0,0,0,1,1,0,0,0,1,0,0,0,1,0,1,1,0,0,1,0,0,0,0,0,0,0,0,0,31,0,[],java-maven,30517,21166,693.581,0,0,0,0,0,0.00835655,0.950391,0.00557103,0.931476,4,0,1,0,0,0,0,0
32496,7282933032,198181246,Java CI with Maven,2021.0.x,86db4d163234dc277cb48c044c2fe3eb4219537f,.github/workflows/maven.yml,success,1345677,chengyouling,37,3,1.0,1.0,{'fix'},push,12,0,1141.0,1,success,1,a2f742ae5aafb1c65de8353e8b272243d5f45325,1,1,1,0,0,1,2,1,0,0,0,0,0,0,0,0,0,0,0,0,0,0,0,0,0,0,0,0,1,0,0,0,0,0,0,0,0,0,31,0,[],java-maven,31878,22017,690.664,0,0,0,0,0,0.0668524,0.621453,0.00835655,0.766017,11,0,1,0,0,1,0,0
32497,6988054915,198181246,Java CI with Maven,2021.0.x,f58153ff4e736d623800ff25e4edd23b905b7ae2,.github/workflows/maven.yml,success,1345677,chengyouling,35,3,1.0,1.0,{'fix'},push,14,0,1109.0,1,success,1,c0c5746e9aca8139135aad99f02749e08cada3ac,0,29,0,0,0,0,0,1,0,0,0,0,0,0,0,0,0,0,0,0,0,0,0,0,0,0,0,0,1,1,0,0,0,0,1,0,0,0,31,0,[],java-maven,31158,21669,695.455,0,0,0,0,0,0.0278552,0.796905,0.0111421,0.786542,6,0,1,0,0,1,0,0
32498,7299037526,198181246,Java CI with Maven,master,afa332f081f72f8d264a4a78b81a579879d69c4b,.github/workflows/maven.yml,success,1345677,chengyouling,37,3,1.0,1.0,{'fix'},push,14,0,1144.0,1,success,1,9378ab7ab423f825bd3c2702f28d620a60206667,2,5,6,0,1,0,0,1,0,0,1,0,0,0,0,0,0,0,0,0,0,0,0,0,0,0,0,0,1,0,0,0,0,2,0,0,0,0,31,0,[],java-maven,31494,21808,692.449,0,0,0,0,0,0.0696379,0.635185,0.00557103,0.86481,12,0,1,0,0,1,0,1
32499,7002068699,198181246,Java CI with Maven,master,332c41bd7110bcb0a3a2ad40d89f68c16a3b817a,.github/workflows/maven.yml,success,1345677,chengyouling,37,5,1.0,1.0,{'fix'},push,20,0,1111.0,1,success,1,fa7eea6250f6881ac34040a544e284da58f2ded5,1,4,0,0,0,1,4,1,0,0,0,0,0,1,1,0,0,0,1,0,0,0,1,0,1,1,0,0,1,0,0,0,0,0,0,0,0,0,31,0,[],java-maven,30787,21460,697.047,0,0,0,0,0,0.0278552,0.809598,0.00835655,0.847911,7,0,1,0,0,1,0,1
32500,7161910539,198181246,Java CI with Maven,2021.0.x-invocation,831104ea953f742217ae6e2203c508fecd1004de,.github/workflows/maven.yml,success,1345677,chengyouling,37,5,1.0,1.0,,pull_request,24,0,1130.0,1,failure,1,6a7c159ac3e3a5f8805db0f8e6abe6d1b38c9839,7,493,63,1,1,8,470,3,44,1,1,7,0,4,11,4,1,5,5,0,0,0,96,2,98,1,1,0,1,6,0,44,0,0,0,0,0,0,31,0,[],java-maven,31550,21726,688.621,0,0,0,0,0,0.0557103,0.689056,0.0194986,0.662024,10,0,1,0,0,1,0,0
32501,7203701127,198181246,Java CI with Maven,2021.0.x,7fe73a6b218337d2e9598de936f648424540570d,.github/workflows/maven.yml,success,1345677,liubao68,37,4,1.0,1.0,{'fix'},push,12,0,1136.0,0,success,1,e76ea72ca9f0f8c481823b410ba7782258fc3724,5,113,10,0,1,3,74,2,49,1,1,1,0,4,5,3,0,3,15,0,1,1,10,2,12,1,1,0,1,1,0,49,0,0,0,0,0,0,31,0,[],java-maven,31807,21924,689.282,0,0,0,0,0,0.0752089,0.862396,0.0278552,0.886072,0,1,1,0,0,1,0,0
32502,6558161398,198181246,Java CI with Maven,2021.0.x-security,be4aba4552e946e9673c269441020a5007156960,.github/workflows/maven.yml,success,1345677,chengyouling,35,3,1.0,1.0,{'fix'},pull_request,26,0,1085.0,1,success,1,96faf2b55fb57c81d6ed45c8c00cf08b8b60b5d3,1,2,2,0,0,1,4,1,0,0,0,0,0,1,1,0,0,0,7,0,0,0,0,0,0,1,0,0,1,0,0,0,0,0,0,0,0,0,31,0,[],java-maven,30373,21166,696.869,0,0,0,0,0,0.0,1.0,0.0,1.0,2,0,1,0,0,0,0,0
32503,6888028069,198181246,Java CI with Maven,master_secnew,cb401d23474a040d2d8db299a40d33fae9740159,.github/workflows/maven.yml,failure,1345677,chengyouling,35,3,1.0,1.0,,pull_request,19,0,1100.0,1,success,1,522f0c8f3dede59ce616425df8cdec9b3c0d5c0f,5,20,20,0,0,5,40,1,0,0,0,0,0,5,5,0,0,0,14,1,0,1,0,0,0,1,0,0,1,0,0,0,0,0,0,0,0,0,31,0,[],java-maven,30513,21166,693.672,0,0,0,0,0,0.0139276,0.843475,0.00835655,0.662024,3,0,1,0,0,0,0,0
32504,7005090540,198181246,Java CI with Maven,master_locator,acb2070667a1f726f80f182efe53383d06e526c6,.github/workflows/maven.yml,success,1345677,chengyouling,35,3,1.0,1.0,,pull_request,16,0,1114.0,1,success,1,332c41bd7110bcb0a3a2ad40d89f68c16a3b817a,2,186,12,1,0,4,184,3,0,1,0,3,0,0,3,0,0,0,0,0,0,0,23,0,23,1,0,0,1,3,0,0,0,0,0,0,0,0,31,0,[],java-maven,30887,21460,694.791,0,0,0,0,0,0.0278552,0.817214,0.00835655,0.855153,8,0,1,0,0,0,0,0
32505,6792633933,198181246,Java CI with Maven,master_sec,686ab86bb5e1fd7c7e0d815a8614243e5fd5cca5,.github/workflows/maven.yml,success,1345677,chengyouling,35,3,1.0,5.0,"{'chore', 'feat', 'perf'}",pull_request,12,0,1093.0,1,success,5,15b689a426a23d7d25d42a9070e87b1f8d962938,1,14,5,0,0,1,19,1,0,0,0,0,0,1,1,0,0,0,1,0,0,0,1,0,1,1,0,0,1,0,0,0,0,0,0,0,0,0,31,0,[],java-maven,30517,21166,693.581,0,0,0,0,0,0.00835655,0.954705,0.00557103,0.939538,4,0,1,0,0,0,0,0
32506,6940365991,198181246,Java CI with Maven,master_secnew,8263b42a60ae66fbd6bc334ec6ce2b1794f0d7f4,.github/workflows/maven.yml,success,1345677,chengyouling,35,3,1.0,4.0,"{'chore', 'fix'}",pull_request,19,0,1100.0,1,failure,4,522f0c8f3dede59ce616425df8cdec9b3c0d5c0f,6,23,23,0,1,5,42,1,4,0,0,0,0,6,6,0,0,0,18,1,0,1,0,0,0,1,1,0,1,0,0,2,2,0,0,1,0,0,31,0,[],java-maven,30513,21166,693.672,0,0,0,0,0,0.0250696,0.791658,0.0194986,0.727019,4,0,1,0,0,0,0,0
32507,7000720081,198181246,Java CI with Maven,master_isolation,c0d9ecfe21b732be2f46ec5313cbb20403c5415e,.github/workflows/maven.yml,success,1345677,chengyouling,37,5,1.0,1.0,,pull_request,20,0,1111.0,1,success,1,fa7eea6250f6881ac34040a544e284da58f2ded5,1,4,0,0,0,1,4,1,0,0,0,0,0,1,1,0,0,0,1,0,0,0,1,0,1,1,0,0,1,0,0,0,0,0,0,0,0,0,31,0,[],java-maven,30787,21460,697.047,0,0,0,0,0,0.0278552,0.80132,0.00835655,0.831012,6,0,1,0,0,0,0,0
32508,7282568279,198181246,Java CI with Maven,2021.0.x-upgrade,08ba2d17aab11af0056b4eadcbeebb95e76d1aa6,.github/workflows/maven.yml,success,1345677,chengyouling,37,3,1.0,1.0,,pull_request,12,0,1141.0,1,failure,1,a2f742ae5aafb1c65de8353e8b272243d5f45325,1,1,1,0,0,1,2,1,0,0,0,0,0,0,0,0,0,0,0,0,0,0,0,0,0,0,0,0,1,0,0,0,0,0,0,0,0,0,31,0,[],java-maven,31878,22017,690.664,0,0,0,0,0,0.0640668,0.61928,0.00557103,0.797215,10,0,1,0,0,0,0,0
32509,7175916858,198181246,Java CI with Maven,2021.0.x,9fdc3ef31d5da8917f46b2978b684f8b6f7ec6f6,.github/workflows/maven.yml,success,1345677,liubao68,37,5,1.0,1.0,{'fix'},push,24,0,1130.0,0,failure,1,6a7c159ac3e3a5f8805db0f8e6abe6d1b38c9839,7,493,63,1,1,8,470,3,44,1,1,7,0,4,11,4,1,5,5,0,0,0,96,2,98,1,1,0,1,6,0,44,0,0,0,0,0,0,31,0,[],java-maven,31550,21726,688.621,0,0,0,0,0,0.0640668,0.954238,0.0278552,0.980103,0,1,1,0,0,1,0,0
32510,6888130635,198181246,Java CI with Maven,master_secnew,7003a4a50d61b748081ab9feebacb79cf1776093,.github/workflows/maven.yml,success,1345677,chengyouling,36,4,1.0,2.0,{'fix'},pull_request,19,0,1100.0,1,failure,2,522f0c8f3dede59ce616425df8cdec9b3c0d5c0f,6,22,22,0,0,5,40,1,4,0,0,0,0,6,6,0,0,0,18,1,0,1,0,0,0,1,1,0,1,0,0,2,2,0,0,1,0,0,31,0,[],java-maven,30513,21166,693.672,0,0,0,0,0,0.0139276,0.849273,0.00835655,0.695822,3,0,1,0,0,1,0,0
32511,6613452812,198181246,Java CI with Maven,2021.0.x,c312d19d98a8f2a792cb60d83443726b2513eecd,.github/workflows/maven.yml,success,1345677,liubao68,35,3,1.0,1.0,{'fix'},push,20,0,1087.0,0,success,1,c7c4156cdac4b2e006a80dcf8fa57ac50de89842,2,22,4,0,0,2,26,1,0,0,0,0,0,2,2,0,0,0,7,0,0,0,2,0,2,1,0,0,1,0,0,0,0,0,0,0,0,0,31,0,[],java-maven,30756,21371,694.856,0,0,0,0,0,0.00278552,0.898607,0.00278552,0.898607,0,1,1,0,0,1,0,0
32512,7098429895,198181246,Java CI with Maven,master_invokeContext,311b52ec7e64072196b89473d8f529d34f9b5001,.github/workflows/maven.yml,failure,1345677,chengyouling,37,5,1.0,6.0,"{'feat', 'fix'}",pull_request,24,0,1123.0,1,success,6,e9f205bbeeeaf1270d6728ee88bfb517abc8c275,10,817,108,1,1,8,588,4,334,1,1,10,0,5,15,4,1,5,5,1,0,1,113,2,115,1,1,0,1,11,0,334,0,0,0,0,0,0,31,0,[],java-maven,31335,21794,695.516,0,0,0,0,0,0.0473538,0.729387,0.0222841,0.613742,9,0,1,0,0,0,0,0
32513,6953766117,198181246,Java CI with Maven,master,ebb6b4ef9c7ee0c46ab371df73f7a1de4bfdd391,.github/workflows/maven.yml,failure,1345677,chengyouling,36,4,1.0,1.0,{'fix'},push,19,0,1100.0,0,success,1,cf16bbe65d914880c079cbacfe220fe051c2a6d9,6,23,23,0,1,5,42,1,4,0,0,0,0,6,6,0,0,0,18,1,0,1,0,0,0,1,1,0,1,0,0,2,2,0,0,1,0,0,31,0,[],java-maven,30774,21460,697.342,0,0,0,0,0,0.0278552,0.782398,0.0222841,0.720296,5,0,1,0,0,1,0,1
32514,7189646173,198181246,Java CI with Maven,2021.0.x-header,50c3624703c3c281df0cf5263ac34fe2c4de15d4,.github/workflows/maven.yml,success,1345677,chengyouling,37,5,1.0,1.0,{'fix'},pull_request,24,0,1133.0,1,success,1,9fdc3ef31d5da8917f46b2978b684f8b6f7ec6f6,15,229,6,0,1,7,86,2,149,1,1,1,0,13,14,9,0,9,47,3,0,3,13,0,13,1,1,0,1,1,0,149,0,0,0,0,0,0,31,0,[],java-maven,31730,21875,689.411,0,0,0,0,0,0.0696379,0.652169,0.0194986,0.605695,11,0,1,0,0,0,0,0
32515,7192176778,198181246,Java CI with Maven,2021.0.x-circuitheader,6123bc7b386e965ae65ed6e242b47eb71c6a351b,.github/workflows/maven.yml,success,1345677,chengyouling,37,5,1.0,3.0,"{'chore', 'fix'}",pull_request,12,0,1136.0,1,failure,3,e76ea72ca9f0f8c481823b410ba7782258fc3724,5,113,10,0,1,3,74,2,49,1,1,1,0,4,5,3,0,3,15,0,1,1,10,2,12,1,1,0,1,1,0,49,0,0,0,0,0,0,31,0,[],java-maven,31807,21924,689.282,0,0,0,0,0,0.0807799,0.634615,0.0306407,0.516514,12,0,1,0,0,0,0,0
32516,6988053895,198181246,Java CI with Maven,master,fa7eea6250f6881ac34040a544e284da58f2ded5,.github/workflows/maven.yml,success,1345677,chengyouling,37,5,1.0,1.0,{'fix'},push,14,0,1107.0,1,success,1,ebb6b4ef9c7ee0c46ab371df73f7a1de4bfdd391,0,30,0,0,1,0,0,1,0,0,0,0,0,0,0,0,0,0,0,0,0,0,0,0,0,0,0,0,1,1,0,0,0,0,1,0,0,0,31,0,[],java-maven,30783,21460,697.138,0,0,0,0,0,0.0278552,0.792289,0.0111421,0.774683,6,0,1,0,0,1,0,1
32517,7191864508,198181246,Java CI with Maven,2021.0.x-circuitBreaker,3d094bc25edca789b1f468b5365eaf9d9f37e0b5,.github/workflows/maven.yml,failure,1345677,chengyouling,37,5,,,,pull_request,0,0,,0,success,0,,0,0,0,0,0,0,0,0,0,0,0,0,0,0,0,0,0,0,0,0,0,0,0,0,0,0,0,0,1,0,0,0,0,0,0,0,0,0,31,0,[],java-maven,31627,21774,688.462,0,0,0,0,0,0.0752089,0.647555,0.0250696,0.548592,12,0,1,0,0,0,0,0
32518,6944029580,198181246,Java CI with Maven,master_configLoad,84b64f74f999c84c082959e9513db602adca33e3,.github/workflows/maven.yml,success,1345677,chengyouling,35,3,1.0,2.0,{'chore'},pull_request,14,0,1107.0,1,success,2,cf16bbe65d914880c079cbacfe220fe051c2a6d9,0,30,0,0,0,0,0,1,0,0,0,0,0,0,0,0,0,0,0,0,0,0,0,0,0,0,0,0,1,1,0,0,0,0,1,0,0,0,31,0,[],java-maven,30787,21460,697.047,0,0,0,0,0,0.0250696,0.796866,0.0194986,0.73713,4,0,1,0,0,0,0,0
32519,6568510370,198181246,Java CI with Maven,master,7fb63f0dc9f345a6e3002bf1d5e9b823fd5a88d4,.github/workflows/maven.yml,success,1345677,liubao68,35,3,1.0,1.0,{'fix'},push,8,0,1081.0,1,success,1,d920e4d852fd162e8934c3d63d09ff832de9796b,1,2,2,0,0,0,0,1,0,0,0,0,0,0,0,0,0,0,0,0,0,0,0,0,0,0,0,0,1,0,0,0,0,1,0,0,0,0,31,0,[],java-maven,30373,21166,696.869,0,0,0,0,0,0.00278552,0.873259,0.00278552,0.873259,0,1,1,0,0,1,0,1
32520,7192034503,198181246,Java CI with Maven,2021.0.x-circuitheader,2d8fcb9a6d139c781a6cd98380479424d1a7134a,.github/workflows/maven.yml,failure,1345677,chengyouling,37,5,1.0,1.0,{'fix'},pull_request,12,0,1136.0,1,failure,1,e76ea72ca9f0f8c481823b410ba7782258fc3724,5,112,10,0,1,3,74,2,48,1,1,1,0,4,5,3,0,3,15,0,1,1,10,2,12,1,1,0,1,1,0,48,0,0,0,0,0,0,31,0,[],java-maven,31807,21923,689.251,0,0,0,0,0,0.0779944,0.638494,0.0278552,0.518986,12,0,1,0,0,0,0,0
32521,7207232915,198181246,Java CI with Maven,master-whitelist,fdebd8ba3fd060083a90d7d8caf832a25fc8b77b,.github/workflows/maven.yml,success,1345677,chengyouling,37,4,1.0,1.0,,pull_request,16,0,1138.0,0,success,1,9449ce8fc1dae114b4401425bb54945a0a3ed8e5,8,154,35,0,1,6,96,2,93,0,1,2,0,7,9,3,2,5,13,1,0,1,8,0,8,1,1,0,1,2,0,93,0,0,0,0,0,0,31,0,[],java-maven,31495,21808,692.427,0,0,0,0,0,0.0724234,0.656872,0.0278552,0.564796,12,0,1,0,0,0,0,0
32522,6740570042,198181246,Java CI with Maven,master-graceful,7430a73907e89aa12ec282e000b35147496a42fc,.github/workflows/maven.yml,success,1345677,chengyouling,35,3,1.0,6.0,{'fix'},pull_request,12,0,1089.0,1,success,6,2f248ce20cc321bac13d71f9cc8767dc17efe9b3,4,227,0,2,0,6,225,3,0,1,1,4,0,1,5,0,0,0,3,4,0,4,39,0,39,1,0,0,1,4,0,0,0,0,0,0,0,0,31,0,[],java-maven,30518,21166,693.558,0,0,0,0,0,0.00557103,0.939538,0.00278552,0.907825,3,0,1,0,0,0,0,0
32523,6899548172,198181246,Java CI with Maven,master,b23f9261a761064b8fb0404a2d02144e25ecaf73,.github/workflows/maven.yml,success,1345677,chengyouling,35,3,1.0,1.0,{'fix'},push,12,0,1096.0,1,failure,1,522f0c8f3dede59ce616425df8cdec9b3c0d5c0f,3,435,0,1,1,3,140,4,294,2,1,6,0,0,6,0,0,0,0,0,0,0,33,0,33,1,1,0,1,8,0,294,0,0,0,0,0,0,31,0,[],java-maven,30778,21460,697.251,0,0,0,0,0,0.0167131,0.830548,0.0111421,0.688022,4,0,1,0,0,1,0,1
