id,run_id,repository_id,name,head_branch,head_sha,path,conclusion,workflow_id,actor_name,git_num_committers,repo_team_size_last_3_month,commit_message_issue_ref,gh_commits_on_files_touched,git_commit_attention,trigger_event,gh_pr_description_complexity,gh_num_pr_comments,pr_number,git_same_committer,gh_previous_build_result,git_commits,base_sha,gh_files_modified,gh_lines_added,gh_lines_deleted,gh_other_files,gh_hotspot_files_touched,gh_src_files,gh_src_churn,gh_files_type_modified,gh_test_churn,gh_files_entropy,gh_cross_module_changes,ast_class_added,ast_class_deleted,ast_class_modified,ast_class_changed,ast_met_added,ast_met_deleted,ast_met_changed,ast_met_sig_modified,ast_field_added,ast_field_deleted,ast_field_changed,ast_import_added,ast_import_deleted,ast_import_changed,src_ast_diff,test_ast_diff,gh_dependencies_churn,dependencies_count,gh_files_added,gh_files_deleted,gh_tests_added,gh_tests_deleted,gh_doc_files,gh_config_files,ast_met_body_modified,dockerfile_changed,docker_compose_changed,workflow_size,external_github_resource,test_frameworks,build_language,sloc_initial,test_lines_initial,test_lines_per_1000_sloc,tests_passed,tests_failed,tests_skipped,tests_total,tests_ran,repo_fail_rate_history,gh_committer_bayesian_trust_score_history,repo_fail_rate_recent,gh_committer_bayesian_trust_score_recent,git_committer_repo_exp,is_core_member,concurrent_jobs,committer_cross_project_exp,gh_committer_first_build,prev_build_same_files_touched,repo_ci_config_churn_nums,is_master
45178,8567105458,12323472,Java CI,feat/ipns-resolution,a3b34c42fc8625571e73db90deeefc923c8e3772,.github/workflows/ant.yml,success,5982,ianopolous,24,2,0,0,,push,116,0,1143.0,1,success,1,cccc51ba0f002e97323e5ac2cf571e4db758d7bc,1,8,2,0,0,1,10,1,0,0,0,0,0,1,1,0,0,0,3,0,0,0,0,0,0,1,0,0,0,0,0,0,0,0,0,0,0,0,29,0,[],java-ant,82595,17978,217.665,0,0,0,0,1,0.0798005,0.53825,0.00249377,0.922118,37,0,3,0,0,1,0,0
45179,8283142789,12323472,Java CI,opt/100x-gc,af60ba921e50123032e65389dbdecdfa5151cc3d,.github/workflows/ant.yml,success,5982,ianopolous,24,2,0,0,,push,116,0,1140.0,1,failure,1,2742a041cb2d3be7392a6aca1ad96b80f852cf8c,1,8,3,0,0,1,11,1,0,0,0,0,0,1,1,0,0,0,6,0,0,0,0,0,0,1,0,0,0,0,0,0,0,0,0,0,0,0,29,0,[],java-ant,81469,17678,216.991,0,0,0,0,1,0.0498753,0.506774,0.0374065,0.49332,22,0,3,0,0,1,0,0
45180,9368122096,12323472,Java CI,master,5e9552732c0f3e5a3e35cec4977542fd436422b5,.github/workflows/ant.yml,success,5982,ianopolous,25,4,0,1,{'fix'},push,0,0,,1,success,1,571749f85febcc89202c3eb39a448d6b0fd7ba87,1,7,2,0,0,1,9,1,0,0,0,0,0,1,1,0,0,0,20,0,0,0,0,0,0,1,0,0,0,0,0,0,0,0,0,1,0,0,244,1,[],java-ant,82977,18023,217.205,0,0,0,0,1,0.0074813,0.872662,0.0,1.0,11,0,3,0,0,1,0,1
45181,8267958350,12323472,Java CI,opt/100x-gc,2e33bd074d2259ee177f18405e655a67ebd19489,.github/workflows/ant.yml,failure,5982,ianopolous,24,2,0,0,,push,116,0,1140.0,1,failure,1,3ec14a058f6e6efbe400e3ceff99acf02ea3aaf1,3,50,3,0,0,1,2,1,51,0,0,0,0,3,3,3,0,3,12,0,0,0,6,1,7,1,1,0,0,0,0,49,2,0,0,0,0,0,29,0,[],java-ant,81448,17666,216.899,0,0,0,0,1,0.032419,0.532227,0.0199501,0.523544,11,0,3,0,0,1,0,0
45182,9479482607,12323472,Java CI,fix/deleting-write-shared-folder,515408176e9a47d1a7a7b2d2ba1f6fd52bb8e089,.github/workflows/ant.yml,success,5982,ianopolous,25,4,0,1,{'fix'},push,17,0,1164.0,1,failure,1,2d36c88e73374f02f9feb7b451390c76fcc786a8,1,8,4,0,0,1,12,1,0,0,0,0,0,1,1,0,0,0,9,0,0,0,0,0,0,1,0,0,0,0,0,0,0,0,0,0,0,0,220,1,[],java-ant,83140,18144,218.234,0,0,0,0,1,0.0224439,0.631263,0.0174564,0.493766,17,0,3,0,0,0,0,0
45183,8644374137,12323472,Java CI,opt/async-pki-init,165cb48fb43c4534fa20f5b5268b507b62f9b6c3,.github/workflows/ant.yml,failure,5982,ianopolous,24,2,0,0,,push,23,0,1147.0,1,failure,1,39d1ecfd1fe2896423ac806ebbf104e024c3d30a,2,11,3,0,1,2,14,1,0,0,0,0,0,2,2,0,0,0,26,0,0,0,0,0,0,1,0,0,0,0,0,0,0,0,0,1,0,0,220,1,[],java-ant,82654,17988,217.63,0,0,0,0,1,0.0922693,0.561333,0.0374065,0.552519,45,0,3,0,0,0,0,0
45184,8891682605,12323472,Java CI,fix/mfa-and-offline-login,74e54e4c8dd6f9576d0d2e7b809d2a84504a9e45,.github/workflows/ant.yml,success,5982,ianopolous,25,4,0,0,,push,70,0,1156.0,1,success,1,089cd1dfa4039dde517c8582edc1097c51a7dcc5,5,14,1,0,0,5,15,1,0,0,0,0,0,5,5,3,0,3,31,0,0,0,1,0,1,1,0,0,0,0,0,0,0,0,0,0,0,0,220,1,[],java-ant,82920,18023,217.354,0,0,0,0,1,0.0972569,0.523652,0.00498753,0.897506,50,0,3,0,0,0,0,0
45185,8573502054,12323472,Java CI,feat/ipns-resolution,60ac8d74b1f8b128ea4cb965cab49193453eacd6,.github/workflows/ant.yml,failure,5982,ianopolous,24,2,0,0,,push,116,0,1143.0,1,failure,1,5511b5dd58a13cb4fd0dec2769f2ef424646c50d,2,7,2,0,0,1,3,1,6,0,0,0,0,2,2,0,0,0,17,0,0,0,0,0,0,1,1,0,0,0,0,5,1,0,0,0,0,0,29,0,[],java-ant,82622,17984,217.666,0,0,0,0,1,0.0872818,0.51498,0.00997506,0.746883,40,0,3,0,0,0,0,0
45186,9188899365,12323472,Java CI,fix/oflline-mdns-discovery,97c70950bd369afe7e92f0ae0b0d4405ef3bd78f,.github/workflows/ant.yml,success,5982,ianopolous,25,4,0,1,{'fix'},push,28,0,1160.0,1,success,1,921c18fbaaa776592f792b5bb51e168e65a0d4de,1,0,0,1,0,0,0,1,0,0,0,0,0,0,0,0,0,0,0,0,0,0,0,0,0,0,0,0,0,0,0,0,0,0,0,0,0,0,220,1,[],java-ant,82970,18023,217.223,0,0,0,0,1,0.0124688,0.815348,0.0,1.0,17,0,3,0,0,0,0,0
45187,8525685066,12323472,Java CI,feat/ipns-resolution,df773f9bde7470327b93dde5a781aad0ce63d0cf,.github/workflows/ant.yml,success,5982,ianopolous,24,2,0,0,,push,116,0,1143.0,1,success,1,6444027bfa36b971fac7f67a5777f221b1366f22,3,7,3,0,0,3,10,1,0,0,0,0,0,3,3,0,0,0,38,0,0,0,0,0,0,1,0,0,0,0,0,0,0,0,0,0,0,0,29,0,[],java-ant,82583,17978,217.696,0,0,0,0,1,0.0822943,0.523361,0.0124688,0.66251,33,0,3,0,0,1,0,0
45188,8340328942,12323472,Java CI,opt/100x-gc,5534baf3d4ac1b6b013b4290391d833b1404653f,.github/workflows/ant.yml,failure,5982,ianopolous,24,2,0,0,,push,120,0,1142.0,1,success,1,4b3504d617c0fbdcebbc1244ed1bdb3eb5fdc01a,1,1,1,0,0,0,0,1,2,0,0,0,0,1,1,0,0,0,2,0,0,0,0,0,0,0,1,0,0,0,0,1,1,0,0,1,0,0,29,0,[],java-ant,81600,17792,218.039,0,0,0,0,1,0.0623441,0.470188,0.0448878,0.461736,27,0,3,0,0,0,0,0
45189,8293287243,12323472,Java CI,opt/100x-gc,08e6ee86e6e7e177091ee7aafe318dd0e792c5d3,.github/workflows/ant.yml,success,5982,ianopolous,24,2,0,0,,push,116,0,1140.0,1,success,1,5eb9ae832d2f9d881b895a2b6f1be876525442db,1,1,1,0,0,1,2,1,0,0,0,0,0,1,1,0,0,0,6,0,0,0,0,0,0,1,0,0,0,0,0,0,0,0,0,0,0,0,29,0,[],java-ant,81484,17679,216.963,0,0,0,0,1,0.0498753,0.532067,0.032419,0.532227,24,0,3,0,0,1,0,0
45190,8377953172,12323472,Java CI,feat/ipns-resolution,506d0fe93c2a8a5125e6f4fef44506dad903171e,.github/workflows/ant.yml,success,5982,ianopolous,24,2,0,0,,push,0,0,,1,failure,1,0c1913bbc86f682e71ecd696fe77ef96ad7a4653,4,18,3,1,0,3,21,2,0,1,1,0,0,3,3,1,0,1,53,0,0,0,0,0,0,1,0,0,0,0,0,0,0,0,0,0,0,0,29,0,[],java-ant,82102,17743,216.109,0,0,0,0,1,0.0773067,0.445537,0.0299252,0.514015,27,0,3,0,0,1,0,0
45191,8382282551,12323472,Java CI,feat/ipns-resolution,8a7847a90c6c4564437f031388aac3238cc40387,.github/workflows/ant.yml,success,5982,ianopolous,24,2,0,0,,push,0,0,,1,success,26,e495ea1e4ee49ccf6d8a8086b15ce66d1262e680,23,635,213,0,0,18,658,1,190,0,0,2,0,23,25,6,0,6,225,2,0,2,46,3,49,1,1,0,0,2,0,182,8,0,0,6,0,0,29,0,[],java-ant,82514,17929,217.284,0,0,0,0,1,0.0798005,0.457161,0.032419,0.529925,27,0,3,0,0,0,0,0
45192,8378237039,12323472,Java CI,feat/ipns-resolution,ee284a0208b01b8dd0d42888321c745a7fc80c94,.github/workflows/ant.yml,failure,5982,ianopolous,24,2,0,0,,push,0,0,,1,success,1,506d0fe93c2a8a5125e6f4fef44506dad903171e,2,27,2,0,0,2,29,1,0,0,0,0,0,2,2,1,0,1,8,0,0,0,2,0,2,1,0,0,0,0,0,0,0,0,0,0,0,0,29,0,[],java-ant,82126,17743,216.046,0,0,0,0,1,0.0798005,0.437055,0.032419,0.493766,27,0,3,0,0,1,0,0
45193,8272072920,12323472,Java CI,opt/100x-gc,83eca7eaa7cfb008117b4fa74e87e9e39f63332e,.github/workflows/ant.yml,failure,5982,ianopolous,24,2,0,0,,push,116,0,1140.0,1,failure,1,0688bdfb8a970071ae48ab2d2e0ba4d6b186a362,1,4,1,0,0,0,0,1,5,0,0,0,0,1,1,0,0,0,0,0,0,0,0,0,0,0,1,0,0,0,0,4,1,0,0,2,0,0,29,0,[],java-ant,81453,17669,216.923,0,0,0,0,1,0.042394,0.459601,0.0299252,0.421446,15,0,3,0,0,1,0,0
45194,8455463303,12323472,Java CI,feat/ipns-resolution,57de824287bde2047058e01ca87d29db20210f6b,.github/workflows/ant.yml,failure,5982,ianopolous,24,2,0,0,,push,0,0,,1,failure,1,6226abffb5cca87700354cc17d66583567242cdd,1,4,29,0,0,0,0,1,33,0,0,0,0,1,1,0,1,1,8,0,0,0,0,0,0,0,1,0,0,0,0,4,29,0,0,1,0,0,29,0,[],java-ant,82540,17935,217.289,0,0,0,0,1,0.0798005,0.493564,0.0274314,0.571648,29,0,3,0,0,1,0,0
45195,7727214210,12323472,Java CI,master,849321288b655019b5be676530314ccd0578593e,.github/workflows/ant.yml,success,5982,ianopolous,24,3,0,0,,push,0,0,,1,failure,1,2a0d1640c765155e8c8e2694951b7b063899f212,1,7,0,0,0,0,0,1,7,0,0,0,0,1,1,1,0,1,0,0,0,0,0,0,0,0,1,0,0,0,0,7,0,0,0,0,0,0,29,0,[],java-ant,81112,17613,217.144,0,0,0,0,1,0.00249377,0.855362,0.00249377,0.855362,2,0,3,0,0,1,0,1
45196,8723594945,12323472,Java CI,opt/fast-mirror,6a63d2a2bdfddfec8f410d12056199560286646d,.github/workflows/ant.yml,success,5982,ianopolous,24,3,0,1,{'fix'},push,34,0,1148.0,1,failure,1,c71b23d83f62fc302241dbac6027938e3d93decf,3,28,0,1,0,2,28,2,0,1,1,0,0,2,2,2,0,2,27,0,0,0,0,0,0,1,0,0,0,0,0,0,0,0,0,0,0,0,220,1,[],java-ant,82852,17988,217.11,0,0,0,0,1,0.102244,0.507188,0.0374065,0.440648,35,0,3,0,0,0,0,0
45197,9098521380,12323472,Java CI,fix/oflline-mdns-discovery,213091dc8ce5833d727b2df61dbfaf463b7e9204,.github/workflows/ant.yml,success,5982,ianopolous,25,4,0,1,{'chore'},push,28,0,1160.0,1,success,1,213091dc8ce5833d727b2df61dbfaf463b7e9204,1,0,0,1,0,0,0,1,0,0,0,0,0,0,0,0,0,0,0,0,0,0,0,0,0,0,0,0,0,0,0,0,0,0,0,0,0,0,220,1,[],java-ant,82970,18023,217.223,0,0,0,0,1,0.0124688,0.823376,0.0,1.0,18,0,3,0,0,0,0,0
45198,8545337201,12323472,Java CI,feat/ipns-resolution,cccc51ba0f002e97323e5ac2cf571e4db758d7bc,.github/workflows/ant.yml,success,5982,ianopolous,24,2,0,0,,push,116,0,1143.0,1,failure,1,96a96adb903be54cc3660e6acd23f6f769b5c7c9,2,2,3,0,0,2,5,1,0,0,0,0,0,2,2,0,0,0,9,0,0,0,0,0,0,1,0,0,0,0,0,0,0,0,0,0,0,0,29,0,[],java-ant,82590,17978,217.678,0,0,0,0,1,0.084788,0.52924,0.00498753,0.844236,36,0,3,0,0,1,0,0
45199,8393681392,12323472,Java CI,feat/ipns-resolution,604dc9f532c3c633a5ad75f3d3d845ece91be324,.github/workflows/ant.yml,success,5982,ianopolous,24,2,0,0,,push,0,0,,1,success,1,a8635ec48577ed752b2cd04dcd86a89b8f0c9521,1,2,2,0,0,1,4,1,0,0,0,0,0,1,1,0,0,0,104,0,0,0,0,0,0,1,0,0,0,0,0,0,0,0,0,1,0,0,29,0,[],java-ant,82524,17929,217.258,0,0,0,0,1,0.0773067,0.484974,0.0274314,0.571648,27,0,3,0,0,1,0,0
45200,8451199232,12323472,Java CI,feat/ipns-resolution,80f9fd3b9df1220c9f2884dfc3647ba457c72340,.github/workflows/ant.yml,failure,5982,ianopolous,24,2,0,0,,push,0,0,,1,failure,1,bf34ff1e091f81dfc3fed5097333c02dc4460d32,11,45,30,0,0,10,73,1,2,0,0,0,0,11,11,0,0,0,194,3,0,3,5,0,5,1,1,0,0,0,0,1,1,0,0,1,0,0,29,0,[],java-ant,82558,17960,217.544,0,0,0,0,1,0.074813,0.510432,0.0224439,0.620324,29,0,3,0,0,0,0,0
45201,8590908752,12323472,Java CI,master,7adf923681d210387c0482872c4c516b034aed35,.github/workflows/ant.yml,failure,5982,ianopolous,24,2,0,1,{'chore'},push,0,0,,1,success,1,755430595218cf72ae5d818dec4684dc16f5a282,1,2,2,0,1,1,4,1,0,0,0,0,0,1,1,0,0,0,9,0,0,0,0,0,0,1,0,0,0,0,0,0,0,0,0,0,0,0,244,1,[],java-ant,82635,17984,217.632,0,0,0,0,1,0.102244,0.512516,0.0249377,0.646753,48,0,3,0,0,1,0,1
45202,8606209420,12323472,Java CI,master,0ddbea68950976d18fd6bd6054e444b42d2d8f74,.github/workflows/ant.yml,success,5982,ianopolous,24,3,0,1,{'fix'},push,0,0,,1,success,1,ff0289573162a8c969a4b24fa15053caaac71dec,1,3,3,0,0,1,6,1,0,0,0,0,0,1,1,0,0,0,14,0,0,0,0,0,0,1,0,0,0,0,0,0,0,0,0,0,0,0,244,1,[],java-ant,82635,17984,217.632,0,0,0,0,1,0.104738,0.512358,0.0274314,0.674514,50,0,3,0,0,1,0,1
45203,8520506170,12323472,Java CI,feat/ipns-resolution,6444027bfa36b971fac7f67a5777f221b1366f22,.github/workflows/ant.yml,success,5982,ianopolous,24,2,0,0,,push,116,0,1143.0,1,success,1,7f4945bd1a588ca7de044882eb6be1e526eaa4c3,4,47,4,0,0,3,8,1,43,0,0,0,0,4,4,1,0,1,12,0,0,0,11,0,11,1,1,0,0,0,0,43,0,0,0,1,0,0,29,0,[],java-ant,82579,17978,217.707,0,0,0,0,1,0.0822943,0.516247,0.0124688,0.638404,32,0,3,0,0,1,0,0
45204,8278992555,12323472,Java CI,opt/100x-gc,93fcbaf59d752ec6e11e0247b8901e928d604f00,.github/workflows/ant.yml,success,5982,ianopolous,24,2,0,0,,push,116,0,1140.0,1,success,1,4a5d91d8c5eb4637931fccd5cb2c2079f75a8452,1,1,1,0,0,1,2,1,0,0,0,0,0,1,1,0,0,0,36,0,0,0,0,0,0,1,0,0,0,0,0,0,0,0,0,0,0,0,29,0,[],java-ant,81459,17675,216.98,0,0,0,0,1,0.042394,0.508728,0.0299252,0.493766,18,0,3,0,0,1,0,0
45205,8944231483,12323472,Java CI,master,c81b6e79800653d6d77430c7dab5cb440f3bff12,.github/workflows/ant.yml,failure,5982,ianopolous,25,4,0,1,,push,0,0,,1,success,1,2da19d05a28e023db91ec3a4172ad87cc20067f8,1,2,2,0,0,0,0,1,0,0,0,0,0,0,0,0,0,0,0,0,0,0,0,0,0,0,0,0,0,0,0,0,0,0,1,0,0,0,244,1,[],java-ant,82931,18023,217.325,0,0,0,0,1,0.0922693,0.548233,0.00997506,0.809383,49,0,3,0,0,1,0,1
45206,8271822033,12323472,Java CI,opt/100x-gc,0688bdfb8a970071ae48ab2d2e0ba4d6b186a362,.github/workflows/ant.yml,failure,5982,ianopolous,24,2,0,0,,push,116,0,1140.0,1,failure,1,364b4dca9e9954b976efdd841c962a31e16ecdc3,1,1,1,0,0,0,0,1,2,0,0,0,0,1,1,0,0,0,0,0,0,0,0,0,0,0,1,0,0,0,0,1,1,0,0,1,0,0,29,0,[],java-ant,81450,17666,216.894,0,0,0,0,1,0.0399003,0.475879,0.0274314,0.443142,14,0,3,0,0,1,0,0
45207,9192002562,12323472,Java CI,fix/oflline-mdns-discovery,02dde3626a30252371098ea8b0dd7f553157e7b9,.github/workflows/ant.yml,success,5982,ianopolous,25,4,0,1,{'fix'},push,28,0,1160.0,1,success,1,97c70950bd369afe7e92f0ae0b0d4405ef3bd78f,1,0,0,1,0,0,0,1,0,0,0,0,0,0,0,0,0,0,0,0,0,0,0,0,0,0,0,0,0,0,0,0,0,0,0,0,0,0,220,1,[],java-ant,82970,18023,217.223,0,0,0,0,1,0.0124688,0.823376,0.0,1.0,18,0,3,0,0,0,0,0
45208,9455335037,12323472,Java CI,fix/failed-upload-different-writer,94b8e8001968d32fd3ea6f99e16bbe9b1b36c580,.github/workflows/ant.yml,success,5982,ianopolous,25,4,0,1,,push,77,0,1163.0,1,failure,1,dd0ada194e7d9b10f2624b93cc8d9cf183b198d1,25,115,95,0,0,22,188,1,22,0,0,0,0,25,25,0,0,0,554,0,0,0,1,0,1,1,1,0,0,0,0,11,11,0,0,7,0,0,220,1,[],java-ant,83066,18074,217.586,0,0,0,0,1,0.00997506,0.809383,0.00498753,0.775007,11,0,3,0,0,0,0,0
45209,7366624671,12323472,Java CI,master,12ec589e841fd51233bff15d4d3eb27761efca15,.github/workflows/ant.yml,success,5982,ianopolous,24,3,0,0,,push,0,0,,1,failure,1,626191ff0d25536e6d102a149e43c3d2ee27e369,1,2,0,0,0,1,2,1,0,0,0,0,0,1,1,0,0,0,12,0,0,0,0,0,0,1,0,0,0,0,0,0,0,0,0,0,0,0,29,0,[],java-ant,81065,17597,217.073,0,0,0,0,1,0.0124688,0.683603,0.00249377,0.855362,11,0,3,0,0,1,0,1
45210,9171538167,12323472,Java CI,fix/oflline-mdns-discovery,921c18fbaaa776592f792b5bb51e168e65a0d4de,.github/workflows/ant.yml,success,5982,ianopolous,25,4,0,1,{'chore'},push,28,0,1160.0,1,success,1,213091dc8ce5833d727b2df61dbfaf463b7e9204,1,0,0,1,0,0,0,1,0,0,0,0,0,0,0,0,0,0,0,0,0,0,0,0,0,0,0,0,0,0,0,0,0,0,0,0,0,0,220,1,[],java-ant,82970,18023,217.223,0,0,0,0,1,0.0124688,0.823376,0.0,1.0,18,0,3,0,0,0,0,0
45211,7951712483,12323472,Java CI,master,3d4a3b36a2c1d799c09b1298dc2d31e6a9c8d38e,.github/workflows/ant.yml,success,5982,ianopolous,24,2,0,0,,push,0,0,,1,success,1,805cc8d2f977229f89955a8b659df5e544075f7e,3,87,0,0,0,3,82,1,5,0,0,1,0,3,4,1,0,1,25,0,0,0,5,0,5,1,1,0,0,1,0,5,0,0,0,1,0,0,29,0,[],java-ant,81210,17618,216.944,0,0,0,0,1,0.00249377,0.915628,0.0,1.0,6,0,3,0,0,1,0,1
45212,8781897032,12323472,Java CI,debug/mirror,bf7248e492c1e1870316086b80b3182d42a8d767,.github/workflows/ant.yml,success,5982,ianopolous,24,3,0,1,,push,19,0,1151.0,1,failure,1,7b539213df6ea19640ee5e04f4b2e89b84ab9831,1,4,1,0,1,1,5,1,0,0,0,0,0,1,1,0,0,0,12,0,0,0,0,0,0,1,0,0,0,0,0,0,0,0,0,0,0,0,220,1,[],java-ant,82930,18023,217.328,0,0,0,0,1,0.0997506,0.522077,0.0249377,0.661471,48,0,3,0,0,0,0,0
45213,9021646606,12323472,Java CI,master,c0c3ad6b17e56292818337bc2b0c38f85d57d90a,.github/workflows/ant.yml,failure,5982,ianopolous,25,4,0,1,,push,18,0,1159.0,1,success,1,c81b6e79800653d6d77430c7dab5cb440f3bff12,1,38,0,0,0,1,38,1,0,0,0,0,0,1,1,1,0,1,2,1,0,1,2,0,2,1,0,0,0,0,0,0,0,0,0,1,0,0,244,1,[],java-ant,82967,18023,217.231,0,0,0,0,1,0.0623441,0.576839,0.00498753,0.775007,34,0,3,0,0,1,0,1
45214,8392333069,12323472,Java CI,feat/ipns-resolution,a8635ec48577ed752b2cd04dcd86a89b8f0c9521,.github/workflows/ant.yml,success,5982,ianopolous,24,2,0,0,,push,0,0,,1,success,1,d21a00046320e05e61534fc395e3e04aa4fd14ae,2,18,3,0,0,2,21,1,0,0,0,0,0,2,2,1,0,1,7,0,0,0,1,0,1,1,0,0,0,0,0,0,0,0,0,0,0,0,29,0,[],java-ant,82524,17929,217.258,0,0,0,0,1,0.0773067,0.476094,0.0274314,0.554514,27,0,3,0,0,1,0,0
45215,8542051046,12323472,Java CI,feat/ipns-resolution,f75a6c5ff867cfe7b220732d9d3b54cc0e751dc3,.github/workflows/ant.yml,success,5982,ianopolous,24,2,0,0,,push,116,0,1143.0,1,success,1,df773f9bde7470327b93dde5a781aad0ce63d0cf,1,0,0,1,0,0,0,1,0,0,0,0,0,0,0,0,0,0,0,0,0,0,0,0,0,0,0,0,0,0,0,0,0,0,0,0,0,0,29,0,[],java-ant,82583,17978,217.696,0,0,0,0,1,0.0822943,0.530269,0.00498753,0.844236,34,0,3,0,0,1,0,0
45216,9462173416,12323472,Java CI,master,c822e2c5e84d162b596a14185ee0d8ebf9332a8e,.github/workflows/ant.yml,failure,5982,ianopolous,25,4,0,3,{'fix'},push,77,0,1163.0,1,success,3,5e9552732c0f3e5a3e35cec4977542fd436422b5,28,204,103,0,1,24,228,1,79,0,0,0,0,28,28,2,0,2,572,0,0,0,1,0,1,1,1,0,0,0,0,65,14,0,0,8,0,0,244,1,[],java-ant,83066,18074,217.586,0,0,0,0,1,0.0124688,0.761039,0.0074813,0.696259,12,0,3,0,0,1,0,1
45217,9194083495,12323472,Java CI,master,a9716785897c6a6b4fae3a1801c6569bc89bbb45,.github/workflows/ant.yml,success,5982,ianopolous,25,4,0,4,"{'fix', 'chore'}",push,28,0,1160.0,1,success,4,0ae915357362744863631fa9e31934cbc4d56649,2,6,4,1,0,1,10,2,0,1,1,0,0,1,1,0,0,0,14,0,0,0,0,0,0,1,0,0,0,0,0,0,0,0,0,0,0,0,244,1,[],java-ant,82970,18023,217.223,0,0,0,0,1,0.0124688,0.830736,0.0,1.0,19,0,3,0,0,1,0,1
45218,8899337925,12323472,Java CI,master,b73b5ec9fa701776e35f46fe040f18956fbdced6,.github/workflows/ant.yml,success,5982,ianopolous,25,4,0,1,{'fix'},push,27,0,1157.0,1,success,1,8fe18c22fed0e325f0754109586945234df12024,13,35,24,0,1,12,57,1,2,0,0,0,0,13,13,0,0,0,271,0,0,0,0,0,0,1,1,0,0,0,0,1,1,0,0,1,0,0,244,1,[],java-ant,82931,18023,217.325,0,0,0,0,1,0.0972569,0.538087,0.00498753,0.914589,52,0,3,0,0,1,0,1
45219,8581916379,12323472,Java CI,feat/ipns-resolution,f431b10fbfc917610fcb7a36b541f130a45adb00,.github/workflows/ant.yml,success,5982,ianopolous,24,2,0,1,,push,116,0,1143.0,0,failure,1,bf00bef2e669f0334f010f40cdc9f7a7a72858bd,1,3,1,0,0,1,4,1,0,0,0,0,0,1,1,0,0,0,9,1,0,1,0,0,0,1,0,0,0,0,0,0,0,0,0,1,0,0,29,0,[],java-ant,82626,17984,217.655,0,0,0,0,1,0.0897756,0.528098,0.0124688,0.774314,42,0,3,0,0,0,0,0
45220,8279112660,12323472,Java CI,opt/100x-gc,17ed0d7a9c1482c805f528ed89cb580641459dfc,.github/workflows/ant.yml,success,5982,ianopolous,24,2,0,0,,push,116,0,1140.0,1,success,1,93fcbaf59d752ec6e11e0247b8901e928d604f00,1,2,0,0,0,1,2,1,0,0,0,0,0,1,1,0,0,0,6,0,0,0,0,0,0,1,0,0,0,0,0,0,0,0,0,0,0,0,29,0,[],java-ant,81461,17675,216.975,0,0,0,0,1,0.042394,0.523177,0.0299252,0.514015,19,0,3,0,0,1,0,0
45221,9206958549,12323472,Java CI,fix/add-wasm-type,2119801a448c4079834dc475d5b99b5d42a9edc2,.github/workflows/ant.yml,failure,5982,kevodwyer,25,4,0,1,{'feat'},push,12,0,1162.0,0,failure,1,3b8772a51a0551acf3551b84fa67269df1d8843e,1,2,1,0,0,1,3,1,0,0,0,0,0,1,1,0,0,0,3,0,0,0,0,0,0,1,0,0,0,0,0,0,0,0,0,0,0,0,244,1,[],java-ant,82972,18023,217.218,0,0,0,0,1,0.0074813,0.864173,0.0,1.0,10,0,3,0,0,1,0,0
45222,8579862341,12323472,Java CI,feat/ipns-resolution,bf00bef2e669f0334f010f40cdc9f7a7a72858bd,.github/workflows/ant.yml,success,5982,ianopolous,24,3,0,0,,push,116,0,1143.0,1,failure,1,60ac8d74b1f8b128ea4cb965cab49193453eacd6,1,4,3,0,0,1,7,1,0,0,0,0,0,1,1,0,0,0,2,1,0,1,0,0,0,1,0,0,0,0,0,0,0,0,0,0,0,0,29,0,[],java-ant,82624,17984,217.661,0,0,0,0,1,0.0872818,0.521717,0.00997506,0.761772,41,0,3,0,0,1,0,0
45223,8330076378,12323472,Java CI,master,1c2bff2c7e3d97e73182f9e2af8f0c217ab943a8,.github/workflows/ant.yml,failure,5982,ianopolous,24,2,0,0,,push,116,0,1140.0,1,success,23,5e8b3920422890655abdee9594d86c9c609970f8,23,520,212,0,0,18,656,1,76,0,0,1,0,23,24,6,0,6,216,2,0,2,31,3,34,1,1,0,0,1,0,68,8,0,0,6,0,0,29,0,[],java-ant,81501,17679,216.918,0,0,0,0,1,0.0573566,0.48081,0.0399003,0.509694,25,0,3,0,0,1,0,1
45224,8632400296,12323472,Java CI,master,39d1ecfd1fe2896423ac806ebbf104e024c3d30a,.github/workflows/ant.yml,success,5982,ianopolous,24,3,0,1,,push,0,0,,1,failure,1,da36018e1889ada4b2ad0eaec72e6e498ec308c0,1,1,1,0,0,0,0,1,2,0,0,0,0,1,1,0,0,0,1,0,0,0,0,0,0,0,1,0,0,0,0,1,1,0,0,1,0,0,244,1,[],java-ant,82646,17988,217.651,0,0,0,0,1,0.104738,0.530954,0.0349127,0.608671,51,0,3,0,0,1,0,1
45225,8262468149,12323472,Java CI,feat/support-updated-chat-api,c7260973b8d60212c813c2420d9b38e96f210970,.github/workflows/ant.yml,success,5982,kevodwyer,24,2,0,0,,push,0,0,,0,failure,1,5e8b3920422890655abdee9594d86c9c609970f8,3,259,3,0,0,7,261,1,1,0,0,5,0,3,8,3,0,3,68,0,0,0,28,2,30,1,1,0,0,5,0,1,0,0,0,0,0,0,29,0,[],java-ant,81441,17620,216.353,0,0,0,0,1,0.0199501,0.842893,0.0074813,0.993766,0,1,3,0,0,1,0,0
45226,8898143036,12323472,Java CI,fix/stay-logged-in-mfa,372aacd3e663e6e29e578a8a1a9d506284c0dcbc,.github/workflows/ant.yml,success,5982,ianopolous,25,4,0,0,,push,27,0,1157.0,1,success,1,8fe18c22fed0e325f0754109586945234df12024,13,35,24,0,1,12,57,1,2,0,0,0,0,13,13,0,0,0,271,0,0,0,0,0,0,1,1,0,0,0,0,1,1,0,0,1,0,0,220,1,[],java-ant,82931,18023,217.325,0,0,0,0,1,0.0972569,0.53098,0.00498753,0.906824,51,0,3,0,0,0,0,0
45227,8674632154,12323472,Java CI,master,aa81d13172c291aea3bfbc8c6c8e0efe299b84c2,.github/workflows/ant.yml,success,5982,ianopolous,24,3,0,6,"{'feat', 'fix'}",push,32,0,1141.0,0,failure,6,326c060aa2b11c02bee896ef25f4c75a2bbf9929,5,58,3,0,1,3,26,1,35,0,0,0,0,5,5,5,0,5,88,0,0,0,1,1,2,1,1,0,0,0,0,35,0,0,0,0,0,0,244,1,[],java-ant,82697,18023,217.94,0,0,0,0,1,0.0997506,0.500018,0.0448878,0.471022,35,0,3,0,0,1,0,1
45228,8925650442,12323472,Java CI,feat/mdns,26ba267db9c7c7996456ed1705c21d25daaf1237,.github/workflows/ant.yml,success,5982,ianopolous,25,4,0,0,,push,10,0,1158.0,1,success,1,b73b5ec9fa701776e35f46fe040f18956fbdced6,1,0,0,1,0,0,0,1,0,0,0,0,0,0,0,0,0,0,0,0,0,0,0,0,0,0,0,0,0,0,0,0,0,0,0,0,0,0,220,1,[],java-ant,82931,18023,217.325,0,0,0,0,1,0.0947631,0.539472,0.00498753,0.921159,50,0,3,0,0,0,0,0
45229,8393687672,12323472,Java CI,feat/ipns-resolution,c9e41b46fd93af54ff82c3d31bbe91e8483732a0,.github/workflows/ant.yml,success,5982,ianopolous,24,2,0,0,,push,0,0,,1,success,1,604dc9f532c3c633a5ad75f3d3d845ece91be324,1,1,0,0,0,1,1,1,0,0,0,0,0,1,1,0,0,0,104,0,0,0,0,0,0,1,0,0,0,0,0,0,0,0,0,0,0,0,29,0,[],java-ant,82525,17929,217.255,0,0,0,0,1,0.0773067,0.493558,0.0274314,0.587513,27,0,3,0,0,1,0,0
45230,8595370977,12323472,Java CI,feat/support-updated-chat-api,2ebfe4c792d43c9d228d4e0367693bc3ed72799f,.github/workflows/ant.yml,failure,5982,kevodwyer,24,2,0,8,"{'chore', 'fix', 'feat'}",push,32,0,1141.0,0,failure,8,3d9acb3dda2c3af6370ebb1bcb4ecfe82a01cbcd,3,13,4,0,1,3,17,1,0,0,0,0,0,3,3,0,0,0,14,0,0,0,0,0,0,1,0,0,0,0,0,0,0,0,0,0,0,0,220,1,[],java-ant,82651,17984,217.59,0,0,0,0,1,0.104738,0.588755,0.0274314,0.651427,4,1,3,0,0,1,0,0
45231,8646627041,12323472,Java CI,master,326c060aa2b11c02bee896ef25f4c75a2bbf9929,.github/workflows/ant.yml,failure,5982,ianopolous,24,2,0,1,,push,23,0,1147.0,1,failure,1,39d1ecfd1fe2896423ac806ebbf104e024c3d30a,2,11,3,0,1,2,14,1,0,0,0,0,0,2,2,0,0,0,26,0,0,0,0,0,0,1,0,0,0,0,0,0,0,0,0,1,0,0,244,1,[],java-ant,82654,17988,217.63,0,0,0,0,1,0.0922693,0.542798,0.0399003,0.530788,42,0,3,0,0,1,0,1
45232,7874684216,12323472,pages build and deployment,gh-pages,d99dcd9cdbf63d92f1ef4329a638a767d419c988,dynamic/pages/pages-build-deployment,success,18801354,ianopolous,24,2,0,0,,dynamic,0,0,,1,success,1,f0a1541f114f14e8197b76350ee102c9c6984403,36,36,36,0,0,36,72,1,0,0,1,0,0,0,0,0,0,0,0,0,0,0,0,0,0,0,0,0,0,0,0,0,0,0,0,0,0,0,1,0,[],java-ant,97992,14989,152.961,0,0,0,0,0,0.00249377,0.887503,0.0,1.0,3,0,3,0,0,0,0,0
45233,8018622325,12323472,Java CI,feat/mathjax-support,a1d033bac909af72bfbf398ed655ee7945bec77b,.github/workflows/ant.yml,failure,5982,kevodwyer,24,2,0,0,,push,0,0,,0,failure,1,2db361a18d0473180784512b9332b404b921bbd4,1,3,1,0,0,1,4,1,0,0,0,0,0,1,1,0,0,0,3,0,0,0,0,0,0,1,0,0,0,0,0,0,0,0,0,0,0,0,29,0,[],java-ant,81224,17619,216.919,0,0,0,0,1,0.0074813,0.827099,0.00498753,0.829177,0,1,3,0,0,0,0,0
45234,7886187119,12323472,Java CI,master,805cc8d2f977229f89955a8b659df5e544075f7e,.github/workflows/ant.yml,success,5982,ianopolous,24,2,0,0,,push,0,0,,1,success,1,6c0d3be2eb7298050bc7fc12472cd7165e53faf9,1,1,1,0,0,1,2,1,0,0,0,0,0,1,1,0,0,0,101,0,0,0,0,0,0,1,0,0,0,0,0,0,0,0,0,0,0,0,29,0,[],java-ant,81133,17613,217.088,0,0,0,0,1,0.00249377,0.898753,0.0,1.0,4,0,3,0,0,1,0,1
45235,8752023268,12323472,Java CI,debug/mirror,3e95748e6ac1c3a1dc6c29a3535107e0887f5a42,.github/workflows/ant.yml,failure,5982,ianopolous,24,3,0,1,{'ci'},push,0,0,,1,success,1,098ae76e4cab8c8f3683885fba29887f5ba21019,1,1,1,0,1,1,2,1,0,0,0,0,0,1,1,0,0,0,23,0,0,0,0,0,0,1,0,0,0,0,0,0,0,0,0,0,0,0,220,1,[],java-ant,82914,18023,217.37,0,0,0,0,1,0.0922693,0.553616,0.032419,0.618246,41,0,3,0,0,1,0,0
45236,8454411785,12323472,Java CI,feat/ipns-resolution,6226abffb5cca87700354cc17d66583567242cdd,.github/workflows/ant.yml,failure,5982,ianopolous,24,2,0,0,,push,0,0,,1,failure,1,80f9fd3b9df1220c9f2884dfc3647ba457c72340,1,1,1,0,0,0,0,1,2,0,0,0,0,1,1,0,0,0,1,0,0,0,0,0,0,0,1,0,0,0,0,1,1,0,0,1,0,0,29,0,[],java-ant,82558,17960,217.544,0,0,0,0,1,0.0773067,0.50186,0.0249377,0.595012,29,0,3,0,0,1,0,0
45237,8590902148,12323472,Java CI,master,755430595218cf72ae5d818dec4684dc16f5a282,.github/workflows/ant.yml,success,5982,ianopolous,24,2,0,1,,push,0,0,,1,success,1,715608601a67104fc99fff12700e4d352e731d3e,1,4,0,0,1,1,4,1,0,0,0,0,0,1,1,0,0,0,3,0,0,0,0,0,0,1,0,0,0,0,0,0,0,0,0,0,0,0,244,1,[],java-ant,82635,17984,217.632,0,0,0,0,1,0.0997506,0.519247,0.0224439,0.676717,47,0,3,0,0,1,0,1
45238,8433405996,12323472,Java CI,master,a2478b5853f1e8caf4c74d60d7850d867158c9e2,.github/workflows/ant.yml,success,5982,ianopolous,24,2,0,0,,push,55,0,1144.0,1,success,2,563e314e5e1c4d304dc81afb84ea2c20dd2e0142,1,1,0,2,0,1,1,2,0,1,1,0,0,0,0,0,0,0,0,0,0,0,0,0,0,0,0,0,0,1,1,0,0,0,0,0,0,0,29,0,[],java-ant,81601,17792,218.037,0,0,0,0,1,0.0723192,0.527307,0.0224439,0.64953,29,0,3,0,0,1,0,1
45239,9019886206,12323472,Java CI,opt/pointer-target-cache,7bf62c173a80717346562249136d8c505ea2df3b,.github/workflows/ant.yml,success,5982,ianopolous,25,4,0,1,,push,18,0,1159.0,1,success,1,c81b6e79800653d6d77430c7dab5cb440f3bff12,1,38,0,0,0,1,38,1,0,0,0,0,0,1,1,1,0,1,2,1,0,1,2,0,2,1,0,0,0,0,0,0,0,0,0,1,0,0,244,1,[],java-ant,82967,18023,217.231,0,0,0,0,1,0.0623441,0.576839,0.00498753,0.775007,34,0,3,0,0,1,0,0
45240,9506958180,12323472,Java CI,master,cedd09b7f3efd157622c3c4fc82c89c91811dc4c,.github/workflows/ant.yml,failure,5982,ianopolous,25,4,0,1,{'fix'},push,0,0,,1,success,1,7585a22f66ec907dd60fbb73aead1dc67a71c692,1,2,0,0,0,1,2,1,0,0,0,0,0,1,1,0,0,0,13,0,0,0,0,0,0,1,0,0,0,0,0,0,0,0,0,1,0,0,244,1,[],java-ant,83142,18144,218.229,0,0,0,0,1,0.0249377,0.603274,0.0199501,0.493766,18,0,3,0,0,0,0,1
45241,8802227988,12323472,Java CI,master,12e269fa09d6860bedb915aa25690e80ba2fa329,.github/workflows/ant.yml,success,5982,ianopolous,24,3,0,1,,push,0,0,,1,failure,1,97282b27c31014bf6ab55bf2c64693d9f31f2f0b,1,5,2,0,0,1,7,1,0,0,0,0,0,1,1,0,0,0,1,0,0,0,1,0,1,1,0,0,0,0,0,0,0,0,0,0,0,0,244,1,[],java-ant,82940,18023,217.302,0,0,0,0,1,0.104738,0.492299,0.0224439,0.620324,48,0,3,0,0,1,0,1
45242,8278801293,12323472,Java CI,opt/100x-gc,4a5d91d8c5eb4637931fccd5cb2c2079f75a8452,.github/workflows/ant.yml,success,5982,ianopolous,24,2,0,0,,push,116,0,1140.0,1,success,1,834910c4da4e0b3244f9e9bfd8a51e658319a6e5,1,10,4,0,0,0,0,1,14,0,0,0,0,1,1,0,0,0,0,0,0,0,0,0,0,0,1,0,0,0,0,10,4,0,0,1,0,0,29,0,[],java-ant,81459,17675,216.98,0,0,0,0,1,0.042394,0.493376,0.0299252,0.471755,17,0,3,0,0,1,0,0
45243,7748816744,12323472,Java CI,master,6c0d3be2eb7298050bc7fc12472cd7165e53faf9,.github/workflows/ant.yml,success,5982,ianopolous,3,1,0,0,,push,0,0,,1,success,1,849321288b655019b5be676530314ccd0578593e,1,26,2,0,0,1,28,1,0,0,0,0,0,1,1,0,0,0,4,7,0,7,0,0,0,1,0,0,0,0,0,0,0,0,0,0,0,0,29,0,[],,81133,17613,217.088,0,0,0,0,1,0.00249377,0.873441,0.00249377,0.873441,3,0,3,0,1,1,0,1
45244,8387725201,12323472,Java CI,feat/ipns-resolution,d21a00046320e05e61534fc395e3e04aa4fd14ae,.github/workflows/ant.yml,success,5982,ianopolous,24,2,0,0,,push,0,0,,1,success,1,8a7847a90c6c4564437f031388aac3238cc40387,1,0,0,1,0,0,0,1,0,0,0,0,0,0,0,0,0,0,0,0,0,0,0,0,0,0,0,0,0,0,0,0,0,0,0,0,0,0,29,0,[],java-ant,82514,17929,217.284,0,0,0,0,1,0.0798005,0.466684,0.032419,0.512515,27,0,3,0,0,0,0,0
45245,8604686862,12323472,Java CI,master,ff0289573162a8c969a4b24fa15053caaac71dec,.github/workflows/ant.yml,success,5982,ianopolous,24,2,0,1,{'build'},push,0,0,,0,failure,1,7adf923681d210387c0482872c4c516b034aed35,1,1,1,0,0,1,2,1,0,0,0,0,0,1,1,0,0,0,3,0,0,0,0,0,0,1,0,0,0,0,0,0,0,0,0,0,0,0,244,1,[],java-ant,82635,17984,217.632,0,0,0,0,1,0.104738,0.506107,0.0274314,0.660952,49,0,3,0,0,1,0,1
45246,8751777587,12323472,Java CI,debug/mirror,098ae76e4cab8c8f3683885fba29887f5ba21019,.github/workflows/ant.yml,success,5982,ianopolous,24,3,0,1,{'fix'},push,0,0,,1,success,1,89573e6cd44bb846ae4fd93e738ff03af93dfd9f,1,3,3,0,0,1,6,1,0,0,0,0,0,1,1,0,0,0,11,0,0,0,0,0,0,1,0,0,0,0,0,0,0,0,0,0,0,0,220,1,[],java-ant,82914,18023,217.37,0,0,0,0,1,0.0897756,0.562325,0.0299252,0.645668,41,0,3,0,0,1,0,0
45247,8705847146,12323472,Java CI,master,63345e7dbad2b6372a2b1aa45621b078b70d3b55,.github/workflows/ant.yml,success,5982,ianopolous,24,2,0,1,{'docs'},push,0,0,,1,failure,1,a38c233e5d248daa2d418068450b97ca32aeb01b,1,8,0,0,0,0,0,1,0,0,0,0,0,0,0,0,0,0,0,0,0,0,0,0,0,0,0,0,0,0,0,0,0,1,0,0,0,0,244,1,[],java-ant,82711,18023,217.903,0,0,0,0,1,0.102244,0.507188,0.042394,0.44491,35,0,3,0,0,1,0,1
45248,8727076565,12323472,Java CI,master,28a13eec259b28ae8736fe6fb4157fead94100f4,.github/workflows/ant.yml,success,5982,ianopolous,24,3,1,1,{'fix'},push,34,0,1148.0,1,success,1,63345e7dbad2b6372a2b1aa45621b078b70d3b55,13,290,61,2,1,13,351,4,0,1,1,1,0,11,12,11,0,11,201,0,0,0,7,0,7,1,0,0,0,1,1,0,0,0,0,1,0,0,244,1,[],java-ant,82909,18023,217.383,0,0,0,0,1,0.0997506,0.522077,0.0374065,0.467284,36,0,3,0,0,1,0,1
45249,8513688088,12323472,Java CI,feat/ipns-resolution,7f4945bd1a588ca7de044882eb6be1e526eaa4c3,.github/workflows/ant.yml,success,5982,ianopolous,24,2,0,0,,push,116,0,1143.0,1,success,1,beb35d06760c279e8593ebf871581b55d45d536e,1,1,1,0,0,1,2,1,0,0,0,0,0,1,1,0,0,0,9,0,0,0,0,0,0,1,0,0,0,0,0,0,0,0,0,0,0,0,29,0,[],java-ant,82541,17935,217.286,0,0,0,0,1,0.0822943,0.508917,0.0124688,0.66251,31,0,3,0,0,0,0,0
45250,8767002030,12323472,Java CI,master,fbcd7b145cd26259dd0ee1e5d4c43130a3a76a36,.github/workflows/ant.yml,failure,5982,ianopolous,24,3,0,1,,push,0,0,,1,success,1,6738399e357ff4745f8149f6cec120a5bc30fc12,1,2,0,0,0,1,2,1,0,0,0,0,0,1,1,0,0,0,3,0,0,0,0,0,0,1,0,0,0,0,0,0,0,0,0,0,0,0,244,1,[],java-ant,82916,18023,217.365,0,0,0,0,1,0.0947631,0.531172,0.0224439,0.676717,42,0,3,0,0,1,0,1
45251,8356988392,12323472,Java CI,feat/ipns-resolution,dcf48a844c1abd943201bf2d11df9db8d91ae6a7,.github/workflows/ant.yml,success,5982,ianopolous,24,2,0,0,,push,0,0,,1,failure,1,d81150f3df0e1da8d0ae28d0acf6d8897c6ff4a6,1,2,1,0,0,1,3,1,0,0,0,0,0,1,1,0,0,0,9,0,0,0,0,0,0,1,0,0,0,0,0,0,0,0,0,0,0,0,29,0,[],java-ant,81920,17685,215.881,0,0,0,0,1,0.0623441,0.493223,0.0448878,0.493399,27,0,3,0,0,0,0,0
45252,8293274103,12323472,Java CI,opt/100x-gc,5eb9ae832d2f9d881b895a2b6f1be876525442db,.github/workflows/ant.yml,success,5982,ianopolous,24,2,0,0,,push,116,0,1140.0,1,success,1,af60ba921e50123032e65389dbdecdfa5151cc3d,4,21,4,0,0,3,22,1,3,0,0,0,0,4,4,1,0,1,59,1,0,1,0,0,0,1,1,0,0,0,0,2,1,0,0,1,0,0,29,0,[],java-ant,81484,17679,216.963,0,0,0,0,1,0.0498753,0.519753,0.032419,0.513516,23,0,3,0,0,1,0,0
45253,8276454592,12323472,Java CI,opt/100x-gc,834910c4da4e0b3244f9e9bfd8a51e658319a6e5,.github/workflows/ant.yml,success,5982,ianopolous,24,2,0,0,,push,116,0,1140.0,1,failure,1,83eca7eaa7cfb008117b4fa74e87e9e39f63332e,1,2,1,0,0,1,3,1,0,0,0,0,0,1,1,0,0,0,9,0,0,0,0,0,0,1,0,0,0,0,0,0,0,0,0,0,0,0,29,0,[],java-ant,81454,17669,216.92,0,0,0,0,1,0.042394,0.477033,0.0299252,0.447744,16,0,3,0,0,1,0,0
45254,8928698799,12323472,Java CI,master,2da19d05a28e023db91ec3a4172ad87cc20067f8,.github/workflows/ant.yml,success,5982,ianopolous,25,4,0,1,,push,0,0,,1,failure,1,db00b9abc53016bf45ccc61c10360344e2e3d6ec,1,1,1,0,0,0,0,1,2,0,0,0,0,1,1,0,0,0,1,0,0,0,0,0,0,0,1,0,0,0,0,1,1,0,0,1,0,0,244,1,[],java-ant,82931,18023,217.325,0,0,0,0,1,0.0972569,0.538087,0.0074813,0.864173,52,0,3,0,0,1,0,1
45255,9481050438,12323472,Java CI,master,7585a22f66ec907dd60fbb73aead1dc67a71c692,.github/workflows/ant.yml,success,5982,ianopolous,25,4,0,5,{'fix'},push,17,0,1164.0,1,success,5,c822e2c5e84d162b596a14185ee0d8ebf9332a8e,5,119,25,0,1,4,62,1,82,0,0,0,0,5,5,4,0,4,128,0,0,0,0,0,0,1,1,0,0,0,0,76,6,0,0,1,0,0,244,1,[],java-ant,83140,18144,218.234,0,0,0,0,1,0.0224439,0.647295,0.0174564,0.527515,18,0,3,0,0,1,0,1
45256,9348732798,12323472,Java CI,master,571749f85febcc89202c3eb39a448d6b0fd7ba87,.github/workflows/ant.yml,success,5982,ianopolous,25,4,0,1,{'feat'},push,12,0,1162.0,0,failure,1,3b8772a51a0551acf3551b84fa67269df1d8843e,1,2,1,0,0,1,3,1,0,0,0,0,0,1,1,0,0,0,3,0,0,0,0,0,0,1,0,0,0,0,0,0,0,0,0,0,0,0,244,1,[],java-ant,82972,18023,217.218,0,0,0,0,1,0.0074813,0.864173,0.0,1.0,10,0,3,0,0,1,0,1
45257,8802294040,12323472,Java CI,master,ae01757a05617d253c247fe68a4115204692e3df,.github/workflows/ant.yml,success,5982,ianopolous,25,4,0,1,,push,0,0,,1,success,1,12e269fa09d6860bedb915aa25690e80ba2fa329,1,4,2,0,0,1,6,1,0,0,0,0,0,1,1,0,0,0,1,0,0,0,0,0,0,1,0,0,0,0,0,0,0,0,0,0,0,0,244,1,[],java-ant,82942,18023,217.296,0,0,0,0,1,0.104738,0.499657,0.0224439,0.635511,49,0,3,0,0,1,0,1
45258,8767183449,12323472,Java CI,debug/mirror,e0235267e3448e87602efc969423eef40ab61a3e,.github/workflows/ant.yml,failure,5982,ianopolous,24,3,0,5,"{'fix', 'ci'}",push,19,0,1151.0,1,failure,5,52e73aec455d6ed162a3cf9cb4059bbaa020ee25,1,2,0,0,0,1,2,1,0,0,0,0,0,1,1,0,0,0,3,0,0,0,0,0,0,1,0,0,0,0,0,0,0,0,0,0,0,0,220,1,[],java-ant,82920,18023,217.354,0,0,0,0,1,0.0972569,0.522935,0.0249377,0.646753,46,0,3,0,0,1,0,0
45259,8876461660,12323472,Java CI,fix/offline-access-exception-handling,9a95fb222cdd5c8214fb654f0b5850e3eda90844,.github/workflows/ant.yml,failure,5982,kevodwyer,25,4,0,0,,push,16,0,1153.0,0,failure,1,b060b1094d25a60ab9b8965e8178231bb7b8dd6c,2,2,42,0,0,3,44,1,0,0,0,0,1,2,3,0,0,0,106,0,0,0,0,4,4,1,0,0,0,0,1,0,0,0,0,0,0,0,220,1,[],java-ant,82910,18023,217.38,0,0,0,0,1,0.0972569,0.367581,0.00997506,0.825021,8,1,3,0,0,0,0,0
45260,8687543181,12323472,Java CI,master,dfc8de6a4ec6c80c51d928004257ca33da3768ee,.github/workflows/ant.yml,success,5982,ianopolous,24,3,0,1,{'fix'},push,0,0,,1,failure,1,aa81d13172c291aea3bfbc8c6c8e0efe299b84c2,1,1,1,0,1,1,2,1,0,0,0,0,0,1,1,0,0,0,25,0,0,0,0,0,0,1,0,0,0,0,0,0,0,0,0,0,0,0,244,1,[],java-ant,82697,18023,217.94,0,0,0,0,1,0.102244,0.499842,0.0349127,0.492065,36,0,3,0,0,1,0,1
45261,8195768150,12323472,Java CI,feat/ipns-resolution,2ad4aad0e4d4f0c6b217b0d52a0d2c6bc3ce2a1e,.github/workflows/ant.yml,success,5982,ianopolous,24,2,0,0,,push,0,0,,1,success,1,c2b23fb4024870d736d52f78d786ccc62a36d10c,12,112,99,0,0,11,209,1,2,0,0,0,0,12,12,1,0,1,102,6,6,12,9,7,16,1,1,0,0,0,0,1,1,0,0,3,0,0,29,0,[],java-ant,81592,17629,216.063,0,0,0,0,1,0.0174564,0.695636,0.00498753,0.775007,6,0,3,0,0,1,0,0
45262,8580415358,12323472,Java CI,feat/support-updated-chat-api,5c0800b96f3937d6956220da403b524e6b3c9805,.github/workflows/ant.yml,failure,5982,kevodwyer,24,2,0,1,,push,0,0,,0,success,1,06fe53724a901c823f54f34700adbeb63e270d36,2,21,239,0,0,7,260,1,0,0,0,0,5,2,7,3,0,3,10,0,0,0,2,27,29,1,0,0,0,0,5,0,0,0,0,0,0,0,29,0,[],java-ant,81256,17620,216.846,0,0,0,0,1,0.0897756,0.69389,0.0124688,0.822943,0,1,3,0,0,1,0,0
45263,8236869336,12323472,Java CI,feat/ipns-resolution,fbf405c51960b3e7fb341b6f4551ed7c9bb9e6d4,.github/workflows/ant.yml,success,5982,ianopolous,24,2,0,0,,push,0,0,,1,success,1,d2063e0f6c2c9bfd71637541382fbb114ddf3e3d,2,4,4,0,0,2,8,1,0,0,0,0,0,2,2,0,0,0,29,0,0,0,1,1,2,1,0,0,0,0,0,0,0,0,0,1,0,0,29,0,[],java-ant,81778,17683,216.232,0,0,0,0,1,0.0174564,0.710129,0.00498753,0.815915,6,0,3,0,0,1,0,0
45264,8497598361,12323472,Java CI,feat/ipns-resolution,beb35d06760c279e8593ebf871581b55d45d536e,.github/workflows/ant.yml,success,5982,ianopolous,24,2,0,0,,push,116,0,1143.0,1,failure,1,5557b3d8dc90adef00899602ce16e426bee2fb96,1,0,0,1,0,0,0,1,0,0,0,0,0,0,0,0,0,0,0,0,0,0,0,0,0,0,0,0,0,0,0,0,0,0,0,0,0,0,29,0,[],java-ant,82541,17935,217.286,0,0,0,0,1,0.0822943,0.501362,0.0124688,0.66251,30,0,3,0,0,0,0,0
45265,9066321309,12323472,Java CI,master,0ae915357362744863631fa9e31934cbc4d56649,.github/workflows/ant.yml,success,5982,ianopolous,25,4,0,1,,push,0,0,,1,failure,1,c0c3ad6b17e56292818337bc2b0c38f85d57d90a,1,2,1,0,0,1,3,1,0,0,0,0,0,1,1,0,0,0,3,0,0,0,0,0,0,1,0,0,0,0,0,0,0,0,0,0,0,0,244,1,[],java-ant,82968,18023,217.228,0,0,0,0,1,0.042394,0.653367,0.00249377,0.873441,33,0,3,0,0,1,0,1
45266,8766235877,12323472,Java CI,debug/mirror,52e73aec455d6ed162a3cf9cb4059bbaa020ee25,.github/workflows/ant.yml,success,5982,ianopolous,24,3,0,1,,push,0,0,,1,failure,1,3e95748e6ac1c3a1dc6c29a3535107e0887f5a42,1,8,3,0,0,1,11,1,0,0,0,0,0,1,1,0,0,0,11,0,0,0,0,0,0,1,0,0,0,0,0,0,0,0,0,0,0,0,220,1,[],java-ant,82918,18023,217.359,0,0,0,0,1,0.0922693,0.539666,0.0199501,0.709536,41,0,3,0,0,1,0,0
45267,8636961585,12323472,Java CI,feat/support-updated-chat-api,28e77336c343d050eff99e4cdad08488f2c4c625,.github/workflows/ant.yml,failure,5982,ianopolous,24,2,0,1,{'fix'},push,32,0,1141.0,1,success,1,2b01ab951eb4e5afbb802e7738a35f533b737e8a,1,3,2,0,0,1,5,1,0,0,0,0,0,1,1,0,0,0,20,0,0,0,0,0,0,1,0,0,0,0,0,0,0,0,0,0,0,0,220,1,[],java-ant,82678,18019,217.942,0,0,0,0,1,0.0997506,0.544888,0.0374065,0.56973,49,0,3,0,0,0,0,0
45268,8265738093,12323472,Java CI,opt/100x-gc,024d49ebacb16a266a1fc4cb5aa09f02f52d5e20,.github/workflows/ant.yml,failure,5982,ianopolous,24,2,0,0,,push,116,0,1140.0,1,failure,1,fc7a01896bdffc065fe2b1be672fa3a5df064aaf,1,3,2,0,0,1,5,1,0,0,0,0,0,1,1,0,0,0,9,0,0,0,0,0,0,1,0,0,0,0,0,0,0,0,0,0,0,0,29,0,[],java-ant,81402,17619,216.444,0,0,0,0,1,0.0249377,0.603274,0.0124688,0.638404,8,0,3,0,0,1,0,0
45269,8877854966,12323472,Java CI,master,089cd1dfa4039dde517c8582edc1097c51a7dcc5,.github/workflows/ant.yml,success,5982,ianopolous,25,4,0,1,{'fix'},push,16,0,1153.0,0,failure,1,b060b1094d25a60ab9b8965e8178231bb7b8dd6c,2,2,42,0,0,3,44,1,0,0,0,0,1,2,3,0,0,0,106,0,0,0,0,4,4,1,0,0,0,0,1,0,0,0,0,0,0,0,244,1,[],java-ant,82910,18023,217.38,0,0,0,0,1,0.0972569,0.523652,0.0074813,0.796259,50,0,3,0,0,1,0,1
45270,8063771223,12323472,Java CI,opt/5mb-blocks,82cf7b019b8b8780953bf1de48e55335a9d10895,.github/workflows/ant.yml,success,5982,ianopolous,24,2,0,0,,push,40,0,1134.0,1,failure,1,be16e13373cb92ed1ce9c978f60c164ff47ab667,1,1,1,0,0,0,0,1,2,0,0,0,0,1,1,0,0,0,1,0,0,0,0,0,0,0,1,0,0,0,0,1,1,0,0,1,0,0,29,0,[],java-ant,81225,17619,216.916,0,0,0,0,1,0.0149626,0.732905,0.0124688,0.630696,9,0,3,0,0,0,0,0
45271,8457657707,12323472,Java CI,feat/ipns-resolution,2a6388c4871566ec5813baabd54578297d9a9d19,.github/workflows/ant.yml,success,5982,ianopolous,24,2,0,0,,push,0,0,,1,failure,10,57de824287bde2047058e01ca87d29db20210f6b,1,1,0,2,0,1,1,2,0,1,1,0,0,0,0,0,0,0,0,0,0,0,0,0,0,0,0,0,0,1,1,0,0,0,0,0,0,0,29,0,[],java-ant,82541,17935,217.286,0,0,0,0,1,0.0798005,0.501603,0.0249377,0.610589,29,0,3,0,0,1,0,0
45272,8663734083,12323472,Java CI,fix/s3-error-msg-format,f10ebb608dd3d0ffb19094eaae6227b0901749e9,.github/workflows/ant.yml,failure,5982,kevodwyer,24,3,0,1,,push,0,0,,1,failure,1,cd84241d8051b44310ee00cb377d719a0328d42c,1,2,1,0,1,1,3,1,0,0,0,0,0,1,1,0,0,0,38,0,0,0,0,0,0,1,0,0,0,0,0,0,0,0,0,0,0,0,220,1,[],java-ant,82655,17988,217.627,0,0,0,0,1,0.0997506,0.458437,0.0573566,0.476101,5,1,3,0,0,0,0,0
45273,8590851235,12323472,Java CI,master,715608601a67104fc99fff12700e4d352e731d3e,.github/workflows/ant.yml,success,5982,ianopolous,24,2,0,1,{'fix'},push,0,0,,1,failure,1,38219fa49767ecd7fa63fa93989fe5d7586aca30,1,1,1,0,1,1,2,1,0,0,0,0,0,1,1,0,0,0,2,0,0,0,0,0,0,1,0,0,0,0,0,0,0,0,0,0,0,0,29,0,[],java-ant,82631,17984,217.642,0,0,0,0,1,0.0997506,0.513003,0.0224439,0.661323,46,0,3,0,0,1,0,1
45274,7952028561,12323472,Java CI,feat/usage-cli,99e8111801baa0c38417652207d839d2875e77ae,.github/workflows/ant.yml,success,5982,ianopolous,24,2,0,0,,push,32,0,1130.0,1,success,1,3d4a3b36a2c1d799c09b1298dc2d31e6a9c8d38e,20,57,47,0,0,19,95,1,9,0,0,0,0,20,20,0,0,0,255,0,0,0,0,0,0,1,1,0,0,0,0,5,4,0,0,3,0,0,29,0,[],java-ant,81222,17619,216.924,0,0,0,0,1,0.00249377,0.922118,0.0,1.0,7,0,3,0,0,0,0,0
45275,8583034742,12323472,Java CI,master,46e8028aa5d1ee610635ddf22762b797ebb27855,.github/workflows/ant.yml,failure,5982,ianopolous,24,3,0,1,{'fix'},push,0,0,,1,failure,1,3f25b2053c5d93dc595c0677486c9fef5a8b409c,1,1,1,0,0,1,2,1,0,0,0,0,0,1,1,0,0,0,2,0,0,0,0,0,0,1,0,0,0,0,0,0,0,0,0,1,0,0,29,0,[],java-ant,82626,17984,217.655,0,0,0,0,1,0.0947631,0.513682,0.0174564,0.695636,44,0,3,0,0,1,0,1
45276,7366531705,12323472,Java CI,master,626191ff0d25536e6d102a149e43c3d2ee27e369,.github/workflows/ant.yml,failure,5982,ianopolous,24,3,0,0,,push,0,0,,1,success,1,ee17750c04f0cd929cea45532c13e1e7cebcd613,1,4,2,0,0,1,6,1,0,0,0,0,0,1,1,0,0,0,12,0,0,0,0,0,0,1,0,0,0,0,0,0,0,0,0,0,0,0,29,0,[],java-ant,81063,17597,217.078,0,0,0,0,1,0.0124688,0.66251,0.00249377,0.831255,10,0,3,0,0,1,0,1
45277,8743548073,12323472,Java CI,master,020259bffca82ccb6d6e183666474c36d95dba77,.github/workflows/ant.yml,success,5982,ianopolous,24,3,0,1,{'docs'},push,0,0,,1,success,1,e0de16396334274c225a2f7488acf591674c9e4c,1,1,1,0,0,0,0,1,0,0,0,0,0,0,0,0,0,0,0,0,0,0,0,0,0,0,0,0,0,0,0,0,0,1,0,0,0,0,244,1,[],java-ant,82913,18023,217.372,0,0,0,0,1,0.084788,0.587126,0.0299252,0.611923,39,0,3,0,0,1,0,1
45278,8194261216,12323472,Java CI,feat/ipns-resolution,c2b23fb4024870d736d52f78d786ccc62a36d10c,.github/workflows/ant.yml,success,5982,ianopolous,24,2,0,0,,push,0,0,,1,failure,1,1c865cc4e52994d00d1ed2aa6e632bd5d5813565,1,1,1,0,0,0,0,1,2,0,0,0,0,1,1,0,0,0,2,0,0,0,0,0,0,0,1,0,0,0,0,1,1,0,0,1,0,0,29,0,[],java-ant,81581,17629,216.092,0,0,0,0,1,0.0174564,0.679617,0.00498753,0.746883,6,0,3,0,0,1,0,0
45279,8892783248,12323472,Java CI,master,dbb3560cd8fe6eab2747ef3d8f2daf0714209349,.github/workflows/ant.yml,success,5982,ianopolous,25,4,0,1,,push,70,0,1156.0,1,success,1,089cd1dfa4039dde517c8582edc1097c51a7dcc5,5,14,1,0,0,5,15,1,0,0,0,0,0,5,5,3,0,3,31,0,0,0,1,0,1,1,0,0,0,0,0,0,0,0,0,0,0,0,244,1,[],java-ant,82920,18023,217.354,0,0,0,0,1,0.0972569,0.523652,0.00498753,0.906824,50,0,3,0,0,1,0,1
45280,9452351189,12323472,Java CI,fix/failed-upload-different-writer,dd0ada194e7d9b10f2624b93cc8d9cf183b198d1,.github/workflows/ant.yml,failure,5982,ianopolous,25,4,0,1,{'fix'},push,77,0,1163.0,1,failure,1,0cc4bceb1f475c7fc9ed9712b09674a03fe7ca43,2,4,2,0,0,1,3,1,3,0,0,0,0,2,2,0,0,0,131,0,0,0,0,0,0,1,1,0,0,0,0,2,1,0,0,0,0,0,220,1,[],java-ant,83048,18074,217.633,0,0,0,0,1,0.00997506,0.796675,0.00498753,0.746883,10,0,3,0,0,0,0,0
45281,8334620551,12323472,Java CI,opt/100x-gc,4b3504d617c0fbdcebbc1244ed1bdb3eb5fdc01a,.github/workflows/ant.yml,success,5982,ianopolous,24,2,0,0,,push,120,0,1142.0,1,failure,1,14733d9656523a38dbcdfa19aaf00d516b3d9469,1,116,3,0,0,1,6,1,113,0,0,1,0,1,2,0,0,0,9,0,0,0,15,0,15,1,1,0,0,1,0,113,0,0,0,0,0,0,29,0,[],java-ant,81600,17792,218.039,0,0,0,0,1,0.0598504,0.481413,0.042394,0.477033,26,0,3,0,0,0,0,0
45282,8587199879,12323472,Java CI,feat/support-updated-chat-api,e0057dd12e52eadf65f6ae7b63d9b65b8da024b9,.github/workflows/ant.yml,success,5982,kevodwyer,24,2,0,1,,push,0,0,,0,failure,1,5c0800b96f3937d6956220da403b524e6b3c9805,2,0,19,0,0,1,18,1,1,0,0,0,0,2,2,0,3,3,57,0,0,0,0,1,1,1,1,0,0,0,0,0,1,0,0,0,0,0,29,0,[],java-ant,81239,17619,216.879,0,0,0,0,1,0.0947631,0.725132,0.0174564,0.844674,0,1,3,0,0,1,0,0
45283,8236640797,12323472,Java CI,feat/ipns-resolution,d2063e0f6c2c9bfd71637541382fbb114ddf3e3d,.github/workflows/ant.yml,success,5982,ianopolous,24,2,0,0,,push,0,0,,1,success,1,2ad4aad0e4d4f0c6b217b0d52a0d2c6bc3ce2a1e,4,233,15,0,0,6,194,1,54,0,0,3,0,4,7,0,0,0,30,0,0,0,36,5,41,1,1,0,0,3,0,54,0,0,0,1,0,0,29,0,[],java-ant,81779,17683,216.229,0,0,0,0,1,0.0174564,0.695636,0.00498753,0.797506,6,0,3,0,0,0,0,0
45284,8282178119,12323472,Java CI,feat/support-updated-chat-api,06fe53724a901c823f54f34700adbeb63e270d36,.github/workflows/ant.yml,failure,5982,kevodwyer,24,2,0,0,,push,0,0,,0,failure,1,c7260973b8d60212c813c2420d9b38e96f210970,1,1,1,0,0,1,2,1,0,0,0,0,0,1,1,0,0,0,12,0,0,0,0,0,0,1,0,0,0,0,0,0,0,0,0,0,0,0,29,0,[],java-ant,81441,17620,216.353,0,0,0,0,1,0.0473815,0.720387,0.0349127,0.832205,0,1,3,0,0,1,0,0
45285,8728517619,12323472,Java CI,master,670e91736c151671586b15dca43251ef342837e5,.github/workflows/ant.yml,success,5982,ianopolous,24,3,0,1,,push,0,0,,1,success,1,28a13eec259b28ae8736fe6fb4157fead94100f4,1,6,1,0,0,1,7,1,0,0,0,0,0,1,1,1,0,1,2,0,0,0,1,1,2,1,0,0,0,0,0,0,0,0,0,0,0,0,244,1,[],java-ant,82913,18023,217.372,0,0,0,0,1,0.0947631,0.545167,0.0349127,0.515497,37,0,3,0,0,1,0,1
45286,8737346335,12323472,Java CI,master,e0de16396334274c225a2f7488acf591674c9e4c,.github/workflows/ant.yml,success,5982,ianopolous,24,3,0,1,,push,0,0,,1,success,1,670e91736c151671586b15dca43251ef342837e5,1,1,1,0,1,1,2,1,0,0,0,0,0,1,1,0,0,0,3,0,0,0,0,0,0,1,0,0,0,0,0,0,0,0,0,0,0,0,244,1,[],java-ant,82913,18023,217.372,0,0,0,0,1,0.0922693,0.560278,0.032419,0.56371,38,0,3,0,0,1,0,1
45287,8895006698,12323472,Java CI,master,8fe18c22fed0e325f0754109586945234df12024,.github/workflows/ant.yml,success,5982,ianopolous,25,4,0,1,{'fix'},push,0,0,,1,success,1,dbb3560cd8fe6eab2747ef3d8f2daf0714209349,1,1,1,0,0,1,2,1,0,0,0,0,0,1,1,0,0,0,8,0,0,0,0,0,0,1,0,0,0,0,0,0,0,0,0,0,0,0,244,1,[],java-ant,82920,18023,217.354,0,0,0,0,1,0.0972569,0.53098,0.00498753,0.914589,51,0,3,0,0,1,0,1
45288,8582224301,12323472,Java CI,master,3f25b2053c5d93dc595c0677486c9fef5a8b409c,.github/workflows/ant.yml,failure,5982,ianopolous,24,2,0,13,{'fix'},push,116,0,1143.0,1,success,13,a2478b5853f1e8caf4c74d60d7850d867158c9e2,57,1461,238,1,1,52,1431,2,268,0,1,11,0,55,66,52,0,52,649,24,16,40,132,17,149,1,1,0,0,10,0,230,38,0,0,19,0,0,29,0,[],java-ant,82626,17984,217.655,0,0,0,0,1,0.0922693,0.520793,0.0149626,0.732905,43,0,3,0,0,1,0,1
45289,8750794485,12323472,Java CI,debug/mirror,89573e6cd44bb846ae4fd93e738ff03af93dfd9f,.github/workflows/ant.yml,success,5982,ianopolous,24,3,0,0,,push,0,0,,1,failure,1,6738399e357ff4745f8149f6cec120a5bc30fc12,1,0,0,1,0,0,0,1,0,0,0,0,0,0,0,0,0,0,0,0,0,0,0,0,0,0,0,0,0,0,0,0,0,0,0,0,0,0,220,1,[],java-ant,82914,18023,217.37,0,0,0,0,1,0.0897756,0.562325,0.032419,0.601648,41,0,3,0,0,1,0,0
45290,8340332964,12323472,Java CI,master,563e314e5e1c4d304dc81afb84ea2c20dd2e0142,.github/workflows/ant.yml,success,5982,ianopolous,24,2,0,0,,push,120,0,1142.0,1,failure,25,5e8b3920422890655abdee9594d86c9c609970f8,23,634,213,0,0,18,658,1,189,0,0,2,0,23,25,6,0,6,216,2,0,2,46,3,49,1,1,0,0,2,0,181,8,0,0,6,0,0,29,0,[],java-ant,81600,17792,218.039,0,0,0,0,1,0.0623441,0.481962,0.0448878,0.478047,28,0,3,0,0,1,0,1
45291,8047294549,12323472,Java CI,master,5e8b3920422890655abdee9594d86c9c609970f8,.github/workflows/ant.yml,success,5982,ianopolous,24,2,0,0,,push,103,0,1129.0,0,failure,1,2db361a18d0473180784512b9332b404b921bbd4,2,2,1,1,0,1,3,2,0,1,1,0,0,1,1,0,0,0,8,0,0,0,0,0,0,1,0,0,0,0,0,0,0,0,0,0,0,0,29,0,[],java-ant,81223,17619,216.921,0,0,0,0,1,0.0074813,0.864173,0.00498753,0.85358,9,0,3,0,0,1,0,1
45292,8702431874,12323472,Java CI,fix/s3-retry,525669516381e31262bd95b6da0841ba748a2aa7,.github/workflows/ant.yml,failure,5982,kevodwyer,24,3,0,0,,push,10,0,1150.0,0,success,1,dfc8de6a4ec6c80c51d928004257ca33da3768ee,1,17,14,0,1,1,31,1,0,0,0,0,0,1,1,1,0,1,38,0,0,0,0,0,0,1,0,0,0,0,0,0,0,0,0,0,0,0,220,1,[],java-ant,82699,18023,217.935,0,0,0,0,1,0.0997506,0.423173,0.0374065,0.534774,6,1,3,0,0,0,0,0
45293,8300182988,12323472,Java CI,opt/100x-gc,14733d9656523a38dbcdfa19aaf00d516b3d9469,.github/workflows/ant.yml,success,5982,ianopolous,24,2,0,0,,push,116,0,1140.0,1,success,1,7ce7f08c4516e819373262a16f42f0a51ec11a73,2,38,25,0,0,2,63,1,0,0,0,0,0,2,2,0,0,0,15,0,0,0,1,0,1,1,0,0,0,0,0,0,0,0,0,0,0,0,29,0,[],java-ant,81501,17679,216.918,0,0,0,0,1,0.0548628,0.528504,0.0374065,0.527099,28,0,3,0,0,1,0,0
45294,8703459072,12323472,Java CI,master,a38c233e5d248daa2d418068450b97ca32aeb01b,.github/workflows/ant.yml,failure,5982,ianopolous,24,3,0,2,"{'fix', 'refactor'}",push,10,0,1150.0,0,failure,2,dfc8de6a4ec6c80c51d928004257ca33da3768ee,1,25,15,0,1,1,40,1,0,0,0,0,0,1,1,1,0,1,38,1,0,1,0,0,0,1,0,0,0,0,0,0,0,0,0,0,0,0,244,1,[],java-ant,82706,18023,217.916,0,0,0,0,1,0.102244,0.499833,0.042394,0.418478,34,0,3,0,0,1,0,1
45295,8590264733,12323472,Java CI,feat/support-updated-chat-api,3d9acb3dda2c3af6370ebb1bcb4ecfe82a01cbcd,.github/workflows/ant.yml,failure,5982,kevodwyer,24,2,0,45,"{'feat', 'chore', 'fix', 'build'}",push,0,0,,1,success,45,e0057dd12e52eadf65f6ae7b63d9b65b8da024b9,71,2095,450,3,1,63,2090,3,455,0,1,13,0,68,81,58,0,58,709,26,16,42,178,20,198,1,1,0,0,13,1,410,45,0,0,24,0,0,29,0,[],java-ant,82642,17984,217.613,0,0,0,0,1,0.0972569,0.651372,0.0199501,0.737531,0,1,3,0,0,1,0,0
45296,7976370337,12323472,Java CI,master,2db361a18d0473180784512b9332b404b921bbd4,.github/workflows/ant.yml,failure,5982,ianopolous,24,2,0,0,,push,32,0,1130.0,1,success,1,3d4a3b36a2c1d799c09b1298dc2d31e6a9c8d38e,20,57,47,0,0,19,95,1,9,0,0,0,0,20,20,0,0,0,255,0,0,0,0,0,0,1,1,0,0,0,0,5,4,0,0,3,0,0,29,0,[],java-ant,81222,17619,216.924,0,0,0,0,1,0.00498753,0.855362,0.00249377,0.887503,8,0,3,0,0,1,0,1
45297,9204864909,12323472,Java CI,master,3b8772a51a0551acf3551b84fa67269df1d8843e,.github/workflows/ant.yml,failure,5982,ianopolous,25,4,0,1,,push,0,0,,1,success,1,a9716785897c6a6b4fae3a1801c6569bc89bbb45,1,1,1,0,0,1,2,1,0,0,0,0,0,1,1,0,0,0,3,0,0,0,0,0,0,1,0,0,0,0,0,0,0,0,0,0,0,0,244,1,[],java-ant,82970,18023,217.223,0,0,0,0,1,0.0149626,0.797008,0.00249377,0.898753,20,0,3,0,0,1,0,1
45298,8545190887,12323472,Java CI,feat/ipns-resolution,96a96adb903be54cc3660e6acd23f6f769b5c7c9,.github/workflows/ant.yml,failure,5982,ianopolous,24,2,0,0,,push,116,0,1143.0,1,success,1,f75a6c5ff867cfe7b220732d9d3b54cc0e751dc3,1,10,1,0,0,1,11,1,0,0,0,0,0,1,1,1,0,1,6,0,0,0,1,0,1,1,0,0,0,0,0,0,0,0,0,0,0,0,29,0,[],java-ant,82591,17978,217.675,0,0,0,0,1,0.084788,0.522515,0.00498753,0.831255,35,0,3,0,0,1,0,0
45299,8628819113,12323472,Java CI,feat/page-visits-metric,6f85bec1c8c48bc399271c24f6ead7da85739537,.github/workflows/ant.yml,success,5982,ianopolous,24,2,0,1,{'fix'},push,12,0,1146.0,1,failure,1,f0f29d9d1f0208fa305e1429cb126b1b5a09d978,1,5,1,0,1,0,0,1,6,0,0,0,0,1,1,0,0,0,8,0,0,0,0,0,0,0,1,0,0,0,0,5,1,0,0,0,0,0,220,1,[],java-ant,82646,17988,217.651,0,0,0,0,1,0.109726,0.511745,0.032419,0.618246,52,0,3,0,0,0,0,0
45300,8426640867,12323472,Java CI,update/sqlite,dfcfe8d2cab248b466c90c684055ea49e67ee9c9,.github/workflows/ant.yml,success,5982,ianopolous,24,2,0,0,,push,55,0,1144.0,1,success,1,563e314e5e1c4d304dc81afb84ea2c20dd2e0142,0,0,0,2,0,0,0,1,0,0,0,0,0,0,0,0,0,0,0,0,0,0,0,0,0,0,0,0,0,1,1,0,0,0,0,0,0,0,29,0,[],java-ant,81600,17792,218.039,0,0,0,0,1,0.074813,0.502135,0.0224439,0.635511,27,0,3,0,0,1,0,0
45301,8875501235,12323472,Java CI,master,b060b1094d25a60ab9b8965e8178231bb7b8dd6c,.github/workflows/ant.yml,failure,5982,ianopolous,25,4,0,1,{'chore'},push,0,0,,1,success,1,ae01757a05617d253c247fe68a4115204692e3df,2,3,3,0,0,2,6,1,0,0,0,0,0,2,2,0,0,0,17,0,0,0,0,0,0,1,0,0,0,0,0,0,0,0,0,0,0,0,244,1,[],java-ant,82942,18023,217.296,0,0,0,0,1,0.0947631,0.516289,0.00997506,0.66251,49,0,3,0,0,1,0,1
45302,8331013283,12323472,Java CI,master,5e8b3920422890655abdee9594d86c9c609970f8,.github/workflows/ant.yml,failure,5982,ianopolous,24,2,0,0,,push,103,0,1129.0,1,failure,2,1c2bff2c7e3d97e73182f9e2af8f0c217ab943a8,23,212,520,0,0,18,656,1,76,0,0,0,1,23,24,0,6,6,216,0,2,2,3,31,34,1,1,0,0,0,1,8,68,0,0,6,0,0,29,0,[],java-ant,81223,17619,216.921,0,0,0,0,1,0.0598504,0.469065,0.042394,0.459601,25,0,3,0,0,1,0,1
45303,8381004387,12323472,Java CI,feat/ipns-resolution,e495ea1e4ee49ccf6d8a8086b15ce66d1262e680,.github/workflows/ant.yml,success,5982,ianopolous,24,2,0,0,,push,0,0,,1,failure,1,ee284a0208b01b8dd0d42888321c745a7fc80c94,1,13,1,0,0,0,0,1,14,0,0,0,0,1,1,1,0,1,7,0,0,0,0,0,0,0,1,0,0,0,0,13,1,0,0,0,0,0,29,0,[],java-ant,82137,17755,216.163,0,0,0,0,1,0.0798005,0.447291,0.032419,0.512515,27,0,3,0,0,1,0,0
45304,7941662357,12323472,Java CI,feat/new-bitswap-protocol-id,a2684f72aee5ecdcf1a5cb06e7b0cd14a58a3fc2,.github/workflows/ant.yml,success,5982,ianopolous,24,2,0,0,,push,103,0,1129.0,1,success,1,805cc8d2f977229f89955a8b659df5e544075f7e,2,2,1,1,0,1,3,2,0,1,1,0,0,1,1,0,0,0,8,0,0,0,0,0,0,1,0,0,0,0,0,0,0,0,0,0,0,0,29,0,[],java-ant,81134,17613,217.085,0,0,0,0,1,0.00249377,0.907957,0.0,1.0,5,0,3,0,0,0,0,0
45305,8192079127,12323472,Java CI,feat/ipns-resolution,1c865cc4e52994d00d1ed2aa6e632bd5d5813565,.github/workflows/ant.yml,failure,5982,ianopolous,24,2,0,0,,push,0,0,,1,failure,1,f8547bff79aae16a1c4d3a21f89f417d734d6e16,6,21,3,0,0,6,24,1,0,0,0,0,0,6,6,3,0,3,27,1,0,1,0,0,0,1,0,0,0,0,0,0,0,0,0,0,0,0,29,0,[],java-ant,81581,17629,216.092,0,0,0,0,1,0.0174564,0.661818,0.00498753,0.710723,6,0,3,0,0,1,0,0
45306,8427661972,12323472,Java CI,update/sqlite,a911a46d632351362d0ee5d130d4d93f40e2171e,.github/workflows/ant.yml,success,5982,ianopolous,24,2,0,0,,push,55,0,1144.0,1,success,1,dfcfe8d2cab248b466c90c684055ea49e67ee9c9,1,1,0,0,0,1,1,1,0,0,0,0,0,0,0,0,0,0,0,0,0,0,0,0,0,0,0,0,0,0,0,0,0,0,0,0,0,0,29,0,[],java-ant,81601,17792,218.037,0,0,0,0,1,0.0723192,0.519295,0.0224439,0.64953,28,0,3,0,0,0,0,0
45307,8663693514,12323472,Java CI,fix/s3-error-msg-format,cd84241d8051b44310ee00cb377d719a0328d42c,.github/workflows/ant.yml,failure,5982,kevodwyer,24,2,0,0,,push,0,0,,0,failure,1,326c060aa2b11c02bee896ef25f4c75a2bbf9929,1,1,1,0,1,1,2,1,0,0,0,0,0,1,1,0,0,0,38,0,0,0,0,0,0,1,0,0,0,0,0,0,0,0,0,0,0,0,220,1,[],java-ant,82654,17988,217.63,0,0,0,0,1,0.0972569,0.501247,0.0548628,0.520517,5,1,3,0,0,0,0,0
45308,8926701308,12323472,Java CI,master,db00b9abc53016bf45ccc61c10360344e2e3d6ec,.github/workflows/ant.yml,failure,5982,ianopolous,25,4,0,1,{'feat'},push,10,0,1158.0,1,success,1,b73b5ec9fa701776e35f46fe040f18956fbdced6,1,0,0,1,0,0,0,1,0,0,0,0,0,0,0,0,0,0,0,0,0,0,0,0,0,0,0,0,0,0,0,0,0,0,0,0,0,0,244,1,[],java-ant,82931,18023,217.325,0,0,0,0,1,0.0972569,0.53098,0.0074813,0.854471,51,0,3,0,0,1,0,1
45309,8297589734,12323472,Java CI,opt/100x-gc,7ce7f08c4516e819373262a16f42f0a51ec11a73,.github/workflows/ant.yml,success,5982,ianopolous,24,2,0,0,,push,116,0,1140.0,1,failure,1,80590dbc6112f5187a8b09fbfde5c9ad47f85e2c,1,1,1,0,0,1,2,1,0,0,0,0,0,1,1,0,0,0,9,0,0,0,0,0,0,1,0,0,0,0,0,0,0,0,0,0,0,0,29,0,[],java-ant,81488,17679,216.952,0,0,0,0,1,0.0548628,0.517278,0.0374065,0.510792,27,0,3,0,0,1,0,0
45310,8750441118,12323472,Java CI,master,7d2fa654d373f459a54cd80e0e033e8ca6e110d0,.github/workflows/ant.yml,failure,5982,ianopolous,24,3,0,1,,push,0,0,,1,success,1,020259bffca82ccb6d6e183666474c36d95dba77,1,2,1,0,0,1,3,1,0,0,0,0,0,1,1,0,0,0,4,0,0,0,0,0,0,1,0,0,0,0,0,0,0,0,0,0,0,0,244,1,[],java-ant,82914,18023,217.37,0,0,0,0,1,0.0872818,0.564501,0.0299252,0.611923,40,0,3,0,0,1,0,1
45311,8782949891,12323472,Java CI,master,4ca3c00fbf26c2a5b4ecfc00af8783f2d63d98d6,.github/workflows/ant.yml,failure,5982,ianopolous,24,3,0,6,"{'fix', 'ci'}",push,19,0,1151.0,1,success,6,fbcd7b145cd26259dd0ee1e5d4c43130a3a76a36,4,25,10,1,1,3,35,2,0,1,1,0,0,3,3,0,0,0,46,0,0,0,0,0,0,1,0,0,0,0,0,0,0,0,0,0,0,0,244,1,[],java-ant,82930,18023,217.328,0,0,0,0,1,0.102244,0.51433,0.0274314,0.619285,49,0,3,0,0,1,0,1
45312,7727133064,12323472,Java CI,master,2a0d1640c765155e8c8e2694951b7b063899f212,.github/workflows/ant.yml,failure,5982,ianopolous,24,3,0,0,,push,0,0,,1,success,1,12ec589e841fd51233bff15d4d3eb27761efca15,2,53,5,0,0,1,49,1,9,0,0,0,0,2,2,3,1,4,2,0,0,0,2,0,2,1,1,0,0,0,0,9,0,0,0,0,0,0,29,0,[],java-ant,81106,17606,217.074,0,0,0,0,1,0.00249377,0.831255,0.00249377,0.831255,1,0,3,0,0,1,0,1
45313,8702749400,12323472,Java CI,fix/s3-retry,e4efbf636055eba5ffd8e02ecf7fae29a17c5164,.github/workflows/ant.yml,failure,5982,kevodwyer,24,3,0,1,{'refactor'},push,10,0,1150.0,1,failure,1,525669516381e31262bd95b6da0841ba748a2aa7,1,11,4,0,1,1,15,1,0,0,0,0,0,1,1,0,0,0,39,1,0,1,0,0,0,1,0,0,0,0,0,0,0,0,0,0,0,0,220,1,[],java-ant,82706,18023,217.916,0,0,0,0,1,0.102244,0.392056,0.0399003,0.48005,7,1,3,0,0,0,0,0
45314,8781872060,12323472,Java CI,debug/mirror,7b539213df6ea19640ee5e04f4b2e89b84ab9831,.github/workflows/ant.yml,failure,5982,ianopolous,24,3,0,1,{'fix'},push,19,0,1151.0,1,failure,1,e0235267e3448e87602efc969423eef40ab61a3e,1,12,5,0,1,1,17,1,0,0,0,0,0,1,1,0,0,0,23,0,0,0,0,0,0,1,0,0,0,0,0,0,0,0,0,0,0,0,220,1,[],java-ant,82927,18023,217.336,0,0,0,0,1,0.0997506,0.514944,0.0249377,0.646753,47,0,3,0,0,1,0,0
45315,8788797338,12323472,Java CI,master,97282b27c31014bf6ab55bf2c64693d9f31f2f0b,.github/workflows/ant.yml,failure,5982,ianopolous,24,3,0,1,{'fix'},push,0,0,,1,failure,1,4ca3c00fbf26c2a5b4ecfc00af8783f2d63d98d6,1,8,1,0,0,1,9,1,0,0,0,0,0,1,1,0,0,0,4,0,0,0,0,0,0,1,0,0,0,0,0,0,0,0,0,0,0,0,244,1,[],java-ant,82937,18023,217.31,0,0,0,0,1,0.104738,0.506804,0.0299252,0.594015,50,0,3,0,0,1,0,1
45316,8271711489,12323472,Java CI,opt/100x-gc,364b4dca9e9954b976efdd841c962a31e16ecdc3,.github/workflows/ant.yml,failure,5982,ianopolous,24,2,0,0,,push,116,0,1140.0,1,failure,1,7e6c4227e21669cc723789a55fdf580b6316e805,2,7,9,0,0,2,16,1,0,0,0,0,0,2,2,0,0,0,21,1,1,2,0,2,2,1,0,0,0,0,0,0,0,0,0,0,0,0,29,0,[],java-ant,81450,17666,216.894,0,0,0,0,1,0.0374065,0.49332,0.0249377,0.467122,13,0,3,0,0,1,0,0
45317,8627802767,12323472,Java CI,feat/page-visits-metric,f0f29d9d1f0208fa305e1429cb126b1b5a09d978,.github/workflows/ant.yml,failure,5982,ianopolous,24,2,0,0,,push,12,0,1146.0,0,failure,1,0ddbea68950976d18fd6bd6054e444b42d2d8f74,1,8,1,0,0,1,9,1,0,0,0,0,0,1,1,0,0,0,3,1,0,1,1,0,1,1,0,0,0,0,0,0,0,0,0,0,0,0,220,1,[],java-ant,82642,17984,217.613,0,0,0,0,1,0.109726,0.505642,0.032419,0.601648,51,0,3,0,0,1,0,0
45318,9471240755,12323472,Java CI,fix/deleting-write-shared-folder,321bc52fcb85e9f8d86faf8f6b7d6a9919506701,.github/workflows/ant.yml,failure,5982,ianopolous,25,4,0,1,,push,17,0,1164.0,1,failure,1,98f0f47c1e4bef6430fe0b12341cb8186b789a92,1,1,1,0,0,0,0,1,2,0,0,0,0,1,1,0,0,0,10,0,0,0,0,0,0,0,1,0,0,0,0,1,1,0,0,1,0,0,220,1,[],java-ant,83133,18144,218.253,0,0,0,0,1,0.0199501,0.645012,0.0149626,0.493766,15,0,3,0,0,1,0,0
45319,8630591382,12323472,Java CI,master,da36018e1889ada4b2ad0eaec72e6e498ec308c0,.github/workflows/ant.yml,failure,5982,ianopolous,24,2,0,2,{'fix'},push,12,0,1146.0,1,success,2,0ddbea68950976d18fd6bd6054e444b42d2d8f74,2,13,2,0,1,1,9,1,6,0,0,0,0,2,2,0,0,0,11,1,0,1,1,0,1,1,1,0,0,0,0,5,1,0,0,0,0,0,244,1,[],java-ant,82646,17988,217.651,0,0,0,0,1,0.107232,0.518298,0.0349127,0.593017,51,0,3,0,0,1,0,1
45320,8590639417,12323472,Java CI,master,38219fa49767ecd7fa63fa93989fe5d7586aca30,.github/workflows/ant.yml,failure,5982,ianopolous,24,2,0,1,,push,0,0,,0,failure,1,46e8028aa5d1ee610635ddf22762b797ebb27855,1,6,1,0,1,1,7,1,0,0,0,0,0,1,1,0,0,0,2,0,0,0,0,0,0,1,0,0,0,0,0,0,0,0,0,0,0,0,29,0,[],java-ant,82631,17984,217.642,0,0,0,0,1,0.0997506,0.506595,0.0224439,0.644389,45,0,3,0,0,1,0,1
45321,8451008237,12323472,Java CI,feat/ipns-resolution,bf34ff1e091f81dfc3fed5097333c02dc4460d32,.github/workflows/ant.yml,failure,5982,ianopolous,24,2,0,0,,push,0,0,,1,success,1,c9e41b46fd93af54ff82c3d31bbe91e8483732a0,2,31,4,0,0,1,4,1,31,0,0,0,0,2,2,1,0,1,20,0,0,0,0,0,0,1,1,0,0,0,0,31,0,0,0,0,0,0,29,0,[],java-ant,82543,17960,217.584,0,0,0,0,1,0.0723192,0.519295,0.0199501,0.647837,29,0,3,0,0,1,0,0
45322,8469940420,12323472,Java CI,feat/ipns-resolution,5557b3d8dc90adef00899602ce16e426bee2fb96,.github/workflows/ant.yml,failure,5982,ianopolous,24,2,0,0,,push,0,0,,1,success,1,2a6388c4871566ec5813baabd54578297d9a9d19,1,0,0,1,0,0,0,1,0,0,0,0,0,0,0,0,0,0,0,0,0,0,0,0,0,0,0,0,0,0,0,0,0,0,0,0,0,0,29,0,[],java-ant,82541,17935,217.286,0,0,0,0,1,0.0822943,0.493571,0.0149626,0.723872,29,0,3,0,0,0,0,0
45323,8267846029,12323472,Java CI,opt/100x-gc,3ec14a058f6e6efbe400e3ceff99acf02ea3aaf1,.github/workflows/ant.yml,failure,5982,ianopolous,24,2,0,0,,push,116,0,1140.0,1,failure,1,b6f2f67354bb608ed9024a4054705b20a5db5e8d,2,2,2,0,0,2,4,1,0,0,0,0,0,2,2,0,0,0,16,0,0,0,0,0,0,1,0,0,0,0,0,0,0,0,0,0,0,0,29,0,[],java-ant,81403,17619,216.442,0,0,0,0,1,0.0299252,0.554015,0.0174564,0.557045,10,0,3,0,0,1,0,0
45324,8659999220,12323472,Java CI,opt/fast-mirror,fa716cc830894a0b070fe545ea3bfbed1f6c6e1c,.github/workflows/ant.yml,failure,5982,ianopolous,24,2,0,1,,push,34,0,1148.0,1,failure,1,6957203ea8ceb8627a14f943462fb9accc99f9da,1,20,10,0,0,1,30,1,0,0,0,0,0,1,1,0,0,0,23,0,0,0,0,0,0,1,0,0,0,0,0,0,0,0,0,0,0,0,244,1,[],java-ant,82804,17988,217.236,0,0,0,0,1,0.0922693,0.515053,0.0448878,0.473169,38,0,3,0,0,1,0,0
45325,8661022114,12323472,Java CI,opt/fast-mirror,34429bc53e04997f1ee1d9a025d6c41ad2aab730,.github/workflows/ant.yml,failure,5982,ianopolous,24,2,0,1,{'feat'},push,34,0,1148.0,1,failure,1,57b20f9d20926cd6f14f96aa8cb9636f8190439f,1,1,1,0,1,1,2,1,0,0,0,0,0,1,1,0,0,0,23,0,0,0,0,0,0,1,0,0,0,0,0,0,0,0,0,0,0,0,244,1,[],java-ant,82804,17988,217.236,0,0,0,0,1,0.0972569,0.500193,0.0498753,0.439677,38,0,3,0,0,1,0,0
45326,9464533041,12323472,Java CI,fix/deleting-write-shared-folder,f038af1d32ebbfd5ffe5bc47b7bb5a69c42c3d46,.github/workflows/ant.yml,failure,5982,ianopolous,25,4,0,1,{'fix'},push,17,0,1164.0,1,failure,1,f038af1d32ebbfd5ffe5bc47b7bb5a69c42c3d46,3,17,4,0,0,2,17,1,4,0,0,0,0,3,3,2,0,2,80,0,0,0,0,0,0,1,1,0,0,0,0,1,3,0,0,0,0,0,220,1,[],java-ant,83133,18144,218.253,0,0,0,0,1,0.0174564,0.679617,0.0124688,0.578138,14,0,3,0,0,1,0,0
45327,8062734263,12323472,Java CI,opt/5mb-blocks,be16e13373cb92ed1ce9c978f60c164ff47ab667,.github/workflows/ant.yml,failure,5982,ianopolous,24,2,0,0,,push,40,0,1134.0,1,failure,1,bb8cf33e44f5f635f73747df42b81938e0f68b7b,1,0,0,1,0,0,0,1,0,0,0,0,0,0,0,0,0,0,0,0,0,0,0,0,0,0,0,0,0,0,0,0,0,0,0,0,0,0,29,0,[],java-ant,81225,17619,216.916,0,0,0,0,1,0.0149626,0.718066,0.0124688,0.593766,9,0,3,0,0,1,0,0
45328,8721193281,12323472,Java CI,opt/fast-mirror,c71b23d83f62fc302241dbac6027938e3d93decf,.github/workflows/ant.yml,failure,5982,ianopolous,24,2,0,1,,push,34,0,1148.0,1,success,1,c32775220a478ee8c254e00d065ceb7845b754e4,1,0,0,1,0,0,0,1,0,0,0,0,0,0,0,0,0,0,0,0,0,0,0,0,0,0,0,0,0,0,0,0,0,0,0,0,0,0,220,1,[],java-ant,82828,17988,217.173,0,0,0,0,1,0.102244,0.499833,0.0399003,0.419071,35,0,3,0,0,1,0,0
45329,8296712931,12323472,Java CI,opt/100x-gc,80590dbc6112f5187a8b09fbfde5c9ad47f85e2c,.github/workflows/ant.yml,failure,5982,ianopolous,24,2,0,0,,push,116,0,1140.0,1,failure,1,015f2b8a7826747a659ede361f5c204547fb98dd,1,2,0,0,0,1,2,1,0,0,0,0,0,1,1,0,0,0,9,0,0,0,0,0,0,1,0,0,0,0,0,0,0,0,0,0,0,0,29,0,[],java-ant,81488,17679,216.952,0,0,0,0,1,0.0548628,0.505505,0.0374065,0.49332,26,0,3,0,0,1,0,0
45330,8282859820,12323472,Java CI,opt/100x-gc,2742a041cb2d3be7392a6aca1ad96b80f852cf8c,.github/workflows/ant.yml,failure,5982,ianopolous,24,2,0,0,,push,116,0,1140.0,0,failure,1,38e10004179c3d20f6d73eca10c5861a588b9a72,1,4,1,0,0,0,0,1,5,0,0,0,0,1,1,0,0,0,4,0,0,0,0,0,0,0,1,0,0,0,0,4,1,0,0,1,0,0,29,0,[],java-ant,81465,17678,217.001,0,0,0,0,1,0.0498753,0.493073,0.0374065,0.474554,21,0,3,0,0,1,0,0
45331,8052543361,12323472,Java CI,opt/5mb-blocks,fc46ef4c29e1c89c9d2cc605e10276e931063465,.github/workflows/ant.yml,failure,5982,ianopolous,24,2,0,0,,push,40,0,1134.0,1,success,1,5e8b3920422890655abdee9594d86c9c609970f8,3,4,2,1,0,2,6,2,0,1,1,0,0,2,2,0,0,0,8,0,0,0,1,0,1,1,0,0,0,0,0,0,0,0,0,0,0,0,29,0,[],java-ant,81225,17619,216.916,0,0,0,0,1,0.00997506,0.809383,0.0074813,0.745324,9,0,3,0,0,1,0,0
45332,8616209064,12323472,Java CI,feat/support-updated-chat-api,2b01ab951eb4e5afbb802e7738a35f533b737e8a,.github/workflows/ant.yml,failure,5982,kevodwyer,24,2,0,1,{'fix'},push,32,0,1141.0,0,success,1,2ebfe4c792d43c9d228d4e0367693bc3ed72799f,3,36,1,0,1,1,2,1,35,0,0,0,0,3,3,2,0,2,81,0,0,0,0,0,0,1,1,0,0,0,0,35,0,0,0,0,0,0,220,1,[],java-ant,82677,18019,217.945,0,0,0,0,1,0.107232,0.538653,0.0299252,0.585037,5,1,3,0,0,0,0,0
45333,8263103380,12323472,Java CI,opt/100x-gc,fc7a01896bdffc065fe2b1be672fa3a5df064aaf,.github/workflows/ant.yml,failure,5982,ianopolous,24,2,0,0,,push,116,0,1140.0,0,success,1,3bfc15e2b92cda123e77aee1fbee6d8f299a76aa,1,2,3,0,0,1,5,1,0,0,0,0,0,1,1,0,0,0,6,0,0,0,0,0,0,1,0,0,0,0,0,0,0,0,0,0,0,0,29,0,[],java-ant,81401,17619,216.447,0,0,0,0,1,0.0224439,0.631263,0.00997506,0.688471,7,0,3,0,0,1,0,0
45334,8375575005,12323472,Java CI,feat/ipns-resolution,0c1913bbc86f682e71ecd696fe77ef96ad7a4653,.github/workflows/ant.yml,failure,5982,ianopolous,24,2,0,0,,push,0,0,,1,failure,1,176ec9ad6e18714c0a9cceb5e93a0c9dbbc38838,2,7,7,0,0,2,14,1,0,0,0,0,0,2,2,0,0,0,14,1,1,2,0,0,0,1,0,0,0,0,0,0,0,0,0,0,0,0,29,0,[],java-ant,82089,17743,216.143,0,0,0,0,1,0.0773067,0.434874,0.0349127,0.493286,27,0,3,0,0,1,0,0
45335,8262324591,12323472,Java CI,opt/100x-gc,3bfc15e2b92cda123e77aee1fbee6d8f299a76aa,.github/workflows/ant.yml,failure,5982,ianopolous,24,2,0,0,,push,116,0,1140.0,1,success,1,5e8b3920422890655abdee9594d86c9c609970f8,17,392,188,0,0,16,572,1,8,0,0,1,0,17,18,2,0,2,186,0,0,0,26,2,28,1,1,0,0,1,0,4,4,0,0,4,0,0,29,0,[],java-ant,81402,17619,216.444,0,0,0,0,1,0.0199501,0.661917,0.0074813,0.746883,6,0,3,0,0,1,0,0
45336,8663118707,12323472,Java CI,opt/fast-mirror,d12129f3a8c7cb3f723688b4724c3ab0300749a4,.github/workflows/ant.yml,failure,5982,ianopolous,24,2,0,1,,push,34,0,1148.0,1,failure,1,34429bc53e04997f1ee1d9a025d6c41ad2aab730,1,8,2,0,1,1,10,1,0,0,0,0,0,1,1,0,0,0,23,0,0,0,0,0,0,1,0,0,0,0,0,0,0,0,0,0,0,0,244,1,[],java-ant,82810,17988,217.22,0,0,0,0,1,0.0947631,0.507517,0.0523691,0.424605,36,0,3,0,0,1,0,0
45337,8191352246,12323472,Java CI,feat/ipns-resolution,f8547bff79aae16a1c4d3a21f89f417d734d6e16,.github/workflows/ant.yml,failure,5982,ianopolous,24,2,0,0,,push,0,0,,1,success,1,5e8b3920422890655abdee9594d86c9c609970f8,22,484,65,0,0,25,539,1,10,0,0,5,0,21,26,14,0,14,297,12,10,22,50,3,53,1,1,0,0,4,0,10,0,0,0,3,0,0,29,0,[],java-ant,81566,17629,216.132,0,0,0,0,1,0.0149626,0.701482,0.00249377,0.831255,6,0,3,0,0,0,0,0
45338,8374356489,12323472,Java CI,feat/ipns-resolution,444d6d677b1248b82ff79568d257a6b26d5313c1,.github/workflows/ant.yml,failure,5982,ianopolous,24,2,0,0,,push,0,0,,1,failure,1,a09bdd490edc0a994adc0baf8e84f43154c72db5,14,80,12,0,0,12,82,1,10,0,0,0,0,14,14,10,0,10,117,1,0,1,1,0,1,1,1,0,0,0,0,5,5,0,0,2,0,0,29,0,[],java-ant,82084,17737,216.084,0,0,0,0,1,0.0723192,0.452768,0.0299252,0.535432,27,0,3,0,0,0,0,0
45339,8572238703,12323472,Java CI,feat/ipns-resolution,c7dea1015e59abaf7a16586ba4e41c1c4fff1b75,.github/workflows/ant.yml,failure,5982,ianopolous,24,2,0,0,,push,116,0,1143.0,1,success,1,a3b34c42fc8625571e73db90deeefc923c8e3772,8,41,19,0,0,6,50,1,10,0,0,0,0,8,8,2,0,2,27,1,0,1,0,0,0,1,1,0,0,0,0,6,4,0,0,4,0,0,29,0,[],java-ant,82613,17980,217.641,0,0,0,0,1,0.0822943,0.530269,0.00498753,0.855362,38,0,3,0,0,0,0,0
45340,9423453254,12323472,Java CI,fix/failed-upload-different-writer,0cc4bceb1f475c7fc9ed9712b09674a03fe7ca43,.github/workflows/ant.yml,failure,5982,ianopolous,25,4,0,1,{'fix'},push,77,0,1163.0,1,failure,1,0cc4bceb1f475c7fc9ed9712b09674a03fe7ca43,2,4,2,0,0,1,3,1,3,0,0,0,0,2,2,0,0,0,131,0,0,0,0,0,0,1,1,0,0,0,0,2,1,0,0,0,0,0,220,1,[],java-ant,83048,18074,217.633,0,0,0,0,1,0.00997506,0.796675,0.00498753,0.746883,10,0,3,0,0,0,0,0
45341,8364992364,12323472,Java CI,feat/ipns-resolution,0bc73ce3fa6d2741e4a5033f8b2607d27160f553,.github/workflows/ant.yml,failure,5982,ianopolous,24,2,0,0,,push,0,0,,1,failure,1,5fcd68f2d4c7ba1094ce8fd7e7647c80db8bcbc5,7,68,14,1,0,6,65,2,17,1,1,1,0,6,7,0,0,0,162,1,0,1,9,0,9,1,1,0,0,1,0,11,6,0,0,2,0,0,29,0,[],java-ant,82028,17737,216.231,0,0,0,0,1,0.0673317,0.472153,0.0374065,0.542354,27,0,3,0,0,1,0,0
45342,8055600266,12323472,Java CI,opt/5mb-blocks,bb8cf33e44f5f635f73747df42b81938e0f68b7b,.github/workflows/ant.yml,failure,5982,ianopolous,24,2,0,0,,push,40,0,1134.0,1,failure,1,fc46ef4c29e1c89c9d2cc605e10276e931063465,1,0,0,1,0,0,0,1,0,0,0,0,0,0,0,0,0,0,0,0,0,0,0,0,0,0,0,0,0,0,0,0,0,0,0,0,0,0,29,0,[],java-ant,81225,17619,216.916,0,0,0,0,1,0.0124688,0.761039,0.00997506,0.661125,9,0,3,0,0,1,0,0
45343,8686198772,12323472,Java CI,opt/fast-mirror,c32775220a478ee8c254e00d065ceb7845b754e4,.github/workflows/ant.yml,failure,5982,ianopolous,24,3,0,1,{'fix'},push,34,0,1148.0,1,success,1,d12129f3a8c7cb3f723688b4724c3ab0300749a4,6,30,10,0,1,6,40,1,0,0,0,0,0,6,6,2,0,2,113,0,0,0,1,0,1,1,0,0,0,0,0,0,0,0,0,1,0,0,244,1,[],java-ant,82828,17988,217.173,0,0,0,0,1,0.102244,0.492697,0.0349127,0.467878,35,0,3,0,0,1,0,0
45344,8654167772,12323472,Java CI,opt/fast-mirror,6957203ea8ceb8627a14f943462fb9accc99f9da,.github/workflows/ant.yml,failure,5982,ianopolous,24,2,0,0,,push,34,0,1148.0,1,failure,1,326c060aa2b11c02bee896ef25f4c75a2bbf9929,11,222,57,2,1,11,279,4,0,1,1,1,0,9,10,7,0,7,187,0,0,0,6,0,6,1,0,0,0,1,1,0,0,0,0,1,0,0,244,1,[],java-ant,82794,17988,217.262,0,0,0,0,1,0.0897756,0.536445,0.042394,0.510668,40,0,3,0,0,0,0,0
45345,8295510629,12323472,Java CI,opt/100x-gc,015f2b8a7826747a659ede361f5c204547fb98dd,.github/workflows/ant.yml,failure,5982,ianopolous,24,2,0,0,,push,116,0,1140.0,1,success,1,08e6ee86e6e7e177091ee7aafe318dd0e792c5d3,2,6,4,0,0,2,10,1,0,0,0,0,0,2,2,0,0,0,46,0,0,0,0,0,0,1,0,0,0,0,0,0,0,0,0,0,0,0,29,0,[],java-ant,81486,17679,216.958,0,0,0,0,1,0.0523691,0.518454,0.0349127,0.512053,25,0,3,0,0,1,0,0
45346,8365179342,12323472,Java CI,feat/ipns-resolution,a09bdd490edc0a994adc0baf8e84f43154c72db5,.github/workflows/ant.yml,failure,5982,ianopolous,24,2,0,0,,push,0,0,,1,failure,1,0bc73ce3fa6d2741e4a5033f8b2607d27160f553,1,1,1,0,0,0,0,1,2,0,0,0,0,1,1,0,0,0,7,0,0,0,0,0,0,0,1,0,0,0,0,1,1,0,0,1,0,0,29,0,[],java-ant,82027,17737,216.234,0,0,0,0,1,0.0698254,0.462263,0.0399003,0.525016,27,0,3,0,0,1,0,0
45347,8660677324,12323472,Java CI,opt/fast-mirror,57b20f9d20926cd6f14f96aa8cb9636f8190439f,.github/workflows/ant.yml,failure,5982,ianopolous,24,2,0,1,{'chore'},push,34,0,1148.0,1,failure,1,fa716cc830894a0b070fe545ea3bfbed1f6c6e1c,1,0,0,1,0,0,0,1,0,0,0,0,0,0,0,0,0,0,0,0,0,0,0,0,0,0,0,0,0,0,0,0,0,0,0,0,0,0,244,1,[],java-ant,82804,17988,217.236,0,0,0,0,1,0.0947631,0.507517,0.0473815,0.455825,38,0,3,0,0,1,0,0
45348,8271091359,12323472,Java CI,opt/100x-gc,7e6c4227e21669cc723789a55fdf580b6316e805,.github/workflows/ant.yml,failure,5982,ianopolous,24,2,0,0,,push,116,0,1140.0,1,failure,1,2e33bd074d2259ee177f18405e655a67ebd19489,1,4,0,0,0,1,4,1,0,0,0,0,0,1,1,0,0,0,9,0,0,0,0,0,0,1,0,0,0,0,0,0,0,0,0,0,0,0,29,0,[],java-ant,81452,17666,216.888,0,0,0,0,1,0.0349127,0.512053,0.0224439,0.493766,12,0,3,0,0,1,0,0
45349,8279262341,12323472,Java CI,opt/100x-gc,38e10004179c3d20f6d73eca10c5861a588b9a72,.github/workflows/ant.yml,failure,5982,ianopolous,24,3,0,0,,push,116,0,1140.0,1,success,1,17ed0d7a9c1482c805f528ed89cb580641459dfc,1,1,0,0,0,1,1,1,0,0,0,0,0,1,1,0,0,0,6,0,0,0,0,0,0,1,0,0,0,0,0,0,0,0,0,0,0,0,29,0,[],java-ant,81462,17675,216.972,0,0,0,0,1,0.0448878,0.507873,0.032419,0.493766,20,0,3,0,0,1,0,0
45350,8267611634,12323472,Java CI,opt/100x-gc,b6f2f67354bb608ed9024a4054705b20a5db5e8d,.github/workflows/ant.yml,failure,5982,ianopolous,24,2,0,0,,push,116,0,1140.0,1,failure,1,024d49ebacb16a266a1fc4cb5aa09f02f52d5e20,5,12,12,0,0,4,22,1,2,0,0,0,0,5,5,0,0,0,65,1,0,1,0,0,0,1,1,0,0,0,0,1,1,0,0,1,0,0,29,0,[],java-ant,81403,17619,216.442,0,0,0,0,1,0.0274314,0.577618,0.0149626,0.595012,9,0,3,0,0,1,0,0
45351,8572439191,12323472,Java CI,feat/ipns-resolution,5511b5dd58a13cb4fd0dec2769f2ef424646c50d,.github/workflows/ant.yml,failure,5982,ianopolous,24,2,0,0,,push,116,0,1143.0,1,failure,1,c7dea1015e59abaf7a16586ba4e41c1c4fff1b75,1,8,4,0,0,1,12,1,0,0,0,0,0,1,1,0,0,0,2,0,0,0,0,0,0,1,0,0,0,0,0,0,0,0,0,0,0,0,29,0,[],java-ant,82617,17980,217.631,0,0,0,0,1,0.084788,0.522515,0.0074813,0.797506,39,0,3,0,0,1,0,0
45352,8362821164,12323472,Java CI,feat/ipns-resolution,5fcd68f2d4c7ba1094ce8fd7e7647c80db8bcbc5,.github/workflows/ant.yml,failure,5982,ianopolous,24,2,0,0,,push,0,0,,1,success,1,dcf48a844c1abd943201bf2d11df9db8d91ae6a7,15,110,38,0,0,4,41,1,107,0,0,1,0,15,16,5,0,5,67,1,0,1,1,0,1,1,1,0,0,1,0,77,30,0,0,10,0,0,29,0,[],java-ant,81981,17732,216.294,0,0,0,0,1,0.0648379,0.482464,0.0349127,0.560848,27,0,3,0,0,1,0,0
45353,8374515021,12323472,Java CI,feat/ipns-resolution,176ec9ad6e18714c0a9cceb5e93a0c9dbbc38838,.github/workflows/ant.yml,failure,5982,ianopolous,24,2,0,0,,push,0,0,,1,failure,1,444d6d677b1248b82ff79568d257a6b26d5313c1,1,7,1,0,0,0,0,1,8,0,0,0,0,1,1,0,0,0,7,0,0,0,0,0,0,0,1,0,0,0,0,7,1,0,0,1,0,0,29,0,[],java-ant,82089,17743,216.143,0,0,0,0,1,0.074813,0.443646,0.032419,0.513516,27,0,3,0,0,1,0,0
45354,8750454783,12323472,Java CI,master,6738399e357ff4745f8149f6cec120a5bc30fc12,.github/workflows/ant.yml,failure,5982,ianopolous,24,3,0,1,{'docs'},push,0,0,,1,failure,1,7d2fa654d373f459a54cd80e0e033e8ca6e110d0,1,1,1,0,0,0,0,1,0,0,0,0,0,0,0,0,0,0,0,0,0,0,0,0,0,0,0,0,0,0,0,0,0,1,0,0,0,0,244,1,[],java-ant,82914,18023,217.37,0,0,0,0,1,0.0897756,0.555486,0.032419,0.583541,41,0,3,0,0,1,0,1
45355,8356894698,12323472,Java CI,feat/ipns-resolution,d81150f3df0e1da8d0ae28d0acf6d8897c6ff4a6,.github/workflows/ant.yml,failure,5982,ianopolous,24,2,0,0,,push,0,0,,1,success,1,fbf405c51960b3e7fb341b6f4551ed7c9bb9e6d4,18,188,15,1,0,16,191,2,12,0,1,2,0,16,18,16,0,16,307,0,0,0,11,4,15,1,1,0,0,1,0,7,5,0,0,1,0,0,29,0,[],java-ant,81919,17685,215.884,0,0,0,0,1,0.0623441,0.481962,0.0448878,0.478047,27,0,3,0,0,1,0,0
45356,9465918826,12323472,Java CI,fix/deleting-write-shared-folder,98f0f47c1e4bef6430fe0b12341cb8186b789a92,.github/workflows/ant.yml,failure,5982,ianopolous,25,4,0,1,{'fix'},push,17,0,1164.0,1,failure,1,f038af1d32ebbfd5ffe5bc47b7bb5a69c42c3d46,3,17,4,0,0,2,17,1,4,0,0,0,0,3,3,2,0,2,80,0,0,0,0,0,0,1,1,0,0,0,0,1,3,0,0,0,0,0,220,1,[],java-ant,83133,18144,218.253,0,0,0,0,1,0.0174564,0.679617,0.0124688,0.578138,14,0,3,0,0,1,0,0
45357,9472583036,12323472,Java CI,fix/deleting-write-shared-folder,2d36c88e73374f02f9feb7b451390c76fcc786a8,.github/workflows/ant.yml,failure,5982,ianopolous,25,4,0,1,{'fix'},push,17,0,1164.0,1,failure,1,321bc52fcb85e9f8d86faf8f6b7d6a9919506701,1,4,1,0,0,1,5,1,0,0,0,0,0,1,1,0,0,0,9,0,0,0,0,0,0,1,0,0,0,0,0,0,0,0,0,0,0,0,220,1,[],java-ant,83136,18144,218.245,0,0,0,0,1,0.0224439,0.613704,0.0174564,0.454824,16,0,3,0,0,0,0,0
45358,7146023889,12323472,Java CI,master,f81a0b5166c152022dce0cef99acb4953f110d46,.github/workflows/ant.yml,failure,5982,ianopolous,24,3,0,0,,push,0,0,,1,success,1,3a8fcaa37c6ab4bd77ac00f451024795bff0db12,1,4,0,0,0,0,0,1,0,0,0,0,0,0,0,0,0,0,0,0,0,0,0,0,0,0,0,0,0,0,0,0,0,1,0,0,0,0,29,0,[],java-ant,81057,17597,217.094,0,0,0,0,1,0.042394,0.565372,0.00997506,0.688471,30,0,3,0,0,1,0,1
45359,6562958795,12323472,Java CI,feat/use-nabu,be38776c80cf88428715014f781626863b421091,.github/workflows/ant.yml,failure,5982,ianopolous,24,3,0,0,,push,119,0,1094.0,1,failure,1,a78eec9c78512e129a10ad1985141e6a63d15d40,2,0,1,1,0,1,1,2,0,1,1,0,0,1,1,0,0,0,8,0,0,0,0,0,0,1,0,0,0,0,0,0,0,0,0,0,0,0,29,0,[],java-ant,80743,17535,217.171,0,0,0,0,1,0.25187,0.100713,0.074813,0.255724,5,0,3,0,0,1,0,0
45360,6916933886,12323472,Java CI,opt/cbor-block-cache-in-s3,a4ae3e545232ef389085207f2bb8a50cae093a18,.github/workflows/ant.yml,failure,5982,ianopolous,24,3,0,0,,push,26,0,1117.0,1,success,1,21e7ee8266dc256261fefba0d4beb5a891b7d482,1,2,0,0,0,1,2,1,0,0,0,0,0,1,1,0,0,0,34,0,0,0,0,0,0,1,0,0,0,0,0,0,0,0,0,0,0,0,29,0,[],java-ant,80966,17597,217.338,0,0,0,0,1,0.177057,0.276434,0.0274314,0.49238,58,0,3,0,0,0,0,0
45361,6803623216,12323472,Java CI,master,733fe94dead2f15131af91310ed9c48b816af455,.github/workflows/ant.yml,failure,5982,ianopolous,24,3,0,0,,push,16,0,1109.0,1,success,1,4c3458478d2318ace3832e366e8a340d50532249,2,7,3,1,0,1,10,2,0,1,1,0,0,1,1,0,0,0,8,0,0,0,1,1,2,1,0,0,0,0,0,0,0,0,0,0,0,0,29,0,[],java-ant,80737,17563,217.533,0,0,0,0,1,0.219451,0.198784,0.0448878,0.365648,37,0,3,0,0,1,0,1
45362,6847027369,12323472,Java CI,master,ebfbb411a9b10313d396c4ac4b015cb387213ae2,.github/workflows/ant.yml,failure,5982,ianopolous,24,3,0,0,,push,0,0,,1,failure,1,374dc6e4839e00a310e94a4493b5b691115f9c98,1,0,0,1,0,0,0,1,0,0,0,0,0,0,0,0,0,0,0,0,0,0,0,0,0,0,0,0,0,0,0,0,0,0,0,0,0,0,29,0,[],java-ant,80776,17563,217.428,0,0,0,0,1,0.216958,0.231572,0.0399003,0.457161,48,0,3,0,0,1,0,1
45363,6585727135,12323472,Java CI,feat/use-nabu,b76323bff951df9a12e66f38cf527bb01ce2ac46,.github/workflows/ant.yml,failure,5982,ianopolous,24,3,0,0,,push,119,0,1094.0,1,failure,1,2b96165ae32c575cc2c3a5c95f4db22ccb638a76,1,0,0,1,0,0,0,1,0,0,0,0,0,0,0,0,0,0,0,0,0,0,0,0,0,0,0,0,0,0,0,0,0,0,0,0,0,0,29,0,[],java-ant,80747,17535,217.16,0,0,0,0,1,0.261845,0.0932914,0.074813,0.234414,3,0,3,0,0,1,0,0
45364,6657516547,12323472,Java CI,feat/auth-allow-target,b08a9daa4f3e2077a58ee5ace74a91bfa0cfc014,.github/workflows/ant.yml,failure,5982,ianopolous,24,3,0,0,,push,41,0,1097.0,1,success,1,422347272c8bb843365cb08752bda045adcc181b,1,0,2,0,0,1,2,1,0,0,0,0,0,1,1,0,0,0,8,0,0,0,0,2,2,1,0,0,0,0,0,0,0,0,0,0,0,0,29,0,[],java-ant,80680,17532,217.303,0,0,0,0,1,0.241895,0.129272,0.0473815,0.381004,10,0,3,0,0,0,0,0
45365,6559002387,12323472,Java CI,feat/use-nabu,cc994affc118501a798ddb3bed862ad65da7c0a1,.github/workflows/ant.yml,failure,5982,ianopolous,24,3,0,0,,push,119,0,1094.0,1,success,1,81a1713b1a39a0c15c7f74e9e076112314315b80,1,2,1,0,0,1,3,1,0,0,0,0,0,1,1,0,0,0,6,0,0,0,0,0,0,1,0,0,0,0,0,0,0,0,0,0,0,0,29,0,[],java-ant,80744,17535,217.168,0,0,0,0,1,0.246883,0.104829,0.0723192,0.268495,5,0,3,0,0,1,0,0
45366,6589420298,12323472,Java CI,master,d81d24017659f395cf5ad301dd58b4a6aa4f0a40,.github/workflows/ant.yml,failure,5982,ianopolous,24,3,0,0,,push,0,0,,1,failure,1,baa2607122fa023817424f89fa187e2059c745d9,1,3,1,0,0,1,4,1,0,0,0,0,0,1,1,0,0,0,9,0,0,0,0,0,0,1,0,0,0,0,0,0,0,0,0,0,0,0,29,0,[],java-ant,80749,17535,217.154,0,0,0,0,1,0.266833,0.104154,0.0723192,0.255323,5,0,3,0,0,1,0,1
45367,6546262501,12323472,Java CI,feat/use-nabu,77be659a0817657a03c52585175b07400b004994,.github/workflows/ant.yml,failure,5982,kevodwyer,24,3,0,0,,push,119,0,1094.0,1,failure,1,e53f5126abcdaa370d9186754967ad79ec9e9a8e,1,11,6,0,0,1,17,1,0,0,0,0,0,1,1,0,0,0,8,0,0,0,0,0,0,1,0,0,0,0,0,0,0,0,0,0,0,0,29,0,[],java-ant,80833,17552,217.139,0,0,0,0,1,0.236908,0.0719898,0.0897756,0.18963,1,1,3,0,0,1,0,0
45368,6905060124,12323472,Java CI,opt/usage-update-on-start,f93220eceb943bf7d883232a103e77b0cbc7aa99,.github/workflows/ant.yml,failure,5982,ianopolous,24,3,0,0,,push,56,0,1116.0,1,failure,1,74ee5448554ee9f16a496b0ab78ddc23cef62726,2,14,2,0,0,2,16,1,0,0,0,0,0,2,2,0,0,0,23,0,0,0,0,0,0,1,0,0,0,0,0,0,0,0,0,0,0,0,29,0,[],java-ant,80970,17597,217.327,0,0,0,0,1,0.174564,0.270861,0.0249377,0.548628,56,0,3,0,0,0,0,0
45369,6912858396,12323472,Java CI,master,5dc1e28ce9da3709e42604b344add8fedc03910e,.github/workflows/ant.yml,failure,5982,ianopolous,24,3,0,0,,push,56,0,1116.0,1,failure,3,d4121240dff263933c03ae25b51c9bf888ccb5fb,5,104,7,0,0,5,77,1,34,0,0,1,0,5,6,0,0,0,49,0,0,0,10,0,10,1,1,0,0,1,0,34,0,0,0,1,0,0,29,0,[],java-ant,80970,17597,217.327,0,0,0,0,1,0.174564,0.270861,0.0249377,0.492207,56,0,3,0,0,1,0,1
45370,6562361620,12323472,Java CI,feat/use-nabu,a78eec9c78512e129a10ad1985141e6a63d15d40,.github/workflows/ant.yml,failure,5982,ianopolous,24,3,0,0,,push,119,0,1094.0,1,failure,1,cc994affc118501a798ddb3bed862ad65da7c0a1,1,0,0,1,0,0,0,1,0,0,0,0,0,0,0,0,0,0,0,0,0,0,0,0,0,0,0,0,0,0,0,0,0,0,0,0,0,0,29,0,[],java-ant,80744,17535,217.168,0,0,0,0,1,0.249377,0.102734,0.0723192,0.268495,5,0,3,0,0,1,0,0
45371,6300980387,12323472,Java CI,master,74c0c6296959e07fed4e967ead3ed379bb931e0e,.github/workflows/ant.yml,failure,5982,ianopolous,24,3,0,0,,push,52,0,1087.0,1,success,1,9e75ac596ee7389a80354f7472de089e9d7666d7,64,359,509,0,0,59,802,1,66,0,0,0,1,64,65,1,3,4,756,3,0,3,3,23,26,1,1,0,0,0,1,34,32,0,0,7,0,0,29,0,[],java-ant,80839,17567,217.308,0,0,0,0,1,0.00498753,0.85358,0.00498753,0.85358,45,0,3,0,0,1,0,1
45372,6548884905,12323472,Java CI,feat/use-nabu,be3498d77b1ed1e2b263ec530cf645681117fd60,.github/workflows/ant.yml,failure,5982,kevodwyer,24,3,0,0,,push,119,0,1094.0,1,failure,1,77be659a0817657a03c52585175b07400b004994,2,1,144,0,0,2,126,1,19,0,0,0,1,2,3,0,2,2,7,0,0,0,0,4,4,1,1,0,0,0,1,1,18,0,0,0,0,0,29,0,[],java-ant,80743,17535,217.171,0,0,0,0,1,0.239401,0.0704258,0.0822943,0.208569,1,1,3,0,0,1,0,0
45373,6933581904,12323472,Java CI,fix/better-gc-errors,06539d5ce78c48540f5acf57819963ddcd48770f,.github/workflows/ant.yml,failure,5982,ianopolous,24,3,0,0,,push,16,0,1118.0,1,success,1,f833e7a7dbd1544fda2054a54b0b8351ce5194c4,4,44,12,0,0,4,56,1,0,0,0,0,0,4,4,0,0,0,32,0,0,0,2,0,2,1,0,0,0,0,0,0,0,0,0,2,0,0,29,0,[],java-ant,80996,17597,217.258,0,0,0,0,1,0.17207,0.289246,0.0199501,0.523544,59,0,3,0,0,0,0,0
45374,6669417468,12323472,Java CI,master,75ccbcc60227b35b2bc25b014823dbc40069bac7,.github/workflows/ant.yml,failure,5982,ianopolous,24,3,0,0,,push,41,0,1097.0,1,failure,10,8db1cb564e4b515b84e22edd5f2947d7b440af14,6,52,139,0,0,4,180,1,11,0,0,0,1,6,7,0,1,1,45,1,1,2,7,13,20,1,1,0,0,0,1,4,7,0,0,3,0,0,29,0,[],java-ant,80680,17532,217.303,0,0,0,0,1,0.239401,0.133379,0.0473815,0.369671,11,0,3,0,0,1,0,1
45375,6431714131,12323472,Java CI,master,c11f3326b08e6076f8ad2987f64616f47b096417,.github/workflows/ant.yml,failure,5982,ianopolous,24,3,0,0,,push,0,0,,0,failure,1,74c0c6296959e07fed4e967ead3ed379bb931e0e,1,1,1,0,0,1,2,1,0,0,0,0,0,1,1,0,0,0,12,0,0,0,0,0,0,1,0,0,0,0,0,0,0,0,0,0,0,0,29,0,[],java-ant,80839,17567,217.308,0,0,0,0,1,0.13217,0.166849,0.0598504,0.247408,32,0,3,0,0,1,0,1
45376,6629642792,12323472,Java CI,master,813bdb6091d536fce6737cd5f88029605864b67a,.github/workflows/ant.yml,failure,5982,ianopolous,24,3,0,0,,push,0,0,,0,success,1,0297429fc025cb1ab6fc25aa4aa1af6482837abe,1,1,1,0,0,1,2,1,0,0,0,0,0,1,1,0,0,0,3,0,0,0,0,0,0,1,0,0,0,0,0,0,0,0,0,0,0,0,29,0,[],java-ant,80753,17535,217.144,0,0,0,0,1,0.261845,0.0875504,0.0473815,0.294048,5,0,3,0,0,1,0,1
45377,6396643719,12323472,Java CI,feat/add-metadatastore,bfd216b72528422ff6f7687e1a3138cb1ce2757c,.github/workflows/ant.yml,failure,5982,kevodwyer,24,3,0,0,,push,0,0,,1,failure,1,b0b95dc79f589ed49fa3a64199cd4244f1b08fee,2,66,1,1,0,2,67,2,0,1,1,1,0,1,2,0,0,0,8,0,0,0,7,0,7,1,0,0,0,1,0,0,0,0,0,0,0,0,29,0,[],java-ant,80761,17534,217.11,0,0,0,0,1,0.107232,0.171686,0.0822943,0.218501,1,1,3,0,0,1,0,0
45378,6719196181,12323472,Java CI,fix/update-sqlite-graalvm,d8306abe17cf30b575dfa38a5a9c9fd1ba25abdf,.github/workflows/ant.yml,failure,5982,kevodwyer,24,3,0,0,,push,0,0,,0,failure,1,6f992765a86d7af95310d62c93d01bda52fad07f,0,0,0,2,0,0,0,1,0,0,0,0,0,0,0,0,0,0,0,0,0,0,0,0,0,0,0,0,0,1,1,0,0,0,0,0,0,0,29,0,[],java-ant,80705,17555,217.521,0,0,0,0,1,0.241895,0.14762,0.0598504,0.475062,9,1,3,0,0,0,0,0
45379,6313656198,12323472,Java CI,feat/use-nabu,459b5df1e5efd0cbb76e667f794672162f36e6ce,.github/workflows/ant.yml,failure,5982,ianopolous,24,3,0,0,,push,119,0,1094.0,1,failure,1,64727ffb0ea8becde36aae4849556e7098414990,5,26,19,0,0,5,45,1,0,0,0,0,0,5,5,3,1,4,74,0,0,0,0,0,0,1,0,0,0,0,0,0,0,0,0,0,0,0,29,0,[],java-ant,80581,17530,217.545,0,0,0,0,1,0.0249377,0.534119,0.0249377,0.534119,45,0,3,0,0,1,0,0
45380,6437103755,12323472,Java CI,feat/use-nabu,2f3c9e54db114ef990403ec69aa2bf5580dd9ddf,.github/workflows/ant.yml,failure,5982,ianopolous,24,3,0,0,,push,119,0,1094.0,1,failure,1,e2765376a3f71d52765545f376a8d6de3e665227,1,1,1,0,0,1,2,1,0,0,0,0,0,1,1,0,0,0,12,0,0,0,0,0,0,1,0,0,0,0,0,0,0,0,0,0,0,0,29,0,[],java-ant,80712,17534,217.242,0,0,0,0,1,0.137157,0.1563,0.0548628,0.277982,29,0,3,0,0,1,0,0
45381,6718339819,12323472,Java CI,master,aaba2fc44699a7e6909c89558007c5bcd05641be,.github/workflows/ant.yml,failure,5982,ianopolous,24,3,0,0,,push,0,0,,1,failure,1,c7dd41e1f3f33035cd2b364dd5fc8b8b2573a3aa,1,2,2,0,0,0,0,1,0,0,0,0,0,0,0,0,0,0,0,0,0,0,0,0,0,0,0,0,0,0,0,0,0,1,0,0,0,0,29,0,[],java-ant,80705,17555,217.521,0,0,0,0,1,0.236908,0.166415,0.0573566,0.359749,21,0,3,0,0,1,0,1
45382,6713236796,12323472,Java CI,master,c7dd41e1f3f33035cd2b364dd5fc8b8b2573a3aa,.github/workflows/ant.yml,failure,5982,ianopolous,24,3,0,0,,push,0,0,,1,failure,1,d06ae790ffb004d7dbdf8ef9763443e932606f65,1,1,1,0,0,1,2,1,0,0,0,0,0,1,1,0,0,0,3,0,0,0,0,0,0,1,0,0,0,0,0,0,0,0,0,0,0,0,29,0,[],java-ant,80705,17555,217.521,0,0,0,0,1,0.234414,0.16897,0.0573566,0.359749,20,0,3,0,0,1,0,1
45383,6667972360,12323472,Java CI,feat/persist-block-param,d996bec6c67cba3e64b02b342b02f94135b17976,.github/workflows/ant.yml,failure,5982,ianopolous,24,3,0,0,,push,30,0,1096.0,0,failure,1,ba079aea30ea9bb92f723e79f7709f5ca0362dbf,7,12,79,0,0,7,89,1,2,0,0,0,1,7,8,0,0,0,53,0,0,0,0,8,8,1,1,0,0,0,1,1,1,0,0,1,0,0,29,0,[],java-ant,80763,17542,217.203,0,0,0,0,1,0.239401,0.133379,0.0473815,0.369671,10,0,3,0,0,0,0,0
45384,6824550799,12323472,Java CI,fix/direct-listing-of-blockstore,538419d18e32ad694f3a3850f270ba3ea67353de,.github/workflows/ant.yml,failure,5982,ianopolous,24,3,0,0,,push,12,0,1111.0,1,failure,1,f208e5e4892d3147dc48632ab4ac56011cdca6a2,1,0,0,1,0,0,0,1,0,0,0,0,0,0,0,0,0,0,0,0,0,0,0,0,0,0,0,0,0,0,0,0,0,0,0,0,0,0,29,0,[],java-ant,80755,17563,217.485,0,0,0,0,1,0.216958,0.201372,0.032419,0.447177,42,0,3,0,0,0,0,0
45385,6718407340,12323472,Java CI,master,6f992765a86d7af95310d62c93d01bda52fad07f,.github/workflows/ant.yml,failure,5982,ianopolous,24,3,0,0,,push,0,0,,1,failure,1,aaba2fc44699a7e6909c89558007c5bcd05641be,1,2,2,0,0,0,0,1,0,0,0,0,0,0,0,0,0,0,0,0,0,0,0,0,0,0,0,0,0,0,0,0,0,1,0,0,0,0,29,0,[],java-ant,80705,17555,217.521,0,0,0,0,1,0.239401,0.16393,0.0598504,0.346455,22,0,3,0,0,1,0,1
45386,6545533937,12323472,Java CI,feat/use-nabu,e53f5126abcdaa370d9186754967ad79ec9e9a8e,.github/workflows/ant.yml,failure,5982,kevodwyer,24,3,0,0,,push,119,0,1094.0,1,failure,1,1b470a4c6935e2d61853ad028cf7bb931e56ac1e,1,45,31,0,0,1,76,1,0,0,0,0,0,1,1,1,0,1,7,1,0,1,5,0,5,1,0,0,0,0,0,0,0,0,0,0,0,0,29,0,[],java-ant,80828,17552,217.152,0,0,0,0,1,0.234414,0.073614,0.0872818,0.198417,1,1,3,0,0,1,0,0
45387,6550030572,12323472,Java CI,feat/use-nabu,7ea932aba81602d4b1aa17ffe245c2d1505fbd8d,.github/workflows/ant.yml,failure,5982,kevodwyer,24,3,0,0,,push,119,0,1094.0,1,failure,1,be3498d77b1ed1e2b263ec530cf645681117fd60,1,2,5,0,0,1,7,1,0,0,0,0,0,1,1,0,0,0,8,0,0,0,1,4,5,1,0,0,0,0,0,0,0,0,0,0,0,0,29,0,[],java-ant,80740,17535,217.179,0,0,0,0,1,0.241895,0.0689186,0.0698254,0.258382,1,1,3,0,0,1,0,0
45388,6506958384,12323472,Java CI,fix/delay-experiment,376d67ac85d40f7a0fd5fe875a0272b97ee99d9d,.github/workflows/ant.yml,failure,5982,kevodwyer,24,3,0,0,,push,0,0,,1,failure,1,e8aac19b01620ad88bcc2deca2a163e65c7422b2,1,8,0,0,0,1,8,1,0,0,0,0,0,1,1,0,0,0,7,0,0,0,0,0,0,1,0,0,0,0,0,0,0,0,0,0,0,0,29,0,[],java-ant,80800,17549,217.191,0,0,0,0,1,0.189526,0.0900526,0.0623441,0.246752,1,1,3,0,0,0,0,0
45389,6641921507,12323472,Java CI,feat/auth-allow-target,88ebeefac059a9ef11b0d4e84a147298612e91bf,.github/workflows/ant.yml,failure,5982,kevodwyer,24,3,0,0,,push,41,0,1097.0,1,failure,1,72218ed772e95e87547d634c8648926a6146168c,2,3,2,0,0,0,0,1,5,0,0,0,0,2,2,0,0,0,5,0,0,0,0,0,0,0,1,0,0,0,0,3,2,0,0,0,0,0,29,0,[],java-ant,80700,17534,217.274,0,0,0,0,1,0.264339,0.0996194,0.0473815,0.614827,6,1,3,0,0,1,0,0
45390,6544722450,12323472,Java CI,feat/use-nabu,83587d2717e702a94eed470f51e8716cf5f74618,.github/workflows/ant.yml,failure,5982,ianopolous,24,3,0,0,,push,119,0,1094.0,0,failure,1,7f03714f85be24f9fdf080d852892dea53b2d079,2,9,1,0,0,1,8,1,2,0,0,0,0,2,2,1,0,1,10,1,0,1,0,0,0,1,1,0,0,0,0,2,0,0,0,1,0,0,29,0,[],java-ant,80811,17552,217.198,0,0,0,0,1,0.226933,0.0935642,0.0798005,0.219095,5,0,3,0,0,1,0,0
45391,6533969096,12323472,Java CI,feat/use-nabu,0741c21d688f86bd1c8a22872fdda392071ed92a,.github/workflows/ant.yml,failure,5982,ianopolous,24,3,0,0,,push,119,0,1094.0,1,failure,1,ac098a1076aade648152caba9e2c2af2ff3c3d84,1,1,1,0,0,0,0,1,2,0,0,0,0,1,1,0,0,0,4,0,0,0,0,0,0,0,1,0,0,0,0,1,1,0,0,0,0,0,29,0,[],java-ant,80804,17550,217.192,0,0,0,0,1,0.206983,0.103439,0.0623441,0.275781,11,0,3,0,0,1,0,0
45392,6557779858,12323472,Java CI,feat/use-nabu,780a1dffabf98c2b0fea41a29f4e93fca648ee5b,.github/workflows/ant.yml,failure,5982,kevodwyer,24,3,0,0,,push,119,0,1094.0,1,failure,1,7ea932aba81602d4b1aa17ffe245c2d1505fbd8d,1,14,11,0,0,1,25,1,0,0,0,0,0,1,1,1,1,2,7,0,0,0,0,0,0,1,0,0,0,0,0,0,0,0,0,0,0,0,29,0,[],java-ant,80743,17535,217.171,0,0,0,0,1,0.244389,0.0674653,0.0698254,0.244783,1,1,3,0,0,1,0,0
45393,6692734434,12323472,Java CI,fix/ipfs-metrics,0e42a133f06213144817022774eed41462e8fa8c,.github/workflows/ant.yml,failure,5982,ianopolous,24,3,0,0,,push,10,0,1100.0,1,failure,1,2077ae8982ad23d23cbfff60eecd9e6d50c8f8c2,1,6,3,0,0,1,9,1,0,0,0,0,0,1,1,0,0,0,8,0,0,0,1,0,1,1,0,0,0,0,0,0,0,0,0,0,0,0,29,0,[],java-ant,80673,17532,217.322,0,0,0,0,1,0.236908,0.137742,0.0573566,0.321384,12,0,3,0,0,0,0,0
45394,6372323976,12323472,Java CI,feat/use-nabu,6a4c25ed82d2387b35f390439f1118105e202763,.github/workflows/ant.yml,failure,5982,ianopolous,24,3,0,0,,push,0,0,,1,failure,1,2f5ac7bd4101b4beaf2de9e1ff5f216e71a31525,1,4,3,0,0,1,7,1,0,0,0,0,0,1,1,0,0,0,101,0,0,0,0,0,0,1,0,0,0,0,0,0,0,0,0,0,0,0,29,0,[],java-ant,80703,17534,217.266,0,0,0,0,1,0.084788,0.242437,0.084788,0.242437,40,0,3,0,0,1,0,0
45395,6545208179,12323472,Java CI,feat/httpclient,7b711fd03bf0b30045b0ffd9bb9b962bcb649b46,.github/workflows/ant.yml,failure,5982,kevodwyer,24,3,0,0,,push,0,0,,0,failure,1,ef870c1bd83f3b3e9b48add23da93a8742c62d28,1,5,5,0,0,1,10,1,0,0,0,0,0,1,1,0,0,0,8,1,0,1,0,0,0,1,0,0,0,0,0,0,0,0,0,0,0,0,29,0,[],java-ant,80818,17550,217.155,0,0,0,0,1,0.23192,0.0753019,0.084788,0.208003,1,1,3,0,0,0,0,0
45396,6692541025,12323472,Java CI,fix/ipfs-metrics,2077ae8982ad23d23cbfff60eecd9e6d50c8f8c2,.github/workflows/ant.yml,failure,5982,ianopolous,24,3,0,0,,push,10,0,1100.0,1,failure,1,75ccbcc60227b35b2bc25b014823dbc40069bac7,1,11,19,0,0,1,30,1,0,0,0,0,0,1,1,0,0,0,8,0,0,0,0,0,0,1,0,0,0,0,0,0,0,0,0,1,0,0,29,0,[],java-ant,80671,17532,217.327,0,0,0,0,1,0.234414,0.140126,0.0548628,0.335899,12,0,3,0,0,0,0,0
45397,6349352382,12323472,Java CI,feat/use-nabu,62b60514d762567f427c4be5cee1809027d81b0f,.github/workflows/ant.yml,failure,5982,ianopolous,24,3,0,0,,push,119,0,1094.0,1,failure,1,e7822de0e9fc1a4696054ab96de89832dffd906f,2,8,9,0,0,2,17,1,0,0,0,0,0,2,2,0,0,0,27,0,0,0,0,0,0,1,0,0,0,0,0,0,0,0,0,0,0,0,29,0,[],java-ant,80607,17530,217.475,0,0,0,0,1,0.0723192,0.313245,0.0723192,0.313245,40,0,3,0,0,1,0,0
45398,6706338509,12323472,Java CI,master,b4141071caa5b32d446c0fa1ff44aabea63ba5ab,.github/workflows/ant.yml,failure,5982,ianopolous,24,3,0,0,,push,0,0,,1,success,1,06eb944c4d1f21c6fcda2f0cb0ecbbc8f9a6c3b1,2,26,22,0,0,2,48,1,0,0,0,0,0,2,2,0,0,0,20,2,0,2,0,0,0,1,0,0,0,0,0,0,0,0,0,0,0,0,29,0,[],java-ant,80705,17555,217.521,0,0,0,0,1,0.239401,0.171058,0.0523691,0.413006,18,0,3,0,0,1,0,1
45399,6725089810,12323472,Java CI,master,e2ca8f521c8f57d53077754a851b082b63bec43b,.github/workflows/ant.yml,failure,5982,ianopolous,24,3,0,0,,push,0,0,,1,failure,1,2f0029db35c74dfa2f4d8c783eef20e32cff1168,2,3,2,0,0,2,5,1,0,0,0,0,0,2,2,0,0,0,44,0,0,0,0,0,0,1,0,0,0,0,0,0,0,0,0,0,0,0,29,0,[],java-ant,80714,17563,217.595,0,0,0,0,1,0.246883,0.156874,0.0573566,0.323774,25,0,3,0,0,1,0,1
45400,6457538515,12323472,Java CI,feat/use-nabu,05dd91005e259580eb610f2fc9f096c27d427852,.github/workflows/ant.yml,failure,5982,kevodwyer,24,3,0,0,,push,119,0,1094.0,0,failure,1,22b4d09427733428e83b33825b116419376374b0,1,4,0,0,0,1,4,1,0,0,0,0,0,1,1,0,0,0,3,0,0,0,0,0,0,1,0,0,0,0,0,0,0,0,0,0,0,0,29,0,[],java-ant,80718,17534,217.225,0,0,0,0,1,0.147132,0.125422,0.0598504,0.276515,1,1,3,0,0,1,0,0
45401,6796835544,12323472,Java CI,fix/bat-auth-with-bare-peerid,015225162218a06b00dd8c4778521134f2a73da2,.github/workflows/ant.yml,failure,5982,ianopolous,24,3,0,0,,push,14,0,1108.0,1,failure,1,c42ecd61da1433cb60739924bbbecf6a6ebad00f,2,2,2,0,0,2,4,1,0,0,0,0,0,2,2,0,0,0,14,0,0,0,0,0,0,1,0,0,0,0,0,0,0,0,0,0,0,0,29,0,[],java-ant,80722,17563,217.574,0,0,0,0,1,0.214464,0.193866,0.0399003,0.390025,33,0,3,0,0,1,0,0
45402,6848361424,12323472,Java CI,fix/notes-app-support,2f0f7d3c6e0ac900805104ed0327b4811beb1393,.github/workflows/ant.yml,failure,5982,kevodwyer,24,3,0,0,,push,0,0,,0,failure,1,3a18854fe60aa803be378be2beb8e8034cf35d13,1,1,1,0,0,1,2,1,0,0,0,0,0,1,1,0,0,0,3,0,0,0,0,0,0,1,0,0,0,0,0,0,0,0,0,0,0,0,29,0,[],java-ant,80738,17563,217.531,0,0,0,0,1,0.219451,0.222669,0.042394,0.684004,10,1,3,0,0,0,0,0
45403,6337971075,12323472,Java CI,feat/use-nabu,52102ecb3db663d5c45004dd110e77c08109db98,.github/workflows/ant.yml,failure,5982,kevodwyer,24,3,0,0,,push,119,0,1094.0,1,failure,1,09f64204a863cd1c5eb378dd46909d119306c16c,1,3,3,0,0,1,6,1,0,0,0,0,0,1,1,0,0,0,8,0,0,0,0,0,0,1,0,0,0,0,0,0,0,0,0,0,0,0,29,0,[],java-ant,80603,17530,217.486,0,0,0,0,1,0.0448878,0.318371,0.0448878,0.318371,1,1,3,0,0,1,0,0
45404,6616079373,12323472,Java CI,feat/persist-block-param,fbb5705b264bc7ffe61f8b2d2c555aedca98a8d8,.github/workflows/ant.yml,failure,5982,ianopolous,24,3,0,0,,push,30,0,1096.0,1,failure,1,0297429fc025cb1ab6fc25aa4aa1af6482837abe,9,102,76,0,0,9,178,1,0,0,0,0,0,9,9,0,0,0,158,0,0,0,0,0,0,1,0,0,0,0,0,0,0,0,0,0,0,0,29,0,[],java-ant,80777,17535,217.079,0,0,0,0,1,0.266833,0.0885287,0.0598504,0.304579,4,0,3,0,0,0,0,0
45405,6455652567,12323472,Java CI,feat/use-nabu,22b4d09427733428e83b33825b116419376374b0,.github/workflows/ant.yml,failure,5982,ianopolous,24,3,0,0,,push,119,0,1094.0,1,failure,1,8c5145d5c068664159baf98dcfc5b5ce63bf06e6,1,2,2,0,0,0,0,1,0,0,0,0,0,0,0,0,0,0,0,0,0,0,0,0,0,0,0,0,0,0,0,0,0,0,1,0,0,0,29,0,[],java-ant,80714,17534,217.236,0,0,0,0,1,0.144638,0.146578,0.0573566,0.277248,27,0,3,0,0,1,0,0
45406,6431736057,12323472,Java CI,feat/use-nabu,e2765376a3f71d52765545f376a8d6de3e665227,.github/workflows/ant.yml,failure,5982,ianopolous,24,3,0,0,,push,119,0,1094.0,1,failure,1,7ece870713a542dc2bb8ef8741532bac91dfc5bf,1,1,1,0,0,1,2,1,0,0,0,0,0,1,1,0,0,0,12,0,0,0,0,0,0,1,0,0,0,0,0,0,0,0,0,0,0,0,29,0,[],java-ant,80712,17534,217.242,0,0,0,0,1,0.134663,0.161415,0.0623441,0.234414,32,0,3,0,0,1,0,0
45407,6475134896,12323472,Java CI,feat/use-nabu,c3f2fddfadb4e25027ad5bf5a91c6ff258019d89,.github/workflows/ant.yml,failure,5982,ianopolous,24,3,0,0,,push,119,0,1094.0,1,failure,1,265c8cdf1911aed30cca3ce3985ea662cc2e0d9c,1,0,0,1,0,0,0,1,0,0,0,0,0,0,0,0,0,0,0,0,0,0,0,0,0,0,0,0,0,0,0,0,0,0,0,0,0,0,29,0,[],java-ant,80775,17534,217.072,0,0,0,0,1,0.174564,0.131466,0.0648379,0.311721,20,0,3,0,0,1,0,0
45408,6471046019,12323472,Java CI,feat/add-metadatastore,d7fcb287f99c1bdfcc609ed60726c2e5c712bbb5,.github/workflows/ant.yml,failure,5982,kevodwyer,24,3,0,0,,push,0,0,,1,failure,1,0273544bf5421a93de79b865fd128c0fa3268564,1,1,1,0,0,1,2,1,0,0,0,0,0,1,1,0,0,0,12,0,0,0,0,0,0,1,0,0,0,0,0,0,0,0,0,0,0,0,29,0,[],java-ant,80772,17534,217.08,0,0,0,0,1,0.162095,0.107424,0.0598504,0.235037,1,1,3,0,0,0,0,0
45409,6692812451,12323472,Java CI,fix/ipfs-metrics,1df8d94282cb59a43e098b9e3e88e139cbbd6b49,.github/workflows/ant.yml,failure,5982,ianopolous,24,3,0,0,,push,10,0,1100.0,1,failure,1,0e42a133f06213144817022774eed41462e8fa8c,2,8,5,0,0,2,13,1,0,0,0,0,0,2,2,0,0,0,20,0,0,0,0,0,0,1,0,0,0,0,0,0,0,0,0,1,0,0,29,0,[],java-ant,80676,17532,217.314,0,0,0,0,1,0.239401,0.135431,0.0598504,0.30803,12,0,3,0,0,0,0,0
45410,6799395292,12323472,Java CI,fix/bat-auth-with-bare-peerid,c5b257a3596fb4ae3fcc8331e1f740e17f05cbbf,.github/workflows/ant.yml,failure,5982,ianopolous,24,3,0,0,,push,14,0,1108.0,1,failure,1,015225162218a06b00dd8c4778521134f2a73da2,2,16,2,0,0,2,18,1,0,0,0,0,0,2,2,0,0,0,29,0,0,0,0,0,0,1,0,0,0,0,0,0,0,0,0,1,0,0,29,0,[],java-ant,80733,17563,217.544,0,0,0,0,1,0.214464,0.193866,0.0399003,0.371452,34,0,3,0,0,0,0,0
45411,6325120841,12323472,Java CI,feat/use-nabu,3f8a8c2a39f3026b387055fe6c9e4984aa281689,.github/workflows/ant.yml,failure,5982,ianopolous,24,3,0,0,,push,119,0,1094.0,1,failure,1,e42bda369b1557f7eb09e191a8b58fa1bf3bbb21,5,40,27,0,0,5,67,1,0,0,0,0,0,5,5,1,1,2,59,0,0,0,1,0,1,1,0,0,0,0,0,0,0,0,0,1,0,0,29,0,[],java-ant,80597,17530,217.502,0,0,0,0,1,0.0299252,0.450029,0.0299252,0.450029,45,0,3,0,0,1,0,0
45412,6340066176,12323472,Java CI,feat/use-nabu,1bedb389c0e8a1f7ccd3f729108e863c8431cc9a,.github/workflows/ant.yml,failure,5982,kevodwyer,24,3,0,0,,push,119,0,1094.0,1,failure,1,aa8465b3319e1ae7a2aac8a9c452a20f75254011,1,0,0,1,0,0,0,1,0,0,0,0,0,0,0,0,0,0,0,0,0,0,0,0,0,0,0,0,0,0,0,0,0,0,0,0,0,0,29,0,[],java-ant,80603,17530,217.486,0,0,0,0,1,0.0548628,0.262538,0.0548628,0.262538,1,1,3,0,0,1,0,0
45413,6392898386,12323472,Java CI,feat/use-nabu,387adc5ccb5d17660cec3a24b9e1c182b2ff97d7,.github/workflows/ant.yml,failure,5982,ianopolous,24,3,0,0,,push,0,0,,0,failure,1,335af8f7c9d894c1134912fef15c014f742c1d6f,1,1,1,0,0,1,2,1,0,0,0,0,0,1,1,0,0,0,3,0,0,0,0,0,0,1,0,0,0,0,0,0,0,0,0,0,0,0,29,0,[],java-ant,80707,17534,217.255,0,0,0,0,1,0.0997506,0.196473,0.0822943,0.183541,36,0,3,0,0,1,0,0
45414,6341148441,12323472,Java CI,feat/use-nabu,1fe6d7cb1930d093ead389b0672c15b18e04196e,.github/workflows/ant.yml,failure,5982,kevodwyer,24,3,0,0,,push,119,0,1094.0,1,failure,1,7d510b1fab3b479ae2929538d0c2462456c3c2ab,1,5,1,0,0,1,6,1,0,0,0,0,0,1,1,0,0,0,12,0,0,0,0,0,0,1,0,0,0,0,0,0,0,0,0,0,0,0,29,0,[],java-ant,80607,17530,217.475,0,0,0,0,1,0.0598504,0.235037,0.0598504,0.235037,1,1,3,0,0,1,0,0
45415,6470910810,12323472,Java CI,feat/add-metadatastore,571b70a45255271e79e39f0a9e1a707d0f9fb030,.github/workflows/ant.yml,failure,5982,kevodwyer,24,3,0,0,,push,0,0,,1,failure,1,4a83c2b9e046e7b7002e1289ec1967116d1a5f06,1,2,1,0,0,1,3,1,0,0,0,0,0,1,1,0,0,0,1,0,0,0,0,0,0,1,0,0,0,0,0,0,0,0,0,0,0,0,29,0,[],java-ant,80772,17534,217.08,0,0,0,0,1,0.157107,0.113904,0.0548628,0.262538,1,1,3,0,0,1,0,0
45416,6615607000,12323472,Java CI,master,0297429fc025cb1ab6fc25aa4aa1af6482837abe,.github/workflows/ant.yml,failure,5982,ianopolous,24,3,0,0,,push,8,0,1095.0,0,failure,1,d81d24017659f395cf5ad301dd58b4a6aa4f0a40,1,5,0,0,0,1,5,1,0,0,0,0,0,1,1,1,0,1,9,0,0,0,0,0,0,1,0,0,0,0,0,0,0,0,0,0,0,0,29,0,[],java-ant,80753,17535,217.144,0,0,0,0,1,0.266833,0.0899339,0.0598504,0.319083,4,0,3,0,0,1,0,1
45417,6625500969,12323472,Java CI,feat/persist-block-param,52d55453b83fce99680e99a41ff9214f08badcc8,.github/workflows/ant.yml,failure,5982,ianopolous,24,3,0,0,,push,30,0,1096.0,1,failure,1,7bb60bf9245bd77b1f85b5619e420997b16c28c5,3,29,10,0,0,2,30,1,9,0,0,0,0,3,3,0,0,0,41,2,0,2,2,0,2,1,1,0,0,0,0,8,1,0,0,1,0,0,29,0,[],java-ant,80797,17542,217.112,0,0,0,0,1,0.266833,0.0845647,0.0473815,0.322052,4,0,3,0,0,1,0,0
45418,6524993880,12323472,Java CI,feat/use-nabu,ac2cafd3452d2dd1736ef4465c85494c2e281792,.github/workflows/ant.yml,failure,5982,ianopolous,24,3,0,0,,push,119,0,1094.0,1,failure,1,88c19e7afb477100ee4ee245a2c0a89b85162e87,1,0,0,1,0,0,0,1,0,0,0,0,0,0,0,0,0,0,0,0,0,0,0,0,0,0,0,0,0,0,0,0,0,0,0,0,0,0,29,0,[],java-ant,80798,17550,217.208,0,0,0,0,1,0.201995,0.108479,0.0648379,0.275048,11,0,3,0,0,1,0,0
45419,6795164336,12323472,Java CI,master,c42ecd61da1433cb60739924bbbecf6a6ebad00f,.github/workflows/ant.yml,failure,5982,ianopolous,24,3,0,0,,push,0,0,,1,success,1,2a3fee90b6ccadc92748e91f89a661b6754c661f,1,4,2,0,0,1,6,1,0,0,0,0,0,1,1,0,0,0,12,0,0,0,0,0,0,1,0,0,0,0,0,0,0,0,0,0,0,0,29,0,[],java-ant,80722,17563,217.574,0,0,0,0,1,0.21197,0.196581,0.042394,0.370859,32,0,3,0,0,1,0,1
45420,6336390559,12323472,Java CI,feat/use-nabu,f8a5368bff93433202719af6d64f9aca25f20273,.github/workflows/ant.yml,failure,5982,kevodwyer,24,3,0,0,,push,119,0,1094.0,0,failure,1,8df8935158628668eb663e6ba97ab0dfaf4c1292,1,0,0,1,0,0,0,1,0,0,0,0,0,0,0,0,0,0,0,0,0,0,0,0,0,0,0,0,0,0,0,0,0,0,0,0,0,0,29,0,[],java-ant,80602,17530,217.488,0,0,0,0,1,0.0349127,0.438676,0.0349127,0.438676,1,1,3,0,0,1,0,0
45421,6429695078,12323472,Java CI,feat/use-nabu,d88f1b411361e1d1eaf8e636c653903d67318075,.github/workflows/ant.yml,failure,5982,kevodwyer,24,3,0,0,,push,119,0,1094.0,1,failure,1,e5615a5169adf65f909f3b697d2544fdd94a73ad,1,1,1,0,0,1,2,1,0,0,0,0,0,1,1,0,0,0,8,0,0,0,0,0,0,1,0,0,0,0,0,0,0,0,0,0,0,0,29,0,[],java-ant,80712,17534,217.242,0,0,0,0,1,0.122195,0.151346,0.0498753,0.395885,1,1,3,0,0,1,0,0
45422,6337688699,12323472,Java CI,feat/use-nabu,ad539acbb4fab31ec1adc171133c7bb71fd51e2c,.github/workflows/ant.yml,failure,5982,kevodwyer,24,3,0,0,,push,119,0,1094.0,1,failure,1,7873d8b44a32a1e853bf6208cfb4410f7801532a,1,2,1,0,0,1,3,1,0,0,0,0,0,1,1,0,0,0,12,0,0,0,0,0,0,1,0,0,0,0,0,0,0,0,0,0,0,0,29,0,[],java-ant,80603,17530,217.486,0,0,0,0,1,0.0399003,0.369269,0.0399003,0.369269,1,1,3,0,0,1,0,0
45423,6800642408,12323472,Java CI,master,4c3458478d2318ace3832e366e8a340d50532249,.github/workflows/ant.yml,failure,5982,ianopolous,24,3,0,0,,push,14,0,1108.0,1,failure,2,c42ecd61da1433cb60739924bbbecf6a6ebad00f,4,18,4,0,0,4,22,1,0,0,0,0,0,4,4,0,0,0,43,0,0,0,0,0,0,1,0,0,0,0,0,0,0,0,0,1,0,0,29,0,[],java-ant,80733,17563,217.544,0,0,0,0,1,0.216958,0.191221,0.042394,0.354001,35,0,3,0,0,1,0,1
45424,6823413103,12323472,Java CI,fix/always-populate-metadb,dc7deffe7f6f7c031b0d9057c4982caabad9f4c7,.github/workflows/ant.yml,failure,5982,ianopolous,24,3,0,0,,push,10,0,1110.0,1,failure,1,733fe94dead2f15131af91310ed9c48b816af455,2,22,3,0,0,2,25,1,0,0,0,0,0,2,2,1,0,1,34,1,0,1,1,0,1,1,0,0,0,0,0,0,0,0,0,0,0,0,29,0,[],java-ant,80755,17563,217.485,0,0,0,0,1,0.214464,0.199096,0.0274314,0.466465,38,0,3,0,0,0,0,0
45425,6471200001,12323472,Java CI,feat/add-metadatastore,2baf0d492588fcb5bae1dd61ee33f730ffcbf95c,.github/workflows/ant.yml,failure,5982,kevodwyer,24,3,0,0,,push,0,0,,1,failure,103,d7fcb287f99c1bdfcc609ed60726c2e5c712bbb5,1,1,1,0,0,1,2,1,0,0,0,0,0,1,1,0,0,0,12,0,0,0,0,0,0,1,0,0,0,0,0,0,0,0,0,0,0,0,29,0,[],java-ant,80772,17534,217.08,0,0,0,0,1,0.164589,0.104426,0.0623441,0.223251,1,1,3,0,0,0,0,0
45426,6421308553,12323472,Java CI,feat/use-nabu,231d6548f2764d82fceb7866e8946d3ee7aa97af,.github/workflows/ant.yml,failure,5982,ianopolous,24,3,0,0,,push,119,0,1094.0,1,failure,1,35b5a0f8486ed8f4eaf67c3dd97e181f35a5faf7,1,0,0,1,0,0,0,1,0,0,0,0,0,0,0,0,0,0,0,0,0,0,0,0,0,0,0,0,0,0,0,0,0,0,0,0,0,0,29,0,[],java-ant,80712,17534,217.242,0,0,0,0,1,0.117207,0.174644,0.0548628,0.225033,34,0,3,0,0,1,0,0
45427,6733919168,12323472,Java CI,feat/auth-bare-peerid-guard,8945b3b587aae2decbdb46e404dce0a7a1b8817a,.github/workflows/ant.yml,failure,5982,ianopolous,24,3,0,0,,push,24,0,1106.0,1,failure,1,b8bcf266b931a7f40297c3fc3497bcfc570b9002,2,4,0,0,0,2,4,1,0,0,0,0,0,2,2,0,0,0,14,0,0,0,0,0,0,1,0,0,0,0,0,0,0,0,0,0,0,0,29,0,[],java-ant,80724,17563,217.569,0,0,0,0,1,0.259352,0.150042,0.0673317,0.301979,28,0,3,0,0,0,0,0
45428,6395300269,12323472,Java CI,feat/use-nabu,b0b95dc79f589ed49fa3a64199cd4244f1b08fee,.github/workflows/ant.yml,failure,5982,kevodwyer,24,3,0,0,,push,0,0,,1,failure,1,5f01a63a788c79f195afbc581513ee81b229528a,1,0,0,1,0,0,0,1,0,0,0,0,0,0,0,0,0,0,0,0,0,0,0,0,0,0,0,0,0,0,0,0,0,0,0,0,0,0,29,0,[],java-ant,80709,17534,217.25,0,0,0,0,1,0.104738,0.179052,0.0798005,0.23005,1,1,3,0,0,1,0,0
45429,6903841004,12323472,Java CI,opt/usage-update-on-start,74ee5448554ee9f16a496b0ab78ddc23cef62726,.github/workflows/ant.yml,failure,5982,ianopolous,24,3,0,0,,push,56,0,1116.0,1,failure,1,6f969e3b9a02d7c36e1a686d5addbfb5748fb762,3,2,2,0,0,2,2,1,2,0,0,0,0,3,3,0,0,0,22,0,0,0,0,0,0,1,1,0,0,0,0,1,1,0,0,1,0,0,29,0,[],java-ant,80958,17597,217.36,0,0,0,0,1,0.174564,0.270861,0.0249377,0.604184,56,0,3,0,0,1,0,0
45430,6344836404,12323472,Java CI,feat/use-nabu,e7822de0e9fc1a4696054ab96de89832dffd906f,.github/workflows/ant.yml,failure,5982,ianopolous,24,3,0,0,,push,119,0,1094.0,1,failure,1,557ec911aac6735d347bde531bc935c5ec0d3ced,4,112,112,0,0,3,218,1,6,0,0,0,0,4,4,1,1,2,53,0,0,0,0,0,0,1,1,0,0,0,0,3,3,0,0,1,0,0,29,0,[],java-ant,80608,17530,217.472,0,0,0,0,1,0.0698254,0.332404,0.0698254,0.332404,40,0,3,0,0,1,0,0
45431,6486959845,12323472,Java CI,feat/use-nabu,f555b695a79c7085f24c055c1b8aad67f38180e4,.github/workflows/ant.yml,failure,5982,ianopolous,24,3,0,0,,push,119,0,1094.0,1,failure,1,3fce99571b01a92f7394a26b5d6a84506f8dd349,2,2,0,1,0,1,2,2,0,1,1,0,0,1,1,0,0,0,8,0,0,0,0,0,0,1,0,0,0,0,0,0,0,0,0,0,0,0,29,0,[],java-ant,80777,17534,217.067,0,0,0,0,1,0.179551,0.124445,0.0673317,0.274314,20,0,3,0,0,1,0,0
45432,6731568167,12323472,Java CI,fix/save-identity,ff7df6e705cb4e60752fe61a3a15a2115a8ac3ba,.github/workflows/ant.yml,failure,5982,kevodwyer,24,3,0,0,,push,24,0,1105.0,0,failure,1,1d07c35411c449638bfff2238f1966db0006278d,1,8,1,0,0,1,9,1,0,0,0,0,0,1,1,0,0,0,12,0,0,0,0,0,0,1,0,0,0,0,0,0,0,0,0,0,0,0,29,0,[],java-ant,80720,17563,217.579,0,0,0,0,1,0.254364,0.143153,0.0648379,0.467581,10,1,3,0,0,0,0,0
45433,6625160931,12323472,Java CI,feat/persist-block-param,7bb60bf9245bd77b1f85b5619e420997b16c28c5,.github/workflows/ant.yml,failure,5982,ianopolous,24,3,0,0,,push,30,0,1096.0,1,failure,1,f7e368948d6d27ae4e2be0008dfc90f2ed5b71af,1,4,4,0,0,1,8,1,0,0,0,0,0,1,1,0,0,0,17,0,0,0,0,0,0,1,0,0,0,0,0,0,0,0,0,0,0,0,29,0,[],java-ant,80778,17535,217.076,0,0,0,0,1,0.264339,0.0860349,0.0473815,0.338155,4,0,3,0,0,1,0,0
45434,6344743324,12323472,Java CI,feat/use-nabu,557ec911aac6735d347bde531bc935c5ec0d3ced,.github/workflows/ant.yml,failure,5982,ianopolous,24,3,0,0,,push,119,0,1094.0,0,failure,1,d03565a4581675e0f87786f36797d8857e262bcf,4,12,11,0,0,3,15,1,8,0,0,0,0,4,4,0,0,0,54,0,0,0,1,0,1,1,1,0,0,0,0,4,4,0,0,1,0,0,29,0,[],java-ant,80608,17530,217.472,0,0,0,0,1,0.0673317,0.353959,0.0673317,0.353959,40,0,3,0,0,1,0,0
45435,6318097956,12323472,Java CI,feat/use-nabu,e42bda369b1557f7eb09e191a8b58fa1bf3bbb21,.github/workflows/ant.yml,failure,5982,ianopolous,24,3,0,0,,push,119,0,1094.0,1,failure,1,459b5df1e5efd0cbb76e667f794672162f36e6ce,2,18,15,0,0,2,33,1,0,0,0,0,0,2,2,1,0,1,11,0,0,0,0,0,0,1,0,0,0,0,0,0,0,0,0,0,0,0,29,0,[],java-ant,80584,17530,217.537,0,0,0,0,1,0.0274314,0.48857,0.0274314,0.48857,45,0,3,0,0,1,0,0
45436,6312080127,12323472,Java CI,feat/use-nabu,5144b0d62bb2c60917548e24cc19c4ebca89c045,.github/workflows/ant.yml,failure,5982,ianopolous,24,3,0,0,,push,119,0,1094.0,0,failure,1,747910cfd0ed53e05abcec9603d32ff8f030fc45,13,159,85,0,0,13,244,1,0,0,0,0,0,13,13,10,0,10,170,3,0,3,7,0,7,1,0,0,0,0,0,0,0,0,0,0,0,0,29,0,[],java-ant,80570,17530,217.575,0,0,0,0,1,0.0174564,0.73909,0.0174564,0.73909,45,0,3,0,0,1,0,0
45437,6824621571,12323472,Java CI,master,1ad13e918ab6c8d0eb2c3bbb88554b4b274f34d8,.github/workflows/ant.yml,failure,5982,ianopolous,24,3,0,0,,push,12,0,1111.0,1,failure,2,40c3325a11ade60a05d086e15e5dbda4ee6cf524,9,17,17,1,0,8,34,2,0,1,1,0,0,8,8,0,0,0,145,0,0,0,0,0,0,1,0,0,0,0,0,0,0,0,0,4,0,0,29,0,[],java-ant,80755,17563,217.485,0,0,0,0,1,0.219451,0.198856,0.0349127,0.427193,43,0,3,0,0,1,0,1
45438,6903571047,12323472,Java CI,opt/usage-update-on-start,6f969e3b9a02d7c36e1a686d5addbfb5748fb762,.github/workflows/ant.yml,failure,5982,ianopolous,24,3,0,0,,push,56,0,1116.0,1,failure,1,d4121240dff263933c03ae25b51c9bf888ccb5fb,4,91,6,0,0,4,63,1,34,0,0,1,0,4,5,0,0,0,37,0,0,0,10,0,10,1,1,0,0,1,0,34,0,0,0,1,0,0,29,0,[],java-ant,80958,17597,217.36,0,0,0,0,1,0.17207,0.274541,0.0299252,0.542519,55,0,3,0,0,0,0,0
45439,6763669553,12323472,Java CI,fix/notes-app-support,caaab0388ed1c8f5d95dbc8abc6178ab5ee0b3d9,.github/workflows/ant.yml,failure,5982,kevodwyer,24,3,0,0,,push,0,0,,0,failure,1,9efaca4d71515851a8179fa9275783acffef54a9,2,11,1,0,0,2,12,1,0,0,0,0,0,2,2,0,0,0,15,0,0,0,0,0,0,1,0,0,0,0,0,0,0,0,0,0,0,0,29,0,[],java-ant,80733,17563,217.544,0,0,0,0,1,0.241895,0.157919,0.0648379,0.467581,10,1,3,0,0,0,0,0
45440,6825560472,12323472,Java CI,fix/notes-app-support,3a18854fe60aa803be378be2beb8e8034cf35d13,.github/workflows/ant.yml,failure,5982,kevodwyer,24,3,0,0,,push,0,0,,0,success,1,caaab0388ed1c8f5d95dbc8abc6178ab5ee0b3d9,1,17,13,0,0,1,30,1,0,0,0,0,0,1,1,0,0,0,3,0,0,0,0,0,0,1,0,0,0,0,0,0,0,0,0,0,0,0,29,0,[],java-ant,80738,17563,217.531,0,0,0,0,1,0.219451,0.230091,0.0374065,0.687567,10,1,3,0,0,0,0,0
45441,6882751792,12323472,Java CI,master,d4121240dff263933c03ae25b51c9bf888ccb5fb,.github/workflows/ant.yml,failure,5982,ianopolous,24,3,0,0,,push,0,0,,1,success,1,d0752bdcf38eb6fe75a2f60562e7b7538f058913,1,10,5,0,0,1,15,1,0,0,0,0,0,1,1,0,0,0,34,0,0,0,0,0,0,1,0,0,0,0,0,0,0,0,0,0,0,0,29,0,[],java-ant,80885,17563,217.135,0,0,0,0,1,0.179551,0.272867,0.032419,0.538087,54,0,3,0,0,1,0,1
45442,6543961921,12323472,Java CI,feat/httpclient,b763e484853630a6c6cb1d04099cf7ce7ed950bf,.github/workflows/ant.yml,failure,5982,kevodwyer,24,3,0,0,,push,0,0,,0,failure,1,18b16c59faad7b7f00210513a8a3f42562ecd4c6,1,8,12,0,0,1,20,1,0,0,0,0,0,1,1,0,0,0,7,0,0,0,0,0,0,1,0,0,0,0,0,0,0,0,0,0,0,0,29,0,[],java-ant,80810,17550,217.176,0,0,0,0,1,0.221945,0.0793934,0.074813,0.231297,1,1,3,0,0,0,0,0
45443,6390850762,12323472,Java CI,feat/use-nabu,50c9d1f26829e23c3c70be90f7419c4cdbde14c5,.github/workflows/ant.yml,failure,5982,ianopolous,24,3,0,0,,push,0,0,,1,failure,1,8215768edfd2509805aabafc08e82bd106a5d416,2,5,1,0,0,1,4,1,2,0,0,0,0,2,2,0,0,0,63,0,0,0,0,0,0,1,1,0,0,0,0,1,1,0,0,0,0,0,29,0,[],java-ant,80709,17534,217.25,0,0,0,0,1,0.0922693,0.213025,0.0798005,0.191708,36,0,3,0,0,1,0,0
45444,6536138245,12323472,Java CI,feat/httpclient,18b16c59faad7b7f00210513a8a3f42562ecd4c6,.github/workflows/ant.yml,failure,5982,kevodwyer,24,3,0,0,,push,0,0,,1,failure,1,b46b7505bdc3f372a901f7fbd2d19674b4d125c0,1,32,23,0,0,1,55,1,0,0,0,0,0,1,1,0,0,0,7,0,0,0,5,0,5,1,0,0,0,0,0,0,0,0,0,0,0,0,29,0,[],java-ant,80814,17550,217.165,0,0,0,0,1,0.214464,0.0818267,0.0673317,0.245439,1,1,3,0,0,0,0,0
45445,6513832429,12323472,Java CI,feat/use-nabu,7731dd233d6e385e47b57b4b6d734ee3bd9606fb,.github/workflows/ant.yml,failure,5982,ianopolous,24,3,0,0,,push,119,0,1094.0,1,failure,1,4ac732599762f2aeace8292f2013569ad9a0b8ea,1,0,0,1,0,0,0,1,0,0,0,0,0,0,0,0,0,0,0,0,0,0,0,0,0,0,0,0,0,0,0,0,0,0,0,0,0,0,29,0,[],java-ant,80797,17549,217.199,0,0,0,0,1,0.197007,0.113976,0.0598504,0.313383,11,0,3,0,0,1,0,0
45446,6385022991,12323472,Java CI,feat/use-nabu,8215768edfd2509805aabafc08e82bd106a5d416,.github/workflows/ant.yml,failure,5982,ianopolous,24,3,0,0,,push,0,0,,1,failure,1,e0d36fc5afff955ff66d82af0557c3a0a25dbc76,1,1,1,0,0,1,2,1,0,0,0,0,0,1,1,0,0,0,5,0,0,0,0,0,0,1,0,0,0,0,0,0,0,0,0,0,0,0,29,0,[],java-ant,80705,17534,217.26,0,0,0,0,1,0.0897756,0.222045,0.0822943,0.199501,37,0,3,0,0,1,0,0
45447,6544517658,12323472,Java CI,feat/httpclient,ef870c1bd83f3b3e9b48add23da93a8742c62d28,.github/workflows/ant.yml,failure,5982,kevodwyer,24,3,0,0,,push,0,0,,1,failure,1,b763e484853630a6c6cb1d04099cf7ce7ed950bf,1,23,14,0,0,1,37,1,0,0,0,0,0,1,1,1,0,1,7,0,0,0,0,0,0,1,0,0,0,0,0,0,0,0,0,0,0,0,29,0,[],java-ant,80818,17550,217.155,0,0,0,0,1,0.224439,0.0775561,0.0773067,0.219689,1,1,3,0,0,0,0,0
45448,6472006414,12323472,Java CI,feat/use-nabu,265c8cdf1911aed30cca3ce3985ea662cc2e0d9c,.github/workflows/ant.yml,failure,5982,ianopolous,24,3,0,0,,push,8,0,1093.0,0,failure,6,efe87012c2a6aeda699d85925fb5cb8bab32a273,5,82,6,1,0,5,88,2,0,1,1,1,0,4,5,1,0,1,46,1,0,1,7,0,7,1,0,0,0,1,0,0,0,0,0,0,0,0,29,0,[],java-ant,80775,17534,217.072,0,0,0,0,1,0.17207,0.135254,0.0673317,0.310889,21,0,3,0,0,1,0,0
45449,6353891894,12323472,Java CI,feat/use-nabu,3238cf3280447f43878d6b6e92ba91d74b04beb4,.github/workflows/ant.yml,failure,5982,ianopolous,24,3,0,0,,push,119,0,1094.0,1,failure,1,62b60514d762567f427c4be5cee1809027d81b0f,17,239,166,0,0,15,381,1,24,0,0,0,0,17,17,6,4,10,116,0,0,0,18,3,21,1,1,0,0,0,0,14,10,0,0,3,0,0,29,0,[],java-ant,80674,17534,217.344,0,0,0,0,1,0.074813,0.296102,0.074813,0.296102,40,0,3,0,0,1,0,0
45450,6326486894,12323472,Java CI,feat/use-nabu,8df8935158628668eb663e6ba97ab0dfaf4c1292,.github/workflows/ant.yml,failure,5982,ianopolous,24,3,0,0,,push,119,0,1094.0,1,failure,1,3f8a8c2a39f3026b387055fe6c9e4984aa281689,9,39,33,0,0,9,72,1,0,0,0,0,0,9,9,1,0,1,140,0,0,0,0,0,0,1,0,0,0,0,0,0,0,0,0,1,0,0,29,0,[],java-ant,80602,17530,217.488,0,0,0,0,1,0.032419,0.416993,0.032419,0.416993,43,0,3,0,0,1,0,0
45451,6615514370,12323472,Java CI,fix/authed-storage-id,d82dc1b66c9a2bc993efa7dd77fb18af9070b4fb,.github/workflows/ant.yml,failure,5982,kevodwyer,24,3,0,0,,push,8,0,1095.0,0,failure,1,d81d24017659f395cf5ad301dd58b4a6aa4f0a40,1,5,0,0,0,1,5,1,0,0,0,0,0,1,1,1,0,1,9,0,0,0,0,0,0,1,0,0,0,0,0,0,0,0,0,0,0,0,29,0,[],java-ant,80753,17535,217.144,0,0,0,0,1,0.264339,0.065684,0.0573566,0.314214,1,1,3,0,0,0,0,0
45452,6494106874,12323472,Java CI,feat/use-nabu,7c4e5ebea11dab539dc98fef798ca645781fef18,.github/workflows/ant.yml,failure,5982,kevodwyer,24,3,0,0,,push,119,0,1094.0,0,failure,1,f555b695a79c7085f24c055c1b8aad67f38180e4,1,7,1,0,0,0,0,1,8,0,0,0,0,1,1,3,0,3,4,0,0,0,0,0,0,0,1,0,0,0,0,7,1,0,0,0,0,0,29,0,[],java-ant,80783,17540,217.125,0,0,0,0,1,0.182045,0.0951111,0.0698254,0.22147,1,1,3,0,0,1,0,0
45453,6851865354,12323472,Java CI,master,3fc9a98a7ea42c4b9ded2084f8512de286a5df98,.github/workflows/ant.yml,failure,5982,ianopolous,24,3,0,0,,push,0,0,,1,success,1,85871d9bbddd53350e7e34085f73beab5d7ce5b3,1,1,1,0,0,1,2,1,0,0,0,0,0,1,1,0,0,0,3,0,0,0,0,0,0,1,0,0,0,0,0,0,0,0,0,0,0,0,29,0,[],java-ant,80790,17563,217.391,0,0,0,0,1,0.214464,0.246208,0.042394,0.49243,50,0,3,0,0,1,0,1
45454,6824475101,12323472,Java CI,fix/direct-listing-of-blockstore,f208e5e4892d3147dc48632ab4ac56011cdca6a2,.github/workflows/ant.yml,failure,5982,ianopolous,24,3,0,0,,push,12,0,1111.0,1,success,1,40c3325a11ade60a05d086e15e5dbda4ee6cf524,8,17,17,0,0,8,34,1,0,0,0,0,0,8,8,0,0,0,145,0,0,0,0,0,0,1,0,0,0,0,0,0,0,0,0,4,0,0,29,0,[],java-ant,80755,17563,217.485,0,0,0,0,1,0.214464,0.203948,0.0299252,0.469065,41,0,3,0,0,1,0,0
45455,6639457039,12323472,Java CI,feat/auth-allow-target,28f331172c341dcb6e2b07a83673d3d68b6f0b27,.github/workflows/ant.yml,failure,5982,kevodwyer,24,3,0,0,,push,41,0,1097.0,0,failure,1,c7d251edb660bd4a9bd349191da450081926b816,2,37,11,0,0,2,48,1,0,0,0,0,0,2,2,3,1,4,20,2,0,2,7,0,7,1,0,0,0,0,0,0,0,0,0,0,0,0,29,0,[],java-ant,80697,17531,217.245,0,0,0,0,1,0.264339,0.103242,0.0448878,0.75284,4,1,3,0,0,0,0,0
45456,6312598038,12323472,Java CI,feat/use-nabu,ca32e80669342697d5255a4658ac65e3f41000b8,.github/workflows/ant.yml,failure,5982,ianopolous,24,3,0,0,,push,119,0,1094.0,1,failure,1,5144b0d62bb2c60917548e24cc19c4ebca89c045,1,3,2,0,0,1,5,1,0,0,0,0,0,1,1,0,0,0,13,0,0,0,0,0,0,1,0,0,0,0,0,0,0,0,0,0,0,0,29,0,[],java-ant,80571,17530,217.572,0,0,0,0,1,0.0199501,0.655583,0.0199501,0.655583,45,0,3,0,0,1,0,0
45457,6861531939,12323472,Java CI,master,332c331a5f501e8dcbbe1060564a2a7b727eab14,.github/workflows/ant.yml,failure,5982,ianopolous,24,3,0,0,,push,0,0,,1,success,1,1f7af6824dc36bb433124b8220abb1a1dfc2b67a,1,11,8,0,0,1,19,1,0,0,0,0,0,1,1,0,0,0,6,0,0,0,0,0,0,1,0,0,0,0,0,0,0,0,0,0,0,0,29,0,[],java-ant,80794,17563,217.38,0,0,0,0,1,0.199501,0.26509,0.0448878,0.492519,52,0,3,0,0,1,0,1
45458,6573582291,12323472,Java CI,feat/use-nabu,108c5d5ba11412cfeff5175d3e2c03aea20e6a70,.github/workflows/ant.yml,failure,5982,ianopolous,24,3,0,0,,push,119,0,1094.0,1,failure,1,7b8f4653c98016ae6fcb983e21d4ff12ac9323b1,1,0,0,1,0,0,0,1,0,0,0,0,0,0,0,0,0,0,0,0,0,0,0,0,0,0,0,0,0,0,0,0,0,0,0,0,0,0,29,0,[],java-ant,80743,17535,217.171,0,0,0,0,1,0.256858,0.0968764,0.074813,0.244606,5,0,3,0,0,1,0,0
45459,6534363102,12323472,Java CI,feat/use-nabu,be74174301f9ae2596ac2e05b2ad954253e28a04,.github/workflows/ant.yml,failure,5982,ianopolous,24,3,0,0,,push,119,0,1094.0,1,failure,1,0741c21d688f86bd1c8a22872fdda392071ed92a,1,0,0,1,0,0,0,1,0,0,0,0,0,0,0,0,0,0,0,0,0,0,0,0,0,0,0,0,0,0,0,0,0,0,0,0,0,0,29,0,[],java-ant,80804,17550,217.192,0,0,0,0,1,0.209476,0.101074,0.0648379,0.259767,11,0,3,0,0,1,0,0
45460,6691403165,12323472,Java CI,master,f1ef961a32bedb298257190261d12a2b01e84517,.github/workflows/ant.yml,failure,5982,ianopolous,24,3,0,0,,push,6,0,1099.0,0,failure,1,75ccbcc60227b35b2bc25b014823dbc40069bac7,1,0,0,1,0,0,0,1,0,0,0,0,0,0,0,0,0,0,0,0,0,0,0,0,0,0,0,0,0,0,0,0,0,0,0,0,0,0,29,0,[],java-ant,80680,17532,217.303,0,0,0,0,1,0.23192,0.142587,0.0523691,0.351734,12,0,3,0,0,1,0,1
45461,6508768203,12323472,Java CI,feat/use-nabu,4ac732599762f2aeace8292f2013569ad9a0b8ea,.github/workflows/ant.yml,failure,5982,ianopolous,24,3,0,0,,push,119,0,1094.0,0,failure,2,e8aac19b01620ad88bcc2deca2a163e65c7422b2,4,11,6,1,0,3,17,2,0,1,1,0,0,3,3,0,0,0,51,1,0,1,0,0,0,1,0,0,0,0,0,0,0,0,0,0,0,0,29,0,[],java-ant,80797,17549,217.199,0,0,0,0,1,0.194514,0.116917,0.0598504,0.313383,12,0,3,0,0,1,0,0
45462,6729901974,12323472,Java CI,fix/save-ipfs-identity,743278925718eb0162c224d67131c72a34a5a2dc,.github/workflows/ant.yml,failure,5982,kevodwyer,24,3,0,0,,push,0,0,,0,failure,1,e2ca8f521c8f57d53077754a851b082b63bec43b,1,15,1,0,0,1,16,1,0,0,0,0,0,1,1,1,0,1,8,0,0,0,2,0,2,1,0,0,0,0,0,0,0,0,0,0,0,0,29,0,[],java-ant,80727,17563,217.56,0,0,0,0,1,0.249377,0.146807,0.0598504,0.522305,9,1,3,0,0,0,0,0
45463,6455389243,12323472,Java CI,feat/use-nabu,8c5145d5c068664159baf98dcfc5b5ce63bf06e6,.github/workflows/ant.yml,failure,5982,ianopolous,24,3,0,0,,push,119,0,1094.0,0,failure,1,89c8364b4e6d7ab2ba20773e3ebfbc9c1b8cf86e,1,3,1,0,0,1,4,1,0,0,0,0,0,1,1,0,0,0,17,0,0,0,0,0,0,1,0,0,0,0,0,0,0,0,0,1,0,0,29,0,[],java-ant,80714,17534,217.236,0,0,0,0,1,0.142145,0.151122,0.0548628,0.295355,27,0,3,0,0,1,0,0
45464,6625769708,12323472,Java CI,feat/persist-block-param,08d4923baed895d19e93b3ad4321b2133db2c788,.github/workflows/ant.yml,failure,5982,ianopolous,24,3,0,0,,push,30,0,1096.0,1,failure,1,52d55453b83fce99680e99a41ff9214f08badcc8,1,4,24,0,0,1,28,1,0,0,0,0,0,1,1,0,1,1,8,0,0,0,0,0,0,1,0,0,0,0,0,0,0,0,0,0,0,0,29,0,[],java-ant,80778,17542,217.163,0,0,0,0,1,0.269327,0.0831377,0.0498753,0.306847,4,0,3,0,0,1,0,0
45465,6357381801,12323472,Java CI,feat/use-nabu,2f5ac7bd4101b4beaf2de9e1ff5f216e71a31525,.github/workflows/ant.yml,failure,5982,ianopolous,24,3,0,0,,push,0,0,,1,failure,1,a61701efc67615d16fd78fdaed2c6ff2cb9a3232,2,20,12,0,0,2,32,1,0,0,0,0,0,2,2,0,0,0,140,0,0,0,0,0,0,1,0,0,0,0,0,0,0,0,0,0,0,0,29,0,[],java-ant,80702,17534,217.268,0,0,0,0,1,0.0822943,0.254024,0.0822943,0.254024,40,0,3,0,0,1,0,0
45466,6827235152,12323472,Java CI,master,374dc6e4839e00a310e94a4493b5b691115f9c98,.github/workflows/ant.yml,failure,5982,ianopolous,24,3,0,0,,push,29,0,1112.0,1,success,2,d45521c2c08e21b816996fb0d250c32e9a0d1f4c,1,37,14,0,0,1,51,1,0,0,0,0,0,1,1,2,0,2,20,0,1,1,0,0,0,1,0,0,0,0,0,0,0,0,0,0,0,0,29,0,[],java-ant,80776,17563,217.428,0,0,0,0,1,0.221945,0.226026,0.0399003,0.474093,47,0,3,0,0,1,0,1
45467,6341745232,12323472,Java CI,feat/use-nabu,d03565a4581675e0f87786f36797d8857e262bcf,.github/workflows/ant.yml,failure,5982,kevodwyer,24,3,0,0,,push,119,0,1094.0,1,failure,1,bc783314a3c287c86b5f79d031d6b98d92ff0b8a,1,0,0,1,0,0,0,1,0,0,0,0,0,0,0,0,0,0,0,0,0,0,0,0,0,0,0,0,0,0,0,0,0,0,0,0,0,0,29,0,[],java-ant,80607,17530,217.475,0,0,0,0,1,0.0648379,0.212537,0.0648379,0.212537,1,1,3,0,0,1,0,0
45468,6708716456,12323472,Java CI,feat/persist-block,b7e3f8145632d3dafedafab70c31264550cdede9,.github/workflows/ant.yml,failure,5982,ianopolous,24,3,0,0,,push,0,0,,1,failure,1,8cb9db65ee4d06ee96cdb3616a754d5c5531a72d,7,12,79,0,0,7,89,1,2,0,0,0,1,7,8,0,0,0,53,0,0,0,0,8,8,1,1,0,0,0,1,1,1,0,0,1,0,0,29,0,[],java-ant,80704,17555,217.523,0,0,0,0,1,0.236908,0.171239,0.0548628,0.397248,18,0,3,0,0,0,0,0
45469,6733713701,12323472,Java CI,master,b8bcf266b931a7f40297c3fc3497bcfc570b9002,.github/workflows/ant.yml,failure,5982,ianopolous,24,3,0,0,,push,24,0,1105.0,0,failure,1,1d07c35411c449638bfff2238f1966db0006278d,1,8,1,0,0,1,9,1,0,0,0,0,0,1,1,0,0,0,12,0,0,0,0,0,0,1,0,0,0,0,0,0,0,0,0,0,0,0,29,0,[],java-ant,80720,17563,217.579,0,0,0,0,1,0.256858,0.152152,0.0673317,0.301979,27,0,3,0,0,1,0,1
45470,7101120569,12323472,Java CI,update/nabu-kademlia-routing-table,1e77baa7f322203a654f88df33fbf2f5057b5f18,.github/workflows/ant.yml,failure,5982,ianopolous,24,3,0,0,,push,15,0,1121.0,1,failure,1,3ddd0994b7633bb83e56fb9ae74c4e696a347bc8,1,0,0,1,0,0,0,1,0,0,0,0,0,0,0,0,0,0,0,0,0,0,0,0,0,0,0,0,0,0,0,0,0,0,0,0,0,0,29,0,[],java-ant,81055,17597,217.1,0,0,0,0,1,0.0698254,0.482671,0.00498753,0.775007,40,0,3,0,0,0,0,0
45471,6454451009,12323472,Java CI,feat/use-nabu,89c8364b4e6d7ab2ba20773e3ebfbc9c1b8cf86e,.github/workflows/ant.yml,failure,5982,kevodwyer,24,3,0,0,,push,119,0,1094.0,0,failure,1,2f3c9e54db114ef990403ec69aa2bf5580dd9ddf,1,0,0,1,0,0,0,1,0,0,0,0,0,0,0,0,0,0,0,0,0,0,0,0,0,0,0,0,0,0,0,0,0,0,0,0,0,0,29,0,[],java-ant,80712,17534,217.242,0,0,0,0,1,0.139651,0.130356,0.0523691,0.296135,1,1,3,0,0,1,0,0
45472,6665797044,12323472,Java CI,feat/persist-block-param,ba079aea30ea9bb92f723e79f7709f5ca0362dbf,.github/workflows/ant.yml,failure,5982,kevodwyer,24,3,0,0,,push,30,0,1096.0,0,failure,1,6e67fdef12824fc988782f07954a68b0521a42da,1,2,2,0,0,1,4,1,0,0,0,0,0,1,1,0,0,0,8,0,0,0,0,0,0,1,0,0,0,0,0,0,0,0,0,0,0,0,29,0,[],java-ant,80822,17542,217.045,0,0,0,0,1,0.236908,0.141989,0.0473815,0.554507,8,1,3,0,0,1,0,0
45473,6712631721,12323472,Java CI,master,d06ae790ffb004d7dbdf8ef9763443e932606f65,.github/workflows/ant.yml,failure,5982,ianopolous,24,3,0,0,,push,0,0,,1,failure,1,b4141071caa5b32d446c0fa1ff44aabea63ba5ab,1,0,0,1,0,0,0,1,0,0,0,0,0,0,0,0,0,0,0,0,0,0,0,0,0,0,0,0,0,0,0,0,0,0,0,0,0,0,29,0,[],java-ant,80705,17555,217.521,0,0,0,0,1,0.23192,0.1716,0.0548628,0.374065,19,0,3,0,0,1,0,1
45474,6356720491,12323472,Java CI,feat/use-nabu,a61701efc67615d16fd78fdaed2c6ff2cb9a3232,.github/workflows/ant.yml,failure,5982,ianopolous,24,3,0,0,,push,0,0,,1,failure,1,a68a5c851cbaef052682fa4cba5df6a020aedf8c,3,24,3,0,0,3,27,1,0,0,0,0,0,3,3,1,0,1,44,0,0,0,0,0,0,1,0,0,0,0,0,0,0,0,0,0,0,0,29,0,[],java-ant,80695,17534,217.287,0,0,0,0,1,0.0798005,0.266714,0.0798005,0.266714,40,0,3,0,0,1,0,0
45475,6538776376,12323472,Java CI,feat/use-nabu,7f03714f85be24f9fdf080d852892dea53b2d079,.github/workflows/ant.yml,failure,5982,ianopolous,24,3,0,0,,push,119,0,1094.0,1,failure,1,be74174301f9ae2596ac2e05b2ad954253e28a04,1,1,1,0,0,0,0,1,2,0,0,0,0,1,1,0,0,0,4,0,0,0,0,0,0,0,1,0,0,0,0,1,1,0,0,1,0,0,29,0,[],java-ant,80804,17550,217.192,0,0,0,0,1,0.219451,0.0961322,0.0723192,0.23192,6,0,3,0,0,1,0,0
45476,6353975956,12323472,Java CI,feat/use-nabu,a68a5c851cbaef052682fa4cba5df6a020aedf8c,.github/workflows/ant.yml,failure,5982,ianopolous,24,3,0,0,,push,0,0,,1,failure,1,3238cf3280447f43878d6b6e92ba91d74b04beb4,2,8,5,0,0,2,13,1,0,0,0,0,0,2,2,0,0,0,18,1,0,1,1,0,1,1,0,0,0,0,0,0,0,0,0,0,0,0,29,0,[],java-ant,80677,17534,217.336,0,0,0,0,1,0.0773067,0.280673,0.0773067,0.280673,40,0,3,0,0,1,0,0
45477,6377823460,12323472,Java CI,feat/use-nabu,e0d36fc5afff955ff66d82af0557c3a0a25dbc76,.github/workflows/ant.yml,failure,5982,ianopolous,24,3,0,0,,push,0,0,,1,failure,1,6a4c25ed82d2387b35f390439f1118105e202763,1,3,0,0,0,1,3,1,0,0,0,0,0,1,1,0,0,0,12,0,0,0,1,0,1,1,0,0,0,0,0,0,0,0,0,0,0,0,29,0,[],java-ant,80705,17534,217.26,0,0,0,0,1,0.0872818,0.231816,0.0872818,0.231816,40,0,3,0,0,1,0,0
45478,6655426447,12323472,Java CI,feat/persist-block-param,6e67fdef12824fc988782f07954a68b0521a42da,.github/workflows/ant.yml,failure,5982,ianopolous,24,3,0,0,,push,30,0,1096.0,0,success,1,8cbdcd523313f7ac81253a66c0c702793364fea2,6,84,15,0,0,6,99,1,0,0,0,0,0,6,6,3,0,3,103,1,0,1,2,0,2,1,0,0,0,0,0,0,0,0,0,0,0,0,29,0,[],java-ant,80824,17542,217.039,0,0,0,0,1,0.249377,0.103894,0.0473815,0.322052,7,0,3,0,0,0,0,0
45479,6470885275,12323472,Java CI,feat/add-metadatastore,4a83c2b9e046e7b7002e1289ec1967116d1a5f06,.github/workflows/ant.yml,failure,5982,kevodwyer,24,3,0,0,,push,0,0,,1,failure,1,ac18aaa1199c13e3f4c9819d14766c87f796d001,3,15,5,0,0,3,20,1,0,0,0,0,0,3,3,1,0,1,45,1,0,1,0,0,0,1,0,0,0,0,0,0,0,0,0,0,0,0,29,0,[],java-ant,80771,17534,217.083,0,0,0,0,1,0.154613,0.117415,0.0523691,0.278715,1,1,3,0,0,0,0,0
45480,6567116833,12323472,Java CI,feat/use-nabu,7b8f4653c98016ae6fcb983e21d4ff12ac9323b1,.github/workflows/ant.yml,failure,5982,ianopolous,24,3,0,0,,push,119,0,1094.0,1,failure,1,be38776c80cf88428715014f781626863b421091,2,1,1,1,0,1,2,2,0,1,1,0,0,1,1,0,0,0,12,0,0,0,0,0,0,1,0,0,0,0,0,0,0,0,0,0,0,0,29,0,[],java-ant,80743,17535,217.171,0,0,0,0,1,0.254364,0.0987617,0.074813,0.255724,5,0,3,0,0,1,0,0
45481,6724762484,12323472,Java CI,master,2f0029db35c74dfa2f4d8c783eef20e32cff1168,.github/workflows/ant.yml,failure,5982,ianopolous,24,3,0,0,,push,0,0,,1,failure,1,6f992765a86d7af95310d62c93d01bda52fad07f,1,8,0,0,0,0,0,1,8,0,0,0,0,1,1,0,0,0,2,0,0,0,3,0,3,0,1,0,0,0,0,8,0,0,0,1,0,0,29,0,[],java-ant,80713,17563,217.598,0,0,0,0,1,0.244389,0.159163,0.0548628,0.335368,24,0,3,0,0,1,0,1
45482,6695288487,12323472,Java CI,master,e30c8a8ba7ff75917125378bc90ee43ce17e0e57,.github/workflows/ant.yml,failure,5982,ianopolous,24,3,0,0,,push,0,0,,1,success,1,cd75ee61357516af6788aae5077876094b1c9ba1,1,21,1,0,0,1,3,1,19,0,0,1,0,1,2,0,0,0,8,0,0,0,3,0,3,1,1,0,0,1,0,19,0,0,0,0,0,0,29,0,[],java-ant,80693,17551,217.503,0,0,0,0,1,0.244389,0.143795,0.0598504,0.32225,14,0,3,0,0,1,0,1
45483,6313062233,12323472,Java CI,feat/use-nabu,64727ffb0ea8becde36aae4849556e7098414990,.github/workflows/ant.yml,failure,5982,ianopolous,24,3,0,0,,push,119,0,1094.0,1,failure,1,ca32e80669342697d5255a4658ac65e3f41000b8,2,5,0,0,0,2,5,1,0,0,0,0,0,2,2,1,0,1,22,0,0,0,0,0,0,1,0,0,0,0,0,0,0,0,0,0,0,0,29,0,[],java-ant,80575,17530,217.561,0,0,0,0,1,0.0224439,0.588778,0.0224439,0.588778,45,0,3,0,0,1,0,0
45484,6699791007,12323472,Java CI,master,454806075280ee2f8962cd13ba6e51cf3ab0e505,.github/workflows/ant.yml,failure,5982,ianopolous,24,3,0,0,,push,0,0,,1,failure,1,e30c8a8ba7ff75917125378bc90ee43ce17e0e57,1,9,2,0,0,1,11,1,0,0,0,0,0,1,1,0,0,0,2,1,0,1,1,0,1,1,0,0,0,0,0,0,0,0,0,0,0,0,29,0,[],java-ant,80699,17551,217.487,0,0,0,0,1,0.244389,0.143795,0.0573566,0.335124,15,0,3,0,0,1,0,1
45485,6771674009,12323472,Java CI,master,2a3fee90b6ccadc92748e91f89a661b6754c661f,.github/workflows/ant.yml,failure,5982,ianopolous,24,3,0,0,,push,0,0,,1,failure,1,70f3a5676b12b1c131b76077aa5919ddeb145842,2,0,4,0,0,2,4,1,0,0,0,0,0,2,2,0,0,0,14,0,0,0,0,0,0,1,0,0,0,0,0,0,0,0,0,0,0,0,29,0,[],java-ant,80720,17563,217.579,0,0,0,0,1,0.236908,0.157539,0.0548628,0.297142,31,0,3,0,0,1,0,1
45486,7097645863,12323472,Java CI,master,3ddd0994b7633bb83e56fb9ae74c4e696a347bc8,.github/workflows/ant.yml,failure,5982,ianopolous,24,3,0,0,,push,0,0,,1,success,1,067db88dc635f21f1043d59e8b4e9c31b14db664,1,0,1,0,0,1,1,1,0,0,0,0,0,1,1,0,0,0,3,0,0,0,0,0,0,1,0,0,0,0,0,0,0,0,0,0,0,0,29,0,[],java-ant,81055,17597,217.1,0,0,0,0,1,0.0673317,0.492986,0.00249377,0.873441,39,0,3,0,0,1,0,1
45487,6339816741,12323472,Java CI,feat/use-nabu,aa8465b3319e1ae7a2aac8a9c452a20f75254011,.github/workflows/ant.yml,failure,5982,kevodwyer,24,3,0,0,,push,119,0,1094.0,0,failure,1,49740f5d4760311e1d6edcb49153ae68241696eb,2,2,2,1,0,1,4,2,0,1,1,0,0,1,1,0,0,0,8,0,0,0,0,0,0,1,0,0,0,0,0,0,0,0,0,0,0,0,29,0,[],java-ant,80603,17530,217.486,0,0,0,0,1,0.0523691,0.278715,0.0523691,0.278715,1,1,3,0,0,1,0,0
45488,6430068058,12323472,Java CI,feat/add-metadatastore,ac18aaa1199c13e3f4c9819d14766c87f796d001,.github/workflows/ant.yml,failure,5982,kevodwyer,24,3,0,0,,push,0,0,,1,failure,1,ce91721ca2feda76d3bd025dc6ed3ed468ce30d1,1,0,0,1,0,0,0,1,0,0,0,0,0,0,0,0,0,0,0,0,0,0,0,0,0,0,0,0,0,0,0,0,0,0,0,0,0,0,29,0,[],java-ant,80764,17534,217.102,0,0,0,0,1,0.127182,0.140777,0.0548628,0.337549,1,1,3,0,0,1,0,0
45489,6537869561,12323472,Java CI,feat/use-nabu,be74174301f9ae2596ac2e05b2ad954253e28a04,.github/workflows/ant.yml,failure,5982,ianopolous,24,3,0,0,,push,119,0,1094.0,0,failure,2,b46b7505bdc3f372a901f7fbd2d19674b4d125c0,1,0,0,1,0,0,0,1,0,0,0,0,0,0,0,0,0,0,0,0,0,0,0,0,0,0,0,0,0,0,0,0,0,0,0,0,0,0,29,0,[],java-ant,80804,17550,217.192,0,0,0,0,1,0.216958,0.0983042,0.0698254,0.244783,8,0,3,0,0,1,0,0
45490,6482906550,12323472,Java CI,feat/use-nabu,3fce99571b01a92f7394a26b5d6a84506f8dd349,.github/workflows/ant.yml,failure,5982,ianopolous,24,3,0,0,,push,119,0,1094.0,1,failure,1,c3f2fddfadb4e25027ad5bf5a91c6ff258019d89,1,0,0,1,0,0,0,1,0,0,0,0,0,0,0,0,0,0,0,0,0,0,0,0,0,0,0,0,0,0,0,0,0,0,0,0,0,0,29,0,[],java-ant,80775,17534,217.072,0,0,0,0,1,0.177057,0.127868,0.0648379,0.292238,20,0,3,0,0,1,0,0
45491,6577332537,12323472,Java CI,feat/use-nabu,2b96165ae32c575cc2c3a5c95f4db22ccb638a76,.github/workflows/ant.yml,failure,5982,ianopolous,24,3,0,0,,push,119,0,1094.0,1,failure,1,108c5d5ba11412cfeff5175d3e2c03aea20e6a70,1,5,0,0,0,1,5,1,0,0,0,0,0,1,1,1,0,1,13,0,0,0,0,0,0,1,0,0,0,0,0,0,0,0,0,0,0,0,29,0,[],java-ant,80747,17535,217.16,0,0,0,0,1,0.259352,0.095054,0.0723192,0.245148,3,0,3,0,0,1,0,0
45492,6338160461,12323472,Java CI,feat/use-nabu,f8b13d39e327ea015e7eaf1951c4cb578f3b175c,.github/workflows/ant.yml,failure,5982,kevodwyer,24,3,0,0,,push,119,0,1094.0,1,failure,1,52102ecb3db663d5c45004dd110e77c08109db98,1,3,3,0,0,1,6,1,0,0,0,0,0,1,1,0,0,0,12,0,0,0,0,0,0,1,0,0,0,0,0,0,0,0,0,0,0,0,29,0,[],java-ant,80603,17530,217.486,0,0,0,0,1,0.0473815,0.297693,0.0473815,0.297693,1,1,3,0,0,1,0,0
45493,6310785075,12323472,Java CI,feat/use-embedded-nabu-2,d26c9c2f56a02bfc67135aa6ed4ec2c6011ae383,.github/workflows/ant.yml,failure,5982,kevodwyer,24,3,0,0,,push,0,0,,1,failure,1,747910cfd0ed53e05abcec9603d32ff8f030fc45,6,206,13,0,0,8,219,1,0,0,0,2,0,6,8,1,0,1,103,0,0,0,34,0,34,1,0,0,0,2,0,0,0,0,0,0,0,0,29,0,[],java-ant,80677,17530,217.286,0,0,0,0,1,0.0149626,0.492519,0.0149626,0.492519,1,1,3,0,0,0,0,0
45494,6691365070,12323472,Java CI,fix/update-nabu-s3-metrics,af8caeab77f0f2cf1ed2f5b87ca59e9679d626f9,.github/workflows/ant.yml,failure,5982,kevodwyer,24,3,0,0,,push,6,0,1099.0,0,failure,1,75ccbcc60227b35b2bc25b014823dbc40069bac7,1,0,0,1,0,0,0,1,0,0,0,0,0,0,0,0,0,0,0,0,0,0,0,0,0,0,0,0,0,0,0,0,0,0,0,0,0,0,29,0,[],java-ant,80680,17532,217.303,0,0,0,0,1,0.229426,0.139854,0.0498753,0.516708,9,1,3,0,0,0,0,0
45495,6535028653,12323472,Java CI,feat/use-nabu,b46b7505bdc3f372a901f7fbd2d19674b4d125c0,.github/workflows/ant.yml,failure,5982,kevodwyer,24,3,0,0,,push,0,0,,0,failure,1,be74174301f9ae2596ac2e05b2ad954253e28a04,1,0,0,1,0,0,0,1,0,0,0,0,0,0,0,0,0,0,0,0,0,0,0,0,0,0,0,0,0,0,0,0,0,0,0,0,0,0,29,0,[],java-ant,80804,17550,217.192,0,0,0,0,1,0.21197,0.083833,0.0648379,0.259767,1,1,3,0,0,1,0,0
45496,6496067211,12323472,Java CI,feat/use-nabu,8765a917847f6325e3ac196b205596ada2a58b9a,.github/workflows/ant.yml,failure,5982,ianopolous,24,3,0,0,,push,119,0,1094.0,0,failure,1,7c4e5ebea11dab539dc98fef798ca645781fef18,1,2,1,0,0,1,3,1,0,0,0,0,0,1,1,0,0,0,8,0,0,0,1,0,1,1,0,0,0,0,0,0,0,0,0,1,0,0,29,0,[],java-ant,80784,17540,217.122,0,0,0,0,1,0.184539,0.120888,0.0723192,0.257689,17,0,3,0,0,1,0,0
45497,6801010415,12323472,Java CI,feat/bitswap-auth-without-block,0102c0d5b071fb3378dbdb6337aa629691866954,.github/workflows/ant.yml,failure,5982,ianopolous,24,3,0,0,,push,0,0,,1,failure,1,4c3458478d2318ace3832e366e8a340d50532249,2,6,2,1,0,1,8,2,0,1,1,0,0,1,1,0,0,0,8,0,0,0,1,1,2,1,0,0,0,0,0,0,0,0,0,0,0,0,29,0,[],java-ant,80737,17563,217.533,0,0,0,0,1,0.219451,0.188642,0.0448878,0.338068,35,0,3,0,0,0,0,0
45498,6693443933,12323472,Java CI,fix/ipfs-metrics,8767e21072223f3add13e2f73af26e28aaf4b655,.github/workflows/ant.yml,failure,5982,ianopolous,24,3,0,0,,push,10,0,1100.0,1,failure,1,1df8d94282cb59a43e098b9e3e88e139cbbd6b49,1,1,1,0,0,1,2,1,0,0,0,0,0,1,1,0,0,0,8,0,0,0,0,0,0,1,0,0,0,0,0,0,0,0,0,1,0,0,29,0,[],java-ant,80676,17532,217.314,0,0,0,0,1,0.241895,0.13319,0.0623441,0.295703,12,0,3,0,0,0,0,0
45499,6823427327,12323472,Java CI,fix/always-populate-metadb,f9b415fcebf5091ff9c867212d0604e8a6ffe27a,.github/workflows/ant.yml,failure,5982,ianopolous,24,3,0,0,,push,10,0,1110.0,1,failure,1,dc7deffe7f6f7c031b0d9057c4982caabad9f4c7,1,1,1,0,0,1,2,1,0,0,0,0,0,1,1,0,0,0,25,0,0,0,0,0,0,1,0,0,0,0,0,0,0,0,0,0,0,0,29,0,[],java-ant,80755,17563,217.485,0,0,0,0,1,0.216958,0.196484,0.0299252,0.442519,39,0,3,0,0,0,0,0
45500,6471728195,12323472,Java CI,feat/add-metadatastore-2,89e656a3e12b82a8dfc0b68afbcf323d77c1086b,.github/workflows/ant.yml,failure,5982,kevodwyer,24,3,0,0,,push,8,0,1093.0,1,failure,1,bad6d467d9583363431aa25a49b67045d02c5a4a,1,1,1,0,0,1,2,1,0,0,0,0,0,1,1,0,0,0,12,0,0,0,0,0,0,1,0,0,0,0,0,0,0,0,0,0,0,0,29,0,[],java-ant,80775,17534,217.072,0,0,0,0,1,0.167082,0.101575,0.0623441,0.223251,1,1,3,0,0,1,0,0
45501,6722270061,12323472,Java CI,feat/decimal-storage-sizes,9a90315715695aad32fd47c8542e0d194290038c,.github/workflows/ant.yml,failure,5982,ianopolous,24,3,0,0,,push,14,0,1103.0,0,failure,1,c7dd41e1f3f33035cd2b364dd5fc8b8b2573a3aa,1,2,2,0,0,1,4,1,0,0,0,0,0,1,1,0,0,0,2,0,0,0,0,0,0,1,0,0,0,0,0,0,0,0,0,2,0,0,29,0,[],java-ant,80705,17555,217.521,0,0,0,0,1,0.241895,0.161514,0.0523691,0.347791,23,0,3,0,0,0,0,0
45502,6310240536,12323472,Java CI,feat/use-nabu,1f75118dc2d9e13d69384bb68dfb73b1963f3b82,.github/workflows/ant.yml,failure,5982,kevodwyer,24,3,0,0,,push,0,0,,1,failure,1,b3c554c5f9cd1fbace341474b4bd9a1b2d6e9f28,1,0,0,1,0,0,0,1,0,0,0,0,0,0,0,0,0,0,0,0,0,0,0,0,0,0,0,0,0,0,0,0,0,0,0,0,0,0,29,0,[],java-ant,80596,17489,216.996,0,0,0,0,1,0.00997506,0.618766,0.00997506,0.618766,1,1,3,0,0,1,0,0
45503,6397253348,12323472,Java CI,feat/use-nabu,935b83476e4bad30b283308acf0cd90ed1a0cf8e,.github/workflows/ant.yml,failure,5982,ianopolous,24,3,0,0,,push,0,0,,0,failure,1,b0b95dc79f589ed49fa3a64199cd4244f1b08fee,2,13,14,0,0,2,27,1,0,0,0,0,0,2,2,0,0,0,9,0,0,0,0,0,0,1,0,0,0,0,0,0,0,0,0,0,0,0,29,0,[],java-ant,80708,17534,217.252,0,0,0,0,1,0.109726,0.187978,0.084788,0.198959,36,0,3,0,0,1,0,0
45504,6301839608,12323472,Java CI,feat/use-nabu,b3c554c5f9cd1fbace341474b4bd9a1b2d6e9f28,.github/workflows/ant.yml,failure,5982,kevodwyer,24,3,0,0,,push,0,0,,0,failure,1,f76b7d341f59a3210e046684bf65c19f2581c8e8,1,8,1,0,0,1,9,1,0,0,0,0,0,1,1,0,0,0,6,0,0,0,0,0,0,1,0,0,0,0,0,0,0,0,0,0,0,0,29,0,[],java-ant,80596,17489,216.996,0,0,0,0,1,0.0074813,0.708942,0.0074813,0.708942,1,1,3,0,0,1,0,0
45505,6469387663,12323472,Java CI,feat/use-nabu,efe87012c2a6aeda699d85925fb5cb8bab32a273,.github/workflows/ant.yml,failure,5982,kevodwyer,24,3,0,0,,push,119,0,1094.0,0,failure,1,042173144f1812775c08f7229f9450fd0a48747f,1,0,0,1,0,0,0,1,0,0,0,0,0,0,0,0,0,0,0,0,0,0,0,0,0,0,0,0,0,0,0,0,0,0,0,0,0,0,29,0,[],java-ant,80715,17534,217.233,0,0,0,0,1,0.15212,0.121126,0.0523691,0.278715,1,1,3,0,0,1,0,0
45506,6769546517,12323472,Java CI,master,70f3a5676b12b1c131b76077aa5919ddeb145842,.github/workflows/ant.yml,failure,5982,ianopolous,24,3,0,0,,push,14,0,1103.0,0,failure,1,9efaca4d71515851a8179fa9275783acffef54a9,1,2,2,0,0,1,4,1,0,0,0,0,0,1,1,0,0,0,2,0,0,0,0,0,0,1,0,0,0,0,0,0,0,0,0,2,0,0,29,0,[],java-ant,80724,17563,217.569,0,0,0,0,1,0.239401,0.157373,0.0623441,0.265113,30,0,3,0,0,1,0,1
45507,7107052298,12323472,Java CI,master,4310d2acd9b5a271e5f6d463855a5e99e8596473,.github/workflows/ant.yml,failure,5982,ianopolous,24,3,0,0,,push,26,0,1122.0,1,success,1,61f0d2eec779491767d6c11eb121c78fdfb09ac4,1,0,0,1,0,0,0,1,0,0,0,0,0,0,0,0,0,0,0,0,0,0,0,0,0,0,0,0,0,0,0,0,0,0,0,0,0,0,29,0,[],java-ant,81055,17597,217.1,0,0,0,0,1,0.0723192,0.462008,0.0074813,0.746883,43,0,3,0,0,1,0,1
45508,6338182298,12323472,Java CI,feat/use-nabu,49740f5d4760311e1d6edcb49153ae68241696eb,.github/workflows/ant.yml,failure,5982,ianopolous,24,3,0,0,,push,119,0,1094.0,0,failure,1,f8b13d39e327ea015e7eaf1951c4cb578f3b175c,1,1,1,0,0,1,2,1,0,0,0,0,0,1,1,0,0,0,8,0,0,0,0,0,0,1,0,0,0,0,0,0,0,0,0,0,0,0,29,0,[],java-ant,80603,17530,217.486,0,0,0,0,1,0.0498753,0.383375,0.0498753,0.383375,40,0,3,0,0,1,0,0
45509,6735244828,12323472,Java CI,master,42adaf8d557d873fa46d3c77459546973a4a8ff7,.github/workflows/ant.yml,failure,5982,ianopolous,24,3,0,0,,push,24,0,1106.0,1,failure,1,b8bcf266b931a7f40297c3fc3497bcfc570b9002,2,4,0,0,0,2,4,1,0,0,0,0,0,2,2,0,0,0,14,0,0,0,0,0,0,1,0,0,0,0,0,0,0,0,0,0,0,0,29,0,[],java-ant,80724,17563,217.569,0,0,0,0,1,0.256858,0.152152,0.0698254,0.292451,29,0,3,0,0,1,0,1
45510,6405475612,12323472,Java CI,feat/use-nabu,09fe889ab8d0947e5fc1c9707cda5dfdf1e06206,.github/workflows/ant.yml,failure,5982,kevodwyer,24,3,0,0,,push,0,0,,0,failure,1,935b83476e4bad30b283308acf0cd90ed1a0cf8e,1,10,6,0,0,1,16,1,0,0,0,0,0,1,1,0,0,0,8,0,0,0,0,0,0,1,0,0,0,0,0,0,0,0,0,0,0,0,29,0,[],java-ant,80712,17534,217.242,0,0,0,0,1,0.112219,0.164404,0.0822943,0.208569,1,1,3,0,0,1,0,0
45511,6642447841,12323472,Java CI,feat/persist-block-param,8cbdcd523313f7ac81253a66c0c702793364fea2,.github/workflows/ant.yml,failure,5982,ianopolous,24,3,0,0,,push,30,0,1096.0,0,failure,1,08d4923baed895d19e93b3ad4321b2133db2c788,3,5,24,1,0,2,29,2,0,1,1,1,0,1,2,0,0,0,25,0,0,0,7,0,7,1,0,0,0,0,0,0,0,0,0,0,0,0,29,0,[],java-ant,80762,17542,217.206,0,0,0,0,1,0.269327,0.102359,0.0523691,0.292963,7,0,3,0,0,1,0,0
45512,6393450536,12323472,Java CI,feat/use-nabu,5f01a63a788c79f195afbc581513ee81b229528a,.github/workflows/ant.yml,failure,5982,kevodwyer,24,3,0,0,,push,0,0,,0,failure,1,387adc5ccb5d17660cec3a24b9e1c182b2ff97d7,1,4,2,0,0,1,6,1,0,0,0,0,0,1,1,0,0,0,12,0,0,0,0,0,0,1,0,0,0,0,0,0,0,0,0,0,0,0,29,0,[],java-ant,80709,17534,217.25,0,0,0,0,1,0.102244,0.187032,0.0798005,0.242158,1,1,3,0,0,1,0,0
45513,6341171077,12323472,Java CI,feat/use-nabu,bc783314a3c287c86b5f79d031d6b98d92ff0b8a,.github/workflows/ant.yml,failure,5982,kevodwyer,24,3,0,0,,push,119,0,1094.0,1,failure,1,1fe6d7cb1930d093ead389b0672c15b18e04196e,1,0,0,1,0,0,0,1,0,0,0,0,0,0,0,0,0,0,0,0,0,0,0,0,0,0,0,0,0,0,0,0,0,0,0,0,0,0,29,0,[],java-ant,80607,17530,217.475,0,0,0,0,1,0.0623441,0.223251,0.0623441,0.223251,1,1,3,0,0,1,0,0
45514,6390884192,12323472,Java CI,feat/use-nabu,e0c00755a9b758a536d901286645080bb27ab196,.github/workflows/ant.yml,failure,5982,ianopolous,24,3,0,0,,push,0,0,,1,failure,1,50c9d1f26829e23c3c70be90f7419c4cdbde14c5,1,5,7,0,0,1,12,1,0,0,0,0,0,1,1,0,0,0,12,0,0,0,0,1,1,1,0,0,0,0,0,0,0,0,0,0,0,0,29,0,[],java-ant,80707,17534,217.255,0,0,0,0,1,0.0947631,0.204673,0.0822943,0.183541,36,0,3,0,0,1,0,0
45515,6340250348,12323472,Java CI,feat/use-nabu,7d510b1fab3b479ae2929538d0c2462456c3c2ab,.github/workflows/ant.yml,failure,5982,kevodwyer,24,3,0,0,,push,119,0,1094.0,1,failure,1,1bedb389c0e8a1f7ccd3f729108e863c8431cc9a,1,1,1,0,0,1,2,1,0,0,0,0,0,1,1,0,0,0,8,0,0,0,0,0,0,1,0,0,0,0,0,0,0,0,0,0,0,0,29,0,[],java-ant,80603,17530,217.486,0,0,0,0,1,0.0573566,0.248064,0.0573566,0.248064,1,1,3,0,0,1,0,0
45516,6743981315,12323472,Java CI,master,9efaca4d71515851a8179fa9275783acffef54a9,.github/workflows/ant.yml,failure,5982,ianopolous,24,3,0,0,,push,0,0,,1,failure,1,42adaf8d557d873fa46d3c77459546973a4a8ff7,1,0,0,1,0,0,0,1,0,0,0,0,0,0,0,0,0,0,0,0,0,0,0,0,0,0,0,0,0,0,0,0,0,0,0,0,0,0,29,0,[],java-ant,80724,17563,217.569,0,0,0,0,1,0.249377,0.150681,0.0673317,0.247205,30,0,3,0,0,1,0,1
45517,6471995475,12323472,Java CI,feat/add-metadatastore-2,eb204e830faf4b48edc94cd0d1fe97ac687f9450,.github/workflows/ant.yml,failure,5982,kevodwyer,24,3,0,0,,push,8,0,1093.0,1,failure,1,89e656a3e12b82a8dfc0b68afbcf323d77c1086b,1,0,0,1,0,0,0,1,0,0,0,0,0,0,0,0,0,0,0,0,0,0,0,0,0,0,0,0,0,0,0,0,0,0,0,0,0,0,29,0,[],java-ant,80775,17534,217.072,0,0,0,0,1,0.169576,0.09886,0.0648379,0.212537,1,1,3,0,0,0,0,0
45518,6731447886,12323472,Java CI,master,1d07c35411c449638bfff2238f1966db0006278d,.github/workflows/ant.yml,failure,5982,ianopolous,24,3,0,0,,push,0,0,,0,failure,1,e2ca8f521c8f57d53077754a851b082b63bec43b,1,1,1,0,0,1,2,1,0,0,0,0,0,1,1,0,0,0,11,0,0,0,0,0,0,1,0,0,0,0,0,0,0,0,0,0,0,0,29,0,[],java-ant,80714,17563,217.595,0,0,0,0,1,0.25187,0.154482,0.0623441,0.312525,26,0,3,0,0,1,0,1
45519,6849974193,12323472,Java CI,fix/notes-app-support,3034396485c28db7f254e3adc2d0854bf10d3d66,.github/workflows/ant.yml,failure,5982,kevodwyer,24,3,0,0,,push,0,0,,1,failure,1,2f0f7d3c6e0ac900805104ed0327b4811beb1393,1,1,1,0,0,1,2,1,0,0,0,0,0,1,1,0,0,0,3,0,0,0,0,0,0,1,0,0,0,0,0,0,0,0,0,0,0,0,29,0,[],java-ant,80738,17563,217.531,0,0,0,0,1,0.219451,0.215711,0.042394,0.598504,10,1,3,0,0,0,0,0
45520,6429263648,12323472,Java CI,feat/use-nabu,e5615a5169adf65f909f3b697d2544fdd94a73ad,.github/workflows/ant.yml,failure,5982,kevodwyer,24,3,0,0,,push,119,0,1094.0,0,failure,1,231d6548f2764d82fceb7866e8946d3ee7aa97af,1,0,0,1,0,0,0,1,0,0,0,0,0,0,0,0,0,0,0,0,0,0,0,0,0,0,0,0,0,0,0,0,0,0,0,0,0,0,29,0,[],java-ant,80712,17534,217.242,0,0,0,0,1,0.119701,0.157196,0.0498753,0.431875,1,1,3,0,0,1,0,0
45521,6496561414,12323472,Java CI,feat/use-nabu,e8aac19b01620ad88bcc2deca2a163e65c7422b2,.github/workflows/ant.yml,failure,5982,kevodwyer,24,3,0,0,,push,119,0,1094.0,0,failure,1,8765a917847f6325e3ac196b205596ada2a58b9a,1,9,0,0,0,0,0,1,9,0,0,0,0,1,1,1,0,1,4,0,0,0,0,0,0,0,1,0,0,0,0,9,0,0,0,0,0,0,29,0,[],java-ant,80792,17549,217.212,0,0,0,0,1,0.187032,0.0923827,0.074813,0.21027,1,1,3,0,0,1,0,0
45522,6420504038,12323472,Java CI,feat/use-nabu,35b5a0f8486ed8f4eaf67c3dd97e181f35a5faf7,.github/workflows/ant.yml,failure,5982,ianopolous,24,3,0,0,,push,119,0,1094.0,0,failure,1,09fe889ab8d0947e5fc1c9707cda5dfdf1e06206,1,3,5,0,0,1,8,1,0,0,0,0,0,1,1,0,0,0,1,0,0,0,0,0,0,1,0,0,0,0,0,0,0,0,0,0,0,0,29,0,[],java-ant,80712,17534,217.242,0,0,0,0,1,0.114713,0.180881,0.0573566,0.235661,34,0,3,0,0,1,0,0
45523,6468590135,12323472,Java CI,feat/use-nabu,042173144f1812775c08f7229f9450fd0a48747f,.github/workflows/ant.yml,failure,5982,ianopolous,24,3,0,0,,push,119,0,1094.0,0,failure,1,05dd91005e259580eb610f2fc9f096c27d427852,2,15,19,0,0,2,34,1,0,0,0,0,0,2,2,0,0,0,37,0,0,0,0,0,0,1,0,0,0,0,0,0,0,0,0,0,0,0,29,0,[],java-ant,80715,17534,217.233,0,0,0,0,1,0.149626,0.141942,0.0523691,0.315877,21,0,3,0,0,1,0,0
45524,6430736704,12323472,Java CI,feat/use-nabu,7ece870713a542dc2bb8ef8741532bac91dfc5bf,.github/workflows/ant.yml,failure,5982,kevodwyer,24,3,0,0,,push,119,0,1094.0,1,failure,1,d88f1b411361e1d1eaf8e636c653903d67318075,1,0,0,1,0,0,0,1,0,0,0,0,0,0,0,0,0,0,0,0,0,0,0,0,0,0,0,0,0,0,0,0,0,0,0,0,0,0,29,0,[],java-ant,80712,17534,217.242,0,0,0,0,1,0.129676,0.135988,0.0573566,0.314214,1,1,3,0,0,1,0,0
45525,6588233760,12323472,Java CI,master,baa2607122fa023817424f89fa187e2059c745d9,.github/workflows/ant.yml,failure,5982,ianopolous,24,3,0,0,,push,119,0,1094.0,1,success,1,c11f3326b08e6076f8ad2987f64616f47b096417,201,1616,1819,1,0,176,3187,3,240,0,1,22,2,179,203,30,25,55,1377,16,11,27,320,298,618,1,1,0,0,3,2,104,136,0,2,15,0,0,29,0,[],java-ant,80747,17535,217.16,0,0,0,0,1,0.264339,0.106005,0.0723192,0.255323,4,0,3,0,0,1,0,1
45526,6507284241,12323472,Java CI,fix/delay-experiment,b64a32e2d7474c3e16326168aa2155449b04cc3c,.github/workflows/ant.yml,failure,5982,kevodwyer,24,3,0,0,,push,0,0,,1,failure,1,376d67ac85d40f7a0fd5fe875a0272b97ee99d9d,1,12,6,0,0,1,18,1,0,0,0,0,0,1,1,0,0,0,7,0,0,0,0,0,0,1,0,0,0,0,0,0,0,0,0,0,0,0,29,0,[],java-ant,80806,17549,217.174,0,0,0,0,1,0.19202,0.0878239,0.0648379,0.233791,1,1,3,0,0,0,0,0
45527,6429811531,12323472,Java CI,feat/add-metadatastore,ce91721ca2feda76d3bd025dc6ed3ed468ce30d1,.github/workflows/ant.yml,failure,5982,kevodwyer,24,3,0,0,,push,0,0,,1,failure,8,bfd216b72528422ff6f7687e1a3138cb1ce2757c,5,27,26,1,0,4,53,2,0,1,1,0,0,4,4,0,0,0,18,0,0,0,0,0,0,1,0,0,0,0,0,0,0,0,0,0,0,0,29,0,[],java-ant,80764,17534,217.102,0,0,0,0,1,0.124688,0.145885,0.0523691,0.364473,1,1,3,0,0,1,0,0
45528,6617617563,12323472,Java CI,feat/persist-block-param,f7e368948d6d27ae4e2be0008dfc90f2ed5b71af,.github/workflows/ant.yml,failure,5982,ianopolous,24,3,0,0,,push,30,0,1096.0,1,failure,1,fbb5705b264bc7ffe61f8b2d2c555aedca98a8d8,1,3,2,0,0,1,5,1,0,0,0,0,0,1,1,0,0,0,18,0,0,0,0,0,0,1,0,0,0,0,0,0,0,0,0,0,0,0,29,0,[],java-ant,80778,17535,217.076,0,0,0,0,1,0.269327,0.0869749,0.0598504,0.304579,4,0,3,0,0,0,0,0
45529,6310394536,12323472,Java CI,feat/use-nabu,747910cfd0ed53e05abcec9603d32ff8f030fc45,.github/workflows/ant.yml,failure,5982,kevodwyer,24,3,0,0,,push,119,0,1094.0,1,failure,68,1f75118dc2d9e13d69384bb68dfb73b1963f3b82,65,418,517,0,0,60,830,1,105,0,0,0,1,65,66,4,3,7,776,3,0,3,2,15,17,1,1,0,0,0,1,73,32,0,0,8,0,0,29,0,[],java-ant,80511,17530,217.734,0,0,0,0,1,0.0124688,0.548628,0.0124688,0.548628,1,1,3,0,0,1,0,0
45530,6518757250,12323472,Java CI,feat/use-nabu,88c19e7afb477100ee4ee245a2c0a89b85162e87,.github/workflows/ant.yml,failure,5982,ianopolous,24,3,0,0,,push,119,0,1094.0,1,failure,1,7731dd233d6e385e47b57b4b6d734ee3bd9606fb,1,1,0,0,0,0,0,1,1,0,0,0,0,1,1,0,0,0,4,0,0,0,0,0,0,0,1,0,0,0,0,1,0,0,0,1,0,0,29,0,[],java-ant,80798,17550,217.208,0,0,0,0,1,0.199501,0.111167,0.0623441,0.293017,11,0,3,0,0,1,0,0
45531,6471024781,12323472,Java CI,feat/add-metadatastore,0273544bf5421a93de79b865fd128c0fa3268564,.github/workflows/ant.yml,failure,5982,kevodwyer,24,3,0,0,,push,0,0,,1,failure,1,571b70a45255271e79e39f0a9e1a707d0f9fb030,1,1,1,0,0,1,2,1,0,0,0,0,0,1,1,0,0,0,8,0,0,0,0,0,0,1,0,0,0,0,0,0,0,0,0,0,0,0,29,0,[],java-ant,80772,17534,217.08,0,0,0,0,1,0.159601,0.110579,0.0573566,0.248064,1,1,3,0,0,1,0,0
45532,6337702545,12323472,Java CI,feat/use-nabu,09f64204a863cd1c5eb378dd46909d119306c16c,.github/workflows/ant.yml,failure,5982,kevodwyer,24,3,0,0,,push,119,0,1094.0,1,failure,1,ad539acbb4fab31ec1adc171133c7bb71fd51e2c,1,0,0,1,0,0,0,1,0,0,0,0,0,0,0,0,0,0,0,0,0,0,0,0,0,0,0,0,0,0,0,0,0,0,0,0,0,0,29,0,[],java-ant,80603,17530,217.486,0,0,0,0,1,0.042394,0.342002,0.042394,0.342002,1,1,3,0,0,1,0,0
45533,6637425617,12323472,Java CI,master,8db1cb564e4b515b84e22edd5f2947d7b440af14,.github/workflows/ant.yml,failure,5982,ianopolous,24,3,0,0,,push,12,0,1098.0,1,success,1,813bdb6091d536fce6737cd5f88029605864b67a,1,1,1,0,0,1,2,1,0,0,0,0,0,1,1,0,0,0,10,0,0,0,0,0,0,1,0,0,0,0,0,0,0,0,0,1,0,0,29,0,[],java-ant,80753,17535,217.144,0,0,0,0,1,0.261845,0.101375,0.0448878,0.311022,7,0,3,0,0,1,0,1
45534,6545058127,12323472,Java CI,feat/use-nabu,1b470a4c6935e2d61853ad028cf7bb931e56ac1e,.github/workflows/ant.yml,failure,5982,ianopolous,24,3,0,0,,push,119,0,1094.0,1,failure,1,83587d2717e702a94eed470f51e8716cf5f74618,1,3,0,0,0,1,3,1,0,0,0,0,0,1,1,0,0,0,6,0,0,0,0,0,0,1,0,0,0,0,0,0,0,0,0,0,0,0,29,0,[],java-ant,80814,17552,217.19,0,0,0,0,1,0.229426,0.0915635,0.0822943,0.208569,5,0,3,0,0,1,0,0
45535,6391220003,12323472,Java CI,feat/use-nabu,335af8f7c9d894c1134912fef15c014f742c1d6f,.github/workflows/ant.yml,failure,5982,kevodwyer,24,3,0,0,,push,0,0,,0,failure,1,e0c00755a9b758a536d901286645080bb27ab196,1,0,0,1,0,0,0,1,0,0,0,0,0,0,0,0,0,0,0,0,0,0,0,0,0,0,0,0,0,0,0,0,0,0,0,0,0,0,29,0,[],java-ant,80707,17534,217.255,0,0,0,0,1,0.0972569,0.196249,0.0822943,0.254918,1,1,3,0,0,1,0,0
45536,6533138906,12323472,Java CI,feat/use-nabu,ac098a1076aade648152caba9e2c2af2ff3c3d84,.github/workflows/ant.yml,failure,5982,ianopolous,24,3,0,0,,push,119,0,1094.0,1,failure,1,ac2cafd3452d2dd1736ef4465c85494c2e281792,1,2,2,0,0,0,0,1,4,0,0,0,0,1,1,1,0,1,4,0,0,0,0,0,0,0,1,0,0,0,0,2,2,0,0,0,0,0,29,0,[],java-ant,80804,17550,217.192,0,0,0,0,1,0.204489,0.105905,0.0598504,0.293797,11,0,3,0,0,1,0,0
45537,6640904505,12323472,Java CI,feat/auth-allow-target,72218ed772e95e87547d634c8648926a6146168c,.github/workflows/ant.yml,failure,5982,kevodwyer,24,3,0,0,,push,41,0,1097.0,1,failure,1,28f331172c341dcb6e2b07a83673d3d68b6f0b27,1,4,2,0,0,0,0,1,6,0,0,0,0,1,1,0,0,0,3,0,0,0,0,0,0,0,1,0,0,0,0,4,2,0,0,0,0,0,29,0,[],java-ant,80698,17533,217.267,0,0,0,0,1,0.264339,0.101398,0.0473815,0.676309,5,1,3,0,0,1,0,0
45538,6297350277,12323472,Java CI,feat/use-nabu,f76b7d341f59a3210e046684bf65c19f2581c8e8,.github/workflows/ant.yml,failure,5982,kevodwyer,24,3,0,0,,push,52,0,1087.0,0,failure,1,6eaf319da2419310194b3067babe6201c95b3477,64,359,509,0,0,59,802,1,66,0,0,0,1,64,65,1,3,4,755,3,0,3,3,23,26,1,1,0,0,0,1,34,32,0,0,7,0,0,29,0,[],java-ant,80807,17527,216.9,0,0,0,0,1,0.00249377,0.997922,0.00249377,0.997922,44,0,3,0,0,0,0,0
45539,6946857191,12323472,Java CI,fix/better-gc-errors,e2fd6e20a26f7845912519756cf81fa0832c1f2d,.github/workflows/ant.yml,failure,5982,ianopolous,24,3,0,0,,push,27,0,1119.0,1,success,1,06539d5ce78c48540f5acf57819963ddcd48770f,2,64,1,0,0,2,65,1,0,0,0,0,0,2,2,2,0,2,40,0,0,0,0,0,0,1,0,0,0,0,0,0,0,0,0,0,0,0,29,0,[],java-ant,81055,17597,217.1,0,0,0,0,1,0.162095,0.31415,0.0199501,0.523544,60,0,3,0,0,0,0,0
45540,6642007007,12323472,Java CI,feat/auth-allow-target,76f80a86b21e0f6049d40605507e8adc2827ab7f,.github/workflows/ant.yml,failure,5982,kevodwyer,24,3,0,0,,push,41,0,1097.0,1,failure,1,88ebeefac059a9ef11b0d4e84a147298612e91bf,3,3,3,0,0,0,0,1,6,0,0,0,0,3,3,0,0,0,14,0,0,0,0,0,0,0,1,0,0,0,0,3,3,0,0,1,0,0,29,0,[],java-ant,80700,17534,217.274,0,0,0,0,1,0.266833,0.0976868,0.0498753,0.562552,7,1,3,0,0,1,0,0
45541,6337319857,12323472,Java CI,feat/use-nabu,7873d8b44a32a1e853bf6208cfb4410f7801532a,.github/workflows/ant.yml,failure,5982,kevodwyer,24,3,0,0,,push,119,0,1094.0,1,failure,1,f8a5368bff93433202719af6d64f9aca25f20273,1,0,0,1,0,0,0,1,0,0,0,0,0,0,0,0,0,0,0,0,0,0,0,0,0,0,0,0,0,0,0,0,0,0,0,0,0,0,29,0,[],java-ant,80602,17530,217.488,0,0,0,0,1,0.0374065,0.401081,0.0374065,0.401081,1,1,3,0,0,1,0,0
45542,6824189570,12323472,Java CI,master,40c3325a11ade60a05d086e15e5dbda4ee6cf524,.github/workflows/ant.yml,success,5982,ianopolous,24,3,0,0,,push,10,0,1110.0,1,failure,2,733fe94dead2f15131af91310ed9c48b816af455,2,23,4,0,0,2,27,1,0,0,0,0,0,2,2,1,0,1,34,1,0,1,1,0,1,1,0,0,0,0,0,0,0,0,0,0,0,0,29,0,[],java-ant,80755,17563,217.485,0,0,0,0,1,0.21197,0.206587,0.0274314,0.493142,40,0,3,0,0,1,0,1
45543,7116475142,12323472,Java CI,update/nabu-kademlia-only-public-addresses,d6dc29534a950e17d2e1963b24fa68e135efdb99,.github/workflows/ant.yml,success,5982,ianopolous,24,3,0,0,,push,18,0,1123.0,1,failure,1,90bd73c0b0eb9254284c358844b07d3aed23d95a,1,0,0,1,0,0,0,1,0,0,0,0,0,0,0,0,0,0,0,0,0,0,0,0,0,0,0,0,0,0,0,0,0,0,0,0,0,0,29,0,[],java-ant,81055,17597,217.1,0,0,0,0,1,0.0648379,0.503741,0.0074813,0.723872,41,0,3,0,0,0,0,0
45544,6626828891,12323472,Java CI,feat/auth-allow-target,0fe70573d75a1fbb135f4edd29a5b9093e8f3fc2,.github/workflows/ant.yml,success,5982,kevodwyer,24,3,0,0,,push,41,0,1097.0,0,failure,1,0297429fc025cb1ab6fc25aa4aa1af6482837abe,5,49,32,0,0,3,75,1,6,0,0,0,0,5,5,1,0,1,42,1,0,1,1,0,1,1,1,0,0,0,0,1,5,0,0,3,0,0,29,0,[],java-ant,80770,17531,217.048,0,0,0,0,1,0.264339,0.0882699,0.0473815,0.576309,2,1,3,0,0,0,0,0
45545,6786998039,12323472,pages build and deployment,gh-pages,817769a4ac89ca9747edbee512b9e1b42945be4c,dynamic/pages/pages-build-deployment,success,18801354,ianopolous,24,3,0,0,,push,0,0,,1,success,1,2a3fee90b6ccadc92748e91f89a661b6754c661f,1,4,2,0,0,1,6,1,0,0,0,0,0,1,1,0,0,0,12,0,0,0,0,0,0,1,0,0,0,0,0,0,0,0,0,0,0,0,29,0,[],java-ant,80722,17563,217.574,0,0,0,0,1,0.21197,0.196581,0.042394,0.370859,32,0,3,0,0,1,0,0
45546,7117744125,12323472,Java CI,master,3a8fcaa37c6ab4bd77ac00f451024795bff0db12,.github/workflows/ant.yml,success,5982,ianopolous,24,3,0,0,,push,18,0,1123.0,1,success,1,4310d2acd9b5a271e5f6d463855a5e99e8596473,1,0,0,1,0,0,0,1,0,0,0,0,0,0,0,0,0,0,0,0,0,0,0,0,0,0,0,0,0,0,0,0,0,0,0,0,0,0,29,0,[],java-ant,81055,17597,217.1,0,0,0,0,1,0.0598504,0.526683,0.0074813,0.746883,40,0,3,0,0,1,0,1
45547,7165457021,12323472,Java CI,master,ee17750c04f0cd929cea45532c13e1e7cebcd613,.github/workflows/ant.yml,success,5982,ianopolous,24,3,0,0,,push,0,0,,1,failure,1,f81a0b5166c152022dce0cef99acb4953f110d46,1,6,0,0,0,0,0,1,0,0,0,0,0,0,0,0,0,0,0,0,0,0,0,0,0,0,0,0,0,0,0,0,0,1,0,0,0,0,29,0,[],java-ant,81061,17597,217.083,0,0,0,0,1,0.0399003,0.5943,0.00997506,0.710723,30,0,3,0,0,1,0,1
45548,6936814735,12323472,Java CI,master,f414715c30b542e273673cd583d9b6d9cf45a2f3,.github/workflows/ant.yml,success,5982,ianopolous,24,3,0,0,,push,16,0,1118.0,1,failure,1,f833e7a7dbd1544fda2054a54b0b8351ce5194c4,4,44,12,0,0,4,56,1,0,0,0,0,0,4,4,0,0,0,32,0,0,0,2,0,2,1,0,0,0,0,0,0,0,0,0,2,0,0,29,0,[],java-ant,80996,17597,217.258,0,0,0,0,1,0.169576,0.301901,0.0199501,0.523544,60,0,3,0,0,1,0,1
45549,6657496224,12323472,Java CI,feat/auth-allow-target,422347272c8bb843365cb08752bda045adcc181b,.github/workflows/ant.yml,success,5982,ianopolous,24,3,0,0,,push,41,0,1097.0,1,success,1,c156d288829dd8c22733645eb1601bb2874fe818,2,2,3,0,0,2,5,1,0,0,0,0,0,2,2,0,0,0,20,0,0,0,0,0,0,1,0,0,0,0,0,0,0,0,0,0,0,0,29,0,[],java-ant,80682,17532,217.298,0,0,0,0,1,0.239401,0.131388,0.0448878,0.398889,9,0,3,0,0,0,0,0
45550,6630424089,12323472,Java CI,feat/auth-allow-target,c7d251edb660bd4a9bd349191da450081926b816,.github/workflows/ant.yml,success,5982,kevodwyer,24,3,0,0,,push,41,0,1097.0,0,failure,1,0fe70573d75a1fbb135f4edd29a5b9093e8f3fc2,2,15,119,0,0,3,134,1,0,0,0,0,1,2,3,0,0,0,21,0,0,0,0,12,12,1,0,0,0,0,1,0,0,0,0,1,0,0,29,0,[],java-ant,80676,17531,217.301,0,0,0,0,1,0.261845,0.105385,0.0448878,0.75284,3,1,3,0,0,0,0,0
45551,7106011788,12323472,Java CI,update/nabu-kademlia-routing-table,90bd73c0b0eb9254284c358844b07d3aed23d95a,.github/workflows/ant.yml,success,5982,ianopolous,24,3,0,0,,push,26,0,1122.0,1,success,1,1e77baa7f322203a654f88df33fbf2f5057b5f18,1,0,0,1,0,0,0,1,0,0,0,0,0,0,0,0,0,0,0,0,0,0,0,0,0,0,0,0,0,0,0,0,0,0,0,0,0,0,29,0,[],java-ant,81055,17597,217.1,0,0,0,0,1,0.0698254,0.471893,0.00498753,0.815915,42,0,3,0,0,0,0,0
45552,6824815147,12323472,Java CI,master,d45521c2c08e21b816996fb0d250c32e9a0d1f4c,.github/workflows/ant.yml,success,5982,ianopolous,24,3,0,0,,push,0,0,,1,failure,1,1ad13e918ab6c8d0eb2c3bbb88554b4b274f34d8,2,1,1,1,0,1,2,2,0,1,1,0,0,1,1,0,0,0,8,0,0,0,0,0,0,1,0,0,0,0,0,0,0,0,0,0,0,0,29,0,[],java-ant,80755,17563,217.485,0,0,0,0,1,0.219451,0.208171,0.0349127,0.45106,44,0,3,0,0,1,0,1
45553,6853449263,12323472,Java CI,master,1f7af6824dc36bb433124b8220abb1a1dfc2b67a,.github/workflows/ant.yml,success,5982,ianopolous,24,3,0,0,,push,0,0,,1,failure,1,3fc9a98a7ea42c4b9ded2084f8512de286a5df98,2,2,2,0,0,0,0,1,4,0,0,0,0,2,2,0,0,0,52,0,0,0,0,0,0,0,1,0,0,0,0,2,2,0,0,1,0,0,29,0,[],java-ant,80790,17563,217.391,0,0,0,0,1,0.21197,0.255118,0.042394,0.509932,51,0,3,0,0,1,0,1
45554,6642734232,12323472,Java CI,feat/auth-allow-target,dc4c832e2687965d4c5b69c2c0e8281d7386813a,.github/workflows/ant.yml,success,5982,kevodwyer,24,3,0,0,,push,41,0,1097.0,0,failure,1,76f80a86b21e0f6049d40605507e8adc2827ab7f,2,7,5,0,0,1,10,1,2,0,0,0,0,2,2,0,0,0,21,1,0,1,0,0,0,1,1,0,0,0,0,0,2,0,0,1,0,0,29,0,[],java-ant,80702,17532,217.244,0,0,0,0,1,0.269327,0.112769,0.0498753,0.596202,8,1,3,0,0,1,0,0
45555,6586515991,12323472,Java CI,feat/use-nabu,6a082a0c48665a17e6a7fc41295bf4e04f23145b,.github/workflows/ant.yml,success,5982,ianopolous,24,3,0,0,,push,119,0,1094.0,1,failure,1,b76323bff951df9a12e66f38cf527bb01ce2ac46,1,1,1,0,0,0,0,1,2,0,0,0,0,1,1,0,0,0,1,0,0,0,0,0,0,0,1,0,0,0,0,1,1,0,0,1,0,0,29,0,[],java-ant,80747,17535,217.16,0,0,0,0,1,0.261845,0.107916,0.0723192,0.265536,3,0,3,0,0,0,0,0
45556,7033973679,12323472,Java CI,master,067db88dc635f21f1043d59e8b4e9c31b14db664,.github/workflows/ant.yml,success,5982,ianopolous,24,3,0,0,,push,18,0,1120.0,1,success,1,a71b9a3bb3b1e305d0f051ab4d5e4e12471b758f,1,0,0,1,0,0,0,1,0,0,0,0,0,0,0,0,0,0,0,0,0,0,0,0,0,0,0,0,0,0,0,0,0,0,0,0,0,0,29,0,[],java-ant,81056,17597,217.097,0,0,0,0,1,0.0972569,0.412521,0.0,1.0,48,0,3,0,0,1,0,1
45557,7032352075,12323472,Java CI,update/nabu-v0.7.1,7141779fd53c468eb5fd1db3a83a80003885c1fb,.github/workflows/ant.yml,success,5982,ianopolous,24,3,0,0,,push,18,0,1120.0,1,success,1,a71b9a3bb3b1e305d0f051ab4d5e4e12471b758f,1,0,0,1,0,0,0,1,0,0,0,0,0,0,0,0,0,0,0,0,0,0,0,0,0,0,0,0,0,0,0,0,0,0,0,0,0,0,29,0,[],java-ant,81056,17597,217.097,0,0,0,0,1,0.0972569,0.402031,0.0,1.0,47,0,3,0,0,0,0,0
45558,7102809970,12323472,Java CI,master,61f0d2eec779491767d6c11eb121c78fdfb09ac4,.github/workflows/ant.yml,success,5982,ianopolous,24,3,0,0,,push,15,0,1121.0,1,failure,1,3ddd0994b7633bb83e56fb9ae74c4e696a347bc8,1,0,0,1,0,0,0,1,0,0,0,0,0,0,0,0,0,0,0,0,0,0,0,0,0,0,0,0,0,0,0,0,0,0,0,0,0,0,29,0,[],java-ant,81055,17597,217.1,0,0,0,0,1,0.0698254,0.493017,0.00498753,0.797506,41,0,3,0,0,1,0,1
45559,6786580152,12323472,pages build and deployment,gh-pages,ada084986576c44984cb78530fbe8ddbb8582b27,dynamic/pages/pages-build-deployment,success,18801354,ianopolous,24,3,0,0,,push,0,0,,1,success,1,2a3fee90b6ccadc92748e91f89a661b6754c661f,1,4,2,0,0,1,6,1,0,0,0,0,0,1,1,0,0,0,12,0,0,0,0,0,0,1,0,0,0,0,0,0,0,0,0,0,0,0,29,0,[],java-ant,80722,17563,217.574,0,0,0,0,1,0.21197,0.196581,0.042394,0.370859,32,0,3,0,0,1,0,0
45560,6699862567,12323472,Java CI,master,ed5a51ed8afd90eeced451b236e31adb10f220dc,.github/workflows/ant.yml,success,5982,ianopolous,24,3,0,0,,push,0,0,,1,failure,1,454806075280ee2f8962cd13ba6e51cf3ab0e505,1,6,2,0,0,0,0,1,8,0,0,0,0,1,1,0,0,0,0,0,0,0,1,0,1,0,1,0,0,0,0,6,2,0,0,1,0,0,29,0,[],java-ant,80702,17555,217.529,0,0,0,0,1,0.244389,0.156204,0.0573566,0.359749,16,0,3,0,0,1,0,1
45561,6694628331,12323472,Java CI,master,cd75ee61357516af6788aae5077876094b1c9ba1,.github/workflows/ant.yml,success,5982,ianopolous,24,3,0,0,,push,10,0,1100.0,1,failure,1,f1ef961a32bedb298257190261d12a2b01e84517,2,22,24,0,0,2,46,1,0,0,0,0,0,2,2,0,0,0,20,0,0,0,1,0,1,1,0,0,0,0,0,0,0,0,0,1,0,0,29,0,[],java-ant,80676,17532,217.314,0,0,0,0,1,0.241895,0.146127,0.0623441,0.321788,13,0,3,0,0,1,0,1
45562,6704468802,12323472,Java CI,master,06eb944c4d1f21c6fcda2f0cb0ecbbc8f9a6c3b1,.github/workflows/ant.yml,success,5982,ianopolous,24,3,0,0,,push,0,0,,1,success,1,ed5a51ed8afd90eeced451b236e31adb10f220dc,1,0,0,1,0,0,0,1,0,0,0,0,0,0,0,0,0,0,0,0,0,0,0,0,0,0,0,0,0,0,0,0,0,0,0,0,0,0,29,0,[],java-ant,80702,17555,217.529,0,0,0,0,1,0.239401,0.173573,0.0573566,0.382615,17,0,3,0,0,1,0,1
45563,6916909330,12323472,Java CI,opt/cbor-block-cache-in-s3,21e7ee8266dc256261fefba0d4beb5a891b7d482,.github/workflows/ant.yml,success,5982,ianopolous,24,3,0,0,,push,26,0,1117.0,1,failure,1,5dc1e28ce9da3709e42604b344add8fedc03910e,5,34,44,0,0,5,78,1,0,0,0,0,0,5,5,0,1,1,102,1,1,2,0,0,0,1,0,0,0,0,0,0,0,0,0,1,0,0,29,0,[],java-ant,80964,17597,217.344,0,0,0,0,1,0.174564,0.280091,0.0249377,0.522077,57,0,3,0,0,0,0,0
45564,6882242266,12323472,Java CI,master,d0752bdcf38eb6fe75a2f60562e7b7538f058913,.github/workflows/ant.yml,success,5982,ianopolous,24,3,0,0,,push,0,0,,1,failure,1,332c331a5f501e8dcbbe1060564a2a7b727eab14,0,98,0,0,0,1,98,1,0,0,0,1,0,0,1,0,0,0,0,0,0,0,8,0,8,1,0,0,0,1,0,0,0,0,0,0,0,0,29,0,[],java-ant,80880,17563,217.149,0,0,0,0,1,0.177057,0.276434,0.032419,0.538087,53,0,3,0,0,1,0,1
45565,6558837044,12323472,Java CI,feat/use-nabu,81a1713b1a39a0c15c7f74e9e076112314315b80,.github/workflows/ant.yml,success,5982,ianopolous,24,3,0,0,,push,119,0,1094.0,0,failure,1,780a1dffabf98c2b0fea41a29f4e93fca648ee5b,1,0,0,1,0,0,0,1,0,0,0,0,0,0,0,0,0,0,0,0,0,0,0,0,0,0,0,0,0,0,0,0,0,0,0,0,0,0,29,0,[],java-ant,80743,17535,217.171,0,0,0,0,1,0.244389,0.107001,0.0698254,0.282544,5,0,3,0,0,1,0,0
45566,6850714953,12323472,Java CI,master,85871d9bbddd53350e7e34085f73beab5d7ce5b3,.github/workflows/ant.yml,success,5982,ianopolous,24,3,0,0,,push,47,0,1107.0,0,success,4,ebfbb411a9b10313d396c4ac4b015cb387213ae2,2,18,4,0,0,2,22,1,0,0,0,0,0,2,2,0,0,0,15,0,0,0,0,0,0,1,0,0,0,0,0,0,0,0,0,0,0,0,29,0,[],java-ant,80790,17563,217.391,0,0,0,0,1,0.214464,0.249139,0.042394,0.49243,49,0,3,0,0,1,0,1
45567,6947055735,12323472,Java CI,fix/better-gc-errors,449be52f8edaf3a07d4c0ad2d0790181a13316a3,.github/workflows/ant.yml,success,5982,ianopolous,24,3,0,0,,push,27,0,1119.0,1,failure,1,e2fd6e20a26f7845912519756cf81fa0832c1f2d,1,20,20,0,0,1,40,1,0,0,0,0,0,1,1,1,0,1,8,0,0,0,0,0,0,1,0,0,0,0,0,0,0,0,0,0,0,0,29,0,[],java-ant,81054,17597,217.102,0,0,0,0,1,0.162095,0.322943,0.0199501,0.550014,61,0,3,0,0,0,0,0
45568,6787039469,12323472,pages build and deployment,gh-pages,f0a1541f114f14e8197b76350ee102c9c6984403,dynamic/pages/pages-build-deployment,success,18801354,ianopolous,3,0,0,0,,dynamic,0,0,,1,success,1,817769a4ac89ca9747edbee512b9e1b42945be4c,1,1,1,0,0,1,2,1,0,0,0,0,0,0,0,0,0,0,0,0,0,0,0,0,0,0,0,0,0,0,0,0,0,0,0,0,0,0,0,0,[],,97992,14989,152.961,0,0,0,0,0,0.216958,0.193704,0.0448878,0.353435,31,0,3,0,1,0,0,0
45569,6826862187,12323472,Java CI,fix/remove-legacy-kubo-data,813f19c533594f31dcba9c24f5c48f2fc64dfbbc,.github/workflows/ant.yml,success,5982,ianopolous,24,3,0,0,,push,29,0,1112.0,1,success,1,f4d2f47620a70966096a90258b403625d3dc9ca6,1,8,4,0,0,1,12,1,0,0,0,0,0,1,1,0,0,0,22,0,0,0,0,0,0,1,0,0,0,0,0,0,0,0,0,0,0,0,29,0,[],java-ant,80776,17563,217.428,0,0,0,0,1,0.219451,0.228767,0.0374065,0.492806,46,0,3,0,0,0,0,0
45570,6801045673,12323472,Java CI,feat/bitswap-auth-without-block,f7b530bfd510010703e0706fa46a900d8d1df52f,.github/workflows/ant.yml,success,5982,ianopolous,24,3,0,0,,push,16,0,1109.0,1,failure,1,0102c0d5b071fb3378dbdb6337aa629691866954,1,1,1,0,0,1,2,1,0,0,0,0,0,1,1,0,0,0,8,0,0,0,0,0,0,1,0,0,0,0,0,0,0,0,0,0,0,0,29,0,[],java-ant,80737,17563,217.533,0,0,0,0,1,0.219451,0.198784,0.0448878,0.365648,36,0,3,0,0,0,0,0
45571,6297529995,12323472,Java CI,feat/owner-block-get-hint,24082376cf964e459f60fe090d84eebaa1bda789,.github/workflows/ant.yml,success,5982,ianopolous,24,3,0,0,,push,52,0,1087.0,0,failure,1,6eaf319da2419310194b3067babe6201c95b3477,64,359,509,0,0,59,802,1,66,0,0,0,1,64,65,1,3,4,755,3,0,3,3,23,26,1,1,0,0,0,1,34,32,0,0,7,0,0,29,0,[],java-ant,80807,17527,216.9,0,0,0,0,1,0.00249377,0.997922,0.00249377,0.997922,44,0,3,0,0,0,0,0
45572,6949544435,12323472,Java CI,master,39d8537270bfe73f7d192ede6b97677d4b0e2ed9,.github/workflows/ant.yml,success,5982,ianopolous,24,3,0,0,,push,27,0,1119.0,1,success,2,f414715c30b542e273673cd583d9b6d9cf45a2f3,2,84,21,0,0,2,105,1,0,0,0,0,0,2,2,3,0,3,40,0,0,0,0,0,0,1,0,0,0,0,0,0,0,0,0,0,0,0,29,0,[],java-ant,81054,17597,217.102,0,0,0,0,1,0.162095,0.322943,0.0199501,0.573697,61,0,3,0,0,1,0,1
45573,6631619472,12323472,Java CI,fix/timezone,89b4bc7c851bfc852f53deacbf78061c102fc4c3,.github/workflows/ant.yml,success,5982,ianopolous,24,3,0,0,,push,12,0,1098.0,0,success,1,813bdb6091d536fce6737cd5f88029605864b67a,1,1,1,0,0,1,2,1,0,0,0,0,0,1,1,0,0,0,10,0,0,0,0,0,0,1,0,0,0,0,0,0,0,0,0,1,0,0,29,0,[],java-ant,80753,17535,217.144,0,0,0,0,1,0.261845,0.101375,0.0448878,0.323982,6,0,3,0,0,0,0,0
45574,6928292903,12323472,Java CI,master,f833e7a7dbd1544fda2054a54b0b8351ce5194c4,.github/workflows/ant.yml,success,5982,ianopolous,24,3,0,0,,push,26,0,1117.0,1,failure,2,5dc1e28ce9da3709e42604b344add8fedc03910e,5,36,44,0,0,5,80,1,0,0,0,0,0,5,5,0,1,1,102,1,1,2,0,0,0,1,0,0,0,0,0,0,0,0,0,1,0,0,29,0,[],java-ant,80966,17597,217.338,0,0,0,0,1,0.177057,0.285367,0.0249377,0.548628,59,0,3,0,0,1,0,1
45575,6975456600,12323472,Java CI,master,a71b9a3bb3b1e305d0f051ab4d5e4e12471b758f,.github/workflows/ant.yml,success,5982,ianopolous,24,3,0,0,,push,0,0,,1,success,1,39d8537270bfe73f7d192ede6b97677d4b0e2ed9,1,3,0,0,0,1,3,1,0,0,0,0,0,1,1,0,0,0,3,0,0,0,0,0,0,1,0,0,0,0,0,0,0,0,0,0,0,0,29,0,[],java-ant,81056,17597,217.097,0,0,0,0,1,0.142145,0.33273,0.0174564,0.606262,58,0,3,0,0,1,0,1
45576,6850473583,12323472,Java CI,fix/notes-app-support,8747979b3d232107b2c5976de5f184aa2d19b80e,.github/workflows/ant.yml,success,5982,kevodwyer,24,3,0,0,,push,47,0,1107.0,1,failure,18,3034396485c28db7f254e3adc2d0854bf10d3d66,17,108,50,1,0,16,158,2,0,0,1,0,0,16,16,3,0,3,235,1,1,2,2,1,3,1,0,0,0,0,0,0,0,0,0,6,0,0,29,0,[],java-ant,80790,17563,217.391,0,0,0,0,1,0.216958,0.239855,0.042394,0.643114,14,1,3,0,0,0,0,0
45577,6657251787,12323472,Java CI,feat/auth-allow-target,c156d288829dd8c22733645eb1601bb2874fe818,.github/workflows/ant.yml,success,5982,ianopolous,24,3,0,0,,push,41,0,1097.0,1,failure,1,dc4c832e2687965d4c5b69c2c0e8281d7386813a,2,22,50,0,0,2,72,1,0,0,0,0,0,2,2,0,4,4,20,0,4,4,0,0,0,1,0,0,0,0,0,0,0,0,0,0,0,0,29,0,[],java-ant,80683,17532,217.295,0,0,0,0,1,0.239401,0.118227,0.0448878,0.370265,8,0,3,0,0,0,0,0
45578,6826605773,12323472,Java CI,fix/remove-legacy-kubo-data,f4d2f47620a70966096a90258b403625d3dc9ca6,.github/workflows/ant.yml,success,5982,ianopolous,24,3,0,0,,push,29,0,1112.0,0,failure,1,d45521c2c08e21b816996fb0d250c32e9a0d1f4c,1,29,10,0,0,1,39,1,0,0,0,0,0,1,1,2,0,2,20,0,1,1,0,0,0,1,0,0,0,0,0,0,0,0,0,0,0,0,29,0,[],java-ant,80772,17563,217.439,0,0,0,0,1,0.219451,0.219799,0.0374065,0.472519,45,0,3,0,0,0,0,0
