id,run_id,repository_id,name,head_branch,head_sha,path,conclusion,workflow_id,actor_name,git_num_committers,repo_team_size_last_3_month,commit_message_issue_ref,gh_commits_on_files_touched,git_commit_attention,trigger_event,gh_pr_description_complexity,gh_num_pr_comments,pr_number,git_same_committer,gh_previous_build_result,git_commits,base_sha,gh_files_modified,gh_lines_added,gh_lines_deleted,gh_other_files,gh_hotspot_files_touched,gh_src_files,gh_src_churn,gh_files_type_modified,gh_test_churn,gh_files_entropy,gh_cross_module_changes,ast_class_added,ast_class_deleted,ast_class_modified,ast_class_changed,ast_met_added,ast_met_deleted,ast_met_changed,ast_met_sig_modified,ast_field_added,ast_field_deleted,ast_field_changed,ast_import_added,ast_import_deleted,ast_import_changed,src_ast_diff,test_ast_diff,gh_dependencies_churn,dependencies_count,gh_files_added,gh_files_deleted,gh_tests_added,gh_tests_deleted,gh_doc_files,gh_config_files,ast_met_body_modified,dockerfile_changed,docker_compose_changed,workflow_size,external_github_resource,test_frameworks,build_language,sloc_initial,test_lines_initial,test_lines_per_1000_sloc,tests_passed,tests_failed,tests_skipped,tests_total,tests_ran,repo_fail_rate_history,gh_committer_bayesian_trust_score_history,repo_fail_rate_recent,gh_committer_bayesian_trust_score_recent,git_committer_repo_exp,is_core_member,concurrent_jobs,committer_cross_project_exp,gh_committer_first_build,prev_build_same_files_touched,repo_ci_config_churn_nums,is_master
45579,8340246484,19937094,Java CI,master,fc5901c14f56ad56af506fafc213464fa93e0f7a,.github/workflows/maven.yml,success,3071532,chrjohn,122,6,0.0,1.0,,push,484,0,779.0,1,success,1,d7c9fe52fabdc56f28ace4063f6ac78fe422b511,1,1,1,0,0,1,2,1,0,0,0,0,0,0,0,0,0,0,0,0,0,0,0,0,0,0,0,0,48,0,0,0,0,0,0,0,0,0,53,0,['junit'],java-maven,150697,60341,400.413,30935,2,0,30937,1,0.0,1.0,0.0,1.0,8,1,9,0,0,0,0,1
45580,8445418684,19937094,Java CI,dependabot/maven/org.apache.maven.plugins-maven-gpg-plugin-3.2.2,00334058c8184433d34089a2ebc7bd8c2a0d9de9,.github/workflows/maven.yml,success,3071532,dependabot[bot],122,6,0.0,1.0,,pull_request,529,0,782.0,1,success,1,fc5901c14f56ad56af506fafc213464fa93e0f7a,1,1,1,0,0,1,2,1,0,0,0,0,0,0,0,0,0,0,0,0,0,0,0,0,0,0,0,0,48,0,0,0,0,0,0,0,0,0,53,0,['junit'],java-maven,150697,60341,400.413,30935,2,0,30937,1,0.0,1.0,0.0,1.0,0,1,9,0,0,0,0,0
45581,8060151969,19937094,Java CI,master,fd1926f1ac133a1c7b4558f2fca381775f743289,.github/workflows/maven.yml,success,3071532,chrjohn,121,6,0.0,1.0,,schedule,84,0,766.0,1,success,1,663fb55f5d026e6f0c6392b1676b31bd02cdd6f7,1,5,4,0,0,1,9,1,0,0,0,0,0,1,1,0,0,0,28,0,0,0,0,0,0,1,0,0,48,0,0,0,0,0,0,0,0,0,53,0,['junit'],java-maven,150697,60341,400.413,31894,0,0,31896,1,0.0135458,0.844003,0.0,1.0,25,1,9,0,0,1,0,1
45582,7431391360,19937094,Java CI,use-session-log,754b78323223a0f38d86967affd492a566084453,.github/workflows/maven.yml,success,3071532,chrjohn,118,6,0.0,12.0,{'fix'},pull_request,48,0,746.0,1,success,12,89acf0cf725dfe32d139581f57baa1ba374f2c33,54,662,1186,1,1,32,783,5,1051,1,1,0,3,46,49,15,22,37,454,7,7,14,7,29,36,1,1,0,48,0,4,304,747,0,1,97,0,0,53,0,['junit'],java-maven,150416,60049,399.22,30738,3,0,30741,1,0.0183267,0.861239,0.00557769,0.843825,45,1,9,0,0,1,0,0
45583,8226453175,19937094,Java CI,dependabot/maven/org.apache.maven.plugins-maven-assembly-plugin-3.7.0,a78619b9b9162c32aa5d0b02953fcabb6655f2cc,.github/workflows/maven.yml,success,3071532,dependabot[bot],121,5,0.0,1.0,,pull_request,419,0,771.0,1,success,1,fd1926f1ac133a1c7b4558f2fca381775f743289,1,1,1,0,0,1,2,1,0,0,0,0,0,0,0,0,0,0,0,0,0,0,0,0,0,0,0,0,48,0,0,0,0,0,0,0,0,0,53,0,['junit'],java-maven,150697,60341,400.413,31894,0,0,31896,1,0.00159363,0.999431,0.0,1.0,0,1,9,0,0,0,0,0
45584,8945029770,19937094,Java CI,dependabot/maven/org.apache.maven.plugins-maven-pmd-plugin-3.22.0,82973d351aa31f098092c3e15edacb8378db4855,.github/workflows/maven.yml,success,3071532,chrjohn,122,6,0.0,1.0,,push,560,0,800.0,1,success,1,8115ba3a827f06b2d12154dcd1e7d9ece59647cf,1,1,1,0,0,0,0,1,0,0,0,0,0,0,0,0,0,0,0,0,0,0,0,0,0,0,0,0,48,0,0,0,0,0,1,0,0,0,53,0,['junit'],java-maven,150697,60341,400.413,30935,2,0,30937,1,0.0143426,0.858145,0.00876494,0.729084,13,1,9,0,0,0,0,0
45585,7810422615,19937094,Java CI,master,ef1b9f4c5ea394865bb571e279911d56058423d3,.github/workflows/maven.yml,success,3071532,chrjohn,118,5,0.0,1.0,,schedule,317,0,764.0,1,success,1,f470c02cfcd268e8d52415743a73dbdf2edb0d18,1,1,1,0,0,1,2,1,0,0,0,0,0,0,0,0,0,0,0,0,0,0,0,0,0,0,0,0,48,0,0,0,0,0,0,0,0,0,53,0,['junit'],java-maven,150437,60126,399.676,30755,2,0,30759,1,0.00557769,0.940766,0.0,1.0,10,1,9,0,0,0,0,1
45586,7443621822,19937094,Java CI,master,50d004661424eb3d1d07fe78a90cb91d85946c29,.github/workflows/maven.yml,success,3071532,chrjohn,118,6,0.0,1.0,,schedule,403,0,744.0,0,success,1,644820ee3c64a3eb76428149b42514f1ae21495c,2,2,2,0,0,2,4,1,0,0,1,0,0,0,0,0,0,0,0,0,0,0,0,0,0,0,0,0,48,0,0,0,0,0,0,0,0,0,53,0,['junit'],java-maven,150358,60030,399.247,30739,2,0,30741,1,0.0199203,0.859336,0.00717131,0.847047,44,1,9,0,0,1,0,1
45587,7793360818,19937094,Java CI,dependabot/maven/slf4j.version-2.0.12,bc295dbaf2c0c730a8d31fb32ce1b3585407912e,.github/workflows/maven.yml,success,3071532,dependabot[bot],118,5,0.0,1.0,,pull_request,317,0,764.0,1,success,1,f470c02cfcd268e8d52415743a73dbdf2edb0d18,1,1,1,0,0,1,2,1,0,0,0,0,0,0,0,0,0,0,0,0,0,0,0,0,0,0,0,0,48,0,0,0,0,0,0,0,0,0,53,0,['junit'],java-maven,150437,60126,399.676,31714,0,0,31716,1,0.00557769,0.868353,0.0,1.0,0,1,9,0,0,0,0,0
45588,8336200246,19937094,Java CI,dependabot/maven/org.apache.maven.plugins-maven-gpg-plugin-3.2.1,78f4fd789f7fb1675018f3fefa1556ee0e7aa08c,.github/workflows/maven.yml,success,3071532,dependabot[bot],122,6,0.0,0.0,,push,0,0,,1,success,1,d7c9fe52fabdc56f28ace4063f6ac78fe422b511,1,1,1,0,0,1,2,1,0,0,0,0,0,0,0,0,0,0,0,0,0,0,0,0,0,0,0,0,48,0,0,0,0,0,0,0,0,0,53,0,['junit'],java-maven,150697,60341,400.413,30935,2,0,30937,1,0.000796813,0.999834,0.0,1.0,0,1,9,0,0,0,0,0
45589,7565813679,19937094,Java CI,master,f0570961e3a9d76161ea54dc685e117187f4128e,.github/workflows/maven.yml,success,3071532,chrjohn,118,6,0.0,2.0,,schedule,432,0,756.0,1,success,2,e80c25b15b0ff9dbd96eac361d08e7b0ecce76ed,2,5,2,0,0,2,7,1,0,0,1,0,0,0,0,0,0,0,0,0,0,0,0,0,0,0,0,0,48,0,0,0,0,0,0,0,0,0,53,0,['junit'],java-maven,150361,60030,399.239,30738,3,0,30741,1,0.0191235,0.88128,0.00239044,0.89243,40,1,9,0,0,0,0,1
45590,9412191768,19937094,Java CI,master,32a3f8da5b7e62f41ca5b1707ec3f5e86ed4066a,.github/workflows/maven.yml,success,3071532,chrjohn,122,3,0.0,1.0,,schedule,328,0,812.0,0,success,1,6491cc7b3a929633cc116419cd4b4ddd5e034329,1,1,1,0,0,1,2,1,0,0,0,0,0,0,0,0,0,0,0,0,0,0,0,0,0,0,0,0,48,0,0,0,0,0,0,0,0,0,53,0,['junit'],java-maven,150697,60341,400.413,30935,2,0,30937,1,0.000796813,0.984788,0.0,1.0,11,1,9,0,0,0,0,1
45591,7388621185,19937094,Java CI,use-session-log,441ee5984f91a057eae07e0e385fd66d72cf731e,.github/workflows/maven.yml,success,3071532,chrjohn,118,6,0.0,4.0,{'fix'},pull_request,48,0,746.0,1,success,4,89acf0cf725dfe32d139581f57baa1ba374f2c33,49,607,1154,1,1,28,713,5,1034,1,1,0,3,41,44,14,22,36,426,6,6,12,1,27,28,1,1,0,48,0,4,288,746,0,1,93,0,0,53,0,['junit'],java-maven,150398,60034,399.168,30739,2,0,30741,1,0.0247012,0.883801,0.00159363,0.940942,61,1,9,0,0,1,0,0
45592,7408743226,19937094,Java CI,use-session-log,14683af2e2531cac8273d9f9857d822ddd8cab1c,.github/workflows/maven.yml,success,3071532,chrjohn,118,6,0.0,8.0,{'fix'},pull_request,48,0,746.0,1,success,8,89acf0cf725dfe32d139581f57baa1ba374f2c33,52,641,1176,1,1,30,750,5,1053,1,1,0,3,44,47,14,22,36,440,7,7,14,5,29,34,1,1,0,48,0,4,306,747,0,1,99,0,0,53,0,['junit'],java-maven,150409,60051,399.251,30739,2,0,30741,1,0.0183267,0.876028,0.00159363,0.949801,47,1,9,0,0,1,0,0
45593,7352656597,19937094,Java CI,dependabot/maven/slf4j.version-2.0.10,c68c3f916bd9a2a061fd8e204b9ee80b020f1b79,.github/workflows/maven.yml,success,3071532,dependabot[bot],118,6,0.0,0.0,,push,317,0,743.0,0,success,1,14c9c66fab7f729cb90ecaf096c8db15861b5052,1,1,1,0,0,1,2,1,0,0,0,0,0,0,0,0,0,0,0,0,0,0,0,0,0,0,0,0,48,0,0,0,0,0,0,0,0,0,53,0,['junit'],java-maven,150358,60030,399.247,30739,2,0,30741,1,0.0573705,0.831255,0.00318725,0.776007,0,1,9,0,0,0,0,0
45594,7470791100,19937094,Java CI,master,f532e1ffeb8dc23fac5ffd3b0cf99cc6c03eccd5,.github/workflows/maven.yml,success,3071532,chrjohn,118,6,0.0,1.0,,schedule,317,0,753.0,0,success,1,50d004661424eb3d1d07fe78a90cb91d85946c29,1,1,1,0,0,1,2,1,0,0,0,0,0,0,0,0,0,0,0,0,0,0,0,0,0,0,0,0,48,0,0,0,0,0,0,0,0,0,53,0,['junit'],java-maven,150358,60030,399.247,30739,2,0,30741,1,0.0191235,0.867792,0.00717131,0.83248,43,1,9,0,0,0,0,1
45595,7592464947,19937094,Java CI,master,f0570961e3a9d76161ea54dc685e117187f4128e,.github/workflows/maven.yml,success,3071532,chrjohn,118,6,0.0,2.0,,schedule,432,0,756.0,1,success,2,e80c25b15b0ff9dbd96eac361d08e7b0ecce76ed,2,5,2,0,0,2,7,1,0,0,1,0,0,0,0,0,0,0,0,0,0,0,0,0,0,0,0,0,48,0,0,0,0,0,0,0,0,0,53,0,['junit'],java-maven,150361,60030,399.239,30738,3,0,30741,1,0.0159363,0.887244,0.0,1.0,28,1,9,0,0,0,0,1
45596,8151563627,19937094,Java CI,master,fd1926f1ac133a1c7b4558f2fca381775f743289,.github/workflows/maven.yml,success,3071532,chrjohn,121,5,0.0,1.0,,schedule,84,0,766.0,1,success,1,663fb55f5d026e6f0c6392b1676b31bd02cdd6f7,1,5,4,0,0,1,9,1,0,0,0,0,0,1,1,0,0,0,28,0,0,0,0,0,0,1,0,0,48,0,0,0,0,0,0,0,0,0,53,0,['junit'],java-maven,150697,60341,400.413,30935,2,0,30937,1,0.0135458,0.827229,0.0,1.0,22,1,9,0,0,1,0,1
45597,7896968656,19937094,Java CI,master,b18003e10694c4a9bc94c69399f92a48e2d3073c,.github/workflows/maven.yml,success,3071532,chrjohn,120,5,0.0,3.0,"{'chore', 'fix', 'perf'}",schedule,67,0,283.0,1,success,3,9f8fb4b6ce7b022db6f6c0e037fc0d87dedcabeb,11,199,7,0,1,10,83,1,123,0,0,1,0,11,12,8,0,8,161,3,0,3,13,0,13,1,1,0,48,1,0,122,1,0,0,1,0,0,53,0,['junit'],java-maven,150628,60294,400.284,30883,2,0,30885,1,0.0119522,0.832669,0.0119522,0.721116,21,1,9,0,0,1,0,1
45598,7407541827,19937094,Java CI,use-session-log,259ec6d7ef9ffd152df470110b49d774de1810eb,.github/workflows/maven.yml,success,3071532,chrjohn,118,6,0.0,1.0,,push,48,0,746.0,1,success,1,d94796e0e52eb87180a0d2a137d7221e250847b0,1,6,6,0,0,1,12,1,0,0,0,0,0,1,1,0,0,0,86,0,0,0,0,0,0,1,0,0,48,0,0,0,0,0,0,0,0,0,53,0,['junit'],java-maven,150412,60051,399.243,30739,2,0,30741,1,0.0191235,0.867792,0.00318725,0.90205,46,1,9,0,0,0,0,0
45599,7721698293,19937094,Java CI,master,f0570961e3a9d76161ea54dc685e117187f4128e,.github/workflows/maven.yml,success,3071532,chrjohn,118,6,0.0,2.0,,schedule,432,0,756.0,1,success,2,e80c25b15b0ff9dbd96eac361d08e7b0ecce76ed,2,5,2,0,0,2,7,1,0,0,1,0,0,0,0,0,0,0,0,0,0,0,0,0,0,0,0,0,48,0,0,0,0,0,0,0,0,0,53,0,['junit'],java-maven,150361,60030,399.239,30739,2,0,30741,1,0.012749,0.868289,0.0,1.0,17,1,9,0,0,0,0,1
45600,7706786065,19937094,Java CI,master,f0570961e3a9d76161ea54dc685e117187f4128e,.github/workflows/maven.yml,success,3071532,chrjohn,118,6,0.0,2.0,,schedule,432,0,756.0,1,success,2,e80c25b15b0ff9dbd96eac361d08e7b0ecce76ed,2,5,2,0,0,2,7,1,0,0,1,0,0,0,0,0,0,0,0,0,0,0,0,0,0,0,0,0,48,0,0,0,0,0,0,0,0,0,53,0,['junit'],java-maven,150361,60030,399.239,30739,2,0,30741,1,0.012749,0.872831,0.0,1.0,20,1,9,0,0,0,0,1
45601,7388606148,19937094,Java CI,use-session-log,441ee5984f91a057eae07e0e385fd66d72cf731e,.github/workflows/maven.yml,success,3071532,chrjohn,118,6,0.0,0.0,,push,48,0,746.0,1,success,1,afcb8c074f21268ea4bfda69a3169a565e677696,1,58,5,0,0,1,63,1,0,0,0,0,0,1,1,2,0,2,1,0,0,0,0,0,0,1,0,0,48,0,0,0,0,0,0,0,0,0,53,0,['junit'],java-maven,150398,60034,399.168,31696,2,0,31698,1,0.0247012,0.882622,0.00159363,0.937251,61,1,9,0,0,1,0,0
45602,7884165539,19937094,Java CI,use-session-log,127975209570c3e0f4e06cd5f14793a2138a8552,.github/workflows/maven.yml,success,3071532,chrjohn,118,4,0.0,10.0,{'fix'},push,48,0,746.0,1,success,10,754b78323223a0f38d86967affd492a566084453,6,133,33,0,1,2,15,3,149,1,1,0,0,3,3,2,0,2,16,0,0,0,3,1,4,0,1,0,48,0,0,123,26,0,1,0,0,0,53,0,['junit'],java-maven,150495,60146,399.654,30757,2,0,30759,1,0.0119522,0.811753,0.0119522,0.67958,18,1,9,0,0,0,0,0
45603,7778350287,19937094,Java CI,dependabot/maven/junit.jupiter.version-5.10.2,f82d4f1d54bba688b17678d63dafa67331c0746d,.github/workflows/maven.yml,success,3071532,dependabot[bot],118,5,0.0,0.0,,push,700,0,763.0,1,success,1,f0570961e3a9d76161ea54dc685e117187f4128e,1,1,1,0,0,1,2,1,0,0,0,0,0,0,0,0,0,0,0,0,0,0,0,0,0,0,0,0,48,0,0,0,0,0,0,0,0,0,53,0,['junit'],java-maven,150361,60030,399.239,30739,2,0,30741,1,0.00557769,0.855815,0.0,1.0,0,1,9,0,0,0,0,0
45604,7407542020,19937094,Java CI,use-session-log,259ec6d7ef9ffd152df470110b49d774de1810eb,.github/workflows/maven.yml,success,3071532,chrjohn,118,6,0.0,6.0,{'fix'},pull_request,48,0,746.0,1,success,6,89acf0cf725dfe32d139581f57baa1ba374f2c33,51,635,1167,1,1,29,735,5,1053,1,1,0,3,43,46,14,22,36,427,7,7,14,5,29,34,1,1,0,48,0,4,306,747,0,1,97,0,0,53,0,['junit'],java-maven,150412,60051,399.243,30739,2,0,30741,1,0.0191235,0.869509,0.00318725,0.906606,46,1,9,0,0,0,0,0
45605,8547790226,19937094,Java CI,dependabot/maven/org.apache.maven.plugins-maven-plugin-plugin-3.12.0,ab68c2f525d0f6208ec7302792b9890feda10742,.github/workflows/maven.yml,success,3071532,dependabot[bot],122,6,0.0,1.0,,pull_request,445,0,787.0,1,success,1,8c6ac1a1e5fd50ac71b447a5fd05a248fec02dca,2,2,2,0,0,2,4,1,0,0,1,0,0,0,0,0,0,0,0,0,0,0,0,0,0,0,0,0,48,0,0,0,0,0,0,0,0,0,53,0,['junit'],java-maven,150697,60341,400.413,30935,2,0,30937,1,0.0,1.0,0.0,1.0,0,1,9,0,0,0,0,0
45606,9366073936,19937094,Java CI,master,9338f01f6a5dced31656353e4db6e63f3e19f59c,.github/workflows/maven.yml,success,3071532,chrjohn,122,3,0.0,1.0,{'docs'},push,424,0,815.0,1,success,1,47052322c06b385c5086afc7e749489303849d4f,1,1,1,0,0,1,2,1,0,0,0,0,0,0,0,0,0,0,0,0,0,0,0,0,0,0,0,0,48,0,0,0,0,0,0,0,0,0,53,0,['junit'],java-maven,150697,60341,400.413,30935,2,0,30937,1,0.000796813,0.981057,0.0,1.0,6,1,9,0,0,0,0,1
45607,7352656710,19937094,Java CI,dependabot/maven/slf4j.version-2.0.10,c68c3f916bd9a2a061fd8e204b9ee80b020f1b79,.github/workflows/maven.yml,success,3071532,dependabot[bot],118,6,0.0,1.0,,pull_request,317,0,743.0,1,success,1,14c9c66fab7f729cb90ecaf096c8db15861b5052,1,1,1,0,0,1,2,1,0,0,0,0,0,0,0,0,0,0,0,0,0,0,0,0,0,0,0,0,48,0,0,0,0,0,0,0,0,0,53,0,['junit'],java-maven,150358,60030,399.247,30739,2,0,30741,1,0.0573705,0.833665,0.00318725,0.816733,0,1,9,0,0,0,0,0
45608,9343002896,19937094,Java CI,dependabot/maven/org.apache.maven.plugins-maven-shade-plugin-3.6.0,4cf31859de73231bcd12a3057083a3d8885fffff,.github/workflows/maven.yml,success,3071532,dependabot[bot],122,3,0.0,0.0,,push,0,0,,1,success,1,47052322c06b385c5086afc7e749489303849d4f,1,1,1,0,0,1,2,1,0,0,0,0,0,0,0,0,0,0,0,0,0,0,0,0,0,0,0,0,48,0,0,0,0,0,0,0,0,0,53,0,['junit'],java-maven,150697,60341,400.413,31894,2,0,31896,1,0.000796813,0.999875,0.0,1.0,0,1,9,0,0,0,0,0
45609,9262321276,19937094,Java CI,dependabot/maven/org.sonatype.plugins-nexus-staging-maven-plugin-1.7.0,4bc6a47e62145a09a91f5b0165e3362e35184f17,.github/workflows/maven.yml,success,3071532,dependabot[bot],122,3,0.0,0.0,,push,328,0,812.0,0,success,1,351154aafff927670ede9560579b0ffcbba4fc5b,1,1,1,0,0,1,2,1,0,0,0,0,0,0,0,0,0,0,0,0,0,0,0,0,0,0,0,0,48,0,0,0,0,0,0,0,0,0,53,0,['junit'],java-maven,150697,60341,400.413,30933,4,0,30937,1,0.00398406,0.99917,0.000796813,0.999734,0,1,9,0,0,0,0,0
45610,7408742938,19937094,Java CI,use-session-log,14683af2e2531cac8273d9f9857d822ddd8cab1c,.github/workflows/maven.yml,success,3071532,chrjohn,118,6,0.0,2.0,{'fix'},push,48,0,746.0,1,success,2,259ec6d7ef9ffd152df470110b49d774de1810eb,2,6,9,0,0,2,15,1,0,0,0,0,0,2,2,0,0,0,99,0,0,0,0,0,0,1,0,0,48,0,0,0,0,0,0,2,0,0,53,0,['junit'],java-maven,150409,60051,399.251,30739,2,0,30741,1,0.0183267,0.874397,0.00159363,0.947159,47,1,9,0,0,1,0,0
45611,8996837786,19937094,Java CI,master,e43da5db020d9c566b620389a7fe3506582a35c7,.github/workflows/maven.yml,success,3071532,chrjohn,122,5,0.0,1.0,,schedule,399,0,807.0,1,success,1,3d17b842bd00a2e11d1d9445978085fda0ad4018,2,2,2,0,0,2,4,1,0,0,1,0,0,0,0,0,0,0,0,0,0,0,0,0,0,0,0,0,48,0,0,0,0,0,0,0,0,0,53,0,['junit'],java-maven,150697,60341,400.413,30935,2,0,30937,1,0.0143426,0.885549,0.00159363,0.956349,19,1,9,0,0,0,0,1
45612,8681998490,19937094,Java CI,dependabot/maven/slf4j.version-2.0.13,dcbff5d27a18724450a596f671856adb3f076632,.github/workflows/maven.yml,success,3071532,dependabot[bot],122,6,0.0,0.0,,push,317,0,792.0,0,success,1,78967ae1678fb77dac66f7163188579f59e60c40,1,1,1,0,0,1,2,1,0,0,0,0,0,0,0,0,0,0,0,0,0,0,0,0,0,0,0,0,48,0,0,0,0,0,0,0,0,0,53,0,['junit'],java-maven,150697,60341,400.413,30933,4,0,30937,1,0.0,1.0,0.0,1.0,0,1,9,0,0,0,0,0
45613,7926519920,19937094,Java CI,master,24d836b264a3c9824c5b0c9cbb89bfd5703ab60e,.github/workflows/maven.yml,success,3071532,chrjohn,120,5,0.0,10.0,"{'chore', 'fix'}",schedule,98,0,758.0,1,success,10,b18003e10694c4a9bc94c69399f92a48e2d3073c,9,91,20,0,1,6,56,5,51,2,1,0,0,6,6,2,0,2,106,0,0,0,5,0,5,1,1,0,48,1,0,49,2,0,1,0,0,0,53,0,['junit'],java-maven,150687,60341,400.439,30935,2,0,30937,1,0.0119522,0.83979,0.00478088,0.849402,22,1,9,0,0,1,0,1
45614,7483021010,19937094,Java CI,dependabot/maven/org.apache.maven.plugin-tools-maven-plugin-annotations-3.11.0,28d4587c235ee4fac6270f32c81e65c6fd86a21d,.github/workflows/maven.yml,success,3071532,dependabot[bot],118,6,0.0,0.0,,push,432,0,757.0,1,failure,1,e73b2e28ed2943f089eceaee409c2f83622353d9,1,1,1,0,0,1,2,1,0,0,0,0,0,0,0,0,0,0,0,0,0,0,0,0,0,0,0,0,48,0,0,0,0,0,0,0,0,0,53,0,['junit'],java-maven,150358,60030,399.247,30738,3,0,30741,1,0.0199203,0.858344,0.00796813,0.797344,0,1,9,0,0,0,0,0
45615,7491858498,19937094,Java CI,dependabot/maven/org.apache.maven.plugins-maven-plugin-plugin-3.11.0,de312a01fbbfaf62f9549291706e6c72567d73c3,.github/workflows/maven.yml,success,3071532,chrjohn,118,6,0.0,1.0,,push,432,0,756.0,1,failure,1,666997118a6334414b71c428a3a52f772354ee52,1,3,0,0,1,1,3,1,0,0,0,0,0,0,0,0,0,0,0,0,0,0,0,0,0,0,0,0,48,0,0,0,0,0,0,0,0,0,53,0,['junit'],java-maven,150361,60030,399.239,30739,2,0,30741,1,0.0231076,0.853539,0.0111554,0.773606,43,1,9,0,0,0,0,0
45616,9366082903,19937094,Java CI,dependabot/maven/org.apache.maven.plugins-maven-shade-plugin-3.6.0,c7493cd0cb438e162c55aa39ad828aa49ccbc652,.github/workflows/maven.yml,success,3071532,dependabot[bot],122,3,0.0,1.0,,pull_request,389,0,816.0,1,success,1,c1151de5fc8094bc172bf2eedda0e9ceb57619b2,1,1,1,0,0,1,2,1,0,0,0,0,0,0,0,0,0,0,0,0,0,0,0,0,0,0,0,0,48,0,0,0,0,0,0,0,0,0,53,0,['junit'],java-maven,150697,60341,400.413,30935,2,0,30937,1,0.000796813,0.999895,0.0,1.0,0,1,9,0,0,0,0,0
45617,8242481145,19937094,Java CI,dependabot/maven/org.apache.maven.plugins-maven-gpg-plugin-3.2.0,a05f0ef5178ab21e3e7da8211bef70edb189df1e,.github/workflows/maven.yml,success,3071532,dependabot[bot],121,5,0.0,0.0,,push,484,0,772.0,0,success,1,4258963c7da8eee69797574d027a72664c736f50,1,1,1,0,0,1,2,1,0,0,0,0,0,0,0,0,0,0,0,0,0,0,0,0,0,0,0,0,48,0,0,0,0,0,0,0,0,0,53,0,['junit'],java-maven,150697,60341,400.413,30935,2,0,30937,1,0.00159363,0.999469,0.0,1.0,0,1,9,0,0,0,0,0
45618,7867722132,19937094,Java CI,master,25bbd8a35edd7d5943634ea255063fbece9d4c6b,.github/workflows/maven.yml,success,3071532,chrjohn,118,4,0.0,1.0,{'fix'},schedule,117,0,765.0,1,success,1,ef1b9f4c5ea394865bb571e279911d56058423d3,2,2,1,0,0,0,0,1,3,0,0,0,0,2,2,0,0,0,13,0,0,0,0,0,0,0,1,0,48,0,0,2,1,0,0,0,0,0,53,0,['junit'],java-maven,150437,60127,399.682,30757,2,0,30759,1,0.0119522,0.811753,0.0119522,0.726186,17,1,9,0,0,1,0,1
45619,8336199368,19937094,Java CI,dependabot/maven/org.apache.maven.plugins-maven-compiler-plugin-3.13.0,924ca34716d0983c5cf391e02af100f0416d90ff,.github/workflows/maven.yml,success,3071532,dependabot[bot],122,6,0.0,0.0,,push,618,0,780.0,1,success,1,d7c9fe52fabdc56f28ace4063f6ac78fe422b511,1,1,1,0,0,1,2,1,0,0,0,0,0,0,0,0,0,0,0,0,0,0,0,0,0,0,0,0,48,0,0,0,0,0,0,0,0,0,53,0,['junit'],java-maven,150697,60341,400.413,31894,2,0,31896,1,0.000796813,0.99981,0.0,1.0,0,1,9,0,0,0,0,0
45620,9343003782,19937094,Java CI,dependabot/maven/org.apache.maven.plugin-tools-maven-plugin-annotations-3.13.1,f509494c242bfb3b24ee2a37c5c0b60045139ab9,.github/workflows/maven.yml,success,3071532,dependabot[bot],122,3,0.0,0.0,,push,376,0,817.0,1,success,1,47052322c06b385c5086afc7e749489303849d4f,1,1,1,0,0,1,2,1,0,0,0,0,0,0,0,0,0,0,0,0,0,0,0,0,0,0,0,0,48,0,0,0,0,0,0,0,0,0,53,0,['junit'],java-maven,150697,60341,400.413,30935,2,0,30937,1,0.000796813,0.999879,0.0,1.0,0,1,9,0,0,0,0,0
45621,8242481315,19937094,Java CI,dependabot/maven/org.apache.maven.plugins-maven-gpg-plugin-3.2.0,a05f0ef5178ab21e3e7da8211bef70edb189df1e,.github/workflows/maven.yml,success,3071532,dependabot[bot],121,5,0.0,1.0,,pull_request,484,0,772.0,1,success,1,4258963c7da8eee69797574d027a72664c736f50,1,1,1,0,0,1,2,1,0,0,0,0,0,0,0,0,0,0,0,0,0,0,0,0,0,0,0,0,48,0,0,0,0,0,0,0,0,0,53,0,['junit'],java-maven,150697,60341,400.413,30935,2,0,30937,1,0.00159363,0.999531,0.0,1.0,0,1,9,0,0,0,0,0
45622,7799293712,19937094,Java CI,master,ef1b9f4c5ea394865bb571e279911d56058423d3,.github/workflows/maven.yml,success,3071532,chrjohn,118,5,0.0,1.0,,push,317,0,764.0,1,success,1,f470c02cfcd268e8d52415743a73dbdf2edb0d18,1,1,1,0,0,1,2,1,0,0,0,0,0,0,0,0,0,0,0,0,0,0,0,0,0,0,0,0,48,0,0,0,0,0,0,0,0,0,53,0,['junit'],java-maven,150437,60126,399.676,30757,2,0,30759,1,0.00557769,0.939882,0.0,1.0,10,1,9,0,0,0,0,1
45623,7498368314,19937094,Java CI,master,e80c25b15b0ff9dbd96eac361d08e7b0ecce76ed,.github/workflows/maven.yml,success,3071532,chrjohn,118,6,0.0,1.0,,schedule,432,0,757.0,1,success,1,e73b2e28ed2943f089eceaee409c2f83622353d9,1,1,1,0,0,1,2,1,0,0,0,0,0,0,0,0,0,0,0,0,0,0,0,0,0,0,0,0,48,0,0,0,0,0,0,0,0,0,53,0,['junit'],java-maven,150358,60030,399.247,30738,3,0,30741,1,0.0223108,0.862016,0.0111554,0.767801,43,1,9,0,0,0,0,1
45624,7845433132,19937094,Java CI,defaultapplverid-range,0276061d04d5a93b9f0a578cb21c3d6daa264c5f,.github/workflows/maven.yml,success,3071532,chrjohn,118,5,0.0,10.0,"{'chore', 'fix'}",pull_request,98,0,758.0,1,success,10,25bbd8a35edd7d5943634ea255063fbece9d4c6b,9,91,20,0,1,6,56,5,51,2,1,0,0,6,6,2,0,2,106,0,0,0,5,0,5,1,1,0,48,1,0,49,2,0,1,0,0,0,53,0,['junit'],java-maven,150496,60174,399.838,30809,2,0,30811,1,0.0119522,0.816344,0.0119522,0.726186,17,1,9,0,0,0,0,0
45625,8770460306,19937094,Java CI,master,bb2b919b8d4f286311e05cc418dff53f9ed517e1,.github/workflows/maven.yml,success,3071532,chrjohn,122,6,0.0,1.0,,schedule,317,0,792.0,1,success,1,cfa5502fa07650ce8752df97d3d0dc0c596e5b97,1,1,1,0,0,1,2,1,0,0,0,0,0,0,0,0,0,0,0,0,0,0,0,0,0,0,0,0,48,0,0,0,0,0,0,0,0,0,53,0,['junit'],java-maven,150697,60341,400.413,31894,2,0,31896,1,0.0,1.0,0.0,1.0,13,1,9,0,0,0,0,1
45626,8755346882,19937094,Java CI,use-session-log,dda7ccb96efac28c2717ca8e49f2fd32d5dad522,.github/workflows/maven.yml,success,3071532,chrjohn,122,6,0.0,12.0,{'fix'},pull_request,48,0,746.0,1,success,12,89acf0cf725dfe32d139581f57baa1ba374f2c33,37,598,682,1,0,19,588,4,682,1,1,0,2,31,33,15,4,19,370,7,4,11,6,7,13,1,1,0,48,0,2,275,407,0,1,96,0,0,53,0,['junit'],java-maven,150755,60360,400.385,30935,2,0,30937,1,0.0,1.0,0.0,1.0,13,1,9,0,0,0,0,0
45627,7982617664,19937094,Java CI,dependabot/maven/org.apache.maven.plugins-maven-shade-plugin-3.5.2,ab346e48fb78d192b828c7095225ac257412faea,.github/workflows/maven.yml,success,3071532,dependabot[bot],121,6,0.0,1.0,,pull_request,427,0,768.0,1,success,1,91e0911a8f813ca1dc814a9b26242ec68bf0ff61,1,1,1,0,0,1,2,1,0,0,0,0,0,0,0,0,0,0,0,0,0,0,0,0,0,0,0,0,48,0,0,0,0,0,0,0,0,0,53,0,['junit'],java-maven,150696,60341,400.415,31896,0,0,31896,1,0.0135458,0.996016,0.00159363,0.999004,0,1,9,0,0,0,0,0
45628,7781903749,19937094,Java CI,master,253ac1ac4ae00f4dd5d98ad7e647c2f21b1415f7,.github/workflows/maven.yml,success,3071532,chrjohn,118,5,0.0,1.0,,push,528,0,762.0,1,success,1,f0570961e3a9d76161ea54dc685e117187f4128e,1,1,1,0,0,0,0,1,0,0,0,0,0,0,0,0,0,0,0,0,0,0,0,0,0,0,0,0,48,0,0,0,0,0,1,0,0,0,53,0,['junit'],java-maven,150361,60030,399.239,31698,0,0,31698,1,0.00557769,0.936065,0.0,1.0,8,1,9,0,0,1,0,1
45629,7621513405,19937094,Java CI,master,f0570961e3a9d76161ea54dc685e117187f4128e,.github/workflows/maven.yml,success,3071532,chrjohn,118,6,0.0,2.0,,schedule,432,0,756.0,1,success,2,e80c25b15b0ff9dbd96eac361d08e7b0ecce76ed,2,5,2,0,0,2,7,1,0,0,1,0,0,0,0,0,0,0,0,0,0,0,0,0,0,0,0,0,48,0,0,0,0,0,0,0,0,0,53,0,['junit'],java-maven,150361,60030,399.239,31698,0,0,31698,1,0.0143426,0.876682,0.0,1.0,25,1,9,0,0,0,0,1
45630,9395676496,19937094,Java CI,master,32a3f8da5b7e62f41ca5b1707ec3f5e86ed4066a,.github/workflows/maven.yml,success,3071532,chrjohn,122,3,0.0,1.0,,schedule,328,0,812.0,1,success,1,6491cc7b3a929633cc116419cd4b4ddd5e034329,1,1,1,0,0,1,2,1,0,0,0,0,0,0,0,0,0,0,0,0,0,0,0,0,0,0,0,0,48,0,0,0,0,0,0,0,0,0,53,0,['junit'],java-maven,150697,60341,400.413,31896,0,0,31896,1,0.000796813,0.984788,0.0,1.0,11,1,9,0,0,0,0,1
45631,7786387446,19937094,Java CI,master,8e25819914498cee8568a68d9909f02f59b2aab2,.github/workflows/maven.yml,success,3071532,chrjohn,118,5,0.0,1.0,,push,700,0,763.0,1,success,1,253ac1ac4ae00f4dd5d98ad7e647c2f21b1415f7,1,1,1,0,0,1,2,1,0,0,0,0,0,0,0,0,0,0,0,0,0,0,0,0,0,0,0,0,48,0,0,0,0,0,0,0,0,0,53,0,['junit'],java-maven,150361,60030,399.239,31698,0,0,31698,1,0.00557769,0.937064,0.0,1.0,9,1,9,0,0,0,0,1
45632,8681999300,19937094,Java CI,dependabot/maven/org.codehaus.plexus-plexus-utils-4.0.1,405de30dc070c7b434a9558c30d3b327b00efc3f,.github/workflows/maven.yml,success,3071532,dependabot[bot],122,6,0.0,0.0,,push,546,0,794.0,1,success,1,78967ae1678fb77dac66f7163188579f59e60c40,1,1,1,0,0,1,2,1,0,0,0,0,0,0,0,0,0,0,0,0,0,0,0,0,0,0,0,0,48,0,0,0,0,0,0,0,0,0,53,0,['junit'],java-maven,150697,60341,400.413,31896,0,0,31896,1,0.0,1.0,0.0,1.0,0,1,9,0,0,0,0,0
45633,8244030686,19937094,pages build and deployment,master,529761ef170ba8458b0dd780dfbe750fa30a3f0d,dynamic/pages/pages-build-deployment,success,22589472,chrjohn,121,5,0.0,1.0,,dynamic,484,0,772.0,0,success,1,4258963c7da8eee69797574d027a72664c736f50,1,1,1,0,0,1,2,1,0,0,0,0,0,0,0,0,0,0,0,0,0,0,0,0,0,0,0,0,48,0,0,0,0,0,0,0,0,0,1,0,['junit'],java-maven,150697,60341,400.413,0,0,0,0,0,0.00159363,0.984956,0.0,1.0,11,1,3,0,0,0,0,1
45634,8431348285,19937094,Java CI,master,fc5901c14f56ad56af506fafc213464fa93e0f7a,.github/workflows/maven.yml,success,3071532,chrjohn,122,6,0.0,1.0,,schedule,484,0,779.0,1,success,1,d7c9fe52fabdc56f28ace4063f6ac78fe422b511,1,1,1,0,0,1,2,1,0,0,0,0,0,0,0,0,0,0,0,0,0,0,0,0,0,0,0,0,48,0,0,0,0,0,0,0,0,0,53,0,['junit'],java-maven,150697,60341,400.413,31896,0,0,31896,1,0.0,1.0,0.0,1.0,6,1,9,0,0,0,0,1
45635,8336200432,19937094,Java CI,dependabot/maven/org.apache.maven.plugins-maven-gpg-plugin-3.2.1,78f4fd789f7fb1675018f3fefa1556ee0e7aa08c,.github/workflows/maven.yml,success,3071532,dependabot[bot],122,6,,,,pull_request,0,0,,1,success,0,,0,0,0,0,0,0,0,0,0,0,0,0,0,0,0,0,0,0,0,0,0,0,0,0,0,0,0,0,48,0,0,0,0,0,0,0,0,0,53,0,['junit'],java-maven,150697,60341,400.413,31896,0,0,31896,1,0.000796813,0.999847,0.0,1.0,0,1,9,0,0,0,0,0
45636,9343003923,19937094,Java CI,dependabot/maven/org.apache.maven.plugin-tools-maven-plugin-annotations-3.13.1,f509494c242bfb3b24ee2a37c5c0b60045139ab9,.github/workflows/maven.yml,success,3071532,dependabot[bot],122,3,0.0,1.0,,pull_request,376,0,817.0,1,success,1,47052322c06b385c5086afc7e749489303849d4f,1,1,1,0,0,1,2,1,0,0,0,0,0,0,0,0,0,0,0,0,0,0,0,0,0,0,0,0,48,0,0,0,0,0,0,0,0,0,53,0,['junit'],java-maven,150697,60341,400.413,31896,0,0,31896,1,0.000796813,0.999886,0.0,1.0,0,1,9,0,0,0,0,0
45637,9248825595,19937094,Java CI,bugfix/issue-576-perf-regression,3e50144b2ddd976a10bc9955b7eabd2553936e13,.github/workflows/maven.yml,success,3071532,busy-spin,122,3,1.0,10.0,{'fix'},pull_request,46,0,582.0,1,success,10,89acf0cf725dfe32d139581f57baa1ba374f2c33,29,772,642,1,0,13,431,5,975,1,1,4,2,22,28,10,4,14,304,6,3,9,42,5,47,1,1,0,48,6,2,570,405,0,1,91,0,0,53,0,['junit'],java-maven,150947,60657,401.843,31896,0,0,31896,1,0.00796813,0.994308,0.000796813,0.999431,1,0,9,0,1,0,0,0
45638,8244030809,19937094,Java CI,master,529761ef170ba8458b0dd780dfbe750fa30a3f0d,.github/workflows/maven.yml,success,3071532,chrjohn,121,5,0.0,1.0,,push,484,0,772.0,1,success,1,4258963c7da8eee69797574d027a72664c736f50,1,1,1,0,0,1,2,1,0,0,0,0,0,0,0,0,0,0,0,0,0,0,0,0,0,0,0,0,48,0,0,0,0,0,0,0,0,0,53,0,['junit'],java-maven,150697,60341,400.413,31896,0,0,31896,1,0.00159363,0.985392,0.0,1.0,11,1,9,0,0,0,0,1
45639,8809775748,19937094,Java CI,dependabot/maven/org.apache.maven.plugins-maven-shade-plugin-3.5.3,80a4d376c514f69bc5d691a542cbe997b609834f,.github/workflows/maven.yml,failure,3071532,dependabot[bot],122,6,0.0,0.0,,push,397,0,799.0,0,success,1,3366b36fdd65ec5af83d33e4a8335db4ffdcff2b,1,1,1,0,0,1,2,1,0,0,0,0,0,0,0,0,0,0,0,0,0,0,0,0,0,0,0,0,48,0,0,0,0,0,0,0,0,0,53,0,['junit'],java-maven,150697,60341,400.413,31896,0,0,31896,1,0.000796813,0.976096,0.000796813,0.916335,0,1,9,0,0,1,0,0
45640,7984568658,19937094,Java CI,master,663fb55f5d026e6f0c6392b1676b31bd02cdd6f7,.github/workflows/maven.yml,success,3071532,chrjohn,121,6,0.0,1.0,,push,427,0,768.0,1,success,1,91e0911a8f813ca1dc814a9b26242ec68bf0ff61,1,1,1,0,0,1,2,1,0,0,0,0,0,0,0,0,0,0,0,0,0,0,0,0,0,0,0,0,48,0,0,0,0,0,0,0,0,0,53,0,['junit'],java-maven,150696,60341,400.415,31896,0,0,31896,1,0.0135458,0.8377,0.00159363,0.954183,24,1,9,0,0,0,0,1
45641,8780911808,19937094,Java CI,master,dcf692ca7b6bfb49df73bc41de03b4e041d5ff23,.github/workflows/maven.yml,success,3071532,chrjohn,122,6,0.0,1.0,,push,433,0,797.0,1,success,1,bb2b919b8d4f286311e05cc418dff53f9ed517e1,1,1,1,0,0,1,2,1,0,0,0,0,0,0,0,0,0,0,0,0,0,0,0,0,0,0,0,0,48,0,0,0,0,0,0,0,0,0,53,0,['junit'],java-maven,150697,60341,400.413,31896,0,0,31896,1,0.0,1.0,0.0,1.0,14,1,9,0,0,0,0,1
45642,7955089282,19937094,Java CI,master,91e0911a8f813ca1dc814a9b26242ec68bf0ff61,.github/workflows/maven.yml,success,3071532,chrjohn,121,6,0.0,1.0,,schedule,32,0,767.0,1,success,1,24d836b264a3c9824c5b0c9cbb89bfd5703ab60e,1,15,3,0,0,1,18,1,0,0,0,0,0,1,1,3,0,3,1,0,0,0,0,0,0,1,0,0,48,0,0,0,0,0,0,0,0,0,53,0,['junit'],java-maven,150696,60341,400.415,31896,0,0,31896,1,0.012749,0.843086,0.000796813,0.999867,23,1,9,0,0,1,0,1
45643,9262321553,19937094,Java CI,dependabot/maven/org.sonatype.plugins-nexus-staging-maven-plugin-1.7.0,4bc6a47e62145a09a91f5b0165e3362e35184f17,.github/workflows/maven.yml,success,3071532,dependabot[bot],122,3,0.0,1.0,,pull_request,328,0,812.0,1,success,1,351154aafff927670ede9560579b0ffcbba4fc5b,1,1,1,0,0,1,2,1,0,0,0,0,0,0,0,0,0,0,0,0,0,0,0,0,0,0,0,0,48,0,0,0,0,0,0,0,0,0,53,0,['junit'],java-maven,150697,60341,400.413,31896,0,0,31896,1,0.00398406,0.999234,0.000796813,0.999766,0,1,9,0,0,0,0,0
45644,8779046087,19937094,Java CI,master,bb2b919b8d4f286311e05cc418dff53f9ed517e1,.github/workflows/maven.yml,success,3071532,chrjohn,122,6,0.0,1.0,,schedule,317,0,792.0,0,success,1,cfa5502fa07650ce8752df97d3d0dc0c596e5b97,1,1,1,0,0,1,2,1,0,0,0,0,0,0,0,0,0,0,0,0,0,0,0,0,0,0,0,0,48,0,0,0,0,0,0,0,0,0,53,0,['junit'],java-maven,150697,60341,400.413,31896,0,0,31896,1,0.0,1.0,0.0,1.0,13,1,9,0,0,0,0,1
45645,9343001968,19937094,Java CI,dependabot/maven/org.apache.maven.plugins-maven-plugin-plugin-3.13.1,2aff19a194083aed23c671c396adbb8c674be2a7,.github/workflows/maven.yml,success,3071532,dependabot[bot],122,3,0.0,0.0,,push,376,0,814.0,0,success,1,47052322c06b385c5086afc7e749489303849d4f,2,2,2,0,0,2,4,1,0,0,1,0,0,0,0,0,0,0,0,0,0,0,0,0,0,0,0,0,48,0,0,0,0,0,0,0,0,0,53,0,['junit'],java-maven,150697,60341,400.413,31896,0,0,31896,1,0.000796813,0.999834,0.0,1.0,0,1,9,0,0,0,0,0
45646,9185917379,19937094,Java CI,master,a404c8e1c355fbfd95439cb1aa86b5685f543ddd,.github/workflows/maven.yml,failure,3071532,chrjohn,122,3,0.0,1.0,,schedule,583,0,808.0,0,success,1,e43da5db020d9c566b620389a7fe3506582a35c7,1,1,1,0,0,1,2,1,0,0,0,0,0,0,0,0,0,0,0,0,0,0,0,0,0,0,0,0,48,0,0,0,0,0,0,0,0,0,53,0,['junit'],java-maven,150697,60341,400.413,31894,2,0,31896,1,0.012749,0.86214,0.000796813,0.937251,13,1,9,0,0,0,0,1
45647,7887293588,19937094,Java CI,optimiseSessionReset,126a1233d15a34f498f4df145a5b47c5bdefadb6,.github/workflows/maven.yml,success,3071532,chrjohn,120,5,0.0,3.0,"{'chore', 'fix', 'perf'}",pull_request,67,0,283.0,1,success,3,9f8fb4b6ce7b022db6f6c0e037fc0d87dedcabeb,11,199,7,0,1,10,83,1,123,0,0,1,0,11,12,8,0,8,161,3,0,3,13,0,13,1,1,0,48,1,0,122,1,0,0,1,0,0,53,0,['junit'],java-maven,150628,60294,400.284,31842,0,0,31842,1,0.0119522,0.826899,0.0119522,0.704711,20,1,9,0,0,0,0,0
45648,8517949833,19937094,Java CI,master,8c6ac1a1e5fd50ac71b447a5fd05a248fec02dca,.github/workflows/maven.yml,success,3071532,chrjohn,122,6,0.0,1.0,,schedule,529,0,782.0,0,success,1,130d13ac76d7f23529da2ffa15185ed91d64afbd,1,1,1,0,0,1,2,1,0,0,0,0,0,0,0,0,0,0,0,0,0,0,0,0,0,0,0,0,48,0,0,0,0,0,0,0,0,0,53,0,['junit'],java-maven,150697,60341,400.413,31896,0,0,31896,1,0.0,1.0,0.0,1.0,9,1,9,0,0,0,0,1
45649,9386490514,19937094,Java CI,master,32a3f8da5b7e62f41ca5b1707ec3f5e86ed4066a,.github/workflows/maven.yml,success,3071532,chrjohn,122,3,0.0,1.0,,push,328,0,812.0,1,success,1,6491cc7b3a929633cc116419cd4b4ddd5e034329,1,1,1,0,0,1,2,1,0,0,0,0,0,0,0,0,0,0,0,0,0,0,0,0,0,0,0,0,48,0,0,0,0,0,0,0,0,0,53,0,['junit'],java-maven,150697,60341,400.413,31896,0,0,31896,1,0.000796813,0.984788,0.0,1.0,11,1,9,0,0,0,0,1
45650,9202783341,19937094,Java CI,master,a404c8e1c355fbfd95439cb1aa86b5685f543ddd,.github/workflows/maven.yml,success,3071532,chrjohn,122,3,0.0,1.0,,schedule,583,0,808.0,1,failure,1,e43da5db020d9c566b620389a7fe3506582a35c7,1,1,1,0,0,1,2,1,0,0,0,0,0,0,0,0,0,0,0,0,0,0,0,0,0,0,0,0,48,0,0,0,0,0,0,0,0,0,53,0,['junit'],java-maven,150697,60341,400.413,31896,0,0,31896,1,0.0119522,0.875894,0.000796813,0.937251,13,1,9,0,0,0,0,1
45651,9090541038,19937094,Java CI,master,e43da5db020d9c566b620389a7fe3506582a35c7,.github/workflows/maven.yml,success,3071532,chrjohn,122,5,0.0,1.0,,schedule,399,0,807.0,1,success,1,3d17b842bd00a2e11d1d9445978085fda0ad4018,2,2,2,0,0,2,4,1,0,0,1,0,0,0,0,0,0,0,0,0,0,0,0,0,0,0,0,0,48,0,0,0,0,0,0,0,0,0,53,0,['junit'],java-maven,150697,60341,400.413,31896,0,0,31896,1,0.0143426,0.87251,0.0,1.0,15,1,9,0,0,0,0,1
45652,9280824008,19937094,Java CI,master,351154aafff927670ede9560579b0ffcbba4fc5b,.github/workflows/maven.yml,success,3071532,chrjohn,122,3,0.0,1.0,{'build'},schedule,499,0,809.0,1,success,1,a404c8e1c355fbfd95439cb1aa86b5685f543ddd,1,1,1,0,0,1,2,1,0,0,0,0,0,0,0,0,0,0,0,0,0,0,0,0,0,0,0,0,48,0,0,0,0,0,0,0,0,0,53,0,['junit'],java-maven,150697,60341,400.413,31896,0,0,31896,1,0.00239044,0.960369,0.000796813,0.940942,14,1,9,0,0,0,0,1
45653,7503142420,19937094,pages build and deployment with artifacts-next,master,f0570961e3a9d76161ea54dc685e117187f4128e,dynamic/pages/pages-build-deployment,success,22589472,chrjohn,118,6,0.0,2.0,,dynamic,432,0,756.0,1,success,2,e80c25b15b0ff9dbd96eac361d08e7b0ecce76ed,2,5,2,0,1,2,7,1,0,0,1,0,0,0,0,0,0,0,0,0,0,0,0,0,0,0,0,0,48,0,0,0,0,0,0,0,0,0,1,0,['junit'],java-maven,150361,60030,399.239,0,0,0,0,0,0.0223108,0.862912,0.0111554,0.773606,44,1,3,0,0,0,0,1
45654,8777292246,19937094,Java CI,dependabot/maven/org.apache.maven.plugins-maven-jar-plugin-3.4.1,5d1e3691ef459c0410eaaa2065d1a1cf3de6b191,.github/workflows/maven.yml,success,3071532,dependabot[bot],122,6,0.0,1.0,,pull_request,433,0,797.0,1,success,1,bb2b919b8d4f286311e05cc418dff53f9ed517e1,1,1,1,0,0,1,2,1,0,0,0,0,0,0,0,0,0,0,0,0,0,0,0,0,0,0,0,0,48,0,0,0,0,0,0,0,0,0,53,0,['junit'],java-maven,150697,60341,400.413,31896,0,0,31896,1,0.0,1.0,0.0,1.0,0,1,9,0,0,0,0,0
45655,8780914543,19937094,Java CI,master,3366b36fdd65ec5af83d33e4a8335db4ffdcff2b,.github/workflows/maven.yml,success,3071532,chrjohn,122,6,0.0,1.0,,push,439,0,798.0,1,success,1,dcf692ca7b6bfb49df73bc41de03b4e041d5ff23,1,1,1,0,0,1,2,1,0,0,0,0,0,0,0,0,0,0,0,0,0,0,0,0,0,0,0,0,48,0,0,0,0,0,0,0,0,0,53,0,['junit'],java-maven,150697,60341,400.413,31896,0,0,31896,1,0.0,1.0,0.0,1.0,15,1,9,0,0,0,0,1
45656,8951071626,19937094,Java CI,master,3e9ec3055ceaa09d6600e955e93ef6070a51a430,.github/workflows/maven.yml,success,3071532,chrjohn,122,5,0.0,1.0,,push,560,0,800.0,1,success,1,c038a92888bd4266e773878a60fdb90d955ab025,1,1,1,0,0,1,2,1,0,0,0,0,0,0,0,0,0,0,0,0,0,0,0,0,0,0,0,0,48,0,0,0,0,0,0,0,0,0,53,0,['junit'],java-maven,150697,60341,400.413,31896,0,0,31896,1,0.0143426,0.878654,0.00796813,0.841057,17,1,9,0,0,0,0,1
45657,7845432881,19937094,Java CI,defaultapplverid-range,0276061d04d5a93b9f0a578cb21c3d6daa264c5f,.github/workflows/maven.yml,success,3071532,chrjohn,118,5,0.0,10.0,{'fix'},push,98,0,758.0,1,success,10,3e76eef596825ad73f97963170c6c316ea51c947,6,133,33,0,1,2,15,3,149,1,1,0,0,3,3,2,0,2,16,0,0,0,3,1,4,0,1,0,48,0,0,123,26,0,1,0,0,0,53,0,['junit'],java-maven,150496,60174,399.838,31770,0,0,31770,1,0.0119522,0.811753,0.0119522,0.715854,17,1,9,0,0,0,0,0
45658,7635995077,19937094,Java CI,master,f0570961e3a9d76161ea54dc685e117187f4128e,.github/workflows/maven.yml,success,3071532,chrjohn,118,6,0.0,2.0,,schedule,432,0,756.0,1,success,2,e80c25b15b0ff9dbd96eac361d08e7b0ecce76ed,2,5,2,0,0,2,7,1,0,0,1,0,0,0,0,0,0,0,0,0,0,0,0,0,0,0,0,0,48,0,0,0,0,0,0,0,0,0,53,0,['junit'],java-maven,150361,60030,399.239,31698,0,0,31698,1,0.0143426,0.875507,0.0,1.0,25,1,9,0,0,0,0,1
45659,8857683019,19937094,Java CI,master,3366b36fdd65ec5af83d33e4a8335db4ffdcff2b,.github/workflows/maven.yml,failure,3071532,chrjohn,122,6,0.0,1.0,,schedule,439,0,798.0,1,failure,1,dcf692ca7b6bfb49df73bc41de03b4e041d5ff23,1,1,1,0,0,1,2,1,0,0,0,0,0,0,0,0,0,0,0,0,0,0,0,0,0,0,0,0,48,0,0,0,0,0,0,0,0,0,53,0,['junit'],java-maven,150697,60341,400.413,28352,0,0,28352,1,0.0063745,0.946949,0.0063745,0.776007,15,1,9,0,0,0,0,1
45660,8075802866,19937094,Java CI,master,fd1926f1ac133a1c7b4558f2fca381775f743289,.github/workflows/maven.yml,success,3071532,chrjohn,121,6,0.0,1.0,,schedule,84,0,766.0,1,success,1,663fb55f5d026e6f0c6392b1676b31bd02cdd6f7,1,5,4,0,0,1,9,1,0,0,0,0,0,1,1,0,0,0,28,0,0,0,0,0,0,1,0,0,48,0,0,0,0,0,0,0,0,0,53,0,['junit'],java-maven,150697,60341,400.413,31896,0,0,31896,1,0.0135458,0.844003,0.0,1.0,25,1,9,0,0,1,0,1
45661,8515908416,19937094,Java CI,dependabot/maven/org.apache.maven.plugins-maven-invoker-plugin-3.6.1,712836988cb683087c69541f6c2fb2ed596efd5b,.github/workflows/maven.yml,success,3071532,dependabot[bot],122,6,0.0,0.0,,push,592,0,785.0,1,success,1,8c6ac1a1e5fd50ac71b447a5fd05a248fec02dca,1,1,1,0,0,1,2,1,0,0,0,0,0,0,0,0,0,0,0,0,0,0,0,0,0,0,0,0,48,0,0,0,0,0,0,0,0,0,53,0,['junit'],java-maven,150697,60341,400.413,31896,0,0,31896,1,0.0,1.0,0.0,1.0,0,1,9,0,0,0,0,0
45662,7375228806,19937094,Java CI,master,644820ee3c64a3eb76428149b42514f1ae21495c,.github/workflows/maven.yml,success,3071532,chrjohn,118,6,0.0,1.0,,schedule,317,0,743.0,0,success,1,14c9c66fab7f729cb90ecaf096c8db15861b5052,1,1,1,0,0,1,2,1,0,0,0,0,0,0,0,0,0,0,0,0,0,0,0,0,0,0,0,0,48,0,0,0,0,0,0,0,0,0,53,0,['junit'],java-maven,150358,60030,399.247,31698,0,0,31698,1,0.0398406,0.876537,0.00159363,0.944223,87,1,9,0,0,0,0,1
45663,8642033063,19937094,Java CI,master,78967ae1678fb77dac66f7163188579f59e60c40,.github/workflows/maven.yml,success,3071532,chrjohn,122,6,0.0,1.0,,schedule,328,0,789.0,1,success,1,9e843b097e911ed009b06fe27f1564e615a71680,1,1,1,0,0,1,2,1,0,0,0,0,0,0,0,0,0,0,0,0,0,0,0,0,0,0,0,0,48,0,0,0,0,0,0,0,0,0,53,0,['junit'],java-maven,150697,60341,400.413,31896,0,0,31896,1,0.0,1.0,0.0,1.0,11,1,9,0,0,0,0,1
45664,8613253568,19937094,Java CI,master,78967ae1678fb77dac66f7163188579f59e60c40,.github/workflows/maven.yml,success,3071532,chrjohn,122,6,0.0,1.0,,push,328,0,789.0,1,success,1,9e843b097e911ed009b06fe27f1564e615a71680,1,1,1,0,0,1,2,1,0,0,0,0,0,0,0,0,0,0,0,0,0,0,0,0,0,0,0,0,48,0,0,0,0,0,0,0,0,0,53,0,['junit'],java-maven,150697,60341,400.413,31896,0,0,31896,1,0.0,1.0,0.0,1.0,11,1,9,0,0,0,0,1
45665,9027807071,19937094,Java CI,master,e43da5db020d9c566b620389a7fe3506582a35c7,.github/workflows/maven.yml,success,3071532,chrjohn,122,5,0.0,1.0,,schedule,399,0,807.0,1,success,1,3d17b842bd00a2e11d1d9445978085fda0ad4018,2,2,2,0,0,2,4,1,0,0,1,0,0,0,0,0,0,0,0,0,0,0,0,0,0,0,0,0,48,0,0,0,0,0,0,0,0,0,53,0,['junit'],java-maven,150697,60341,400.413,31896,0,0,31896,1,0.0143426,0.886835,0.000796813,0.978639,19,1,9,0,0,0,0,1
45666,9481864535,19937094,Java CI,master,338e70673365a6497ab90e5b61e28a86708713fd,.github/workflows/maven.yml,success,3071532,chrjohn,122,3,0.0,1.0,,push,386,0,823.0,1,success,1,32a3f8da5b7e62f41ca5b1707ec3f5e86ed4066a,1,1,1,0,0,1,2,1,0,0,0,0,0,0,0,0,0,0,0,0,0,0,0,0,0,0,0,0,48,0,0,0,0,0,0,0,0,0,53,0,['junit'],java-maven,150697,60341,400.413,31896,0,0,31896,1,0.000796813,0.985449,0.0,1.0,12,1,9,0,0,0,0,1
45667,8183462897,19937094,Java CI,master,fd1926f1ac133a1c7b4558f2fca381775f743289,.github/workflows/maven.yml,success,3071532,chrjohn,121,5,0.0,1.0,,schedule,84,0,766.0,1,success,1,663fb55f5d026e6f0c6392b1676b31bd02cdd6f7,1,5,4,0,0,1,9,1,0,0,0,0,0,1,1,0,0,0,28,0,0,0,0,0,0,1,0,0,48,0,0,0,0,0,0,0,0,0,53,0,['junit'],java-maven,150697,60341,400.413,31896,0,0,31896,1,0.0119522,0.84023,0.0,1.0,18,1,9,0,0,1,0,1
45668,7882220376,19937094,Java CI,master,25bbd8a35edd7d5943634ea255063fbece9d4c6b,.github/workflows/maven.yml,success,3071532,chrjohn,118,4,0.0,1.0,{'fix'},schedule,117,0,765.0,1,success,1,ef1b9f4c5ea394865bb571e279911d56058423d3,2,2,1,0,0,0,0,1,3,0,0,0,0,2,2,0,0,0,13,0,0,0,0,0,0,0,1,0,48,0,0,2,1,0,0,0,0,0,53,0,['junit'],java-maven,150437,60127,399.682,31716,0,0,31716,1,0.0119522,0.80937,0.0119522,0.672614,17,1,9,0,0,1,0,1
45669,7840086866,19937094,Java CI,master,25bbd8a35edd7d5943634ea255063fbece9d4c6b,.github/workflows/maven.yml,failure,3071532,chrjohn,118,5,0.0,1.0,{'fix'},schedule,117,0,765.0,1,success,1,ef1b9f4c5ea394865bb571e279911d56058423d3,2,2,1,0,0,0,0,1,3,0,0,0,0,2,2,0,0,0,13,0,0,0,0,0,0,0,1,0,48,0,0,2,1,0,0,0,0,0,53,0,['junit'],java-maven,150437,60127,399.682,30757,2,0,30759,1,0.00796813,0.864326,0.00796813,0.766515,14,1,9,0,0,1,0,1
45670,9343002372,19937094,Java CI,dependabot/maven/org.apache.maven.plugins-maven-javadoc-plugin-3.7.0,d15b953d5c767cc7a2091d3ba299d418e5bc77dd,.github/workflows/maven.yml,success,3071532,dependabot[bot],122,3,0.0,0.0,,push,424,0,815.0,1,success,1,47052322c06b385c5086afc7e749489303849d4f,1,1,1,0,0,1,2,1,0,0,0,0,0,0,0,0,0,0,0,0,0,0,0,0,0,0,0,0,48,0,0,0,0,0,0,0,0,0,53,0,['junit'],java-maven,150697,60341,400.413,31896,0,0,31896,1,0.000796813,0.999852,0.0,1.0,0,1,9,0,0,0,0,0
45671,8962776997,19937094,Java CI,dependabot/maven/org.apache.maven.plugin-tools-maven-plugin-annotations-3.13.0,6f138b35ed88fd0f9e964d24498130f2d0f6f2ef,.github/workflows/maven.yml,success,3071532,dependabot[bot],122,5,0.0,1.0,,pull_request,399,0,806.0,1,success,1,6da77937109b441e2e5b696ab0fbc02748156df2,1,1,1,0,0,1,2,1,0,0,0,0,0,0,0,0,0,0,0,0,0,0,0,0,0,0,0,0,48,0,0,0,0,0,0,0,0,0,53,0,['junit'],java-maven,150697,60341,400.413,31896,0,0,31896,1,0.0143426,0.803129,0.00717131,0.711725,0,1,9,0,0,0,0,0
45672,8504335176,19937094,Java CI,master,8c6ac1a1e5fd50ac71b447a5fd05a248fec02dca,.github/workflows/maven.yml,success,3071532,chrjohn,122,6,0.0,1.0,,schedule,529,0,782.0,0,success,1,130d13ac76d7f23529da2ffa15185ed91d64afbd,1,1,1,0,0,1,2,1,0,0,0,0,0,0,0,0,0,0,0,0,0,0,0,0,0,0,0,0,48,0,0,0,0,0,0,0,0,0,53,0,['junit'],java-maven,150697,60341,400.413,31896,0,0,31896,1,0.0,1.0,0.0,1.0,9,1,9,0,0,0,0,1
45673,8919143751,19937094,Java CI,master,3366b36fdd65ec5af83d33e4a8335db4ffdcff2b,.github/workflows/maven.yml,failure,3071532,chrjohn,122,6,0.0,1.0,,schedule,439,0,798.0,1,failure,1,dcf692ca7b6bfb49df73bc41de03b4e041d5ff23,1,1,1,0,0,1,2,1,0,0,0,0,0,0,0,0,0,0,0,0,0,0,0,0,0,0,0,0,48,0,0,0,0,0,0,0,0,0,53,0,['junit'],java-maven,150697,60341,400.413,28352,0,0,28352,1,0.0135458,0.866651,0.0103586,0.457554,12,1,9,0,0,0,0,1
45674,9240971730,19937094,Java CI,master,351154aafff927670ede9560579b0ffcbba4fc5b,.github/workflows/maven.yml,success,3071532,chrjohn,122,3,0.0,1.0,{'build'},schedule,499,0,809.0,0,success,1,a404c8e1c355fbfd95439cb1aa86b5685f543ddd,1,1,1,0,0,1,2,1,0,0,0,0,0,0,0,0,0,0,0,0,0,0,0,0,0,0,0,0,48,0,0,0,0,0,0,0,0,0,53,0,['junit'],java-maven,150697,60341,400.413,31896,0,0,31896,1,0.00796813,0.920528,0.000796813,0.949801,14,1,9,0,0,0,0,1
45675,7354098689,19937094,Java CI,master,14c9c66fab7f729cb90ecaf096c8db15861b5052,.github/workflows/maven.yml,success,3071532,chrjohn,118,6,0.0,2.0,{'fix'},schedule,48,0,658.0,0,success,2,0b8e1db3cfc1ff361c87b2cc0d4618dd069dbd79,1,4,1,0,0,1,5,1,0,0,0,0,0,1,1,0,0,0,11,0,0,0,0,0,0,1,0,0,48,0,0,0,0,0,0,0,0,0,53,0,['junit'],java-maven,150358,60030,399.247,31698,0,0,31698,1,0.0549801,0.867947,0.00318725,0.937002,109,1,9,0,0,1,0,1
45676,8565519579,19937094,Java CI,master,8c6ac1a1e5fd50ac71b447a5fd05a248fec02dca,.github/workflows/maven.yml,success,3071532,chrjohn,122,6,0.0,1.0,,schedule,529,0,782.0,0,success,1,130d13ac76d7f23529da2ffa15185ed91d64afbd,1,1,1,0,0,1,2,1,0,0,0,0,0,0,0,0,0,0,0,0,0,0,0,0,0,0,0,0,48,0,0,0,0,0,0,0,0,0,53,0,['junit'],java-maven,150697,60341,400.413,31896,0,0,31896,1,0.0,1.0,0.0,1.0,9,1,9,0,0,0,0,1
45677,7373888486,19937094,Java CI,dependabot/maven/org.apache.maven.plugins-maven-jxr-plugin-3.3.2,3d4321470c055f5291e8f33e1f66f6b211d031aa,.github/workflows/maven.yml,success,3071532,dependabot[bot],118,6,0.0,1.0,,pull_request,403,0,744.0,1,success,1,644820ee3c64a3eb76428149b42514f1ae21495c,2,2,2,0,0,2,4,1,0,0,1,0,0,0,0,0,0,0,0,0,0,0,0,0,0,0,0,0,48,0,0,0,0,0,0,0,0,0,53,0,['junit'],java-maven,150358,60030,399.247,31698,0,0,31698,1,0.0398406,0.880679,0.00318725,0.856005,0,1,9,0,0,0,0,0
45678,7524807859,19937094,Java CI,master,f0570961e3a9d76161ea54dc685e117187f4128e,.github/workflows/maven.yml,success,3071532,chrjohn,118,6,0.0,2.0,,schedule,432,0,756.0,1,success,2,e80c25b15b0ff9dbd96eac361d08e7b0ecce76ed,2,5,2,0,0,2,7,1,0,0,1,0,0,0,0,0,0,0,0,0,0,0,0,0,0,0,0,0,48,0,0,0,0,0,0,0,0,0,53,0,['junit'],java-maven,150361,60030,399.239,31698,0,0,31698,1,0.0223108,0.867223,0.00557769,0.888114,45,1,9,0,0,0,0,1
45679,7946904224,19937094,Java CI,master,91e0911a8f813ca1dc814a9b26242ec68bf0ff61,.github/workflows/maven.yml,success,3071532,chrjohn,121,6,0.0,1.0,,schedule,32,0,767.0,1,success,1,24d836b264a3c9824c5b0c9cbb89bfd5703ab60e,1,15,3,0,0,1,18,1,0,0,0,0,0,1,1,3,0,3,1,0,0,0,0,0,0,1,0,0,48,0,0,0,0,0,0,0,0,0,53,0,['junit'],java-maven,150696,60341,400.415,31896,0,0,31896,1,0.012749,0.843086,0.000796813,0.999867,23,1,9,0,0,1,0,1
45680,9249776310,19937094,Java CI,master,351154aafff927670ede9560579b0ffcbba4fc5b,.github/workflows/maven.yml,success,3071532,chrjohn,122,3,0.0,1.0,{'build'},schedule,499,0,809.0,0,success,1,a404c8e1c355fbfd95439cb1aa86b5685f543ddd,1,1,1,0,0,1,2,1,0,0,0,0,0,0,0,0,0,0,0,0,0,0,0,0,0,0,0,0,48,0,0,0,0,0,0,0,0,0,53,0,['junit'],java-maven,150697,60341,400.413,31896,0,0,31896,1,0.00796813,0.921561,0.000796813,0.949801,14,1,9,0,0,0,0,1
45681,9074305233,19937094,Java CI,master,e43da5db020d9c566b620389a7fe3506582a35c7,.github/workflows/maven.yml,success,3071532,chrjohn,122,5,0.0,1.0,,schedule,399,0,807.0,1,success,1,3d17b842bd00a2e11d1d9445978085fda0ad4018,2,2,2,0,0,2,4,1,0,0,1,0,0,0,0,0,0,0,0,0,0,0,0,0,0,0,0,0,48,0,0,0,0,0,0,0,0,0,53,0,['junit'],java-maven,150697,60341,400.413,31896,0,0,31896,1,0.0143426,0.870875,0.0,1.0,15,1,9,0,0,0,0,1
45682,8945030922,19937094,Java CI,dependabot/maven/org.apache.maven.plugins-maven-shade-plugin-3.5.3,ece32022b0ce2cb3ec776518cc392d6f33480e00,.github/workflows/maven.yml,success,3071532,chrjohn,122,6,0.0,1.0,,pull_request,397,0,799.0,1,success,1,7ec9961611f41de3e66863cb21f6982bfa929fe1,1,1,1,0,0,1,2,1,0,0,0,0,0,0,0,0,0,0,0,0,0,0,0,0,0,0,0,0,48,0,0,0,0,0,0,0,0,0,53,0,['junit'],java-maven,150697,60341,400.413,31896,0,0,31896,1,0.0143426,0.867477,0.00876494,0.77278,14,1,9,0,0,0,0,0
45683,8568019666,19937094,Java CI,master,00726a254f4b811b6dede79c8898ed26f9a08ba0,.github/workflows/maven.yml,success,3071532,chrjohn,122,6,0.0,1.0,,push,445,0,786.0,1,success,1,8a9614e949c5e233a26619bbf7eb37cff282e5b4,1,1,1,0,0,1,2,1,0,0,0,0,0,0,0,0,0,0,0,0,0,0,0,0,0,0,0,0,48,0,0,0,0,0,0,0,0,0,53,0,['junit'],java-maven,150697,60341,400.413,31896,0,0,31896,1,0.0,1.0,0.0,1.0,11,1,9,0,0,0,0,1
45684,9041479162,19937094,Java CI,master,e43da5db020d9c566b620389a7fe3506582a35c7,.github/workflows/maven.yml,success,3071532,chrjohn,122,5,0.0,1.0,,schedule,399,0,807.0,1,success,1,3d17b842bd00a2e11d1d9445978085fda0ad4018,2,2,2,0,0,2,4,1,0,0,1,0,0,0,0,0,0,0,0,0,0,0,0,0,0,0,0,0,48,0,0,0,0,0,0,0,0,0,53,0,['junit'],java-maven,150697,60341,400.413,31896,0,0,31896,1,0.0143426,0.885549,0.0,1.0,19,1,9,0,0,0,0,1
45685,8655816740,19937094,Java CI,dependabot/maven/org.apache.maven.plugins-maven-gpg-plugin-3.2.3,52cd110ce2e54220e693dc652bead89e98b0d8be,.github/workflows/maven.yml,success,3071532,dependabot[bot],122,6,0.0,1.0,,pull_request,539,0,791.0,1,success,1,78967ae1678fb77dac66f7163188579f59e60c40,1,1,1,0,0,1,2,1,0,0,0,0,0,0,0,0,0,0,0,0,0,0,0,0,0,0,0,0,48,0,0,0,0,0,0,0,0,0,53,0,['junit'],java-maven,150697,60341,400.413,31896,0,0,31896,1,0.0,1.0,0.0,1.0,0,1,9,0,0,0,0,0
45686,7986737763,19937094,Java CI,master,fd1926f1ac133a1c7b4558f2fca381775f743289,.github/workflows/maven.yml,success,3071532,chrjohn,121,6,0.0,1.0,,push,84,0,766.0,1,success,1,663fb55f5d026e6f0c6392b1676b31bd02cdd6f7,1,5,4,0,0,1,9,1,0,0,0,0,0,1,1,0,0,0,28,0,0,0,0,0,0,1,0,0,48,0,0,0,0,0,0,0,0,0,53,0,['junit'],java-maven,150697,60341,400.413,31896,0,0,31896,1,0.0135458,0.842473,0.00159363,0.959681,25,1,9,0,0,1,0,1
45687,9327978372,19937094,Java CI,master,351154aafff927670ede9560579b0ffcbba4fc5b,.github/workflows/maven.yml,success,3071532,chrjohn,122,3,0.0,1.0,{'build'},schedule,499,0,809.0,1,success,1,a404c8e1c355fbfd95439cb1aa86b5685f543ddd,1,1,1,0,0,1,2,1,0,0,0,0,0,0,0,0,0,0,0,0,0,0,0,0,0,0,0,0,48,0,0,0,0,0,0,0,0,0,53,0,['junit'],java-maven,150697,60341,400.413,31896,0,0,31896,1,0.000796813,0.98269,0.0,1.0,8,1,9,0,0,0,0,1
45688,9012907702,19937094,Java CI,master,e43da5db020d9c566b620389a7fe3506582a35c7,.github/workflows/maven.yml,success,3071532,chrjohn,122,5,0.0,1.0,,schedule,399,0,807.0,1,success,1,3d17b842bd00a2e11d1d9445978085fda0ad4018,2,2,2,0,0,2,4,1,0,0,1,0,0,0,0,0,0,0,0,0,0,0,0,0,0,0,0,0,48,0,0,0,0,0,0,0,0,0,53,0,['junit'],java-maven,150697,60341,400.413,31896,0,0,31896,1,0.0143426,0.885549,0.00159363,0.957277,19,1,9,0,0,0,0,1
45689,7829507735,19937094,Java CI,master,25bbd8a35edd7d5943634ea255063fbece9d4c6b,.github/workflows/maven.yml,success,3071532,chrjohn,118,5,0.0,1.0,{'fix'},push,117,0,765.0,1,success,1,ef1b9f4c5ea394865bb571e279911d56058423d3,2,2,1,0,0,0,0,1,3,0,0,0,0,2,2,0,0,0,13,0,0,0,0,0,0,0,1,0,48,0,0,2,1,0,0,0,0,0,53,0,['junit'],java-maven,150437,60127,399.682,31716,0,0,31716,1,0.00478088,0.917481,0.00239044,0.911413,14,1,9,0,0,1,0,1
45690,8657502457,19937094,Java CI,master,78967ae1678fb77dac66f7163188579f59e60c40,.github/workflows/maven.yml,success,3071532,chrjohn,122,6,0.0,1.0,,schedule,328,0,789.0,0,success,1,9e843b097e911ed009b06fe27f1564e615a71680,1,1,1,0,0,1,2,1,0,0,0,0,0,0,0,0,0,0,0,0,0,0,0,0,0,0,0,0,48,0,0,0,0,0,0,0,0,0,53,0,['junit'],java-maven,150697,60341,400.413,31896,0,0,31896,1,0.0,1.0,0.0,1.0,9,1,9,0,0,0,0,1
45691,8980224918,19937094,Java CI,master,e43da5db020d9c566b620389a7fe3506582a35c7,.github/workflows/maven.yml,success,3071532,chrjohn,122,5,0.0,1.0,,schedule,399,0,807.0,1,success,1,3d17b842bd00a2e11d1d9445978085fda0ad4018,2,2,2,0,0,2,4,1,0,0,1,0,0,0,0,0,0,0,0,0,0,0,0,0,0,0,0,0,48,0,0,0,0,0,0,0,0,0,53,0,['junit'],java-maven,150697,60341,400.413,31896,0,0,31896,1,0.0143426,0.889322,0.00318725,0.914555,20,1,9,0,0,0,0,1
45692,9376755860,19937094,Java CI,dependabot/maven/org.apache.maven.plugins-maven-jxr-plugin-3.4.0,e4069b4e7ecf35c408f6dc7c0c81fe4ba23b6921,.github/workflows/maven.yml,success,3071532,dependabot[bot],122,3,0.0,1.0,,pull_request,421,0,818.0,1,success,1,bc643a34210fcd867114e0954db38f442d8252d7,2,2,2,0,0,2,4,1,0,0,1,0,0,0,0,0,0,0,0,0,0,0,0,0,0,0,0,0,48,0,0,0,0,0,0,0,0,0,53,0,['junit'],java-maven,150697,60341,400.413,31896,0,0,31896,1,0.000796813,0.999903,0.0,1.0,0,1,9,0,0,0,0,0
45693,7999966379,19937094,Java CI,master,fd1926f1ac133a1c7b4558f2fca381775f743289,.github/workflows/maven.yml,success,3071532,chrjohn,121,6,0.0,1.0,,schedule,84,0,766.0,1,success,1,663fb55f5d026e6f0c6392b1676b31bd02cdd6f7,1,5,4,0,0,1,9,1,0,0,0,0,0,1,1,0,0,0,28,0,0,0,0,0,0,1,0,0,48,0,0,0,0,0,0,0,0,0,53,0,['junit'],java-maven,150697,60341,400.413,31896,0,0,31896,1,0.0135458,0.844003,0.00159363,0.956175,25,1,9,0,0,1,0,1
45694,8490250423,19937094,Java CI,master,ef1fe04c33d567b19f456f32bc548dc1577382d7,.github/workflows/maven.yml,success,3071532,chrjohn,122,6,0.0,1.0,,push,618,0,780.0,1,success,1,fc5901c14f56ad56af506fafc213464fa93e0f7a,1,1,1,0,0,1,2,1,0,0,0,0,0,0,0,0,0,0,0,0,0,0,0,0,0,0,0,0,48,0,0,0,0,0,0,0,0,0,53,0,['junit'],java-maven,150697,60341,400.413,31896,0,0,31896,1,0.0,1.0,0.0,1.0,7,1,9,0,0,0,0,1
45695,7405940651,19937094,Java CI,master,50d004661424eb3d1d07fe78a90cb91d85946c29,.github/workflows/maven.yml,success,3071532,chrjohn,118,6,0.0,1.0,,schedule,403,0,744.0,1,success,1,644820ee3c64a3eb76428149b42514f1ae21495c,2,2,2,0,0,2,4,1,0,0,1,0,0,0,0,0,0,0,0,0,0,0,0,0,0,0,0,0,48,0,0,0,0,0,0,0,0,0,53,0,['junit'],java-maven,150358,60030,399.247,31698,0,0,31698,1,0.0191235,0.867792,0.00318725,0.90205,45,1,9,0,0,1,0,1
45696,8568019667,19937094,CodeQL,master,00726a254f4b811b6dede79c8898ed26f9a08ba0,.github/workflows/codeql-analysis.yml,success,3605584,chrjohn,122,6,0.0,1.0,,push,445,0,786.0,1,success,1,8a9614e949c5e233a26619bbf7eb37cff282e5b4,1,1,1,0,0,1,2,1,0,0,0,0,0,0,0,0,0,0,0,0,0,0,0,0,0,0,0,0,48,0,0,0,0,0,0,0,0,0,58,0,['junit'],java-maven,150697,60341,400.413,0,0,0,0,1,0.0,1.0,0.0,1.0,11,1,1,0,0,0,0,1
45697,8305674193,19937094,Java CI,master,d7c9fe52fabdc56f28ace4063f6ac78fe422b511,.github/workflows/maven.yml,success,3071532,chrjohn,122,6,0.0,2.0,"{'chore', 'fix'}",schedule,51,0,775.0,1,success,2,529761ef170ba8458b0dd780dfbe750fa30a3f0d,1,1,1,0,0,1,2,1,0,0,0,0,0,1,1,0,0,0,86,0,0,0,0,0,0,1,0,0,48,0,0,0,0,0,0,0,0,0,53,0,['junit'],java-maven,150697,60341,400.413,31896,0,0,31896,1,0.000796813,0.983541,0.0,1.0,8,1,9,0,0,1,0,1
45698,8407193067,19937094,Java CI,master,fc5901c14f56ad56af506fafc213464fa93e0f7a,.github/workflows/maven.yml,success,3071532,chrjohn,122,6,0.0,1.0,,schedule,484,0,779.0,1,success,1,d7c9fe52fabdc56f28ace4063f6ac78fe422b511,1,1,1,0,0,1,2,1,0,0,0,0,0,0,0,0,0,0,0,0,0,0,0,0,0,0,0,0,48,0,0,0,0,0,0,0,0,0,53,0,['junit'],java-maven,150697,60341,400.413,31896,0,0,31896,1,0.0,1.0,0.0,1.0,6,1,9,0,0,0,0,1
45699,7650352210,19937094,Java CI,master,f0570961e3a9d76161ea54dc685e117187f4128e,.github/workflows/maven.yml,success,3071532,chrjohn,118,6,0.0,2.0,,schedule,432,0,756.0,1,success,2,e80c25b15b0ff9dbd96eac361d08e7b0ecce76ed,2,5,2,0,0,2,7,1,0,0,1,0,0,0,0,0,0,0,0,0,0,0,0,0,0,0,0,0,48,0,0,0,0,0,0,0,0,0,53,0,['junit'],java-maven,150361,60030,399.239,31698,0,0,31698,1,0.0143426,0.875507,0.0,1.0,24,1,9,0,0,0,0,1
45700,9157713033,19937094,Java CI,master,a404c8e1c355fbfd95439cb1aa86b5685f543ddd,.github/workflows/maven.yml,success,3071532,chrjohn,122,3,0.0,1.0,,push,583,0,808.0,1,success,1,e43da5db020d9c566b620389a7fe3506582a35c7,1,1,1,0,0,1,2,1,0,0,0,0,0,0,0,0,0,0,0,0,0,0,0,0,0,0,0,0,48,0,0,0,0,0,0,0,0,0,53,0,['junit'],java-maven,150697,60341,400.413,31896,0,0,31896,1,0.0143426,0.862031,0.0,1.0,13,1,9,0,0,0,0,1
45701,8686439283,19937094,Java CI,master,86dd7d1ce256dcf4050c821a68f6f690d00283cc,.github/workflows/maven.yml,success,3071532,chrjohn,122,6,0.0,1.0,,push,546,0,794.0,1,success,1,78967ae1678fb77dac66f7163188579f59e60c40,1,1,1,0,0,1,2,1,0,0,0,0,0,0,0,0,0,0,0,0,0,0,0,0,0,0,0,0,48,0,0,0,0,0,0,0,0,0,53,0,['junit'],java-maven,150697,60341,400.413,31896,0,0,31896,1,0.0,1.0,0.0,1.0,10,1,9,0,0,0,0,1
45702,7457103102,19937094,Java CI,master,50d004661424eb3d1d07fe78a90cb91d85946c29,.github/workflows/maven.yml,success,3071532,chrjohn,118,6,0.0,1.0,,schedule,403,0,744.0,0,success,1,644820ee3c64a3eb76428149b42514f1ae21495c,2,2,2,0,0,2,4,1,0,0,1,0,0,0,0,0,0,0,0,0,0,0,0,0,0,0,0,0,48,0,0,0,0,0,0,0,0,0,53,0,['junit'],java-maven,150358,60030,399.247,31698,0,0,31698,1,0.0199203,0.862094,0.00717131,0.83248,44,1,9,0,0,1,0,1
45703,8681999364,19937094,Java CI,dependabot/maven/org.codehaus.plexus-plexus-utils-4.0.1,405de30dc070c7b434a9558c30d3b327b00efc3f,.github/workflows/maven.yml,success,3071532,dependabot[bot],122,6,0.0,1.0,,pull_request,546,0,794.0,1,success,1,78967ae1678fb77dac66f7163188579f59e60c40,1,1,1,0,0,1,2,1,0,0,0,0,0,0,0,0,0,0,0,0,0,0,0,0,0,0,0,0,48,0,0,0,0,0,0,0,0,0,53,0,['junit'],java-maven,150697,60341,400.413,31896,0,0,31896,1,0.0,1.0,0.0,1.0,0,1,9,0,0,0,0,0
45704,7884165824,19937094,Java CI,use-session-log,127975209570c3e0f4e06cd5f14793a2138a8552,.github/workflows/maven.yml,success,3071532,chrjohn,119,5,0.0,12.0,{'fix'},pull_request,48,0,746.0,1,success,12,89acf0cf725dfe32d139581f57baa1ba374f2c33,52,634,1058,1,1,32,778,5,902,1,1,0,3,44,47,15,20,35,444,7,7,14,6,26,32,1,1,0,48,0,4,278,624,0,1,97,0,0,53,0,['junit'],java-maven,150495,60146,399.654,31716,0,0,31716,1,0.0119522,0.816344,0.0119522,0.692658,18,1,9,0,0,0,0,0
45705,9434670835,19937094,CodeQL,master,32a3f8da5b7e62f41ca5b1707ec3f5e86ed4066a,.github/workflows/codeql-analysis.yml,success,3605584,chrjohn,122,3,0.0,1.0,,schedule,328,0,812.0,1,success,1,6491cc7b3a929633cc116419cd4b4ddd5e034329,1,1,1,0,0,1,2,1,0,0,0,0,0,0,0,0,0,0,0,0,0,0,0,0,0,0,0,0,48,0,0,0,0,0,0,0,0,0,58,0,['junit'],java-maven,150697,60341,400.413,0,0,0,0,1,0.000796813,0.985015,0.0,1.0,11,1,1,0,0,0,0,1
45706,9426543559,19937094,Java CI,master,32a3f8da5b7e62f41ca5b1707ec3f5e86ed4066a,.github/workflows/maven.yml,success,3071532,chrjohn,122,3,0.0,1.0,,schedule,328,0,812.0,1,success,1,6491cc7b3a929633cc116419cd4b4ddd5e034329,1,1,1,0,0,1,2,1,0,0,0,0,0,0,0,0,0,0,0,0,0,0,0,0,0,0,0,0,48,0,0,0,0,0,0,0,0,0,53,0,['junit'],java-maven,150697,60341,400.413,31896,0,0,31896,1,0.000796813,0.984788,0.0,1.0,11,1,9,0,0,0,0,1
45707,7799293435,19937094,pages build and deployment,master,ef1b9f4c5ea394865bb571e279911d56058423d3,dynamic/pages/pages-build-deployment,success,22589472,chrjohn,118,5,0.0,1.0,,dynamic,317,0,764.0,1,success,1,f470c02cfcd268e8d52415743a73dbdf2edb0d18,1,1,1,0,0,1,2,1,0,0,0,0,0,0,0,0,0,0,0,0,0,0,0,0,0,0,0,0,48,0,0,0,0,0,0,0,0,0,1,0,['junit'],java-maven,150437,60126,399.676,0,0,0,0,0,0.00557769,0.938033,0.0,1.0,10,1,3,0,0,0,0,1
45708,9123493822,19937094,Java CI,master,e43da5db020d9c566b620389a7fe3506582a35c7,.github/workflows/maven.yml,success,3071532,chrjohn,122,3,0.0,1.0,,schedule,399,0,807.0,1,success,1,3d17b842bd00a2e11d1d9445978085fda0ad4018,2,2,2,0,0,2,4,1,0,0,1,0,0,0,0,0,0,0,0,0,0,0,0,0,0,0,0,0,48,0,0,0,0,0,0,0,0,0,53,0,['junit'],java-maven,150697,60341,400.413,31896,0,0,31896,1,0.0143426,0.870875,0.0,1.0,15,1,9,0,0,0,0,1
45709,8795380551,19937094,Java CI,master,3366b36fdd65ec5af83d33e4a8335db4ffdcff2b,.github/workflows/maven.yml,success,3071532,chrjohn,122,6,0.0,1.0,,schedule,439,0,798.0,1,success,1,dcf692ca7b6bfb49df73bc41de03b4e041d5ff23,1,1,1,0,0,1,2,1,0,0,0,0,0,0,0,0,0,0,0,0,0,0,0,0,0,0,0,0,48,0,0,0,0,0,0,0,0,0,53,0,['junit'],java-maven,150697,60341,400.413,31896,0,0,31896,1,0.0,1.0,0.0,1.0,15,1,9,0,0,0,0,1
45710,8276003433,19937094,Java CI,master,529761ef170ba8458b0dd780dfbe750fa30a3f0d,.github/workflows/maven.yml,success,3071532,chrjohn,121,5,0.0,1.0,,schedule,484,0,772.0,1,success,1,4258963c7da8eee69797574d027a72664c736f50,1,1,1,0,0,1,2,1,0,0,0,0,0,0,0,0,0,0,0,0,0,0,0,0,0,0,0,0,48,0,0,0,0,0,0,0,0,0,53,0,['junit'],java-maven,150697,60341,400.413,31896,0,0,31896,1,0.00159363,0.982001,0.0,1.0,6,1,9,0,0,0,0,1
45711,7795205570,19937094,Java CI,master,f470c02cfcd268e8d52415743a73dbdf2edb0d18,.github/workflows/maven.yml,success,3071532,chrjohn,118,5,0.0,1.0,,schedule,73,0,761.0,0,success,1,8e25819914498cee8568a68d9909f02f59b2aab2,1,121,25,0,0,0,0,1,146,0,0,0,0,1,1,2,0,2,3,0,0,0,3,1,4,0,1,0,48,0,0,121,25,0,0,0,0,0,53,0,['junit'],java-maven,150437,60126,399.676,31716,0,0,31716,1,0.00557769,0.940766,0.0,1.0,10,1,9,0,0,1,0,1
45712,8475985658,19937094,Java CI,dependabot/maven/commons-io-commons-io-2.16.0,42cd60cbb3e6f6880eed3fc845f6133bd4aae927,.github/workflows/maven.yml,success,3071532,dependabot[bot],122,6,0.0,1.0,,pull_request,328,0,783.0,1,success,1,fc5901c14f56ad56af506fafc213464fa93e0f7a,1,1,1,0,0,1,2,1,0,0,0,0,0,0,0,0,0,0,0,0,0,0,0,0,0,0,0,0,48,0,0,0,0,0,0,0,0,0,53,0,['junit'],java-maven,150697,60341,400.413,31896,0,0,31896,1,0.0,1.0,0.0,1.0,0,1,9,0,0,0,0,0
45713,7429748855,19937094,Java CI,master,50d004661424eb3d1d07fe78a90cb91d85946c29,.github/workflows/maven.yml,success,3071532,chrjohn,118,6,0.0,1.0,,schedule,403,0,744.0,1,success,1,644820ee3c64a3eb76428149b42514f1ae21495c,2,2,2,0,0,2,4,1,0,0,1,0,0,0,0,0,0,0,0,0,0,0,0,0,0,0,0,0,48,0,0,0,0,0,0,0,0,0,53,0,['junit'],java-maven,150358,60030,399.247,31698,0,0,31698,1,0.0199203,0.848029,0.00557769,0.836561,45,1,9,0,0,1,0,1
45714,8497804273,19937094,Java CI,fix-oom,b96e9b35bf7c9820d5fb1c2d898eb9b8d5e9d899,.github/workflows/maven.yml,success,3071532,wajncn,122,6,,,,pull_request,0,0,,1,success,0,,0,0,0,0,0,0,0,0,0,0,0,0,0,0,0,0,0,0,0,0,0,0,0,0,0,0,0,0,48,0,0,0,0,0,0,0,0,0,53,0,['junit'],java-maven,150749,60402,400.679,31914,0,0,31914,1,0.0,1.0,0.0,1.0,0,0,9,0,1,1,0,0
45715,8655816531,19937094,Java CI,dependabot/maven/org.apache.maven.plugins-maven-gpg-plugin-3.2.3,52cd110ce2e54220e693dc652bead89e98b0d8be,.github/workflows/maven.yml,success,3071532,dependabot[bot],122,6,0.0,0.0,,push,539,0,791.0,0,success,1,78967ae1678fb77dac66f7163188579f59e60c40,1,1,1,0,0,1,2,1,0,0,0,0,0,0,0,0,0,0,0,0,0,0,0,0,0,0,0,0,48,0,0,0,0,0,0,0,0,0,53,0,['junit'],java-maven,150697,60341,400.413,31896,0,0,31896,1,0.0,1.0,0.0,1.0,0,1,9,0,0,0,0,0
45716,8015174559,19937094,Java CI,master,fd1926f1ac133a1c7b4558f2fca381775f743289,.github/workflows/maven.yml,success,3071532,chrjohn,121,6,0.0,1.0,,schedule,84,0,766.0,1,success,1,663fb55f5d026e6f0c6392b1676b31bd02cdd6f7,1,5,4,0,0,1,9,1,0,0,0,0,0,1,1,0,0,0,28,0,0,0,0,0,0,1,0,0,48,0,0,0,0,0,0,0,0,0,53,0,['junit'],java-maven,150697,60341,400.413,31896,0,0,31896,1,0.0135458,0.842473,0.00159363,0.954183,25,1,9,0,0,1,0,1
45717,9475173720,19937094,Java CI,dependabot/maven/org.apache.maven.plugins-maven-pmd-plugin-3.23.0,6e6fbbf6c9b098836c9e77be934d12a7183cae15,.github/workflows/maven.yml,success,3071532,dependabot[bot],122,3,0.0,0.0,,push,386,0,823.0,1,success,1,32a3f8da5b7e62f41ca5b1707ec3f5e86ed4066a,1,1,1,0,0,1,2,1,0,0,0,0,0,0,0,0,0,0,0,0,0,0,0,0,0,0,0,0,48,0,0,0,0,0,0,0,0,0,53,0,['junit'],java-maven,150697,60341,400.413,31896,0,0,31896,1,0.000796813,0.999909,0.0,1.0,0,1,9,0,0,0,0,0
45718,9247699027,19937094,Java CI,dependabot/maven/org.apache.maven.plugins-maven-invoker-plugin-3.7.0,a68ba2b0e19af44209c0bacaf0ba9ee7e21af497,.github/workflows/maven.yml,success,3071532,dependabot[bot],122,3,0.0,1.0,,pull_request,727,0,811.0,1,success,1,351154aafff927670ede9560579b0ffcbba4fc5b,1,1,1,0,0,1,2,1,0,0,0,0,0,0,0,0,0,0,0,0,0,0,0,0,0,0,0,0,48,0,0,0,0,0,0,0,0,0,53,0,['junit'],java-maven,150697,60341,400.413,31896,0,0,31896,1,0.00796813,0.860695,0.000796813,0.999766,0,1,9,0,0,0,0,0
45719,8841619192,19937094,Java CI,dependabot/maven/org.apache.maven.plugins-maven-pmd-plugin-3.22.0,8115ba3a827f06b2d12154dcd1e7d9ece59647cf,.github/workflows/maven.yml,failure,3071532,dependabot[bot],122,6,0.0,0.0,,push,560,0,800.0,0,failure,1,3366b36fdd65ec5af83d33e4a8335db4ffdcff2b,1,1,1,0,0,1,2,1,0,0,0,0,0,0,0,0,0,0,0,0,0,0,0,0,0,0,0,0,48,0,0,0,0,0,0,0,0,0,53,0,['junit'],java-maven,150697,60341,400.413,28352,0,0,28352,1,0.00398406,0.932891,0.00398406,0.798672,0,1,9,0,0,1,0,0
45720,7510588553,19937094,Java CI,master,f0570961e3a9d76161ea54dc685e117187f4128e,.github/workflows/maven.yml,success,3071532,chrjohn,118,6,0.0,2.0,,schedule,432,0,756.0,1,success,2,e80c25b15b0ff9dbd96eac361d08e7b0ecce76ed,2,5,2,0,1,2,7,1,0,0,1,0,0,0,0,0,0,0,0,0,0,0,0,0,0,0,0,0,48,0,0,0,0,0,0,0,0,0,53,0,['junit'],java-maven,150361,60030,399.239,31698,0,0,31698,1,0.0223108,0.868053,0.00717131,0.899104,45,1,9,0,0,0,0,1
45721,7491858809,19937094,Java CI,dependabot/maven/org.apache.maven.plugins-maven-plugin-plugin-3.11.0,de312a01fbbfaf62f9549291706e6c72567d73c3,.github/workflows/maven.yml,success,3071532,chrjohn,118,6,0.0,2.0,,pull_request,432,0,756.0,1,success,2,e80c25b15b0ff9dbd96eac361d08e7b0ecce76ed,2,5,2,0,1,2,7,1,0,0,1,0,0,0,0,0,0,0,0,0,0,0,0,0,0,0,0,0,48,0,0,0,0,0,0,0,0,0,53,0,['junit'],java-maven,150361,60030,399.239,31698,0,0,31698,1,0.0231076,0.855454,0.0111554,0.784386,43,1,9,0,0,0,0,0
45722,8338061052,19937094,Java CI,fix-oom,e47e651ac3e7c2f6c2f729efedb20a516ccd2891,.github/workflows/maven.yml,success,3071532,wajncn,122,6,,,,pull_request,0,0,,1,success,0,,0,0,0,0,0,0,0,0,0,0,0,0,0,0,0,0,0,0,0,0,0,0,0,0,0,0,0,0,48,0,0,0,0,0,0,0,0,0,53,0,['junit'],java-maven,150750,60404,400.69,31914,0,0,31914,1,0.000796813,0.999734,0.0,1.0,0,0,9,0,1,0,0,0
45723,9366076625,19937094,Java CI,master,c1151de5fc8094bc172bf2eedda0e9ceb57619b2,.github/workflows/maven.yml,success,3071532,chrjohn,122,3,0.0,1.0,,push,376,0,814.0,1,success,1,9338f01f6a5dced31656353e4db6e63f3e19f59c,2,2,2,0,0,2,4,1,0,0,1,0,0,0,0,0,0,0,0,0,0,0,0,0,0,0,0,0,48,0,0,0,0,0,0,0,0,0,53,0,['junit'],java-maven,150697,60341,400.413,31896,0,0,31896,1,0.000796813,0.982072,0.0,1.0,7,1,9,0,0,0,0,1
45724,9247698817,19937094,Java CI,dependabot/maven/org.apache.maven.plugins-maven-invoker-plugin-3.7.0,a68ba2b0e19af44209c0bacaf0ba9ee7e21af497,.github/workflows/maven.yml,success,3071532,dependabot[bot],122,3,0.0,0.0,,push,727,0,811.0,1,success,1,351154aafff927670ede9560579b0ffcbba4fc5b,1,1,1,0,0,1,2,1,0,0,0,0,0,0,0,0,0,0,0,0,0,0,0,0,0,0,0,0,48,0,0,0,0,0,0,0,0,0,53,0,['junit'],java-maven,150697,60341,400.413,31896,0,0,31896,1,0.00796813,0.850376,0.000796813,0.999734,0,1,9,0,0,0,0,0
45725,7984568568,19937094,pages build and deployment,master,663fb55f5d026e6f0c6392b1676b31bd02cdd6f7,dynamic/pages/pages-build-deployment,success,22589472,chrjohn,121,6,0.0,1.0,,dynamic,427,0,768.0,1,success,1,91e0911a8f813ca1dc814a9b26242ec68bf0ff61,1,1,1,0,0,1,2,1,0,0,0,0,0,0,0,0,0,0,0,0,0,0,0,0,0,0,0,0,48,0,0,0,0,0,0,0,0,0,1,0,['junit'],java-maven,150696,60341,400.415,0,0,0,0,0,0.0135458,0.834353,0.00159363,0.949602,24,1,3,0,0,0,0,1
45726,8325385188,19937094,Java CI,fix-oom,e0c1d9ef730b524fe11953b459bebb629823680a,.github/workflows/maven.yml,success,3071532,wajncn,122,6,,,,pull_request,0,0,,1,success,0,,0,0,0,0,0,0,0,0,0,0,0,0,0,0,0,0,0,0,0,0,0,0,0,0,0,0,0,0,48,0,0,0,0,0,0,0,0,0,53,0,['junit'],java-maven,150702,60341,400.399,31896,0,0,31896,1,0.000796813,0.999694,0.0,1.0,0,0,9,0,1,1,0,0
45727,7551533783,19937094,Java CI,master,f0570961e3a9d76161ea54dc685e117187f4128e,.github/workflows/maven.yml,success,3071532,chrjohn,118,6,0.0,2.0,,schedule,432,0,756.0,1,success,2,e80c25b15b0ff9dbd96eac361d08e7b0ecce76ed,2,5,2,0,0,2,7,1,0,0,1,0,0,0,0,0,0,0,0,0,0,0,0,0,0,0,0,0,48,0,0,0,0,0,0,0,0,0,53,0,['junit'],java-maven,150361,60030,399.239,31698,0,0,31698,1,0.0191235,0.88128,0.00557769,0.874128,40,1,9,0,0,0,0,1
45728,8028558399,19937094,Java CI,master,fd1926f1ac133a1c7b4558f2fca381775f743289,.github/workflows/maven.yml,success,3071532,chrjohn,121,6,0.0,1.0,,schedule,84,0,766.0,1,success,1,663fb55f5d026e6f0c6392b1676b31bd02cdd6f7,1,5,4,0,0,1,9,1,0,0,0,0,0,1,1,0,0,0,28,0,0,0,0,0,0,1,0,0,48,0,0,0,0,0,0,0,0,0,53,0,['junit'],java-maven,150697,60341,400.413,31896,0,0,31896,1,0.0135458,0.844003,0.000796813,0.956349,25,1,9,0,0,1,0,1
45729,7778290031,19937094,Java CI,dependabot/github_actions/al-cheb/configure-pagefile-action-1.4,90730abed8e4888636b8b665b4fa81da645431fc,.github/workflows/maven.yml,success,3071532,dependabot[bot],118,5,0.0,1.0,,pull_request,528,0,762.0,1,success,1,f0570961e3a9d76161ea54dc685e117187f4128e,1,1,1,0,0,0,0,1,0,0,0,0,0,0,0,0,0,0,0,0,0,0,0,0,0,0,0,0,48,0,0,0,0,0,1,0,0,0,53,0,['junit'],java-maven,150361,60030,399.239,31698,0,0,31698,1,0.00557769,0.848606,0.0,1.0,0,1,9,0,0,0,0,0
45730,8496065421,19937094,Java CI,master,8c6ac1a1e5fd50ac71b447a5fd05a248fec02dca,.github/workflows/maven.yml,success,3071532,chrjohn,122,6,0.0,1.0,,schedule,529,0,782.0,1,success,1,130d13ac76d7f23529da2ffa15185ed91d64afbd,1,1,1,0,0,1,2,1,0,0,0,0,0,0,0,0,0,0,0,0,0,0,0,0,0,0,0,0,48,0,0,0,0,0,0,0,0,0,53,0,['junit'],java-maven,150697,60341,400.413,31896,0,0,31896,1,0.0,1.0,0.0,1.0,9,1,9,0,0,0,0,1
45731,7448970965,19937094,Java CI,feature/remove-sessionsettings-section,ff05e55518b88c5567c13da1da6632023b333aa7,.github/workflows/maven.yml,success,3071532,chrjohn,118,6,0.0,1.0,,pull_request,90,0,750.0,1,success,1,50d004661424eb3d1d07fe78a90cb91d85946c29,2,64,0,0,1,1,18,1,46,0,0,0,0,2,2,3,0,3,32,0,0,0,1,0,1,1,1,0,48,0,0,46,0,0,0,0,0,0,53,0,['junit'],java-maven,150407,60076,399.423,31734,0,0,31734,1,0.0199203,0.861187,0.00717131,0.83248,44,1,9,0,0,0,0,0
45732,8568022619,19937094,Java CI,master,e1819af0c026123d7b00ae0ce8cd0f8b8bd96438,.github/workflows/maven.yml,success,3071532,chrjohn,122,6,0.0,1.0,,push,592,0,785.0,1,success,1,00726a254f4b811b6dede79c8898ed26f9a08ba0,1,1,1,0,0,1,2,1,0,0,0,0,0,0,0,0,0,0,0,0,0,0,0,0,0,0,0,0,48,0,0,0,0,0,0,0,0,0,53,0,['junit'],java-maven,150697,60341,400.413,31896,0,0,31896,1,0.0,1.0,0.0,1.0,12,1,9,0,0,0,0,1
45733,7780063383,19937094,Java CI,master,f0570961e3a9d76161ea54dc685e117187f4128e,.github/workflows/maven.yml,success,3071532,chrjohn,118,5,0.0,2.0,,schedule,432,0,756.0,0,success,2,e80c25b15b0ff9dbd96eac361d08e7b0ecce76ed,2,5,2,0,0,2,7,1,0,0,1,0,0,0,0,0,0,0,0,0,0,0,0,0,0,0,0,0,48,0,0,0,0,0,0,0,0,0,53,0,['junit'],java-maven,150361,60030,399.239,31698,0,0,31698,1,0.00557769,0.933969,0.0,1.0,7,1,9,0,0,0,0,1
45734,8338087815,19937094,Java CI,fix-oom,5a18e398ed6af48a4bfd8516c9f0aa7333d2e3c8,.github/workflows/maven.yml,success,3071532,wajncn,122,6,,,,pull_request,0,0,,1,success,0,,0,0,0,0,0,0,0,0,0,0,0,0,0,0,0,0,0,0,0,0,0,0,0,0,0,0,0,0,48,0,0,0,0,0,0,0,0,0,53,0,['junit'],java-maven,150749,60402,400.679,31914,0,0,31914,1,0.000796813,0.999766,0.0,1.0,0,0,9,0,1,0,0,0
45735,8945021767,19937094,pages build and deployment,master,7ec9961611f41de3e66863cb21f6982bfa929fe1,dynamic/pages/pages-build-deployment,success,22589472,chrjohn,122,6,0.0,1.0,,push,48,0,805.0,1,success,1,3366b36fdd65ec5af83d33e4a8335db4ffdcff2b,1,1,1,0,0,0,0,1,0,0,0,0,0,0,0,0,0,0,0,0,0,0,0,0,0,0,0,0,48,0,0,0,0,0,1,0,0,0,58,0,['junit'],java-maven,150697,60341,400.413,0,0,0,0,1,0.0143426,0.842629,0.00876494,0.629272,10,1,1,0,0,1,0,1
45736,8951072049,19937094,pages build and deployment,master,6da77937109b441e2e5b696ab0fbc02748156df2,dynamic/pages/pages-build-deployment,success,22589472,chrjohn,122,5,0.0,1.0,,push,397,0,799.0,1,success,1,3e9ec3055ceaa09d6600e955e93ef6070a51a430,1,1,1,0,0,1,2,1,0,0,0,0,0,0,0,0,0,0,0,0,0,0,0,0,0,0,0,0,48,0,0,0,0,0,0,0,0,0,58,0,['junit'],java-maven,150697,60341,400.413,0,0,0,0,1,0.0143426,0.882887,0.00796813,0.852687,18,1,1,0,0,0,0,1
45737,8948345007,19937094,Java CI,master,7ec9961611f41de3e66863cb21f6982bfa929fe1,.github/workflows/maven.yml,success,3071532,chrjohn,122,5,0.0,1.0,,schedule,48,0,805.0,1,success,1,3366b36fdd65ec5af83d33e4a8335db4ffdcff2b,1,1,1,0,0,0,0,1,0,0,0,0,0,0,0,0,0,0,0,0,0,0,0,0,0,0,0,0,48,0,0,0,0,0,1,0,0,0,53,0,['junit'],java-maven,150697,60341,400.413,31896,0,0,31896,1,0.0143426,0.869199,0.00876494,0.77988,14,1,9,0,0,1,0,1
45738,8951072072,19937094,Java CI,master,6da77937109b441e2e5b696ab0fbc02748156df2,.github/workflows/maven.yml,success,3071532,chrjohn,122,5,0.0,1.0,,push,397,0,799.0,1,success,1,3e9ec3055ceaa09d6600e955e93ef6070a51a430,1,1,1,0,0,1,2,1,0,0,0,0,0,0,0,0,0,0,0,0,0,0,0,0,0,0,0,0,48,0,0,0,0,0,0,0,0,0,53,0,['junit'],java-maven,150697,60341,400.413,31896,0,0,31896,1,0.0143426,0.882887,0.00796813,0.852687,18,1,9,0,0,0,0,1
45739,7888853368,19937094,CodeQL,master,b18003e10694c4a9bc94c69399f92a48e2d3073c,.github/workflows/codeql-analysis.yml,success,3605584,chrjohn,120,5,0.0,3.0,"{'chore', 'fix', 'perf'}",push,67,0,283.0,1,success,3,9f8fb4b6ce7b022db6f6c0e037fc0d87dedcabeb,11,199,7,0,1,10,83,1,123,0,0,1,0,11,12,8,0,8,161,3,0,3,13,0,13,1,1,0,48,1,0,122,1,0,0,1,0,0,58,0,['junit'],java-maven,150628,60294,400.284,0,0,0,0,1,0.0119522,0.832669,0.0119522,0.721116,21,1,1,0,0,1,0,1
45740,8490905078,19937094,Java CI,master,8c6ac1a1e5fd50ac71b447a5fd05a248fec02dca,.github/workflows/maven.yml,success,3071532,chrjohn,122,6,0.0,1.0,,push,529,0,782.0,1,success,1,130d13ac76d7f23529da2ffa15185ed91d64afbd,1,1,1,0,0,1,2,1,0,0,0,0,0,0,0,0,0,0,0,0,0,0,0,0,0,0,0,0,48,0,0,0,0,0,0,0,0,0,53,0,['junit'],java-maven,150697,60341,400.413,31896,0,0,31896,1,0.0,1.0,0.0,1.0,9,1,9,0,0,0,0,1
45741,7359097076,19937094,Java CI,bugfix/issue-576-perf-regression,4b63804e28edc12fa6ad96fbae153b5ae312b213,.github/workflows/maven.yml,success,3071532,chrjohn,118,6,1.0,10.0,{'fix'},pull_request,46,0,582.0,1,success,10,89acf0cf725dfe32d139581f57baa1ba374f2c33,48,842,1152,1,1,27,636,6,1344,1,1,4,3,39,46,10,22,32,421,6,6,12,43,27,70,1,1,0,48,6,4,599,745,0,1,92,0,0,53,0,['junit'],java-maven,150608,60346,400.683,31698,0,0,31698,1,0.0478088,0.874253,0.00318725,0.944002,98,1,9,0,0,0,0,0
45742,8167457305,19937094,Java CI,master,fd1926f1ac133a1c7b4558f2fca381775f743289,.github/workflows/maven.yml,success,3071532,chrjohn,121,5,0.0,1.0,,schedule,84,0,766.0,1,success,1,663fb55f5d026e6f0c6392b1676b31bd02cdd6f7,1,5,4,0,0,1,9,1,0,0,0,0,0,1,1,0,0,0,28,0,0,0,0,0,0,1,0,0,48,0,0,0,0,0,0,0,0,0,53,0,['junit'],java-maven,150697,60341,400.413,31896,0,0,31896,1,0.0135458,0.82147,0.0,1.0,21,1,9,0,0,1,0,1
45743,7412594943,19937094,Java CI,use-session-log,7845a291dbc5beaa5eb3cc929d87017640b1c3d2,.github/workflows/maven.yml,success,3071532,chrjohn,118,6,0.0,9.0,{'fix'},pull_request,48,0,746.0,1,success,9,89acf0cf725dfe32d139581f57baa1ba374f2c33,54,658,1184,1,1,32,775,5,1053,1,1,0,3,46,49,14,22,36,454,7,7,14,7,29,36,1,1,0,48,0,4,306,747,0,1,99,0,0,53,0,['junit'],java-maven,150416,60051,399.233,31698,0,0,31698,1,0.0167331,0.871056,0.00159363,0.953303,44,1,9,0,0,1,0,0
45744,7483021382,19937094,Java CI,dependabot/maven/org.apache.maven.plugin-tools-maven-plugin-annotations-3.11.0,28d4587c235ee4fac6270f32c81e65c6fd86a21d,.github/workflows/maven.yml,success,3071532,dependabot[bot],118,6,0.0,1.0,,pull_request,432,0,757.0,1,success,1,e73b2e28ed2943f089eceaee409c2f83622353d9,1,1,1,0,0,1,2,1,0,0,0,0,0,0,0,0,0,0,0,0,0,0,0,0,0,0,0,0,48,0,0,0,0,0,0,0,0,0,53,0,['junit'],java-maven,150358,60030,399.247,31698,0,0,31698,1,0.0199203,0.8658,0.00796813,0.821186,0,1,9,0,0,0,0,0
45745,8716864329,19937094,Java CI,master,bb2b919b8d4f286311e05cc418dff53f9ed517e1,.github/workflows/maven.yml,success,3071532,chrjohn,122,6,0.0,1.0,,schedule,317,0,792.0,1,success,1,cfa5502fa07650ce8752df97d3d0dc0c596e5b97,1,1,1,0,0,1,2,1,0,0,0,0,0,0,0,0,0,0,0,0,0,0,0,0,0,0,0,0,48,0,0,0,0,0,0,0,0,0,53,0,['junit'],java-maven,150697,60341,400.413,31896,0,0,31896,1,0.0,1.0,0.0,1.0,12,1,9,0,0,0,0,1
45746,7346769839,19937094,Java CI,QFJ-271_enhancement_prioritize_resend_responses_if_configured,051ab22496dce597cbbcc0a38e2cc44866052e99,.github/workflows/maven.yml,success,3071532,chrjohn,118,6,,,,pull_request,0,0,,1,success,0,,0,0,0,0,0,0,0,0,0,0,0,0,0,0,0,0,0,0,0,0,0,0,0,0,0,0,0,0,48,0,0,0,0,0,0,0,0,0,29,0,['junit'],java-maven,131814,43339,328.789,31734,0,0,31734,1,0.063745,0.86481,0.0063745,0.896002,119,1,9,0,0,0,0,0
45747,7344796602,19937094,Java CI,master,14c9c66fab7f729cb90ecaf096c8db15861b5052,.github/workflows/maven.yml,success,3071532,chrjohn,111,1,0.0,2.0,{'fix'},schedule,48,0,658.0,1,success,2,0b8e1db3cfc1ff361c87b2cc0d4618dd069dbd79,1,4,1,0,0,1,5,1,0,0,0,0,0,1,1,0,0,0,11,0,0,0,0,0,0,1,0,0,48,0,0,0,0,0,0,0,0,0,53,0,['junit'],java-maven,150358,60030,399.247,31698,0,0,31698,1,0.0629482,0.866715,0.00478088,0.922617,121,1,9,0,0,1,0,1
45748,7491858806,19937094,CodeQL,dependabot/maven/org.apache.maven.plugins-maven-plugin-plugin-3.11.0,de312a01fbbfaf62f9549291706e6c72567d73c3,.github/workflows/codeql-analysis.yml,success,3605584,chrjohn,118,6,0.0,2.0,,pull_request,432,0,756.0,1,success,2,e80c25b15b0ff9dbd96eac361d08e7b0ecce76ed,2,5,2,0,1,2,7,1,0,0,1,0,0,0,0,0,0,0,0,0,0,0,0,0,0,0,0,0,48,0,0,0,0,0,0,0,0,0,58,0,['junit'],java-maven,150361,60030,399.239,0,0,0,0,1,0.0231076,0.855454,0.0111554,0.784386,43,1,1,0,0,0,0,0
45749,8678721802,19937094,Java CI,master,78967ae1678fb77dac66f7163188579f59e60c40,.github/workflows/maven.yml,success,3071532,chrjohn,122,6,0.0,1.0,,schedule,328,0,789.0,1,success,1,9e843b097e911ed009b06fe27f1564e615a71680,1,1,1,0,0,1,2,1,0,0,0,0,0,0,0,0,0,0,0,0,0,0,0,0,0,0,0,0,48,0,0,0,0,0,0,0,0,0,53,0,['junit'],java-maven,150697,60341,400.413,31896,0,0,31896,1,0.0,1.0,0.0,1.0,9,1,9,0,0,0,0,1
45750,9247698527,19937094,Java CI,dependabot/maven/org.apache.maven-maven-plugin-api-3.9.7,46fab9b25829d87c53878e080d76eb0450ee7dd1,.github/workflows/maven.yml,success,3071532,dependabot[bot],122,3,0.0,0.0,,push,425,0,810.0,0,success,1,351154aafff927670ede9560579b0ffcbba4fc5b,1,1,1,0,0,1,2,1,0,0,0,0,0,0,0,0,0,0,0,0,0,0,0,0,0,0,0,0,48,0,0,0,0,0,0,0,0,0,53,0,['junit'],java-maven,150697,60341,400.413,31896,0,0,31896,1,0.00796813,0.831673,0.000796813,0.999668,0,1,9,0,0,0,0,0
45751,7736776419,19937094,Java CI,master,f0570961e3a9d76161ea54dc685e117187f4128e,.github/workflows/maven.yml,success,3071532,chrjohn,118,5,0.0,2.0,,schedule,432,0,756.0,1,success,2,e80c25b15b0ff9dbd96eac361d08e7b0ecce76ed,2,5,2,0,0,2,7,1,0,0,1,0,0,0,0,0,0,0,0,0,0,0,0,0,0,0,0,0,48,0,0,0,0,0,0,0,0,0,53,0,['junit'],java-maven,150361,60030,399.239,31698,0,0,31698,1,0.0111554,0.8839,0.0,1.0,14,1,9,0,0,0,0,1
45752,8939991050,19937094,Java CI,chrjohn-macos-jdk8,eba530dde9a2262200a9bfbb1db5afb383560c53,.github/workflows/maven.yml,success,3071532,chrjohn,122,6,0.0,0.0,,push,48,0,805.0,1,failure,1,3366b36fdd65ec5af83d33e4a8335db4ffdcff2b,1,1,1,0,0,0,0,1,0,0,0,0,0,0,0,0,0,0,0,0,0,0,0,0,0,0,0,0,48,0,0,0,0,0,1,0,0,0,53,0,['junit'],java-maven,150697,60341,400.413,31896,0,0,31896,1,0.0143426,0.829293,0.00876494,0.49687,9,1,9,0,0,0,0,0
45753,9369942861,19937094,pages build and deployment,master,bc643a34210fcd867114e0954db38f442d8252d7,dynamic/pages/pages-build-deployment,success,22589472,chrjohn,122,3,0.0,1.0,,push,376,0,817.0,1,success,1,c1151de5fc8094bc172bf2eedda0e9ceb57619b2,1,1,1,0,0,1,2,1,0,0,0,0,0,0,0,0,0,0,0,0,0,0,0,0,0,0,0,0,48,0,0,0,0,0,0,0,0,0,58,0,['junit'],java-maven,150697,60341,400.413,0,0,0,0,1,0.000796813,0.982983,0.0,1.0,8,1,1,0,0,0,0,1
45754,7357553025,19937094,Java CI,optimiseSessionReset,689501946d6736734cea26ec0da054c94cdd3537,.github/workflows/maven.yml,success,3071532,chrjohn,118,6,0.0,3.0,"{'chore', 'fix', 'perf'}",pull_request,67,0,283.0,1,success,3,9f8fb4b6ce7b022db6f6c0e037fc0d87dedcabeb,21,234,206,0,1,15,120,3,318,1,1,1,0,16,17,8,5,13,209,3,0,3,14,4,18,1,1,0,48,1,0,148,170,0,1,1,0,0,53,0,['junit'],java-maven,150500,60151,399.674,31788,0,0,31788,1,0.0494024,0.87275,0.00318725,0.940708,101,1,9,0,0,0,0,0
45755,8887680396,19937094,Java CI,dependabot/maven/org.apache.maven.plugins-maven-install-plugin-3.1.2,2fd74679dd6813334aa08d3b02d48d123c4d5f50,.github/workflows/maven.yml,failure,3071532,dependabot[bot],122,6,0.0,1.0,,pull_request,512,0,803.0,1,success,1,7ec9961611f41de3e66863cb21f6982bfa929fe1,2,2,2,0,0,1,2,2,0,1,1,0,0,0,0,0,0,0,0,0,0,0,0,0,0,0,0,0,48,0,0,0,0,0,1,0,0,0,53,0,['junit'],java-maven,150697,60341,400.413,28352,0,0,28352,1,0.0111554,0.838884,0.0111554,0.526131,0,1,9,0,0,1,0,0
45756,9311651235,19937094,Java CI,dependabot/maven/org.apache.maven.plugins-maven-enforcer-plugin-3.5.0,d9acc3c7fc0aac96f42a1ee7b255290890c5f63c,.github/workflows/maven.yml,success,3071532,dependabot[bot],122,3,0.0,0.0,,push,809,0,813.0,0,success,1,351154aafff927670ede9560579b0ffcbba4fc5b,1,1,1,0,0,1,2,1,0,0,0,0,0,0,0,0,0,0,0,0,0,0,0,0,0,0,0,0,48,0,0,0,0,0,0,0,0,0,53,0,['junit'],java-maven,150697,60341,400.413,31896,0,0,31896,1,0.00159363,0.999705,0.0,1.0,0,1,9,0,0,0,0,0
45757,8962776925,19937094,Java CI,dependabot/maven/org.apache.maven.plugin-tools-maven-plugin-annotations-3.13.0,6f138b35ed88fd0f9e964d24498130f2d0f6f2ef,.github/workflows/maven.yml,success,3071532,dependabot[bot],122,5,0.0,0.0,,push,399,0,806.0,0,success,1,6da77937109b441e2e5b696ab0fbc02748156df2,1,1,1,0,0,1,2,1,0,0,0,0,0,0,0,0,0,0,0,0,0,0,0,0,0,0,0,0,48,0,0,0,0,0,0,0,0,0,53,0,['junit'],java-maven,150697,60341,400.413,31896,0,0,31896,1,0.0143426,0.793033,0.00717131,0.663679,0,1,9,0,0,0,0,0
45758,9343002126,19937094,Java CI,dependabot/maven/org.apache.maven.plugins-maven-plugin-plugin-3.13.1,2aff19a194083aed23c671c396adbb8c674be2a7,.github/workflows/maven.yml,success,3071532,dependabot[bot],122,3,0.0,1.0,,pull_request,376,0,814.0,1,success,1,47052322c06b385c5086afc7e749489303849d4f,2,2,2,0,0,2,4,1,0,0,1,0,0,0,0,0,0,0,0,0,0,0,0,0,0,0,0,0,48,0,0,0,0,0,0,0,0,0,53,0,['junit'],java-maven,150697,60341,400.413,31896,0,0,31896,1,0.000796813,0.999847,0.0,1.0,0,1,9,0,0,0,0,0
45759,8755346670,19937094,Java CI,use-session-log,dda7ccb96efac28c2717ca8e49f2fd32d5dad522,.github/workflows/maven.yml,success,3071532,chrjohn,122,6,0.0,35.0,"{'chore', 'fix', 'perf'}",push,48,0,746.0,1,success,35,127975209570c3e0f4e06cd5f14793a2138a8552,24,384,44,0,0,19,204,5,220,1,1,1,0,19,20,16,0,16,215,3,0,3,19,0,19,1,1,0,48,2,0,217,3,0,1,1,0,0,53,0,['junit'],java-maven,150755,60360,400.385,31896,0,0,31896,1,0.0,1.0,0.0,1.0,13,1,9,0,0,0,0,0
45760,7376220742,19937094,CodeQL,master,50d004661424eb3d1d07fe78a90cb91d85946c29,.github/workflows/codeql-analysis.yml,success,3605584,chrjohn,118,6,0.0,1.0,,push,403,0,744.0,1,success,1,644820ee3c64a3eb76428149b42514f1ae21495c,2,2,2,0,0,2,4,1,0,0,1,0,0,0,0,0,0,0,0,0,0,0,0,0,0,0,0,0,48,0,0,0,0,0,0,0,0,0,58,0,['junit'],java-maven,150358,60030,399.247,0,0,0,0,1,0.0398406,0.878295,0.00159363,0.945731,88,1,1,0,0,1,0,1
45761,7376220743,19937094,Java CI,master,50d004661424eb3d1d07fe78a90cb91d85946c29,.github/workflows/maven.yml,success,3071532,chrjohn,118,6,0.0,1.0,,push,403,0,744.0,1,success,1,644820ee3c64a3eb76428149b42514f1ae21495c,2,2,2,0,0,2,4,1,0,0,1,0,0,0,0,0,0,0,0,0,0,0,0,0,0,0,0,0,48,0,0,0,0,0,0,0,0,0,53,0,['junit'],java-maven,150358,60030,399.247,31698,0,0,31698,1,0.0398406,0.878295,0.00159363,0.945731,88,1,9,0,0,1,0,1
45762,7472864832,19937094,Java CI,master,e73b2e28ed2943f089eceaee409c2f83622353d9,.github/workflows/maven.yml,success,3071532,chrjohn,118,6,0.0,1.0,,push,525,0,754.0,1,success,1,f532e1ffeb8dc23fac5ffd3b0cf99cc6c03eccd5,1,1,1,0,0,1,2,1,0,0,0,0,0,0,0,0,0,0,0,0,0,0,0,0,0,0,0,0,48,0,0,0,0,0,0,0,0,0,53,0,['junit'],java-maven,150358,60030,399.247,31698,0,0,31698,1,0.0191235,0.870351,0.00717131,0.843648,44,1,9,0,0,0,0,1
45763,9343002613,19937094,Java CI,dependabot/maven/org.apache.maven.plugins-maven-javadoc-plugin-3.7.0,d15b953d5c767cc7a2091d3ba299d418e5bc77dd,.github/workflows/maven.yml,success,3071532,dependabot[bot],122,3,0.0,1.0,{'docs'},pull_request,424,0,815.0,1,success,1,47052322c06b385c5086afc7e749489303849d4f,1,1,1,0,0,1,2,1,0,0,0,0,0,0,0,0,0,0,0,0,0,0,0,0,0,0,0,0,48,0,0,0,0,0,0,0,0,0,53,0,['junit'],java-maven,150697,60341,400.413,31896,0,0,31896,1,0.000796813,0.999863,0.0,1.0,0,1,9,0,0,0,0,0
45764,8887679559,19937094,Java CI,dependabot/maven/org.apache.maven.plugins-maven-deploy-plugin-3.1.2,e655c7ba2414f8570a06cec90fed236868e519cc,.github/workflows/maven.yml,failure,3071532,dependabot[bot],122,6,0.0,0.0,,push,567,0,802.0,0,failure,1,3366b36fdd65ec5af83d33e4a8335db4ffdcff2b,1,1,1,0,0,1,2,1,0,0,0,0,0,0,0,0,0,0,0,0,0,0,0,0,0,0,0,0,48,0,0,0,0,0,0,0,0,0,53,0,['junit'],java-maven,150697,60341,400.413,28352,0,0,28352,1,0.00876494,0.887915,0.00876494,0.579681,0,1,9,0,0,1,0,0
45765,8563658799,19937094,Java CI,dependabot/maven/org.apache.maven.plugins-maven-source-plugin-3.3.1,0fb52117a68fe6a86927a5148ad45d7659ac251f,.github/workflows/maven.yml,success,3071532,dependabot[bot],122,6,0.0,0.0,,push,419,0,788.0,0,success,1,8c6ac1a1e5fd50ac71b447a5fd05a248fec02dca,1,1,1,0,0,1,2,1,0,0,0,0,0,0,0,0,0,0,0,0,0,0,0,0,0,0,0,0,48,0,0,0,0,0,0,0,0,0,53,0,['junit'],java-maven,150697,60341,400.413,31896,0,0,31896,1,0.0,1.0,0.0,1.0,0,1,9,0,0,0,0,0
45766,8490251496,19937094,Java CI,master,130d13ac76d7f23529da2ffa15185ed91d64afbd,.github/workflows/maven.yml,success,3071532,chrjohn,122,6,0.0,1.0,,push,328,0,783.0,1,success,1,ef1fe04c33d567b19f456f32bc548dc1577382d7,1,1,1,0,0,1,2,1,0,0,0,0,0,0,0,0,0,0,0,0,0,0,0,0,0,0,0,0,48,0,0,0,0,0,0,0,0,0,53,0,['junit'],java-maven,150697,60341,400.413,31896,0,0,31896,1,0.0,1.0,0.0,1.0,8,1,9,0,0,0,0,1
45767,7984510553,19937094,Java CI,master,91e0911a8f813ca1dc814a9b26242ec68bf0ff61,.github/workflows/maven.yml,success,3071532,chrjohn,121,6,0.0,1.0,,schedule,32,0,767.0,0,success,1,24d836b264a3c9824c5b0c9cbb89bfd5703ab60e,1,15,3,0,0,1,18,1,0,0,0,0,0,1,1,3,0,3,1,0,0,0,0,0,0,1,0,0,48,0,0,0,0,0,0,0,0,0,53,0,['junit'],java-maven,150696,60341,400.415,31896,0,0,31896,1,0.0135458,0.834353,0.00159363,0.949602,23,1,9,0,0,1,0,1
45768,7382591856,19937094,Java CI,master,50d004661424eb3d1d07fe78a90cb91d85946c29,.github/workflows/maven.yml,success,3071532,chrjohn,118,6,0.0,1.0,,schedule,403,0,744.0,1,success,1,644820ee3c64a3eb76428149b42514f1ae21495c,2,2,2,0,0,2,4,1,0,0,1,0,0,0,0,0,0,0,0,0,0,0,0,0,0,0,0,0,48,0,0,0,0,0,0,0,0,0,53,0,['junit'],java-maven,150358,60030,399.247,31698,0,0,31698,1,0.0294821,0.875438,0.00159363,0.937251,71,1,9,0,0,1,0,1
45769,9330641893,19937094,Java CI,master,967bb88b70c73a211f26c45864c39104cbd06fcd,.github/workflows/maven.yml,success,3071532,chrjohn,122,3,0.0,1.0,,push,425,0,810.0,1,success,1,351154aafff927670ede9560579b0ffcbba4fc5b,1,1,1,0,0,1,2,1,0,0,0,0,0,0,0,0,0,0,0,0,0,0,0,0,0,0,0,0,48,0,0,0,0,0,0,0,0,0,53,0,['junit'],java-maven,150697,60341,400.413,31896,0,0,31896,1,0.000796813,0.983267,0.0,1.0,9,1,9,0,0,0,0,1
45770,8107085217,19937094,Java CI,master,fd1926f1ac133a1c7b4558f2fca381775f743289,.github/workflows/maven.yml,success,3071532,chrjohn,121,6,0.0,1.0,,schedule,84,0,766.0,1,success,1,663fb55f5d026e6f0c6392b1676b31bd02cdd6f7,1,5,4,0,0,1,9,1,0,0,0,0,0,1,1,0,0,0,28,0,0,0,0,0,0,1,0,0,48,0,0,0,0,0,0,0,0,0,53,0,['junit'],java-maven,150697,60341,400.413,31896,0,0,31896,1,0.0135458,0.842473,0.0,1.0,25,1,9,0,0,1,0,1
45771,9366082282,19937094,Java CI,dependabot/maven/org.apache.maven.plugins-maven-shade-plugin-3.6.0,c7493cd0cb438e162c55aa39ad828aa49ccbc652,.github/workflows/maven.yml,success,3071532,dependabot[bot],122,3,0.0,3.0,{'docs'},push,389,0,816.0,0,success,3,4cf31859de73231bcd12a3057083a3d8885fffff,2,3,3,0,0,2,6,1,0,0,1,0,0,0,0,0,0,0,0,0,0,0,0,0,0,0,0,0,48,0,0,0,0,0,0,0,0,0,53,0,['junit'],java-maven,150697,60341,400.413,31896,0,0,31896,1,0.000796813,0.999889,0.0,1.0,0,1,9,0,0,0,0,0
45772,9330643677,19937094,Java CI,master,f2a76fcfb4275b10f6dc84906ee39e0bd72fcb42,.github/workflows/maven.yml,success,3071532,chrjohn,122,3,0.0,1.0,,push,727,0,811.0,1,success,1,967bb88b70c73a211f26c45864c39104cbd06fcd,1,1,1,0,0,1,2,1,0,0,0,0,0,0,0,0,0,0,0,0,0,0,0,0,0,0,0,0,48,0,0,0,0,0,0,0,0,0,53,0,['junit'],java-maven,150697,60341,400.413,31896,0,0,31896,1,0.000796813,0.984064,0.0,1.0,10,1,9,0,0,0,0,1
45773,9369943034,19937094,Java CI,master,bc643a34210fcd867114e0954db38f442d8252d7,.github/workflows/maven.yml,success,3071532,chrjohn,122,3,0.0,1.0,,push,376,0,817.0,1,success,1,c1151de5fc8094bc172bf2eedda0e9ceb57619b2,1,1,1,0,0,1,2,1,0,0,0,0,0,0,0,0,0,0,0,0,0,0,0,0,0,0,0,0,48,0,0,0,0,0,0,0,0,0,53,0,['junit'],java-maven,150697,60341,400.413,31896,0,0,31896,1,0.000796813,0.982983,0.0,1.0,8,1,9,0,0,0,0,1
45774,8128084095,19937094,Java CI,master,fd1926f1ac133a1c7b4558f2fca381775f743289,.github/workflows/maven.yml,success,3071532,chrjohn,121,5,0.0,1.0,,schedule,84,0,766.0,1,success,1,663fb55f5d026e6f0c6392b1676b31bd02cdd6f7,1,5,4,0,0,1,9,1,0,0,0,0,0,1,1,0,0,0,28,0,0,0,0,0,0,1,0,0,48,0,0,0,0,0,0,0,0,0,53,0,['junit'],java-maven,150697,60341,400.413,31896,0,0,31896,1,0.0135458,0.844003,0.0,1.0,25,1,9,0,0,1,0,1
45775,7579916485,19937094,Java CI,master,f0570961e3a9d76161ea54dc685e117187f4128e,.github/workflows/maven.yml,success,3071532,chrjohn,118,6,0.0,2.0,,schedule,432,0,756.0,1,success,2,e80c25b15b0ff9dbd96eac361d08e7b0ecce76ed,2,5,2,0,0,2,7,1,0,0,1,0,0,0,0,0,0,0,0,0,0,0,0,0,0,0,0,0,48,0,0,0,0,0,0,0,0,0,53,0,['junit'],java-maven,150361,60030,399.239,31698,0,0,31698,1,0.0159363,0.889155,0.0,1.0,29,1,9,0,0,0,0,1
45776,8321801507,19937094,Java CI,master,d7c9fe52fabdc56f28ace4063f6ac78fe422b511,.github/workflows/maven.yml,success,3071532,chrjohn,122,6,0.0,2.0,"{'chore', 'fix'}",schedule,51,0,775.0,1,success,2,529761ef170ba8458b0dd780dfbe750fa30a3f0d,1,1,1,0,0,1,2,1,0,0,0,0,0,1,1,0,0,0,86,0,0,0,0,0,0,1,0,0,48,0,0,0,0,0,0,0,0,0,53,0,['junit'],java-maven,150697,60341,400.413,31896,0,0,31896,1,0.000796813,0.98269,0.0,1.0,7,1,9,0,0,1,0,1
45777,9525861329,19937094,Java CI,master,338e70673365a6497ab90e5b61e28a86708713fd,.github/workflows/maven.yml,success,3071532,chrjohn,122,2,0.0,1.0,,schedule,386,0,823.0,1,success,1,32a3f8da5b7e62f41ca5b1707ec3f5e86ed4066a,1,1,1,0,0,1,2,1,0,0,0,0,0,0,0,0,0,0,0,0,0,0,0,0,0,0,0,0,48,0,0,0,0,0,0,0,0,0,53,0,['junit'],java-maven,150697,60341,400.413,31896,0,0,31896,1,0.000796813,0.985449,0.0,1.0,12,1,9,0,0,0,0,1
45778,8281662746,19937094,Java CI,fix-npe,32e432e38cbb15ce8a62e3b92dc1ff8753797de1,.github/workflows/maven.yml,success,3071532,chrjohn,121,5,0.0,2.0,"{'chore', 'fix'}",pull_request,51,0,775.0,1,success,2,529761ef170ba8458b0dd780dfbe750fa30a3f0d,1,1,1,0,0,1,2,1,0,0,0,0,0,1,1,0,0,0,86,0,0,0,0,0,0,1,0,0,48,0,0,0,0,0,0,0,0,0,53,0,['junit'],java-maven,150697,60341,400.413,31896,0,0,31896,1,0.00159363,0.982316,0.0,1.0,7,1,9,0,0,0,0,0
45779,8681998997,19937094,Java CI,dependabot/maven/org.apache.maven.plugins-maven-jar-plugin-3.4.0,3fd673bb1aefb697a09d04d0881219adaa4304ea,.github/workflows/maven.yml,success,3071532,dependabot[bot],122,6,0.0,1.0,,pull_request,623,0,793.0,1,success,1,78967ae1678fb77dac66f7163188579f59e60c40,1,1,1,0,0,1,2,1,0,0,0,0,0,0,0,0,0,0,0,0,0,0,0,0,0,0,0,0,48,0,0,0,0,0,0,0,0,0,53,0,['junit'],java-maven,150697,60341,400.413,31896,0,0,31896,1,0.0,1.0,0.0,1.0,0,1,9,0,0,0,0,0
45780,9494307308,19937094,Java CI,master,338e70673365a6497ab90e5b61e28a86708713fd,.github/workflows/maven.yml,success,3071532,chrjohn,122,2,0.0,1.0,,schedule,386,0,823.0,1,success,1,32a3f8da5b7e62f41ca5b1707ec3f5e86ed4066a,1,1,1,0,0,1,2,1,0,0,0,0,0,0,0,0,0,0,0,0,0,0,0,0,0,0,0,0,48,0,0,0,0,0,0,0,0,0,53,0,['junit'],java-maven,150697,60341,400.413,31896,0,0,31896,1,0.000796813,0.985449,0.0,1.0,12,1,9,0,0,0,0,1
45781,7778350521,19937094,Java CI,dependabot/maven/junit.jupiter.version-5.10.2,f82d4f1d54bba688b17678d63dafa67331c0746d,.github/workflows/maven.yml,success,3071532,dependabot[bot],118,5,0.0,1.0,,pull_request,700,0,763.0,1,success,1,f0570961e3a9d76161ea54dc685e117187f4128e,1,1,1,0,0,1,2,1,0,0,0,0,0,0,0,0,0,0,0,0,0,0,0,0,0,0,0,0,48,0,0,0,0,0,0,0,0,0,53,0,['junit'],java-maven,150361,60030,399.239,31698,0,0,31698,1,0.00557769,0.868353,0.0,1.0,0,1,9,0,0,0,0,0
45782,7982617533,19937094,Java CI,dependabot/maven/org.apache.maven.plugins-maven-shade-plugin-3.5.2,ab346e48fb78d192b828c7095225ac257412faea,.github/workflows/maven.yml,success,3071532,dependabot[bot],121,6,0.0,0.0,,push,427,0,768.0,0,failure,1,91e0911a8f813ca1dc814a9b26242ec68bf0ff61,1,1,1,0,0,1,2,1,0,0,0,0,0,0,0,0,0,0,0,0,0,0,0,0,0,0,0,0,48,0,0,0,0,0,0,0,0,0,53,0,['junit'],java-maven,150696,60341,400.415,31896,0,0,31896,1,0.0135458,0.995485,0.00159363,0.998672,0,1,9,0,0,0,0,0
45783,8477658801,19937094,Java CI,master,fc5901c14f56ad56af506fafc213464fa93e0f7a,.github/workflows/maven.yml,success,3071532,chrjohn,122,6,0.0,1.0,,schedule,484,0,779.0,0,success,1,d7c9fe52fabdc56f28ace4063f6ac78fe422b511,1,1,1,0,0,1,2,1,0,0,0,0,0,0,0,0,0,0,0,0,0,0,0,0,0,0,0,0,48,0,0,0,0,0,0,0,0,0,53,0,['junit'],java-maven,150697,60341,400.413,31896,0,0,31896,1,0.0,1.0,0.0,1.0,6,1,9,0,0,0,0,1
45784,8762922492,19937094,Java CI,master,bb2b919b8d4f286311e05cc418dff53f9ed517e1,.github/workflows/maven.yml,success,3071532,chrjohn,122,6,0.0,1.0,,schedule,317,0,792.0,1,success,1,cfa5502fa07650ce8752df97d3d0dc0c596e5b97,1,1,1,0,0,1,2,1,0,0,0,0,0,0,0,0,0,0,0,0,0,0,0,0,0,0,0,0,48,0,0,0,0,0,0,0,0,0,53,0,['junit'],java-maven,150697,60341,400.413,31896,0,0,31896,1,0.0,1.0,0.0,1.0,13,1,9,0,0,0,0,1
45785,7676682462,19937094,Java CI,master,f0570961e3a9d76161ea54dc685e117187f4128e,.github/workflows/maven.yml,success,3071532,chrjohn,118,6,0.0,2.0,,schedule,432,0,756.0,1,success,2,e80c25b15b0ff9dbd96eac361d08e7b0ecce76ed,2,5,2,0,0,2,7,1,0,0,1,0,0,0,0,0,0,0,0,0,0,0,0,0,0,0,0,0,48,0,0,0,0,0,0,0,0,0,53,0,['junit'],java-maven,150361,60030,399.239,31698,0,0,31698,1,0.012749,0.879742,0.0,1.0,21,1,9,0,0,0,0,1
45786,8259998362,19937094,Java CI,master,529761ef170ba8458b0dd780dfbe750fa30a3f0d,.github/workflows/maven.yml,success,3071532,chrjohn,121,5,0.0,1.0,,schedule,484,0,772.0,1,success,1,4258963c7da8eee69797574d027a72664c736f50,1,1,1,0,0,1,2,1,0,0,0,0,0,0,0,0,0,0,0,0,0,0,0,0,0,0,0,0,48,0,0,0,0,0,0,0,0,0,53,0,['junit'],java-maven,150697,60341,400.413,31896,0,0,31896,1,0.00159363,0.982916,0.0,1.0,7,1,9,0,0,0,0,1
45787,7503547816,19937094,Java CI,defaultapplverid-range,bf8b47b328ac05443480d48f794cf84a23e5d3a2,.github/workflows/maven.yml,success,3071532,chrjohn,118,6,0.0,1.0,{'fix'},pull_request,98,0,758.0,1,success,1,25bbd8a35edd7d5943634ea255063fbece9d4c6b,9,40,140,0,1,5,29,3,149,1,1,0,0,6,6,0,2,2,33,0,0,0,1,3,4,1,1,0,48,0,0,26,123,0,1,0,0,0,53,0,['junit'],java-maven,150358,60030,399.247,31698,0,0,31698,1,0.0223108,0.867223,0.0111554,0.798761,45,1,9,0,0,1,0,0
45788,7412594692,19937094,Java CI,use-session-log,7845a291dbc5beaa5eb3cc929d87017640b1c3d2,.github/workflows/maven.yml,success,3071532,chrjohn,118,6,0.0,1.0,,push,48,0,746.0,1,success,1,14683af2e2531cac8273d9f9857d822ddd8cab1c,2,17,8,0,1,2,25,1,0,0,0,0,0,2,2,0,0,0,14,0,0,0,2,0,2,1,0,0,48,0,0,0,0,0,0,0,0,0,53,0,['junit'],java-maven,150416,60051,399.233,31698,0,0,31698,1,0.0167331,0.86929,0.00159363,0.951025,44,1,9,0,0,1,0,0
45789,9386484229,19937094,Java CI,master,356fef03681d14ece808750369695592177947c1,.github/workflows/maven.yml,success,3071532,chrjohn,122,3,0.0,1.0,,push,421,0,818.0,1,success,1,bc643a34210fcd867114e0954db38f442d8252d7,2,2,2,0,0,2,4,1,0,0,1,0,0,0,0,0,0,0,0,0,0,0,0,0,0,0,0,0,48,0,0,0,0,0,0,0,0,0,53,0,['junit'],java-maven,150697,60341,400.413,31896,0,0,31896,1,0.000796813,0.983541,0.0,1.0,9,1,9,0,0,1,0,1
45790,8284751758,19937094,Java CI,master,d7c9fe52fabdc56f28ace4063f6ac78fe422b511,.github/workflows/maven.yml,success,3071532,chrjohn,122,6,0.0,2.0,"{'chore', 'fix'}",push,51,0,775.0,1,success,2,529761ef170ba8458b0dd780dfbe750fa30a3f0d,1,1,1,0,0,1,2,1,0,0,0,0,0,1,1,0,0,0,86,0,0,0,0,0,0,1,0,0,48,0,0,0,0,0,0,0,0,0,53,0,['junit'],java-maven,150697,60341,400.413,31896,0,0,31896,1,0.00159363,0.983201,0.0,1.0,8,1,9,0,0,1,0,1
45791,8945021846,19937094,Java CI,master,7ec9961611f41de3e66863cb21f6982bfa929fe1,.github/workflows/maven.yml,success,3071532,chrjohn,122,6,0.0,1.0,,push,48,0,805.0,1,success,1,3366b36fdd65ec5af83d33e4a8335db4ffdcff2b,1,1,1,0,0,0,0,1,0,0,0,0,0,0,0,0,0,0,0,0,0,0,0,0,0,0,0,0,48,0,0,0,0,0,1,0,0,0,53,0,['junit'],java-maven,150697,60341,400.413,31896,0,0,31896,1,0.0143426,0.842629,0.00876494,0.629272,10,1,9,0,0,1,0,1
45792,7459014223,19937094,Java CI,master,f532e1ffeb8dc23fac5ffd3b0cf99cc6c03eccd5,.github/workflows/maven.yml,success,3071532,chrjohn,118,6,0.0,1.0,,push,317,0,753.0,1,success,1,50d004661424eb3d1d07fe78a90cb91d85946c29,1,1,1,0,0,1,2,1,0,0,0,0,0,0,0,0,0,0,0,0,0,0,0,0,0,0,0,0,48,0,0,0,0,0,0,0,0,0,53,0,['junit'],java-maven,150358,60030,399.247,31698,0,0,31698,1,0.0191235,0.870351,0.00717131,0.843648,45,1,9,0,0,0,0,1
45793,8445418522,19937094,Java CI,dependabot/maven/org.apache.maven.plugins-maven-gpg-plugin-3.2.2,00334058c8184433d34089a2ebc7bd8c2a0d9de9,.github/workflows/maven.yml,success,3071532,dependabot[bot],122,6,0.0,0.0,,push,529,0,782.0,0,success,1,fc5901c14f56ad56af506fafc213464fa93e0f7a,1,1,1,0,0,1,2,1,0,0,0,0,0,0,0,0,0,0,0,0,0,0,0,0,0,0,0,0,48,0,0,0,0,0,0,0,0,0,53,0,['junit'],java-maven,150697,60341,400.413,31896,0,0,31896,1,0.0,1.0,0.0,1.0,0,1,9,0,0,0,0,0
45794,9344842174,19937094,Java CI,master,47052322c06b385c5086afc7e749489303849d4f,.github/workflows/maven.yml,success,3071532,chrjohn,122,3,0.0,1.0,,schedule,809,0,813.0,0,success,1,f2a76fcfb4275b10f6dc84906ee39e0bd72fcb42,1,1,1,0,0,1,2,1,0,0,0,0,0,0,0,0,0,0,0,0,0,0,0,0,0,0,0,0,48,0,0,0,0,0,0,0,0,0,53,0,['junit'],java-maven,150697,60341,400.413,31896,0,0,31896,1,0.000796813,0.982072,0.0,1.0,7,1,9,0,0,0,0,1
45795,8336198411,19937094,Java CI,dependabot/maven/org.apache.maven.plugins-maven-assembly-plugin-3.7.1,b85eeeed9eceeeb5903841e0452fe09d4d36e62f,.github/workflows/maven.yml,success,3071532,dependabot[bot],122,6,0.0,0.0,,push,484,0,779.0,0,success,1,d7c9fe52fabdc56f28ace4063f6ac78fe422b511,1,1,1,0,0,1,2,1,0,0,0,0,0,0,0,0,0,0,0,0,0,0,0,0,0,0,0,0,48,0,0,0,0,0,0,0,0,0,53,0,['junit'],java-maven,150697,60341,400.413,31896,0,0,31896,1,0.000796813,0.999779,0.0,1.0,0,1,9,0,0,0,0,0
45796,9152026448,19937094,Java CI,dependabot/maven/org.codehaus.mojo-build-helper-maven-plugin-3.6.0,662da3b4924aeb2544092ae135de7b0bb9ef715a,.github/workflows/maven.yml,success,3071532,dependabot[bot],122,3,0.0,1.0,,pull_request,583,0,808.0,1,success,1,e43da5db020d9c566b620389a7fe3506582a35c7,1,1,1,0,0,1,2,1,0,0,0,0,0,0,0,0,0,0,0,0,0,0,0,0,0,0,0,0,48,0,0,0,0,0,0,0,0,0,53,0,['junit'],java-maven,150697,60341,400.413,31896,0,0,31896,1,0.0143426,0.747759,0.0,1.0,0,1,9,0,0,0,0,0
45797,7469025158,19937094,Java CI,dependabot/maven/maven-surefire-plugin-version-3.2.5,412776fa9d0c060b51f6d195cbe7c7e5d186b758,.github/workflows/maven.yml,success,3071532,dependabot[bot],118,6,0.0,1.0,,pull_request,525,0,754.0,1,success,1,f532e1ffeb8dc23fac5ffd3b0cf99cc6c03eccd5,1,1,1,0,0,1,2,1,0,0,0,0,0,0,0,0,0,0,0,0,0,0,0,0,0,0,0,0,48,0,0,0,0,0,0,0,0,0,53,0,['junit'],java-maven,150358,60030,399.247,31698,0,0,31698,1,0.0191235,0.934512,0.00717131,0.99674,0,1,9,0,0,0,0,0
45798,8228336573,19937094,Java CI,master,908343eca0c1896de9828ca4625c5917dbf4e298,.github/workflows/maven.yml,success,3071532,chrjohn,121,5,0.0,1.0,,push,413,0,770.0,1,success,1,fd1926f1ac133a1c7b4558f2fca381775f743289,1,1,1,0,0,1,2,1,0,0,0,0,0,0,0,0,0,0,0,0,0,0,0,0,0,0,0,0,48,0,0,0,0,0,0,0,0,0,53,0,['junit'],java-maven,150697,60341,400.413,31896,0,0,31896,1,0.00159363,0.984001,0.0,1.0,9,1,9,0,0,0,0,1
45799,9511206710,19937094,Java CI,master,338e70673365a6497ab90e5b61e28a86708713fd,.github/workflows/maven.yml,success,3071532,chrjohn,122,2,0.0,1.0,,schedule,386,0,823.0,1,success,1,32a3f8da5b7e62f41ca5b1707ec3f5e86ed4066a,1,1,1,0,0,1,2,1,0,0,0,0,0,0,0,0,0,0,0,0,0,0,0,0,0,0,0,0,48,0,0,0,0,0,0,0,0,0,53,0,['junit'],java-maven,150697,60341,400.413,31896,0,0,31896,1,0.000796813,0.985657,0.0,1.0,12,1,9,0,0,0,0,1
45800,7927742698,19937094,Java CI,improve-remove-section-function,7d16ec4d3f8487c477652b70177fc4bdc9fdef4d,.github/workflows/maven.yml,success,3071532,ChoiJunsik,120,5,0.0,1.0,,pull_request,84,0,766.0,1,success,1,24d836b264a3c9824c5b0c9cbb89bfd5703ab60e,1,5,4,0,0,1,9,1,0,0,0,0,0,1,1,0,0,0,28,0,0,0,0,0,0,1,0,0,48,0,0,0,0,0,0,0,0,0,53,0,['junit'],java-maven,150688,60341,400.437,31896,0,0,31896,1,0.012749,0.881806,0.00478088,0.886233,1,0,9,0,0,0,0,0
45801,9376755767,19937094,Java CI,dependabot/maven/org.apache.maven.plugins-maven-jxr-plugin-3.4.0,e4069b4e7ecf35c408f6dc7c0c81fe4ba23b6921,.github/workflows/maven.yml,success,3071532,dependabot[bot],122,3,0.0,0.0,,push,421,0,818.0,0,success,1,bc643a34210fcd867114e0954db38f442d8252d7,2,2,2,0,0,2,4,1,0,0,1,0,0,0,0,0,0,0,0,0,0,0,0,0,0,0,0,0,48,0,0,0,0,0,0,0,0,0,53,0,['junit'],java-maven,150697,60341,400.413,31896,0,0,31896,1,0.000796813,0.999898,0.0,1.0,0,1,9,0,0,0,0,0
45802,7517253858,19937094,Java CI,master,f0570961e3a9d76161ea54dc685e117187f4128e,.github/workflows/maven.yml,success,3071532,chrjohn,118,6,0.0,2.0,,schedule,432,0,756.0,1,success,2,e80c25b15b0ff9dbd96eac361d08e7b0ecce76ed,2,5,2,0,1,2,7,1,0,0,1,0,0,0,0,0,0,0,0,0,0,0,0,0,0,0,0,0,48,0,0,0,0,0,0,0,0,0,53,0,['junit'],java-maven,150361,60030,399.239,31698,0,0,31698,1,0.0223108,0.868053,0.00717131,0.887893,45,1,9,0,0,0,0,1
45803,8547789433,19937094,Java CI,dependabot/maven/org.apache.maven.plugin-tools-maven-plugin-annotations-3.12.0,4e438665a1429905c1710da2be12c3a9486d1113,.github/workflows/maven.yml,success,3071532,dependabot[bot],122,6,0.0,0.0,,push,445,0,786.0,0,success,1,8c6ac1a1e5fd50ac71b447a5fd05a248fec02dca,1,1,1,0,0,1,2,1,0,0,0,0,0,0,0,0,0,0,0,0,0,0,0,0,0,0,0,0,48,0,0,0,0,0,0,0,0,0,53,0,['junit'],java-maven,150697,60341,400.413,31896,0,0,31896,1,0.0,1.0,0.0,1.0,0,1,9,0,0,0,0,0
45804,9152026367,19937094,Java CI,dependabot/maven/org.codehaus.mojo-build-helper-maven-plugin-3.6.0,662da3b4924aeb2544092ae135de7b0bb9ef715a,.github/workflows/maven.yml,success,3071532,dependabot[bot],122,3,0.0,0.0,,push,583,0,808.0,0,success,1,e43da5db020d9c566b620389a7fe3506582a35c7,1,1,1,0,0,1,2,1,0,0,0,0,0,0,0,0,0,0,0,0,0,0,0,0,0,0,0,0,48,0,0,0,0,0,0,0,0,0,53,0,['junit'],java-maven,150697,60341,400.413,31896,0,0,31896,1,0.0143426,0.730943,0.0,1.0,0,1,9,0,0,0,0,0
45805,9361807879,19937094,Java CI,master,47052322c06b385c5086afc7e749489303849d4f,.github/workflows/maven.yml,success,3071532,chrjohn,122,3,0.0,1.0,,schedule,809,0,813.0,1,success,1,f2a76fcfb4275b10f6dc84906ee39e0bd72fcb42,1,1,1,0,0,1,2,1,0,0,0,0,0,0,0,0,0,0,0,0,0,0,0,0,0,0,0,0,48,0,0,0,0,0,0,0,0,0,53,0,['junit'],java-maven,150697,60341,400.413,31896,0,0,31896,1,0.000796813,0.980314,0.0,1.0,5,1,9,0,0,0,0,1
45806,8887680221,19937094,Java CI,dependabot/maven/org.apache.maven.plugins-maven-install-plugin-3.1.2,2fd74679dd6813334aa08d3b02d48d123c4d5f50,.github/workflows/maven.yml,failure,3071532,dependabot[bot],122,6,0.0,0.0,,push,512,0,803.0,1,failure,1,3366b36fdd65ec5af83d33e4a8335db4ffdcff2b,1,1,1,0,0,1,2,1,0,0,0,0,0,0,0,0,0,0,0,0,0,0,0,0,0,0,0,0,48,0,0,0,0,0,0,0,0,0,53,0,['junit'],java-maven,150697,60341,400.413,28350,2,0,28352,1,0.0103586,0.853088,0.0103586,0.52988,0,1,9,0,0,1,0,0
45807,8841619391,19937094,Java CI,dependabot/maven/org.apache.maven.plugins-maven-pmd-plugin-3.22.0,8115ba3a827f06b2d12154dcd1e7d9ece59647cf,.github/workflows/maven.yml,failure,3071532,dependabot[bot],122,6,0.0,1.0,,pull_request,560,0,800.0,1,success,1,7ec9961611f41de3e66863cb21f6982bfa929fe1,2,2,2,0,0,1,2,2,0,1,1,0,0,0,0,0,0,0,0,0,0,0,0,0,0,0,0,0,48,0,0,0,0,0,1,0,0,0,53,0,['junit'],java-maven,150697,60341,400.413,28352,0,0,28352,1,0.00478088,0.914385,0.00478088,0.7633,0,1,9,0,0,1,0,0
45808,8197592938,19937094,Java CI,dependabot/maven/jaxb.version-4.0.2,c5590796dda17d8b802e56dacca6f883a466acc5,.github/workflows/maven.yml,success,3071532,dependabot[bot],121,5,0.0,1.0,,pull_request,413,0,770.0,1,success,1,fd1926f1ac133a1c7b4558f2fca381775f743289,1,1,1,0,0,1,2,1,0,0,0,0,0,0,0,0,0,0,0,0,0,0,0,0,0,0,0,0,48,0,0,0,0,0,0,0,0,0,53,0,['junit'],java-maven,150697,60341,400.413,31896,0,0,31896,1,0.0063745,0.997102,0.0,1.0,0,1,9,0,0,0,0,0
45809,8964523594,19937094,Java CI,master,6da77937109b441e2e5b696ab0fbc02748156df2,.github/workflows/maven.yml,success,3071532,chrjohn,122,5,0.0,1.0,,schedule,397,0,799.0,0,success,1,3e9ec3055ceaa09d6600e955e93ef6070a51a430,1,1,1,0,0,1,2,1,0,0,0,0,0,0,0,0,0,0,0,0,0,0,0,0,0,0,0,0,48,0,0,0,0,0,0,0,0,0,53,0,['junit'],java-maven,150697,60341,400.413,31896,0,0,31896,1,0.0143426,0.882887,0.00717131,0.880099,18,1,9,0,0,0,0,1
45810,8945027368,19937094,Java CI,dependabot/maven/org.apache.maven.plugins-maven-install-plugin-3.1.2,5008692c8e39239e3df4e6c2cd0376506fff0b2c,.github/workflows/maven.yml,success,3071532,chrjohn,122,6,0.0,1.0,,push,512,0,803.0,1,success,1,2fd74679dd6813334aa08d3b02d48d123c4d5f50,1,1,1,0,0,0,0,1,0,0,0,0,0,0,0,0,0,0,0,0,0,0,0,0,0,0,0,0,48,0,0,0,0,0,1,0,0,0,53,0,['junit'],java-maven,150697,60341,400.413,31896,0,0,31896,1,0.0143426,0.845051,0.00876494,0.647809,11,1,9,0,0,0,0,0
45811,9169396525,19937094,Java CI,master,a404c8e1c355fbfd95439cb1aa86b5685f543ddd,.github/workflows/maven.yml,success,3071532,chrjohn,122,3,0.0,1.0,,schedule,583,0,808.0,1,success,1,e43da5db020d9c566b620389a7fe3506582a35c7,1,1,1,0,0,1,2,1,0,0,0,0,0,0,0,0,0,0,0,0,0,0,0,0,0,0,0,0,48,0,0,0,0,0,0,0,0,0,53,0,['junit'],java-maven,150697,60341,400.413,31896,0,0,31896,1,0.0143426,0.863896,0.0,1.0,13,1,9,0,0,0,0,1
45812,7606950807,19937094,Java CI,master,f0570961e3a9d76161ea54dc685e117187f4128e,.github/workflows/maven.yml,success,3071532,chrjohn,118,6,0.0,2.0,,schedule,432,0,756.0,1,success,2,e80c25b15b0ff9dbd96eac361d08e7b0ecce76ed,2,5,2,0,0,2,7,1,0,0,1,0,0,0,0,0,0,0,0,0,0,0,0,0,0,0,0,0,48,0,0,0,0,0,0,0,0,0,53,0,['junit'],java-maven,150361,60030,399.239,31698,0,0,31698,1,0.0143426,0.886333,0.0,1.0,28,1,9,0,0,0,0,1
45813,7599261602,19937094,Java CI,master,f0570961e3a9d76161ea54dc685e117187f4128e,.github/workflows/maven.yml,success,3071532,chrjohn,118,6,0.0,2.0,,schedule,432,0,756.0,1,success,2,e80c25b15b0ff9dbd96eac361d08e7b0ecce76ed,2,5,2,0,0,2,7,1,0,0,1,0,0,0,0,0,0,0,0,0,0,0,0,0,0,0,0,0,48,0,0,0,0,0,0,0,0,0,53,0,['junit'],java-maven,150361,60030,399.239,31698,0,0,31698,1,0.0159363,0.886264,0.0,1.0,28,1,9,0,0,0,0,1
45814,8226453081,19937094,Java CI,dependabot/maven/org.apache.maven.plugins-maven-assembly-plugin-3.7.0,a78619b9b9162c32aa5d0b02953fcabb6655f2cc,.github/workflows/maven.yml,success,3071532,dependabot[bot],121,5,0.0,0.0,,push,419,0,771.0,0,success,1,fd1926f1ac133a1c7b4558f2fca381775f743289,1,1,1,0,0,1,2,1,0,0,0,0,0,0,0,0,0,0,0,0,0,0,0,0,0,0,0,0,48,0,0,0,0,0,0,0,0,0,53,0,['junit'],java-maven,150697,60341,400.413,31896,0,0,31896,1,0.00159363,0.999336,0.0,1.0,0,1,9,0,0,0,0,0
45815,7767431156,19937094,Java CI,ssl_mixed_sessions,7e66ea8ee11a1d9c5e60d8976895d4ed720b3db5,.github/workflows/maven.yml,success,3071532,the-thing,118,5,0.0,1.0,,pull_request,73,0,761.0,1,success,1,f0570961e3a9d76161ea54dc685e117187f4128e,1,121,25,0,0,0,0,1,146,0,0,0,0,1,1,2,0,2,3,0,0,0,3,1,4,0,1,0,48,0,0,121,25,0,0,0,0,0,53,0,['junit'],java-maven,150437,60126,399.676,31716,0,0,31716,1,0.00717131,0.994878,0.0,1.0,1,0,9,0,1,0,0,0
45816,7373888416,19937094,Java CI,dependabot/maven/org.apache.maven.plugins-maven-jxr-plugin-3.3.2,3d4321470c055f5291e8f33e1f66f6b211d031aa,.github/workflows/maven.yml,success,3071532,dependabot[bot],118,6,0.0,0.0,,push,403,0,744.0,0,success,1,644820ee3c64a3eb76428149b42514f1ae21495c,2,2,2,0,0,2,4,1,0,0,1,0,0,0,0,0,0,0,0,0,0,0,0,0,0,0,0,0,48,0,0,0,0,0,0,0,0,0,53,0,['junit'],java-maven,150358,60030,399.247,31698,0,0,31698,1,0.0398406,0.878639,0.00318725,0.832005,0,1,9,0,0,0,0,0
45817,7503536701,19937094,Java CI,defaultapplverid-range,bf8b47b328ac05443480d48f794cf84a23e5d3a2,.github/workflows/maven.yml,success,3071532,chrjohn,118,6,0.0,0.0,,push,98,0,758.0,1,success,1,50d004661424eb3d1d07fe78a90cb91d85946c29,3,7,7,0,0,3,14,1,0,0,0,0,0,3,3,0,0,0,17,0,0,0,0,0,0,1,0,0,48,0,0,0,0,0,0,0,0,0,53,0,['junit'],java-maven,150358,60030,399.247,31698,0,0,31698,1,0.0223108,0.865532,0.0111554,0.789401,45,1,9,0,0,1,0,0
45818,9460166604,19937094,Java CI,master,32a3f8da5b7e62f41ca5b1707ec3f5e86ed4066a,.github/workflows/maven.yml,success,3071532,chrjohn,122,3,0.0,1.0,,schedule,328,0,812.0,1,success,1,6491cc7b3a929633cc116419cd4b4ddd5e034329,1,1,1,0,0,1,2,1,0,0,0,0,0,0,0,0,0,0,0,0,0,0,0,0,0,0,0,0,48,0,0,0,0,0,0,0,0,0,53,0,['junit'],java-maven,150697,60341,400.413,31896,0,0,31896,1,0.000796813,0.984788,0.0,1.0,11,1,9,0,0,0,0,1
45819,9234234330,19937094,Java CI,fix-oom,074f73cccc80a23977ef17d29fd8dab7a86d28fa,.github/workflows/maven.yml,success,3071532,wajncn,122,3,,,,pull_request,0,0,,1,success,0,,0,0,0,0,0,0,0,0,0,0,0,0,0,0,0,0,0,0,0,0,0,0,0,0,0,0,0,0,48,0,0,0,0,0,0,0,0,0,53,0,['junit'],java-maven,150702,60341,400.399,31896,0,0,31896,1,0.00876494,0.993739,0.000796813,0.999431,0,0,9,0,1,0,0,0
45820,7368654689,19937094,Java CI,master,644820ee3c64a3eb76428149b42514f1ae21495c,.github/workflows/maven.yml,success,3071532,chrjohn,118,6,0.0,1.0,,schedule,317,0,743.0,1,success,1,14c9c66fab7f729cb90ecaf096c8db15861b5052,1,1,1,0,0,1,2,1,0,0,0,0,0,0,0,0,0,0,0,0,0,0,0,0,0,0,0,0,48,0,0,0,0,0,0,0,0,0,53,0,['junit'],java-maven,150358,60030,399.247,31698,0,0,31698,1,0.0414343,0.874281,0.00318725,0.944002,89,1,9,0,0,0,0,1
45821,7357454486,19937094,pages build and deployment,master,644820ee3c64a3eb76428149b42514f1ae21495c,dynamic/pages/pages-build-deployment,success,22589472,chrjohn,119,6,0.0,3.0,"{'chore', 'fix', 'perf'}",pull_request,67,0,283.0,1,success,3,9f8fb4b6ce7b022db6f6c0e037fc0d87dedcabeb,21,234,206,0,1,15,120,3,318,1,1,1,0,16,17,8,5,13,209,3,0,3,14,4,18,1,1,0,48,1,0,148,170,0,1,1,0,0,58,0,['junit'],java-maven,150500,60151,399.674,0,0,0,0,1,0.0494024,0.87275,0.00318725,0.940708,101,1,1,0,0,0,0,1
45822,8415585339,19937094,Java CI,master,fc5901c14f56ad56af506fafc213464fa93e0f7a,.github/workflows/maven.yml,success,3071532,chrjohn,122,6,0.0,1.0,,schedule,484,0,779.0,1,success,1,d7c9fe52fabdc56f28ace4063f6ac78fe422b511,1,1,1,0,0,1,2,1,0,0,0,0,0,0,0,0,0,0,0,0,0,0,0,0,0,0,0,0,48,0,0,0,0,0,0,0,0,0,53,0,['junit'],java-maven,150697,60341,400.413,31896,0,0,31896,1,0.0,1.0,0.0,1.0,6,1,9,0,0,0,0,1
45823,7899925617,19937094,Java CI,master,24d836b264a3c9824c5b0c9cbb89bfd5703ab60e,.github/workflows/maven.yml,success,3071532,chrjohn,120,5,0.0,10.0,"{'chore', 'fix'}",push,98,0,758.0,1,success,10,b18003e10694c4a9bc94c69399f92a48e2d3073c,9,91,20,0,1,6,56,5,51,2,1,0,0,6,6,2,0,2,106,0,0,0,5,0,5,1,1,0,48,1,0,49,2,0,1,0,0,0,53,0,['junit'],java-maven,150687,60341,400.439,31896,0,0,31896,1,0.0119522,0.838067,0.0119522,0.735794,22,1,9,0,0,1,0,1
45824,8549803459,19937094,Java CI,master,8c6ac1a1e5fd50ac71b447a5fd05a248fec02dca,.github/workflows/maven.yml,success,3071532,chrjohn,122,6,0.0,1.0,,schedule,529,0,782.0,0,success,1,130d13ac76d7f23529da2ffa15185ed91d64afbd,1,1,1,0,0,1,2,1,0,0,0,0,0,0,0,0,0,0,0,0,0,0,0,0,0,0,0,0,48,0,0,0,0,0,0,0,0,0,53,0,['junit'],java-maven,150697,60341,400.413,31896,0,0,31896,1,0.0,1.0,0.0,1.0,9,1,9,0,0,0,0,1
45825,8586513952,19937094,Java CI,master,9e843b097e911ed009b06fe27f1564e615a71680,.github/workflows/maven.yml,success,3071532,chrjohn,122,6,0.0,1.0,,schedule,445,0,787.0,1,success,1,e1819af0c026123d7b00ae0ce8cd0f8b8bd96438,2,2,2,0,0,2,4,1,0,0,1,0,0,0,0,0,0,0,0,0,0,0,0,0,0,0,0,0,48,0,0,0,0,0,0,0,0,0,53,0,['junit'],java-maven,150697,60341,400.413,31896,0,0,31896,1,0.0,1.0,0.0,1.0,13,1,9,0,0,0,0,1
45826,8748929939,19937094,Java CI,master,bb2b919b8d4f286311e05cc418dff53f9ed517e1,.github/workflows/maven.yml,success,3071532,chrjohn,122,6,0.0,1.0,,schedule,317,0,792.0,1,success,1,cfa5502fa07650ce8752df97d3d0dc0c596e5b97,1,1,1,0,0,1,2,1,0,0,0,0,0,0,0,0,0,0,0,0,0,0,0,0,0,0,0,0,48,0,0,0,0,0,0,0,0,0,53,0,['junit'],java-maven,150697,60341,400.413,31896,0,0,31896,1,0.0,1.0,0.0,1.0,12,1,9,0,0,0,0,1
45827,8887679744,19937094,Java CI,dependabot/maven/org.apache.maven.plugins-maven-deploy-plugin-3.1.2,e655c7ba2414f8570a06cec90fed236868e519cc,.github/workflows/maven.yml,failure,3071532,dependabot[bot],122,6,0.0,1.0,,pull_request,567,0,802.0,1,success,1,7ec9961611f41de3e66863cb21f6982bfa929fe1,2,2,2,0,0,1,2,2,0,1,1,0,0,0,0,0,0,0,0,0,0,0,0,0,0,0,0,0,48,0,0,0,0,0,1,0,0,0,53,0,['junit'],java-maven,150697,60341,400.413,28352,0,0,28352,1,0.00956175,0.871323,0.00956175,0.568014,0,1,9,0,0,1,0,0
45828,8610851989,19937094,Java CI,master,9e843b097e911ed009b06fe27f1564e615a71680,.github/workflows/maven.yml,success,3071532,chrjohn,122,6,0.0,1.0,,schedule,445,0,787.0,0,success,1,e1819af0c026123d7b00ae0ce8cd0f8b8bd96438,2,2,2,0,0,2,4,1,0,0,1,0,0,0,0,0,0,0,0,0,0,0,0,0,0,0,0,0,48,0,0,0,0,0,0,0,0,0,53,0,['junit'],java-maven,150697,60341,400.413,31896,0,0,31896,1,0.0,1.0,0.0,1.0,10,1,9,0,0,0,0,1
45829,8945027735,19937094,Java CI,dependabot/maven/org.apache.maven.plugins-maven-install-plugin-3.1.2,5008692c8e39239e3df4e6c2cd0376506fff0b2c,.github/workflows/maven.yml,success,3071532,chrjohn,122,6,0.0,1.0,,pull_request,512,0,803.0,1,success,1,7ec9961611f41de3e66863cb21f6982bfa929fe1,1,1,1,0,0,1,2,1,0,0,0,0,0,0,0,0,0,0,0,0,0,0,0,0,0,0,0,0,48,0,0,0,0,0,0,0,0,0,53,0,['junit'],java-maven,150697,60341,400.413,31896,0,0,31896,1,0.0143426,0.849676,0.00876494,0.679826,11,1,9,0,0,0,0,0
45830,8950990894,19937094,pages build and deployment,master,c038a92888bd4266e773878a60fdb90d955ab025,dynamic/pages/pages-build-deployment,success,22589472,chrjohn,122,5,0.0,1.0,,push,567,0,802.0,1,success,1,436d61083382e6c1de978bb833fa8f3ca0d69d78,1,1,1,0,0,1,2,1,0,0,0,0,0,0,0,0,0,0,0,0,0,0,0,0,0,0,0,0,48,0,0,0,0,0,0,0,0,0,58,0,['junit'],java-maven,150697,60341,400.413,0,0,0,0,1,0.0143426,0.875658,0.00796813,0.832227,16,1,1,0,0,0,0,1
45831,7828330091,19937094,Java CI,hsql-isvalid,7988f01f1988115e82ecd436397effc9b57a0cf7,.github/workflows/maven.yml,success,3071532,chrjohn,118,5,0.0,1.0,{'fix'},pull_request,117,0,765.0,1,success,1,ef1b9f4c5ea394865bb571e279911d56058423d3,2,2,1,0,0,0,0,1,3,0,0,0,0,2,2,0,0,0,13,0,0,0,0,0,0,0,1,0,48,0,0,2,1,0,0,0,0,0,53,0,['junit'],java-maven,150437,60127,399.682,31716,0,0,31716,1,0.00478088,0.913944,0.00239044,0.90284,13,1,9,0,0,0,0,0
45832,8336199511,19937094,Java CI,dependabot/maven/org.apache.maven.plugins-maven-compiler-plugin-3.13.0,924ca34716d0983c5cf391e02af100f0416d90ff,.github/workflows/maven.yml,success,3071532,dependabot[bot],122,6,0.0,1.0,,pull_request,618,0,780.0,1,success,1,d7c9fe52fabdc56f28ace4063f6ac78fe422b511,1,1,1,0,0,1,2,1,0,0,0,0,0,0,0,0,0,0,0,0,0,0,0,0,0,0,0,0,48,0,0,0,0,0,0,0,0,0,53,0,['junit'],java-maven,150697,60341,400.413,31896,0,0,31896,1,0.000796813,0.999827,0.0,1.0,0,1,9,0,0,0,0,0
45833,9366073928,19937094,CodeQL,master,9338f01f6a5dced31656353e4db6e63f3e19f59c,.github/workflows/codeql-analysis.yml,success,3605584,chrjohn,122,3,0.0,1.0,{'docs'},push,424,0,815.0,1,success,1,47052322c06b385c5086afc7e749489303849d4f,1,1,1,0,0,1,2,1,0,0,0,0,0,0,0,0,0,0,0,0,0,0,0,0,0,0,0,0,48,0,0,0,0,0,0,0,0,0,58,0,['junit'],java-maven,150697,60341,400.413,0,0,0,0,1,0.000796813,0.981057,0.0,1.0,6,1,1,0,0,0,0,1
45834,8962778359,19937094,Java CI,dependabot/maven/org.apache.maven.plugins-maven-plugin-plugin-3.13.0,873424bd181cae3cdc8d6f671976b14e1d0a2b61,.github/workflows/maven.yml,success,3071532,dependabot[bot],122,5,0.0,0.0,,push,399,0,807.0,1,success,1,6da77937109b441e2e5b696ab0fbc02748156df2,2,2,2,0,0,2,4,1,0,0,1,0,0,0,0,0,0,0,0,0,0,0,0,0,0,0,0,0,48,0,0,0,0,0,0,0,0,0,53,0,['junit'],java-maven,150697,60341,400.413,31896,0,0,31896,1,0.0143426,0.807816,0.00717131,0.730943,0,1,9,0,0,0,0,0
45835,7503142598,19937094,Java CI,master,f0570961e3a9d76161ea54dc685e117187f4128e,.github/workflows/maven.yml,success,3071532,chrjohn,118,6,0.0,2.0,,push,432,0,756.0,1,success,2,e80c25b15b0ff9dbd96eac361d08e7b0ecce76ed,2,5,2,0,1,2,7,1,0,0,1,0,0,0,0,0,0,0,0,0,0,0,0,0,0,0,0,0,48,0,0,0,0,0,0,0,0,0,53,0,['junit'],java-maven,150361,60030,399.239,31698,0,0,31698,1,0.0223108,0.86467,0.0111554,0.784386,44,1,9,0,0,0,0,1
45836,9206678362,19937094,Java CI,master,351154aafff927670ede9560579b0ffcbba4fc5b,.github/workflows/maven.yml,success,3071532,chrjohn,122,3,0.0,1.0,{'build'},push,499,0,809.0,1,success,1,a404c8e1c355fbfd95439cb1aa86b5685f543ddd,1,1,1,0,0,1,2,1,0,0,0,0,0,0,0,0,0,0,0,0,0,0,0,0,0,0,0,0,48,0,0,0,0,0,0,0,0,0,53,0,['junit'],java-maven,150697,60341,400.413,31896,0,0,31896,1,0.0119522,0.880793,0.000796813,0.947159,14,1,9,0,0,0,0,1
45837,8595096695,19937094,Java CI,master,9e843b097e911ed009b06fe27f1564e615a71680,.github/workflows/maven.yml,success,3071532,chrjohn,122,6,0.0,1.0,,schedule,445,0,787.0,1,success,1,e1819af0c026123d7b00ae0ce8cd0f8b8bd96438,2,2,2,0,0,2,4,1,0,0,1,0,0,0,0,0,0,0,0,0,0,0,0,0,0,0,0,0,48,0,0,0,0,0,0,0,0,0,53,0,['junit'],java-maven,150697,60341,400.413,31896,0,0,31896,1,0.0,1.0,0.0,1.0,13,1,9,0,0,0,0,1
45838,7939666814,19937094,Java CI,master,24d836b264a3c9824c5b0c9cbb89bfd5703ab60e,.github/workflows/maven.yml,success,3071532,chrjohn,121,6,0.0,10.0,"{'chore', 'fix'}",schedule,98,0,758.0,0,success,10,b18003e10694c4a9bc94c69399f92a48e2d3073c,9,91,20,0,1,6,56,5,51,2,1,0,0,6,6,2,0,2,106,0,0,0,5,0,5,1,1,0,48,1,0,49,2,0,1,0,0,0,53,0,['junit'],java-maven,150687,60341,400.439,31896,0,0,31896,1,0.012749,0.838024,0.000796813,0.999852,22,1,9,0,0,1,0,1
45839,8945021844,19937094,CodeQL,master,7ec9961611f41de3e66863cb21f6982bfa929fe1,.github/workflows/codeql-analysis.yml,success,3605584,chrjohn,122,6,0.0,1.0,,push,48,0,805.0,1,success,1,3366b36fdd65ec5af83d33e4a8335db4ffdcff2b,1,1,1,0,0,0,0,1,0,0,0,0,0,0,0,0,0,0,0,0,0,0,0,0,0,0,0,0,48,0,0,0,0,0,1,0,0,0,58,0,['junit'],java-maven,150697,60341,400.413,0,0,0,0,1,0.0143426,0.842629,0.00876494,0.629272,10,1,1,0,0,1,0,1
45840,8533765965,19937094,Java CI,master,8c6ac1a1e5fd50ac71b447a5fd05a248fec02dca,.github/workflows/maven.yml,success,3071532,chrjohn,122,6,0.0,1.0,,schedule,529,0,782.0,1,success,1,130d13ac76d7f23529da2ffa15185ed91d64afbd,1,1,1,0,0,1,2,1,0,0,0,0,0,0,0,0,0,0,0,0,0,0,0,0,0,0,0,0,48,0,0,0,0,0,0,0,0,0,53,0,['junit'],java-maven,150697,60341,400.413,31896,0,0,31896,1,0.0,1.0,0.0,1.0,9,1,9,0,0,0,0,1
45841,8199238522,19937094,Java CI,master,fd1926f1ac133a1c7b4558f2fca381775f743289,.github/workflows/maven.yml,success,3071532,chrjohn,121,5,0.0,1.0,,schedule,84,0,766.0,0,success,1,663fb55f5d026e6f0c6392b1676b31bd02cdd6f7,1,5,4,0,0,1,9,1,0,0,0,0,0,1,1,0,0,0,28,0,0,0,0,0,0,1,0,0,48,0,0,0,0,0,0,0,0,0,53,0,['junit'],java-maven,150697,60341,400.413,31896,0,0,31896,1,0.0063745,0.903673,0.0,1.0,13,1,9,0,0,1,0,1
45842,8889820662,19937094,Java CI,master,3366b36fdd65ec5af83d33e4a8335db4ffdcff2b,.github/workflows/maven.yml,failure,3071532,chrjohn,122,6,0.0,1.0,,schedule,439,0,798.0,0,failure,1,dcf692ca7b6bfb49df73bc41de03b4e041d5ff23,1,1,1,0,0,1,2,1,0,0,0,0,0,0,0,0,0,0,0,0,0,0,0,0,0,0,0,0,48,0,0,0,0,0,0,0,0,0,53,0,['junit'],java-maven,150697,60341,400.413,28352,0,0,28352,1,0.0119522,0.89618,0.0119522,0.495731,12,1,9,0,0,0,0,1
45843,8325328274,19937094,Java CI,fix-oom,17a17745227d0f130817eb83fe4219037495a7a0,.github/workflows/maven.yml,success,3071532,wajncn,122,6,,,,pull_request,0,0,,1,success,0,,0,0,0,0,0,0,0,0,0,0,0,0,0,0,0,0,0,0,0,0,0,0,0,0,0,0,0,0,48,0,0,0,0,0,0,0,0,0,53,0,['junit'],java-maven,150702,60341,400.399,31896,0,0,31896,1,0.000796813,0.999557,0.0,1.0,0,0,9,0,1,1,0,0
45844,7459014054,19937094,pages build and deployment,master,f532e1ffeb8dc23fac5ffd3b0cf99cc6c03eccd5,dynamic/pages/pages-build-deployment,success,22589472,chrjohn,118,6,0.0,1.0,,dynamic,317,0,753.0,1,success,1,50d004661424eb3d1d07fe78a90cb91d85946c29,1,1,1,0,0,1,2,1,0,0,0,0,0,0,0,0,0,0,0,0,0,0,0,0,0,0,0,0,48,0,0,0,0,0,0,0,0,0,1,0,['junit'],java-maven,150358,60030,399.247,0,0,0,0,0,0.0191235,0.868656,0.00717131,0.836375,45,1,3,0,0,0,0,1
45845,8120724054,19937094,Java CI,master,fd1926f1ac133a1c7b4558f2fca381775f743289,.github/workflows/maven.yml,success,3071532,chrjohn,121,5,0.0,1.0,,schedule,84,0,766.0,1,success,1,663fb55f5d026e6f0c6392b1676b31bd02cdd6f7,1,5,4,0,0,1,9,1,0,0,0,0,0,1,1,0,0,0,28,0,0,0,0,0,0,1,0,0,48,0,0,0,0,0,0,0,0,0,53,0,['junit'],java-maven,150697,60341,400.413,31896,0,0,31896,1,0.0135458,0.842473,0.0,1.0,25,1,9,0,0,1,0,1
45846,7828330086,19937094,CodeQL,hsql-isvalid,7988f01f1988115e82ecd436397effc9b57a0cf7,.github/workflows/codeql-analysis.yml,success,3605584,chrjohn,118,5,0.0,1.0,{'fix'},pull_request,117,0,765.0,1,success,1,ef1b9f4c5ea394865bb571e279911d56058423d3,2,2,1,0,0,0,0,1,3,0,0,0,0,2,2,0,0,0,13,0,0,0,0,0,0,0,1,0,48,0,0,2,1,0,0,0,0,0,58,0,['junit'],java-maven,150437,60127,399.682,0,0,0,0,1,0.00478088,0.913944,0.00239044,0.90284,13,1,1,0,0,0,0,0
45847,8626493261,19937094,Java CI,master,78967ae1678fb77dac66f7163188579f59e60c40,.github/workflows/maven.yml,success,3071532,chrjohn,122,6,0.0,1.0,,schedule,328,0,789.0,1,success,1,9e843b097e911ed009b06fe27f1564e615a71680,1,1,1,0,0,1,2,1,0,0,0,0,0,0,0,0,0,0,0,0,0,0,0,0,0,0,0,0,48,0,0,0,0,0,0,0,0,0,53,0,['junit'],java-maven,150697,60341,400.413,31896,0,0,31896,1,0.0,1.0,0.0,1.0,11,1,9,0,0,0,0,1
45848,8967426467,19937094,Java CI,master,3d17b842bd00a2e11d1d9445978085fda0ad4018,.github/workflows/maven.yml,success,3071532,chrjohn,122,5,0.0,1.0,,push,399,0,806.0,1,success,1,6da77937109b441e2e5b696ab0fbc02748156df2,1,1,1,0,0,1,2,1,0,0,0,0,0,0,0,0,0,0,0,0,0,0,0,0,0,0,0,0,48,0,0,0,0,0,0,0,0,0,53,0,['junit'],java-maven,150697,60341,400.413,31896,0,0,31896,1,0.0143426,0.885549,0.0063745,0.906236,19,1,9,0,0,0,0,1
45849,8681998551,19937094,Java CI,dependabot/maven/slf4j.version-2.0.13,dcbff5d27a18724450a596f671856adb3f076632,.github/workflows/maven.yml,success,3071532,dependabot[bot],122,6,0.0,1.0,,pull_request,317,0,792.0,1,success,1,78967ae1678fb77dac66f7163188579f59e60c40,1,1,1,0,0,1,2,1,0,0,0,0,0,0,0,0,0,0,0,0,0,0,0,0,0,0,0,0,48,0,0,0,0,0,0,0,0,0,53,0,['junit'],java-maven,150697,60341,400.413,31896,0,0,31896,1,0.0,1.0,0.0,1.0,0,1,9,0,0,0,0,0
45850,8462946651,19937094,Java CI,master,fc5901c14f56ad56af506fafc213464fa93e0f7a,.github/workflows/maven.yml,success,3071532,chrjohn,122,6,0.0,1.0,,schedule,484,0,779.0,1,success,1,d7c9fe52fabdc56f28ace4063f6ac78fe422b511,1,1,1,0,0,1,2,1,0,0,0,0,0,0,0,0,0,0,0,0,0,0,0,0,0,0,0,0,48,0,0,0,0,0,0,0,0,0,53,0,['junit'],java-maven,150697,60341,400.413,31896,0,0,31896,1,0.0,1.0,0.0,1.0,6,1,9,0,0,0,0,1
45851,7852942891,19937094,Java CI,master,25bbd8a35edd7d5943634ea255063fbece9d4c6b,.github/workflows/maven.yml,success,3071532,chrjohn,118,5,0.0,1.0,{'fix'},schedule,117,0,765.0,1,success,1,ef1b9f4c5ea394865bb571e279911d56058423d3,2,2,1,0,0,0,0,1,3,0,0,0,0,2,2,0,0,0,13,0,0,0,0,0,0,0,1,0,48,0,0,2,1,0,0,0,0,0,53,0,['junit'],java-maven,150437,60127,399.682,31716,0,0,31716,1,0.0119522,0.80937,0.0119522,0.726186,17,1,9,0,0,1,0,1
45852,8399755635,19937094,Java CI,master,fc5901c14f56ad56af506fafc213464fa93e0f7a,.github/workflows/maven.yml,success,3071532,chrjohn,122,6,0.0,1.0,,schedule,484,0,779.0,1,success,1,d7c9fe52fabdc56f28ace4063f6ac78fe422b511,1,1,1,0,0,1,2,1,0,0,0,0,0,0,0,0,0,0,0,0,0,0,0,0,0,0,0,0,48,0,0,0,0,0,0,0,0,0,53,0,['junit'],java-maven,150697,60341,400.413,31896,0,0,31896,1,0.0,1.0,0.0,1.0,6,1,9,0,0,0,0,1
45853,9343002972,19937094,CodeQL,dependabot/maven/org.apache.maven.plugins-maven-shade-plugin-3.6.0,4cf31859de73231bcd12a3057083a3d8885fffff,.github/workflows/codeql-analysis.yml,success,3605584,dependabot[bot],122,3,,,,pull_request,0,0,,1,success,0,,0,0,0,0,0,0,0,0,0,0,0,0,0,0,0,0,0,0,0,0,0,0,0,0,0,0,0,0,48,0,0,0,0,0,0,0,0,0,58,0,['junit'],java-maven,150697,60341,400.413,0,0,0,0,1,0.000796813,0.999875,0.0,1.0,0,1,1,0,0,0,0,0
45854,8291812989,19937094,Java CI,master,d7c9fe52fabdc56f28ace4063f6ac78fe422b511,.github/workflows/maven.yml,success,3071532,chrjohn,122,6,0.0,2.0,"{'chore', 'fix'}",schedule,51,0,775.0,1,success,2,529761ef170ba8458b0dd780dfbe750fa30a3f0d,1,1,1,0,0,1,2,1,0,0,0,0,0,1,1,0,0,0,86,0,0,0,0,0,0,1,0,0,48,0,0,0,0,0,0,0,0,0,53,0,['junit'],java-maven,150697,60341,400.413,31896,0,0,31896,1,0.00159363,0.983476,0.0,1.0,8,1,9,0,0,1,0,1
45855,9378776968,19937094,Java CI,master,bc643a34210fcd867114e0954db38f442d8252d7,.github/workflows/maven.yml,success,3071532,chrjohn,122,3,0.0,1.0,,schedule,376,0,817.0,0,success,1,c1151de5fc8094bc172bf2eedda0e9ceb57619b2,1,1,1,0,0,1,2,1,0,0,0,0,0,0,0,0,0,0,0,0,0,0,0,0,0,0,0,0,48,0,0,0,0,0,0,0,0,0,53,0,['junit'],java-maven,150697,60341,400.413,31896,0,0,31896,1,0.000796813,0.982983,0.0,1.0,8,1,9,0,0,0,0,1
45856,9262321554,19937094,CodeQL,dependabot/maven/org.sonatype.plugins-nexus-staging-maven-plugin-1.7.0,4bc6a47e62145a09a91f5b0165e3362e35184f17,.github/workflows/codeql-analysis.yml,success,3605584,dependabot[bot],122,3,0.0,1.0,,pull_request,328,0,812.0,1,success,1,351154aafff927670ede9560579b0ffcbba4fc5b,1,1,1,0,0,1,2,1,0,0,0,0,0,0,0,0,0,0,0,0,0,0,0,0,0,0,0,0,48,0,0,0,0,0,0,0,0,0,58,0,['junit'],java-maven,150697,60341,400.413,0,0,0,0,1,0.00398406,0.999234,0.000796813,0.999766,0,1,1,0,0,0,0,0
45857,7888853375,19937094,Java CI,master,b18003e10694c4a9bc94c69399f92a48e2d3073c,.github/workflows/maven.yml,success,3071532,chrjohn,120,5,0.0,3.0,"{'chore', 'fix', 'perf'}",push,67,0,283.0,1,success,3,9f8fb4b6ce7b022db6f6c0e037fc0d87dedcabeb,11,199,7,0,1,10,83,1,123,0,0,1,0,11,12,8,0,8,161,3,0,3,13,0,13,1,1,0,48,1,0,122,1,0,0,1,0,0,53,0,['junit'],java-maven,150628,60294,400.284,31842,0,0,31842,1,0.0119522,0.832669,0.0119522,0.721116,21,1,9,0,0,1,0,1
45858,7787996968,19937094,Java CI,master,f470c02cfcd268e8d52415743a73dbdf2edb0d18,.github/workflows/maven.yml,success,3071532,chrjohn,118,5,0.0,1.0,,push,73,0,761.0,1,success,1,8e25819914498cee8568a68d9909f02f59b2aab2,1,121,25,0,0,0,0,1,146,0,0,0,0,1,1,2,0,2,3,0,0,0,3,1,4,0,1,0,48,0,0,121,25,0,0,0,0,0,53,0,['junit'],java-maven,150437,60126,399.676,31716,0,0,31716,1,0.00557769,0.939882,0.0,1.0,10,1,9,0,0,1,0,1
45859,8228173464,19937094,Java CI,master,fd1926f1ac133a1c7b4558f2fca381775f743289,.github/workflows/maven.yml,success,3071532,chrjohn,121,5,0.0,1.0,,schedule,84,0,766.0,0,success,1,663fb55f5d026e6f0c6392b1676b31bd02cdd6f7,1,5,4,0,0,1,9,1,0,0,0,0,0,1,1,0,0,0,28,0,0,0,0,0,0,1,0,0,48,0,0,0,0,0,0,0,0,0,53,0,['junit'],java-maven,150697,60341,400.413,31896,0,0,31896,1,0.00159363,0.983476,0.0,1.0,8,1,9,0,0,1,0,1
45860,9477303311,19937094,Java CI,master,32a3f8da5b7e62f41ca5b1707ec3f5e86ed4066a,.github/workflows/maven.yml,success,3071532,chrjohn,122,3,0.0,1.0,,schedule,328,0,812.0,0,success,1,6491cc7b3a929633cc116419cd4b4ddd5e034329,1,1,1,0,0,1,2,1,0,0,0,0,0,0,0,0,0,0,0,0,0,0,0,0,0,0,0,0,48,0,0,0,0,0,0,0,0,0,53,0,['junit'],java-maven,150697,60341,400.413,31896,0,0,31896,1,0.000796813,0.984788,0.0,1.0,11,1,9,0,0,0,0,1
45861,9313465307,19937094,Java CI,master,351154aafff927670ede9560579b0ffcbba4fc5b,.github/workflows/maven.yml,success,3071532,chrjohn,122,3,0.0,1.0,{'build'},schedule,499,0,809.0,0,success,1,a404c8e1c355fbfd95439cb1aa86b5685f543ddd,1,1,1,0,0,1,2,1,0,0,0,0,0,0,0,0,0,0,0,0,0,0,0,0,0,0,0,0,48,0,0,0,0,0,0,0,0,0,53,0,['junit'],java-maven,150697,60341,400.413,31896,0,0,31896,1,0.000796813,0.98679,0.0,1.0,14,1,9,0,0,0,0,1
45862,7764896715,19937094,Java CI,master,f0570961e3a9d76161ea54dc685e117187f4128e,.github/workflows/maven.yml,success,3071532,chrjohn,118,5,0.0,2.0,,schedule,432,0,756.0,1,success,2,e80c25b15b0ff9dbd96eac361d08e7b0ecce76ed,2,5,2,0,0,2,7,1,0,0,1,0,0,0,0,0,0,0,0,0,0,0,0,0,0,0,0,0,48,0,0,0,0,0,0,0,0,0,53,0,['junit'],java-maven,150361,60030,399.239,31698,0,0,31698,1,0.00717131,0.93694,0.0,1.0,8,1,9,0,0,0,0,1
45863,8370206031,19937094,Java CI,master,fc5901c14f56ad56af506fafc213464fa93e0f7a,.github/workflows/maven.yml,success,3071532,chrjohn,122,6,0.0,1.0,,schedule,484,0,779.0,1,success,1,d7c9fe52fabdc56f28ace4063f6ac78fe422b511,1,1,1,0,0,1,2,1,0,0,0,0,0,0,0,0,0,0,0,0,0,0,0,0,0,0,0,0,48,0,0,0,0,0,0,0,0,0,53,0,['junit'],java-maven,150697,60341,400.413,31896,0,0,31896,1,0.0,1.0,0.0,1.0,6,1,9,0,0,0,0,1
45864,8681998924,19937094,Java CI,dependabot/maven/org.apache.maven.plugins-maven-jar-plugin-3.4.0,3fd673bb1aefb697a09d04d0881219adaa4304ea,.github/workflows/maven.yml,success,3071532,dependabot[bot],122,6,0.0,0.0,,push,623,0,793.0,1,success,1,78967ae1678fb77dac66f7163188579f59e60c40,1,1,1,0,0,1,2,1,0,0,0,0,0,0,0,0,0,0,0,0,0,0,0,0,0,0,0,0,48,0,0,0,0,0,0,0,0,0,53,0,['junit'],java-maven,150697,60341,400.413,31896,0,0,31896,1,0.0,1.0,0.0,1.0,0,1,9,0,0,0,0,0
45865,9443039655,19937094,Java CI,master,32a3f8da5b7e62f41ca5b1707ec3f5e86ed4066a,.github/workflows/maven.yml,success,3071532,chrjohn,122,3,0.0,1.0,,schedule,328,0,812.0,1,success,1,6491cc7b3a929633cc116419cd4b4ddd5e034329,1,1,1,0,0,1,2,1,0,0,0,0,0,0,0,0,0,0,0,0,0,0,0,0,0,0,0,0,48,0,0,0,0,0,0,0,0,0,53,0,['junit'],java-maven,150697,60341,400.413,31896,0,0,31896,1,0.000796813,0.985015,0.0,1.0,11,1,9,0,0,0,0,1
45866,9264051046,19937094,Java CI,master,351154aafff927670ede9560579b0ffcbba4fc5b,.github/workflows/maven.yml,success,3071532,chrjohn,122,3,0.0,1.0,{'build'},schedule,499,0,809.0,0,success,1,a404c8e1c355fbfd95439cb1aa86b5685f543ddd,1,1,1,0,0,1,2,1,0,0,0,0,0,0,0,0,0,0,0,0,0,0,0,0,0,0,0,0,48,0,0,0,0,0,0,0,0,0,53,0,['junit'],java-maven,150697,60341,400.413,31896,0,0,31896,1,0.00398406,0.934806,0.000796813,0.940942,14,1,9,0,0,0,0,1
45867,7503142595,19937094,CodeQL,master,f0570961e3a9d76161ea54dc685e117187f4128e,.github/workflows/codeql-analysis.yml,success,3605584,chrjohn,118,6,0.0,2.0,,push,432,0,756.0,1,success,2,e80c25b15b0ff9dbd96eac361d08e7b0ecce76ed,2,5,2,0,1,2,7,1,0,0,1,0,0,0,0,0,0,0,0,0,0,0,0,0,0,0,0,0,48,0,0,0,0,0,0,0,0,0,58,0,['junit'],java-maven,150361,60030,399.239,0,0,0,0,1,0.0223108,0.86467,0.0111554,0.784386,44,1,1,0,0,0,0,1
45868,8950990934,19937094,Java CI,master,c038a92888bd4266e773878a60fdb90d955ab025,.github/workflows/maven.yml,success,3071532,chrjohn,122,5,0.0,1.0,,push,567,0,802.0,1,success,1,436d61083382e6c1de978bb833fa8f3ca0d69d78,1,1,1,0,0,1,2,1,0,0,0,0,0,0,0,0,0,0,0,0,0,0,0,0,0,0,0,0,48,0,0,0,0,0,0,0,0,0,53,0,['junit'],java-maven,150697,60341,400.413,31896,0,0,31896,1,0.0143426,0.875658,0.00796813,0.832227,16,1,9,0,0,0,0,1
45869,8608838101,19937094,Java CI,dependabot/maven/commons-io-commons-io-2.16.1,c8b139995f3162982d23ae5ebead6c21c093b5ea,.github/workflows/maven.yml,success,3071532,dependabot[bot],122,6,0.0,1.0,,pull_request,328,0,789.0,1,success,1,9e843b097e911ed009b06fe27f1564e615a71680,1,1,1,0,0,1,2,1,0,0,0,0,0,0,0,0,0,0,0,0,0,0,0,0,0,0,0,0,48,0,0,0,0,0,0,0,0,0,53,0,['junit'],java-maven,150697,60341,400.413,31896,0,0,31896,1,0.0,1.0,0.0,1.0,0,1,9,0,0,0,0,0
45870,8244101390,19937094,Java CI,master,529761ef170ba8458b0dd780dfbe750fa30a3f0d,.github/workflows/maven.yml,success,3071532,chrjohn,121,5,0.0,1.0,,schedule,484,0,772.0,1,success,1,4258963c7da8eee69797574d027a72664c736f50,1,1,1,0,0,1,2,1,0,0,0,0,0,0,0,0,0,0,0,0,0,0,0,0,0,0,0,0,48,0,0,0,0,0,0,0,0,0,53,0,['junit'],java-maven,150697,60341,400.413,31896,0,0,31896,1,0.00159363,0.9856,0.0,1.0,11,1,9,0,0,0,0,1
45871,8197592820,19937094,Java CI,dependabot/maven/jaxb.version-4.0.2,c5590796dda17d8b802e56dacca6f883a466acc5,.github/workflows/maven.yml,success,3071532,dependabot[bot],121,5,0.0,0.0,,push,413,0,770.0,1,success,1,fd1926f1ac133a1c7b4558f2fca381775f743289,1,1,1,0,0,1,2,1,0,0,0,0,0,0,0,0,0,0,0,0,0,0,0,0,0,0,0,0,48,0,0,0,0,0,0,0,0,0,53,0,['junit'],java-maven,150697,60341,400.413,31896,0,0,31896,1,0.0063745,0.997102,0.0,1.0,0,1,9,0,0,0,0,0
45872,7793360683,19937094,Java CI,dependabot/maven/slf4j.version-2.0.12,bc295dbaf2c0c730a8d31fb32ce1b3585407912e,.github/workflows/maven.yml,success,3071532,dependabot[bot],118,5,0.0,0.0,,push,317,0,764.0,1,success,1,f470c02cfcd268e8d52415743a73dbdf2edb0d18,1,1,1,0,0,1,2,1,0,0,0,0,0,0,0,0,0,0,0,0,0,0,0,0,0,0,0,0,48,0,0,0,0,0,0,0,0,0,53,0,['junit'],java-maven,150437,60126,399.676,31716,0,0,31716,1,0.00557769,0.868353,0.0,1.0,0,1,9,0,0,0,0,0
45873,7357454448,19937094,Java CI,master,644820ee3c64a3eb76428149b42514f1ae21495c,.github/workflows/maven.yml,success,3071532,chrjohn,119,6,0.0,1.0,,push,317,0,743.0,1,success,1,14c9c66fab7f729cb90ecaf096c8db15861b5052,1,1,1,0,0,1,2,1,0,0,0,0,0,0,0,0,0,0,0,0,0,0,0,0,0,0,0,0,48,0,0,0,0,0,0,0,0,0,53,0,['junit'],java-maven,150358,60030,399.247,31698,0,0,31698,1,0.0494024,0.871979,0.00318725,0.937002,100,1,9,0,0,0,0,1
45874,7431391359,19937094,CodeQL,use-session-log,754b78323223a0f38d86967affd492a566084453,.github/workflows/codeql-analysis.yml,success,3605584,chrjohn,118,6,0.0,12.0,{'fix'},pull_request,48,0,746.0,1,success,12,89acf0cf725dfe32d139581f57baa1ba374f2c33,54,662,1186,1,1,32,783,5,1051,1,1,0,3,46,49,15,22,37,454,7,7,14,7,29,36,1,1,0,48,0,4,304,747,0,1,97,0,0,58,0,['junit'],java-maven,150416,60049,399.22,0,0,0,0,1,0.0183267,0.861239,0.00557769,0.843825,45,1,1,0,0,1,0,0
45875,8325351367,19937094,Java CI,fix-oom,628baa0c6163c39baa483f17d8c897b8e2467de8,.github/workflows/maven.yml,success,3071532,wajncn,122,6,,,,pull_request,0,0,,1,success,0,,0,0,0,0,0,0,0,0,0,0,0,0,0,0,0,0,0,0,0,0,0,0,0,0,0,0,0,0,48,0,0,0,0,0,0,0,0,0,53,0,['junit'],java-maven,150702,60341,400.399,31896,0,0,31896,1,0.000796813,0.999638,0.0,1.0,0,0,9,0,1,1,0,0
45876,8568022616,19937094,CodeQL,master,e1819af0c026123d7b00ae0ce8cd0f8b8bd96438,.github/workflows/codeql-analysis.yml,success,3605584,chrjohn,110,0,0.0,1.0,,push,592,0,785.0,1,success,1,00726a254f4b811b6dede79c8898ed26f9a08ba0,1,1,1,0,0,1,2,1,0,0,0,0,0,0,0,0,0,0,0,0,0,0,0,0,0,0,0,0,48,0,0,0,0,0,0,0,0,0,58,0,['junit'],java-maven,150697,60341,400.413,0,0,0,0,1,0.0,1.0,0.0,1.0,12,1,1,0,0,0,0,1
45877,8338099898,19937094,Java CI,master,d7c9fe52fabdc56f28ace4063f6ac78fe422b511,.github/workflows/maven.yml,success,3071532,chrjohn,122,6,0.0,2.0,"{'chore', 'fix'}",schedule,51,0,775.0,0,success,2,529761ef170ba8458b0dd780dfbe750fa30a3f0d,1,1,1,0,0,1,2,1,0,0,0,0,0,1,1,0,0,0,86,0,0,0,0,0,0,1,0,0,48,0,0,0,0,0,0,0,0,0,53,0,['junit'],java-maven,150697,60341,400.413,31896,0,0,31896,1,0.000796813,0.98269,0.0,1.0,7,1,9,0,0,1,0,1
45878,9343002978,19937094,Java CI,dependabot/maven/org.apache.maven.plugins-maven-shade-plugin-3.6.0,4cf31859de73231bcd12a3057083a3d8885fffff,.github/workflows/maven.yml,success,3071532,dependabot[bot],122,3,,,,pull_request,0,0,,1,success,0,,0,0,0,0,0,0,0,0,0,0,0,0,0,0,0,0,0,0,0,0,0,0,0,0,0,0,0,0,48,0,0,0,0,0,0,0,0,0,53,0,['junit'],java-maven,150697,60341,400.413,31896,0,0,31896,1,0.000796813,0.999875,0.0,1.0,0,1,9,0,0,0,0,0
45879,7829507468,19937094,pages build and deployment,master,25bbd8a35edd7d5943634ea255063fbece9d4c6b,dynamic/pages/pages-build-deployment,success,22589472,chrjohn,118,5,0.0,1.0,{'fix'},dynamic,117,0,765.0,1,success,1,ef1b9f4c5ea394865bb571e279911d56058423d3,2,2,1,0,0,0,0,1,3,0,0,0,0,2,2,0,0,0,13,0,0,0,0,0,0,0,1,0,48,0,0,2,1,0,0,0,0,0,1,0,['junit'],java-maven,150437,60127,399.682,0,0,0,0,0,0.00478088,0.915156,0.00239044,0.905877,14,1,3,0,0,1,0,1
45880,8956033118,19937094,Java CI,master,6da77937109b441e2e5b696ab0fbc02748156df2,.github/workflows/maven.yml,success,3071532,chrjohn,122,5,0.0,1.0,,schedule,397,0,799.0,1,success,1,3e9ec3055ceaa09d6600e955e93ef6070a51a430,1,1,1,0,0,1,2,1,0,0,0,0,0,0,0,0,0,0,0,0,0,0,0,0,0,0,0,0,48,0,0,0,0,0,0,0,0,0,53,0,['junit'],java-maven,150697,60341,400.413,31896,0,0,31896,1,0.0143426,0.882887,0.00717131,0.877174,18,1,9,0,0,0,0,1
45881,8686449700,19937094,Java CI,master,cfa5502fa07650ce8752df97d3d0dc0c596e5b97,.github/workflows/maven.yml,success,3071532,chrjohn,122,6,0.0,1.0,,push,539,0,791.0,1,success,1,bd831341fa7e1e75be06746dfb6808cb6caa6efb,1,1,1,0,0,1,2,1,0,0,0,0,0,0,0,0,0,0,0,0,0,0,0,0,0,0,0,0,48,0,0,0,0,0,0,0,0,0,53,0,['junit'],java-maven,150697,60341,400.413,31896,0,0,31896,1,0.0,1.0,0.0,1.0,12,1,9,0,0,0,0,1
45882,9311651434,19937094,Java CI,dependabot/maven/org.apache.maven.plugins-maven-enforcer-plugin-3.5.0,d9acc3c7fc0aac96f42a1ee7b255290890c5f63c,.github/workflows/maven.yml,success,3071532,dependabot[bot],122,3,0.0,1.0,,pull_request,809,0,813.0,1,success,1,351154aafff927670ede9560579b0ffcbba4fc5b,1,1,1,0,0,1,2,1,0,0,0,0,0,0,0,0,0,0,0,0,0,0,0,0,0,0,0,0,48,0,0,0,0,0,0,0,0,0,53,0,['junit'],java-maven,150697,60341,400.413,31896,0,0,31896,1,0.00159363,0.999725,0.0,1.0,0,1,9,0,0,0,0,0
45883,8777292130,19937094,Java CI,dependabot/maven/org.apache.maven.plugins-maven-jar-plugin-3.4.1,5d1e3691ef459c0410eaaa2065d1a1cf3de6b191,.github/workflows/maven.yml,success,3071532,dependabot[bot],122,6,0.0,0.0,,push,433,0,797.0,0,success,1,bb2b919b8d4f286311e05cc418dff53f9ed517e1,1,1,1,0,0,1,2,1,0,0,0,0,0,0,0,0,0,0,0,0,0,0,0,0,0,0,0,0,48,0,0,0,0,0,0,0,0,0,53,0,['junit'],java-maven,150697,60341,400.413,31896,0,0,31896,1,0.0,1.0,0.0,1.0,0,1,9,0,0,0,0,0
45884,9386487127,19937094,Java CI,master,6491cc7b3a929633cc116419cd4b4ddd5e034329,.github/workflows/maven.yml,success,3071532,chrjohn,122,3,0.0,1.0,,push,389,0,816.0,1,success,1,356fef03681d14ece808750369695592177947c1,1,1,1,0,0,1,2,1,0,0,0,0,0,0,0,0,0,0,0,0,0,0,0,0,0,0,0,0,48,0,0,0,0,0,0,0,0,0,53,0,['junit'],java-maven,150697,60341,400.413,31896,0,0,31896,1,0.000796813,0.984064,0.0,1.0,10,1,9,0,0,0,0,1
45885,8732938290,19937094,Java CI,master,bb2b919b8d4f286311e05cc418dff53f9ed517e1,.github/workflows/maven.yml,success,3071532,chrjohn,122,6,0.0,1.0,,schedule,317,0,792.0,1,success,1,cfa5502fa07650ce8752df97d3d0dc0c596e5b97,1,1,1,0,0,1,2,1,0,0,0,0,0,0,0,0,0,0,0,0,0,0,0,0,0,0,0,0,48,0,0,0,0,0,0,0,0,0,53,0,['junit'],java-maven,150697,60341,400.413,31896,0,0,31896,1,0.0,1.0,0.0,1.0,12,1,9,0,0,0,0,1
45886,7899925380,19937094,pages build and deployment,master,24d836b264a3c9824c5b0c9cbb89bfd5703ab60e,dynamic/pages/pages-build-deployment,success,22589472,chrjohn,120,5,0.0,10.0,"{'chore', 'fix'}",dynamic,98,0,758.0,1,success,10,b18003e10694c4a9bc94c69399f92a48e2d3073c,9,91,20,0,1,6,56,5,51,2,1,0,0,6,6,2,0,2,106,0,0,0,5,0,5,1,1,0,48,1,0,49,2,0,1,0,0,0,1,0,['junit'],java-maven,150687,60341,400.439,0,0,0,0,0,0.0119522,0.838067,0.0119522,0.735794,22,1,3,0,0,1,0,1
45887,9386490508,19937094,CodeQL,master,32a3f8da5b7e62f41ca5b1707ec3f5e86ed4066a,.github/workflows/codeql-analysis.yml,success,3605584,chrjohn,122,3,0.0,1.0,,push,328,0,812.0,1,success,1,6491cc7b3a929633cc116419cd4b4ddd5e034329,1,1,1,0,0,1,2,1,0,0,0,0,0,0,0,0,0,0,0,0,0,0,0,0,0,0,0,0,48,0,0,0,0,0,0,0,0,0,58,0,['junit'],java-maven,150697,60341,400.413,0,0,0,0,1,0.000796813,0.984788,0.0,1.0,11,1,1,0,0,0,0,1
45888,7778289929,19937094,Java CI,dependabot/github_actions/al-cheb/configure-pagefile-action-1.4,90730abed8e4888636b8b665b4fa81da645431fc,.github/workflows/maven.yml,success,3071532,dependabot[bot],118,5,0.0,0.0,,push,528,0,762.0,0,success,1,f0570961e3a9d76161ea54dc685e117187f4128e,1,1,1,0,0,0,0,1,0,0,0,0,0,0,0,0,0,0,0,0,0,0,0,0,0,0,0,0,48,0,0,0,0,0,1,0,0,0,53,0,['junit'],java-maven,150361,60030,399.239,31698,0,0,31698,1,0.00557769,0.831784,0.0,1.0,0,1,9,0,0,0,0,0
45889,7537484245,19937094,Java CI,master,f0570961e3a9d76161ea54dc685e117187f4128e,.github/workflows/maven.yml,success,3071532,chrjohn,118,6,0.0,2.0,,schedule,432,0,756.0,1,success,2,e80c25b15b0ff9dbd96eac361d08e7b0ecce76ed,2,5,2,0,0,2,7,1,0,0,1,0,0,0,0,0,0,0,0,0,0,0,0,0,0,0,0,0,48,0,0,0,0,0,0,0,0,0,53,0,['junit'],java-maven,150361,60030,399.239,31698,0,0,31698,1,0.0207171,0.87514,0.00557769,0.881533,43,1,9,0,0,0,0,1
45890,8488696790,19937094,Java CI,master,fc5901c14f56ad56af506fafc213464fa93e0f7a,.github/workflows/maven.yml,success,3071532,chrjohn,122,6,0.0,1.0,,schedule,484,0,779.0,1,success,1,d7c9fe52fabdc56f28ace4063f6ac78fe422b511,1,1,1,0,0,1,2,1,0,0,0,0,0,0,0,0,0,0,0,0,0,0,0,0,0,0,0,0,48,0,0,0,0,0,0,0,0,0,53,0,['junit'],java-maven,150697,60341,400.413,31896,0,0,31896,1,0.0,1.0,0.0,1.0,6,1,9,0,0,0,0,1
45891,7793360827,19937094,CodeQL,dependabot/maven/slf4j.version-2.0.12,bc295dbaf2c0c730a8d31fb32ce1b3585407912e,.github/workflows/codeql-analysis.yml,success,3605584,dependabot[bot],118,5,0.0,1.0,,pull_request,317,0,764.0,0,success,1,f470c02cfcd268e8d52415743a73dbdf2edb0d18,1,1,1,0,0,1,2,1,0,0,0,0,0,0,0,0,0,0,0,0,0,0,0,0,0,0,0,0,48,0,0,0,0,0,0,0,0,0,58,0,['junit'],java-maven,150437,60126,399.676,0,0,0,0,1,0.00557769,0.868353,0.0,1.0,0,1,1,0,0,0,0,0
45892,8579063533,19937094,Java CI,master,9e843b097e911ed009b06fe27f1564e615a71680,.github/workflows/maven.yml,success,3071532,chrjohn,122,6,0.0,1.0,,schedule,445,0,787.0,1,success,1,e1819af0c026123d7b00ae0ce8cd0f8b8bd96438,2,2,2,0,0,2,4,1,0,0,1,0,0,0,0,0,0,0,0,0,0,0,0,0,0,0,0,0,48,0,0,0,0,0,0,0,0,0,53,0,['junit'],java-maven,150697,60341,400.413,31896,0,0,31896,1,0.0,1.0,0.0,1.0,13,1,9,0,0,0,0,1
45893,9366082896,19937094,CodeQL,dependabot/maven/org.apache.maven.plugins-maven-shade-plugin-3.6.0,c7493cd0cb438e162c55aa39ad828aa49ccbc652,.github/workflows/codeql-analysis.yml,success,3605584,dependabot[bot],122,3,0.0,1.0,,pull_request,389,0,816.0,1,success,1,c1151de5fc8094bc172bf2eedda0e9ceb57619b2,1,1,1,0,0,1,2,1,0,0,0,0,0,0,0,0,0,0,0,0,0,0,0,0,0,0,0,0,48,0,0,0,0,0,0,0,0,0,58,0,['junit'],java-maven,150697,60341,400.413,0,0,0,0,1,0.000796813,0.999895,0.0,1.0,0,1,1,0,0,0,0,0
45894,8777292881,19937094,CodeQL,dependabot/maven/org.apache.maven.plugins-maven-gpg-plugin-3.2.4,9cacae3fc3e9dcea0cba0f62f139dab252d14575,.github/workflows/codeql-analysis.yml,success,3605584,dependabot[bot],122,6,0.0,1.0,,pull_request,439,0,798.0,1,success,1,bb2b919b8d4f286311e05cc418dff53f9ed517e1,1,1,1,0,0,1,2,1,0,0,0,0,0,0,0,0,0,0,0,0,0,0,0,0,0,0,0,0,48,0,0,0,0,0,0,0,0,0,58,0,['junit'],java-maven,150697,60341,400.413,0,0,0,0,1,0.0,1.0,0.0,1.0,0,1,1,0,0,0,0,0
45895,8945030578,19937094,Java CI,dependabot/maven/org.apache.maven.plugins-maven-shade-plugin-3.5.3,ece32022b0ce2cb3ec776518cc392d6f33480e00,.github/workflows/maven.yml,success,3071532,chrjohn,122,6,0.0,1.0,,push,397,0,799.0,1,success,1,80a4d376c514f69bc5d691a542cbe997b609834f,1,1,1,0,0,0,0,1,0,0,0,0,0,0,0,0,0,0,0,0,0,0,0,0,0,0,0,0,48,0,0,0,0,0,1,0,0,0,53,0,['junit'],java-maven,150697,60341,400.413,31896,0,0,31896,1,0.0143426,0.863896,0.00876494,0.75711,14,1,9,0,0,0,0,0
45896,9184161603,19937094,Java CI,dependabot/maven/org.codehaus.plexus-plexus-xml-4.0.4,353687d2b35a2d2bb750a331e813816603a4ae5d,.github/workflows/maven.yml,success,3071532,dependabot[bot],122,3,0.0,0.0,,push,499,0,809.0,0,success,1,a404c8e1c355fbfd95439cb1aa86b5685f543ddd,1,1,1,0,0,1,2,1,0,0,0,0,0,0,0,0,0,0,0,0,0,0,0,0,0,0,0,0,48,0,0,0,0,0,0,0,0,0,53,0,['junit'],java-maven,150697,60341,400.413,31896,0,0,31896,1,0.012749,0.747344,0.0,1.0,0,1,9,0,0,0,0,0
45897,9533684057,19937094,Java CI,master,338e70673365a6497ab90e5b61e28a86708713fd,.github/workflows/maven.yml,success,3071532,chrjohn,122,2,0.0,1.0,,schedule,386,0,823.0,1,success,1,32a3f8da5b7e62f41ca5b1707ec3f5e86ed4066a,1,1,1,0,0,1,2,1,0,0,0,0,0,0,0,0,0,0,0,0,0,0,0,0,0,0,0,0,48,0,0,0,0,0,0,0,0,0,53,0,['junit'],java-maven,150697,60341,400.413,31896,0,0,31896,1,0.000796813,0.985449,0.0,1.0,12,1,9,0,0,0,0,1
45898,8336198507,19937094,Java CI,dependabot/maven/org.apache.maven.plugins-maven-assembly-plugin-3.7.1,b85eeeed9eceeeb5903841e0452fe09d4d36e62f,.github/workflows/maven.yml,success,3071532,dependabot[bot],122,6,0.0,1.0,,pull_request,484,0,779.0,1,success,1,d7c9fe52fabdc56f28ace4063f6ac78fe422b511,1,1,1,0,0,1,2,1,0,0,0,0,0,0,0,0,0,0,0,0,0,0,0,0,0,0,0,0,48,0,0,0,0,0,0,0,0,0,53,0,['junit'],java-maven,150697,60341,400.413,31896,0,0,31896,1,0.000796813,0.999801,0.0,1.0,0,1,9,0,0,0,0,0
45899,9049175217,19937094,Java CI,master,e43da5db020d9c566b620389a7fe3506582a35c7,.github/workflows/maven.yml,success,3071532,chrjohn,122,5,0.0,1.0,,schedule,399,0,807.0,1,success,1,3d17b842bd00a2e11d1d9445978085fda0ad4018,2,2,2,0,0,2,4,1,0,0,1,0,0,0,0,0,0,0,0,0,0,0,0,0,0,0,0,0,48,0,0,0,0,0,0,0,0,0,53,0,['junit'],java-maven,150697,60341,400.413,31896,0,0,31896,1,0.0143426,0.886835,0.0,1.0,19,1,9,0,0,0,0,1
45900,8568022423,19937094,pages build and deployment,master,e1819af0c026123d7b00ae0ce8cd0f8b8bd96438,dynamic/pages/pages-build-deployment,success,22589472,chrjohn,122,6,0.0,1.0,,push,592,0,785.0,1,success,1,00726a254f4b811b6dede79c8898ed26f9a08ba0,1,1,1,0,0,1,2,1,0,0,0,0,0,0,0,0,0,0,0,0,0,0,0,0,0,0,0,0,48,0,0,0,0,0,0,0,0,0,58,0,['junit'],java-maven,150697,60341,400.413,0,0,0,0,1,0.0,1.0,0.0,1.0,12,1,1,0,0,0,0,1
45901,7396864464,19937094,Java CI,use-session-log,28b2dcaab34346713d5b90c446e018b608676420,.github/workflows/maven.yml,failure,3071532,chrjohn,118,6,0.0,4.0,{'fix'},pull_request,48,0,746.0,1,failure,4,89acf0cf725dfe32d139581f57baa1ba374f2c33,49,607,1154,1,1,28,713,5,1034,1,1,0,3,41,44,14,22,36,426,6,6,12,1,27,28,1,1,0,48,0,4,288,746,0,1,93,0,0,53,0,['junit'],java-maven,150398,60034,399.168,30739,2,0,30741,1,0.0207171,0.875904,0.00318725,0.888446,48,1,9,0,0,0,0,0
45902,7393868141,19937094,Java CI,master,50d004661424eb3d1d07fe78a90cb91d85946c29,.github/workflows/maven.yml,success,3071532,chrjohn,118,6,0.0,1.0,,schedule,403,0,744.0,1,success,1,644820ee3c64a3eb76428149b42514f1ae21495c,2,2,2,0,0,2,4,1,0,0,1,0,0,0,0,0,0,0,0,0,0,0,0,0,0,0,0,0,48,0,0,0,0,0,0,0,0,0,53,0,['junit'],java-maven,150358,60030,399.247,31698,0,0,31698,1,0.0215139,0.887125,0.00159363,0.940942,57,1,9,0,0,1,0,1
45903,8547789593,19937094,Java CI,dependabot/maven/org.apache.maven.plugin-tools-maven-plugin-annotations-3.12.0,4e438665a1429905c1710da2be12c3a9486d1113,.github/workflows/maven.yml,success,3071532,dependabot[bot],122,6,0.0,1.0,,pull_request,445,0,786.0,1,success,1,8c6ac1a1e5fd50ac71b447a5fd05a248fec02dca,1,1,1,0,0,1,2,1,0,0,0,0,0,0,0,0,0,0,0,0,0,0,0,0,0,0,0,0,48,0,0,0,0,0,0,0,0,0,53,0,['junit'],java-maven,150697,60341,400.413,31896,0,0,31896,1,0.0,1.0,0.0,1.0,0,1,9,0,0,0,0,0
45904,8568016402,19937094,Java CI,master,8a9614e949c5e233a26619bbf7eb37cff282e5b4,.github/workflows/maven.yml,success,3071532,chrjohn,122,6,0.0,1.0,,push,419,0,788.0,1,success,1,8c6ac1a1e5fd50ac71b447a5fd05a248fec02dca,1,1,1,0,0,1,2,1,0,0,0,0,0,0,0,0,0,0,0,0,0,0,0,0,0,0,0,0,48,0,0,0,0,0,0,0,0,0,53,0,['junit'],java-maven,150697,60341,400.413,31896,0,0,31896,1,0.0,1.0,0.0,1.0,10,1,9,0,0,0,0,1
45905,7664404386,19937094,Java CI,master,f0570961e3a9d76161ea54dc685e117187f4128e,.github/workflows/maven.yml,success,3071532,chrjohn,118,6,0.0,2.0,,schedule,432,0,756.0,1,success,2,e80c25b15b0ff9dbd96eac361d08e7b0ecce76ed,2,5,2,0,0,2,7,1,0,0,1,0,0,0,0,0,0,0,0,0,0,0,0,0,0,0,0,0,48,0,0,0,0,0,0,0,0,0,53,0,['junit'],java-maven,150361,60030,399.239,31698,0,0,31698,1,0.012749,0.889363,0.0,1.0,24,1,9,0,0,0,0,1
45906,9137661562,19937094,Java CI,master,e43da5db020d9c566b620389a7fe3506582a35c7,.github/workflows/maven.yml,success,3071532,chrjohn,122,3,0.0,1.0,,schedule,399,0,807.0,1,success,1,3d17b842bd00a2e11d1d9445978085fda0ad4018,2,2,2,0,0,2,4,1,0,0,1,0,0,0,0,0,0,0,0,0,0,0,0,0,0,0,0,0,48,0,0,0,0,0,0,0,0,0,53,0,['junit'],java-maven,150697,60341,400.413,31896,0,0,31896,1,0.0143426,0.867477,0.0,1.0,14,1,9,0,0,0,0,1
45907,8967429190,19937094,Java CI,master,e43da5db020d9c566b620389a7fe3506582a35c7,.github/workflows/maven.yml,success,3071532,chrjohn,122,5,0.0,1.0,,push,399,0,807.0,1,success,1,3d17b842bd00a2e11d1d9445978085fda0ad4018,2,2,2,0,0,2,4,1,0,0,1,0,0,0,0,0,0,0,0,0,0,0,0,0,0,0,0,0,48,0,0,0,0,0,0,0,0,0,53,0,['junit'],java-maven,150697,60341,400.413,31896,0,0,31896,1,0.0143426,0.889322,0.0063745,0.912351,20,1,9,0,0,0,0,1
45908,8945028836,19937094,Java CI,dependabot/maven/org.apache.maven.plugins-maven-deploy-plugin-3.1.2,c8091a9ed12129ea11732e3685986059536e2df9,.github/workflows/maven.yml,success,3071532,chrjohn,122,6,0.0,1.0,,push,567,0,802.0,1,success,1,e655c7ba2414f8570a06cec90fed236868e519cc,1,1,1,0,0,0,0,1,0,0,0,0,0,0,0,0,0,0,0,0,0,0,0,0,0,0,0,0,48,0,0,0,0,0,1,0,0,0,53,0,['junit'],java-maven,150697,60341,400.413,31896,0,0,31896,1,0.0143426,0.851887,0.00876494,0.693747,12,1,9,0,0,0,0,0
45909,8905867427,19937094,Java CI,master,3366b36fdd65ec5af83d33e4a8335db4ffdcff2b,.github/workflows/maven.yml,failure,3071532,chrjohn,122,6,0.0,1.0,,schedule,439,0,798.0,1,failure,1,dcf692ca7b6bfb49df73bc41de03b4e041d5ff23,1,1,1,0,0,1,2,1,0,0,0,0,0,0,0,0,0,0,0,0,0,0,0,0,0,0,0,0,48,0,0,0,0,0,0,0,0,0,53,0,['junit'],java-maven,150697,60341,400.413,28352,0,0,28352,1,0.012749,0.883134,0.0103586,0.457554,12,1,9,0,0,0,0,1
45910,8887680393,19937094,CodeQL,dependabot/maven/org.apache.maven.plugins-maven-install-plugin-3.1.2,2fd74679dd6813334aa08d3b02d48d123c4d5f50,.github/workflows/codeql-analysis.yml,success,3605584,dependabot[bot],122,6,0.0,1.0,,pull_request,512,0,803.0,1,failure,1,7ec9961611f41de3e66863cb21f6982bfa929fe1,2,2,2,0,0,1,2,2,0,1,1,0,0,0,0,0,0,0,0,0,0,0,0,0,0,0,0,0,48,0,0,0,0,0,1,0,0,0,58,0,['junit'],java-maven,150697,60341,400.413,0,0,0,0,1,0.0111554,0.838884,0.0111554,0.526131,0,1,1,0,0,1,0,0
45911,7843460785,19937094,Java CI,defaultapplverid-range,3e76eef596825ad73f97963170c6c316ea51c947,.github/workflows/maven.yml,success,3071532,chrjohn,118,5,0.0,10.0,"{'chore', 'fix'}",pull_request,98,0,758.0,1,success,10,25bbd8a35edd7d5943634ea255063fbece9d4c6b,14,124,153,0,1,8,71,5,200,2,1,0,0,9,9,2,2,4,122,0,0,0,6,3,9,1,1,0,48,1,0,75,125,0,1,0,0,0,53,0,['junit'],java-maven,150417,60077,399.403,31770,0,0,31770,1,0.0119522,0.816344,0.0119522,0.710389,18,1,9,0,0,0,0,0
45912,9297554230,19937094,Java CI,master,351154aafff927670ede9560579b0ffcbba4fc5b,.github/workflows/maven.yml,success,3071532,chrjohn,122,3,0.0,1.0,{'build'},schedule,499,0,809.0,1,success,1,a404c8e1c355fbfd95439cb1aa86b5685f543ddd,1,1,1,0,0,1,2,1,0,0,0,0,0,0,0,0,0,0,0,0,0,0,0,0,0,0,0,0,48,0,0,0,0,0,0,0,0,0,53,0,['junit'],java-maven,150697,60341,400.413,31896,0,0,31896,1,0.00239044,0.960884,0.0,1.0,14,1,9,0,0,0,0,1
45913,8230801621,19937094,Java CI,master,4258963c7da8eee69797574d027a72664c736f50,.github/workflows/maven.yml,success,3071532,chrjohn,121,5,0.0,1.0,,push,419,0,771.0,1,success,1,908343eca0c1896de9828ca4625c5917dbf4e298,1,1,1,0,0,1,2,1,0,0,0,0,0,0,0,0,0,0,0,0,0,0,0,0,0,0,0,0,48,0,0,0,0,0,0,0,0,0,53,0,['junit'],java-maven,150697,60341,400.413,31896,0,0,31896,1,0.00159363,0.984728,0.0,1.0,10,1,9,0,0,0,0,1
45914,9219188851,19937094,Java CI,master,351154aafff927670ede9560579b0ffcbba4fc5b,.github/workflows/maven.yml,success,3071532,chrjohn,122,3,0.0,1.0,{'build'},schedule,499,0,809.0,1,success,1,a404c8e1c355fbfd95439cb1aa86b5685f543ddd,1,1,1,0,0,1,2,1,0,0,0,0,0,0,0,0,0,0,0,0,0,0,0,0,0,0,0,0,48,0,0,0,0,0,0,0,0,0,53,0,['junit'],java-maven,150697,60341,400.413,31896,0,0,31896,1,0.0103586,0.882444,0.000796813,0.949801,14,1,9,0,0,0,0,1
45915,8044207891,19937094,Java CI,master,fd1926f1ac133a1c7b4558f2fca381775f743289,.github/workflows/maven.yml,success,3071532,chrjohn,121,6,0.0,1.0,,schedule,84,0,766.0,1,success,1,663fb55f5d026e6f0c6392b1676b31bd02cdd6f7,1,5,4,0,0,1,9,1,0,0,0,0,0,1,1,0,0,0,28,0,0,0,0,0,0,1,0,0,48,0,0,0,0,0,0,0,0,0,53,0,['junit'],java-maven,150697,60341,400.413,31896,0,0,31896,1,0.0135458,0.844003,0.000796813,0.949801,25,1,9,0,0,1,0,1
45916,8679013924,19937094,CodeQL,master,78967ae1678fb77dac66f7163188579f59e60c40,.github/workflows/codeql-analysis.yml,success,3605584,chrjohn,122,6,0.0,1.0,,schedule,328,0,789.0,1,success,1,9e843b097e911ed009b06fe27f1564e615a71680,1,1,1,0,0,1,2,1,0,0,0,0,0,0,0,0,0,0,0,0,0,0,0,0,0,0,0,0,48,0,0,0,0,0,0,0,0,0,58,0,['junit'],java-maven,150697,60341,400.413,0,0,0,0,1,0.0,1.0,0.0,1.0,9,1,1,0,0,0,0,1
45917,7375879099,19937094,Java CI,dependabot/maven/org.apache.maven.plugins-maven-jxr-plugin-3.3.2,3d4321470c055f5291e8f33e1f66f6b211d031aa,.github/workflows/maven.yml,success,3071532,chrjohn,118,6,0.0,1.0,,pull_request,403,0,744.0,1,success,1,644820ee3c64a3eb76428149b42514f1ae21495c,2,2,2,0,0,2,4,1,0,0,1,0,0,0,0,0,0,0,0,0,0,0,0,0,0,0,0,0,48,0,0,0,0,0,0,0,0,0,53,0,['junit'],java-maven,150358,60030,399.247,31698,0,0,31698,1,0.0398406,0.877422,0.00159363,0.942629,87,1,9,0,0,0,0,0
45918,8939995096,19937094,Java CI,chrjohn-macos-jdk8,eba530dde9a2262200a9bfbb1db5afb383560c53,.github/workflows/maven.yml,success,3071532,chrjohn,122,6,0.0,1.0,,pull_request,48,0,805.0,1,success,1,3366b36fdd65ec5af83d33e4a8335db4ffdcff2b,1,1,1,0,0,0,0,1,0,0,0,0,0,0,0,0,0,0,0,0,0,0,0,0,0,0,0,0,48,0,0,0,0,0,1,0,0,0,53,0,['junit'],java-maven,150697,60341,400.413,31896,0,0,31896,1,0.0143426,0.83489,0.00876494,0.559761,9,1,9,0,0,0,0,0
45919,8777292653,19937094,Java CI,dependabot/maven/org.apache.maven.plugins-maven-gpg-plugin-3.2.4,9cacae3fc3e9dcea0cba0f62f139dab252d14575,.github/workflows/maven.yml,success,3071532,dependabot[bot],122,6,0.0,0.0,,push,439,0,798.0,1,success,1,bb2b919b8d4f286311e05cc418dff53f9ed517e1,1,1,1,0,0,1,2,1,0,0,0,0,0,0,0,0,0,0,0,0,0,0,0,0,0,0,0,0,48,0,0,0,0,0,0,0,0,0,53,0,['junit'],java-maven,150697,60341,400.413,31896,0,0,31896,1,0.0,1.0,0.0,1.0,0,1,9,0,0,0,0,0
45920,7828316034,19937094,Java CI,hsql-isvalid,7988f01f1988115e82ecd436397effc9b57a0cf7,.github/workflows/maven.yml,success,3071532,chrjohn,118,5,0.0,0.0,,push,117,0,765.0,1,failure,1,ef1b9f4c5ea394865bb571e279911d56058423d3,2,2,1,0,0,0,0,1,3,0,0,0,0,2,2,0,0,0,13,0,0,0,0,0,0,0,1,0,48,0,0,2,1,0,0,0,0,0,53,0,['junit'],java-maven,150437,60127,399.682,31716,0,0,31716,1,0.00478088,0.911413,0.00239044,0.89614,13,1,9,0,0,0,0,0
45921,9057786066,19937094,Java CI,master,e43da5db020d9c566b620389a7fe3506582a35c7,.github/workflows/maven.yml,success,3071532,chrjohn,122,5,0.0,1.0,,schedule,399,0,807.0,1,success,1,3d17b842bd00a2e11d1d9445978085fda0ad4018,2,2,2,0,0,2,4,1,0,0,1,0,0,0,0,0,0,0,0,0,0,0,0,0,0,0,0,0,48,0,0,0,0,0,0,0,0,0,53,0,['junit'],java-maven,150697,60341,400.413,31896,0,0,31896,1,0.0143426,0.885549,0.0,1.0,19,1,9,0,0,0,0,1
45922,8230801435,19937094,pages build and deployment,master,4258963c7da8eee69797574d027a72664c736f50,dynamic/pages/pages-build-deployment,success,22589472,chrjohn,121,5,0.0,1.0,,dynamic,419,0,771.0,1,success,1,908343eca0c1896de9828ca4625c5917dbf4e298,1,1,1,0,0,1,2,1,0,0,0,0,0,0,0,0,0,0,0,0,0,0,0,0,0,0,0,0,48,0,0,0,0,0,0,0,0,0,1,0,['junit'],java-maven,150697,60341,400.413,0,0,0,0,0,0.00159363,0.98425,0.0,1.0,10,1,3,0,0,0,0,1
45923,7400774985,19937094,Java CI,use-session-log,d94796e0e52eb87180a0d2a137d7221e250847b0,.github/workflows/maven.yml,success,3071532,chrjohn,118,6,0.0,1.0,,push,48,0,746.0,1,success,1,28b2dcaab34346713d5b90c446e018b608676420,2,22,7,0,0,1,10,1,19,0,0,0,0,2,2,0,0,0,1,1,1,2,4,2,6,1,1,0,48,0,0,18,1,0,0,4,0,0,53,0,['junit'],java-maven,150412,60051,399.243,31698,0,0,31698,1,0.0207171,0.870299,0.00318725,0.894317,47,1,9,0,0,0,0,0
45924,9233264043,19937094,Java CI,master,351154aafff927670ede9560579b0ffcbba4fc5b,.github/workflows/maven.yml,success,3071532,chrjohn,122,3,0.0,1.0,{'build'},schedule,499,0,809.0,1,success,1,a404c8e1c355fbfd95439cb1aa86b5685f543ddd,1,1,1,0,0,1,2,1,0,0,0,0,0,0,0,0,0,0,0,0,0,0,0,0,0,0,0,0,48,0,0,0,0,0,0,0,0,0,53,0,['junit'],java-maven,150697,60341,400.413,31896,0,0,31896,1,0.00956175,0.895483,0.000796813,0.947159,14,1,9,0,0,0,0,1
45925,8490251413,19937094,pages build and deployment,master,130d13ac76d7f23529da2ffa15185ed91d64afbd,dynamic/pages/pages-build-deployment,success,22589472,chrjohn,122,6,0.0,1.0,,push,328,0,783.0,1,success,1,ef1fe04c33d567b19f456f32bc548dc1577382d7,1,1,1,0,0,1,2,1,0,0,0,0,0,0,0,0,0,0,0,0,0,0,0,0,0,0,0,0,48,0,0,0,0,0,0,0,0,0,58,0,['junit'],java-maven,150697,60341,400.413,0,0,0,0,1,0.0,1.0,0.0,1.0,8,1,1,0,0,0,0,1
45926,9107059854,19937094,Java CI,master,e43da5db020d9c566b620389a7fe3506582a35c7,.github/workflows/maven.yml,success,3071532,chrjohn,122,5,0.0,1.0,,schedule,399,0,807.0,1,success,1,3d17b842bd00a2e11d1d9445978085fda0ad4018,2,2,2,0,0,2,4,1,0,0,1,0,0,0,0,0,0,0,0,0,0,0,0,0,0,0,0,0,48,0,0,0,0,0,0,0,0,0,53,0,['junit'],java-maven,150697,60341,400.413,31896,0,0,31896,1,0.0143426,0.87251,0.0,1.0,15,1,9,0,0,0,0,1
45927,8687205011,19937094,pages build and deployment,master,bb2b919b8d4f286311e05cc418dff53f9ed517e1,dynamic/pages/pages-build-deployment,success,22589472,chrjohn,122,6,0.0,1.0,,push,317,0,792.0,1,success,1,cfa5502fa07650ce8752df97d3d0dc0c596e5b97,1,1,1,0,0,1,2,1,0,0,0,0,0,0,0,0,0,0,0,0,0,0,0,0,0,0,0,0,48,0,0,0,0,0,0,0,0,0,58,0,['junit'],java-maven,150697,60341,400.413,0,0,0,0,1,0.0,1.0,0.0,1.0,13,1,1,0,0,0,0,1
45928,7396864313,19937094,Java CI,use-session-log,28b2dcaab34346713d5b90c446e018b608676420,.github/workflows/maven.yml,failure,3071532,chrjohn,118,6,0.0,2.0,,push,48,0,746.0,1,success,2,441ee5984f91a057eae07e0e385fd66d72cf731e,3,3,3,0,0,3,6,1,0,0,1,0,0,0,0,0,0,0,0,0,0,0,0,0,0,0,0,0,48,0,0,0,0,0,0,0,0,0,53,0,['junit'],java-maven,150398,60034,399.168,30739,2,0,30741,1,0.0199203,0.881369,0.00239044,0.913944,48,1,9,0,0,0,0,0
45929,9184161816,19937094,Java CI,dependabot/maven/org.codehaus.plexus-plexus-xml-4.0.4,353687d2b35a2d2bb750a331e813816603a4ae5d,.github/workflows/maven.yml,success,3071532,dependabot[bot],122,3,0.0,1.0,{'build'},pull_request,499,0,809.0,1,success,1,a404c8e1c355fbfd95439cb1aa86b5685f543ddd,1,1,1,0,0,1,2,1,0,0,0,0,0,0,0,0,0,0,0,0,0,0,0,0,0,0,0,0,48,0,0,0,0,0,0,0,0,0,53,0,['junit'],java-maven,150697,60341,400.413,31896,0,0,31896,1,0.012749,0.766779,0.0,1.0,0,1,9,0,0,0,0,0
45930,8780914545,19937094,CodeQL,master,3366b36fdd65ec5af83d33e4a8335db4ffdcff2b,.github/workflows/codeql-analysis.yml,success,3605584,chrjohn,122,6,0.0,1.0,,push,439,0,798.0,1,success,1,dcf692ca7b6bfb49df73bc41de03b4e041d5ff23,1,1,1,0,0,1,2,1,0,0,0,0,0,0,0,0,0,0,0,0,0,0,0,0,0,0,0,0,48,0,0,0,0,0,0,0,0,0,58,0,['junit'],java-maven,150697,60341,400.413,0,0,0,0,1,0.0,1.0,0.0,1.0,15,1,1,0,0,0,0,1
45931,9330645559,19937094,pages build and deployment,master,47052322c06b385c5086afc7e749489303849d4f,dynamic/pages/pages-build-deployment,success,22589472,chrjohn,122,3,0.0,1.0,,push,809,0,813.0,1,success,1,f2a76fcfb4275b10f6dc84906ee39e0bd72fcb42,1,1,1,0,0,1,2,1,0,0,0,0,0,0,0,0,0,0,0,0,0,0,0,0,0,0,0,0,48,0,0,0,0,0,0,0,0,0,53,0,['junit'],java-maven,150697,60341,400.413,31896,0,0,31896,1,0.000796813,0.984788,0.0,1.0,11,1,9,0,0,0,0,1
45932,7927084925,19937094,Java CI,improve-remove-section-function,7d16ec4d3f8487c477652b70177fc4bdc9fdef4d,.github/workflows/maven.yml,failure,3071532,ChoiJunsik,120,5,0.0,1.0,,pull_request,84,0,766.0,1,success,1,24d836b264a3c9824c5b0c9cbb89bfd5703ab60e,1,5,4,0,0,1,9,1,0,0,0,0,0,1,1,0,0,0,28,0,0,0,0,0,0,1,0,0,48,0,0,0,0,0,0,0,0,0,53,0,['junit'],java-maven,150688,60341,400.437,29974,4,0,29978,1,0.012749,0.848036,0.00478088,0.853728,1,0,9,0,0,0,0,0
45933,8128427305,19937094,CodeQL,master,fd1926f1ac133a1c7b4558f2fca381775f743289,.github/workflows/codeql-analysis.yml,success,3605584,chrjohn,121,5,0.0,1.0,,schedule,84,0,766.0,1,success,1,663fb55f5d026e6f0c6392b1676b31bd02cdd6f7,1,5,4,0,0,1,9,1,0,0,0,0,0,1,1,0,0,0,28,0,0,0,0,0,0,1,0,0,48,0,0,0,0,0,0,0,0,0,58,0,['junit'],java-maven,150697,60341,400.413,0,0,0,0,1,0.0135458,0.844003,0.0,1.0,25,1,1,0,0,1,0,1
45934,9336348626,19937094,CodeQL,master,47052322c06b385c5086afc7e749489303849d4f,.github/workflows/codeql-analysis.yml,success,3605584,chrjohn,122,3,0.0,1.0,,schedule,809,0,813.0,1,success,1,f2a76fcfb4275b10f6dc84906ee39e0bd72fcb42,1,1,1,0,0,1,2,1,0,0,0,0,0,0,0,0,0,0,0,0,0,0,0,0,0,0,0,0,48,0,0,0,0,0,0,0,0,0,58,0,['junit'],java-maven,150697,60341,400.413,0,0,0,0,1,0.000796813,0.982072,0.0,1.0,7,1,1,0,0,0,0,1
45935,7778290030,19937094,CodeQL,dependabot/github_actions/al-cheb/configure-pagefile-action-1.4,90730abed8e4888636b8b665b4fa81da645431fc,.github/workflows/codeql-analysis.yml,success,3605584,dependabot[bot],118,5,0.0,1.0,,pull_request,528,0,762.0,1,success,1,f0570961e3a9d76161ea54dc685e117187f4128e,1,1,1,0,0,0,0,1,0,0,0,0,0,0,0,0,0,0,0,0,0,0,0,0,0,0,0,0,48,0,0,0,0,0,1,0,0,0,58,0,['junit'],java-maven,150361,60030,399.239,0,0,0,0,1,0.00557769,0.848606,0.0,1.0,0,1,1,0,0,0,0,0
45936,8608837974,19937094,Java CI,dependabot/maven/commons-io-commons-io-2.16.1,c8b139995f3162982d23ae5ebead6c21c093b5ea,.github/workflows/maven.yml,success,3071532,dependabot[bot],122,6,0.0,0.0,,push,328,0,789.0,0,success,1,9e843b097e911ed009b06fe27f1564e615a71680,1,1,1,0,0,1,2,1,0,0,0,0,0,0,0,0,0,0,0,0,0,0,0,0,0,0,0,0,48,0,0,0,0,0,0,0,0,0,53,0,['junit'],java-maven,150697,60341,400.413,31896,0,0,31896,1,0.0,1.0,0.0,1.0,0,1,9,0,0,0,0,0
45937,7400775368,19937094,Java CI,use-session-log,d94796e0e52eb87180a0d2a137d7221e250847b0,.github/workflows/maven.yml,success,3071532,chrjohn,118,6,0.0,5.0,{'fix'},pull_request,48,0,746.0,1,success,5,89acf0cf725dfe32d139581f57baa1ba374f2c33,51,629,1161,1,1,29,723,5,1053,1,1,0,3,43,46,14,22,36,427,7,7,14,5,29,34,1,1,0,48,0,4,306,747,0,1,97,0,0,53,0,['junit'],java-maven,150412,60051,399.243,31698,0,0,31698,1,0.0207171,0.871952,0.00318725,0.899602,47,1,9,0,0,0,0,0
45938,7786387245,19937094,pages build and deployment,master,8e25819914498cee8568a68d9909f02f59b2aab2,dynamic/pages/pages-build-deployment,success,22589472,chrjohn,118,5,0.0,1.0,,dynamic,700,0,763.0,1,success,1,253ac1ac4ae00f4dd5d98ad7e647c2f21b1415f7,1,1,1,0,0,1,2,1,0,0,0,0,0,0,0,0,0,0,0,0,0,0,0,0,0,0,0,0,48,0,0,0,0,0,0,0,0,0,1,0,['junit'],java-maven,150361,60030,399.239,0,0,0,0,0,0.00557769,0.935034,0.0,1.0,9,1,3,0,0,0,0,1
45939,7888853104,19937094,pages build and deployment,master,b18003e10694c4a9bc94c69399f92a48e2d3073c,dynamic/pages/pages-build-deployment,success,22589472,chrjohn,120,5,0.0,3.0,"{'chore', 'fix', 'perf'}",dynamic,67,0,283.0,1,success,3,9f8fb4b6ce7b022db6f6c0e037fc0d87dedcabeb,11,199,7,0,1,10,83,1,123,0,0,1,0,11,12,8,0,8,161,3,0,3,13,0,13,1,1,0,48,1,0,122,1,0,0,1,0,0,1,0,['junit'],java-maven,150628,60294,400.284,0,0,0,0,0,0.0119522,0.828866,0.0119522,0.710389,21,1,3,0,0,1,0,1
45940,9145387223,19937094,Java CI,master,e43da5db020d9c566b620389a7fe3506582a35c7,.github/workflows/maven.yml,success,3071532,chrjohn,122,3,0.0,1.0,,schedule,399,0,807.0,1,success,1,3d17b842bd00a2e11d1d9445978085fda0ad4018,2,2,2,0,0,2,4,1,0,0,1,0,0,0,0,0,0,0,0,0,0,0,0,0,0,0,0,0,48,0,0,0,0,0,0,0,0,0,53,0,['junit'],java-maven,150697,60341,400.413,31896,0,0,31896,1,0.0143426,0.867477,0.0,1.0,14,1,9,0,0,0,0,1
45941,7469024980,19937094,Java CI,dependabot/maven/maven-surefire-plugin-version-3.2.5,412776fa9d0c060b51f6d195cbe7c7e5d186b758,.github/workflows/maven.yml,success,3071532,dependabot[bot],118,6,0.0,0.0,,push,525,0,754.0,0,success,1,f532e1ffeb8dc23fac5ffd3b0cf99cc6c03eccd5,1,1,1,0,0,1,2,1,0,0,0,0,0,0,0,0,0,0,0,0,0,0,0,0,0,0,0,0,48,0,0,0,0,0,0,0,0,0,53,0,['junit'],java-maven,150358,60030,399.247,31698,0,0,31698,1,0.0191235,0.930146,0.00717131,0.996016,0,1,9,0,0,0,0,0
45942,7911589677,19937094,Java CI,master,24d836b264a3c9824c5b0c9cbb89bfd5703ab60e,.github/workflows/maven.yml,success,3071532,chrjohn,120,5,0.0,10.0,"{'chore', 'fix'}",schedule,98,0,758.0,1,success,10,b18003e10694c4a9bc94c69399f92a48e2d3073c,9,91,20,0,1,6,56,5,51,2,1,0,0,6,6,2,0,2,106,0,0,0,5,0,5,1,1,0,48,1,0,49,2,0,1,0,0,0,53,0,['junit'],java-maven,150687,60341,400.439,31896,0,0,31896,1,0.0119522,0.838067,0.00956175,0.776892,22,1,9,0,0,1,0,1
45943,8354331488,19937094,Java CI,master,fc5901c14f56ad56af506fafc213464fa93e0f7a,.github/workflows/maven.yml,success,3071532,chrjohn,122,6,0.0,1.0,,schedule,484,0,779.0,1,success,1,d7c9fe52fabdc56f28ace4063f6ac78fe422b511,1,1,1,0,0,1,2,1,0,0,0,0,0,0,0,0,0,0,0,0,0,0,0,0,0,0,0,0,48,0,0,0,0,0,0,0,0,0,53,0,['junit'],java-maven,150697,60341,400.413,31896,0,0,31896,1,0.0,1.0,0.0,1.0,8,1,9,0,0,0,0,1
45944,8755346876,19937094,CodeQL,use-session-log,dda7ccb96efac28c2717ca8e49f2fd32d5dad522,.github/workflows/codeql-analysis.yml,success,3605584,chrjohn,122,6,0.0,12.0,{'fix'},pull_request,48,0,746.0,1,success,12,89acf0cf725dfe32d139581f57baa1ba374f2c33,37,598,682,1,0,19,588,4,682,1,1,0,2,31,33,15,4,19,370,7,4,11,6,7,13,1,1,0,48,0,2,275,407,0,1,96,0,0,58,0,['junit'],java-maven,150755,60360,400.385,0,0,0,0,1,0.0,1.0,0.0,1.0,13,1,1,0,0,0,0,0
45945,8212495507,19937094,Java CI,master,fd1926f1ac133a1c7b4558f2fca381775f743289,.github/workflows/maven.yml,success,3071532,chrjohn,121,5,0.0,1.0,,schedule,84,0,766.0,1,success,1,663fb55f5d026e6f0c6392b1676b31bd02cdd6f7,1,5,4,0,0,1,9,1,0,0,0,0,0,1,1,0,0,0,28,0,0,0,0,0,0,1,0,0,48,0,0,0,0,0,0,0,0,0,53,0,['junit'],java-maven,150697,60341,400.413,31896,0,0,31896,1,0.00159363,0.983476,0.0,1.0,8,1,9,0,0,1,0,1
45946,7984568661,19937094,CodeQL,master,663fb55f5d026e6f0c6392b1676b31bd02cdd6f7,.github/workflows/codeql-analysis.yml,success,3605584,chrjohn,121,6,0.0,1.0,,push,427,0,768.0,1,success,1,91e0911a8f813ca1dc814a9b26242ec68bf0ff61,1,1,1,0,0,1,2,1,0,0,0,0,0,0,0,0,0,0,0,0,0,0,0,0,0,0,0,0,48,0,0,0,0,0,0,0,0,0,58,0,['junit'],java-maven,150696,60341,400.415,0,0,0,0,1,0.0135458,0.8377,0.00159363,0.954183,24,1,1,0,0,0,0,1
45947,9154056760,19937094,Java CI,master,e43da5db020d9c566b620389a7fe3506582a35c7,.github/workflows/maven.yml,success,3071532,chrjohn,122,3,0.0,1.0,,schedule,399,0,807.0,0,success,1,3d17b842bd00a2e11d1d9445978085fda0ad4018,2,2,2,0,0,2,4,1,0,0,1,0,0,0,0,0,0,0,0,0,0,0,0,0,0,0,0,0,48,0,0,0,0,0,0,0,0,0,53,0,['junit'],java-maven,150697,60341,400.413,31896,0,0,31896,1,0.0143426,0.86571,0.0,1.0,14,1,9,0,0,0,0,1
45948,7771961417,19937094,Java CI,master,f0570961e3a9d76161ea54dc685e117187f4128e,.github/workflows/maven.yml,success,3071532,chrjohn,118,5,0.0,2.0,,schedule,432,0,756.0,0,success,2,e80c25b15b0ff9dbd96eac361d08e7b0ecce76ed,2,5,2,0,0,2,7,1,0,0,1,0,0,0,0,0,0,0,0,0,0,0,0,0,0,0,0,0,48,0,0,0,0,0,0,0,0,0,53,0,['junit'],java-maven,150361,60030,399.239,31698,0,0,31698,1,0.00717131,0.932736,0.0,1.0,7,1,9,0,0,0,0,1
45949,8686445564,19937094,Java CI,master,bd831341fa7e1e75be06746dfb6808cb6caa6efb,.github/workflows/maven.yml,success,3071532,chrjohn,122,6,0.0,1.0,,push,623,0,793.0,1,success,1,86dd7d1ce256dcf4050c821a68f6f690d00283cc,1,1,1,0,0,1,2,1,0,0,0,0,0,0,0,0,0,0,0,0,0,0,0,0,0,0,0,0,48,0,0,0,0,0,0,0,0,0,53,0,['junit'],java-maven,150697,60341,400.413,31896,0,0,31896,1,0.0,1.0,0.0,1.0,11,1,9,0,0,0,0,1
45950,7683715251,19937094,Java CI,master,f0570961e3a9d76161ea54dc685e117187f4128e,.github/workflows/maven.yml,success,3071532,chrjohn,118,6,0.0,2.0,,schedule,432,0,756.0,1,success,2,e80c25b15b0ff9dbd96eac361d08e7b0ecce76ed,2,5,2,0,0,2,7,1,0,0,1,0,0,0,0,0,0,0,0,0,0,0,0,0,0,0,0,0,48,0,0,0,0,0,0,0,0,0,53,0,['junit'],java-maven,150361,60030,399.239,31698,0,0,31698,1,0.012749,0.881035,0.0,1.0,21,1,9,0,0,0,0,1
45951,9386487132,19937094,CodeQL,master,6491cc7b3a929633cc116419cd4b4ddd5e034329,.github/workflows/codeql-analysis.yml,success,3605584,chrjohn,122,3,0.0,1.0,,push,389,0,816.0,1,success,1,356fef03681d14ece808750369695592177947c1,1,1,1,0,0,1,2,1,0,0,0,0,0,0,0,0,0,0,0,0,0,0,0,0,0,0,0,0,48,0,0,0,0,0,0,0,0,0,58,0,['junit'],java-maven,150697,60341,400.413,0,0,0,0,1,0.000796813,0.984064,0.0,1.0,10,1,1,0,0,0,0,1
45952,8228336476,19937094,pages build and deployment,master,908343eca0c1896de9828ca4625c5917dbf4e298,dynamic/pages/pages-build-deployment,success,22589472,chrjohn,121,5,0.0,1.0,,dynamic,413,0,770.0,1,success,1,fd1926f1ac133a1c7b4558f2fca381775f743289,1,1,1,0,0,1,2,1,0,0,0,0,0,0,0,0,0,0,0,0,0,0,0,0,0,0,0,0,48,0,0,0,0,0,0,0,0,0,1,0,['junit'],java-maven,150697,60341,400.413,0,0,0,0,0,0.00159363,0.984001,0.0,1.0,9,1,3,0,0,0,0,1
45953,8569095487,19937094,Java CI,master,9e843b097e911ed009b06fe27f1564e615a71680,.github/workflows/maven.yml,success,3071532,chrjohn,122,6,0.0,1.0,,push,445,0,787.0,1,success,1,e1819af0c026123d7b00ae0ce8cd0f8b8bd96438,2,2,2,0,0,2,4,1,0,0,1,0,0,0,0,0,0,0,0,0,0,0,0,0,0,0,0,0,48,0,0,0,0,0,0,0,0,0,53,0,['junit'],java-maven,150697,60341,400.413,31896,0,0,31896,1,0.0,1.0,0.0,1.0,13,1,9,0,0,0,0,1
45954,9247698685,19937094,Java CI,dependabot/maven/org.apache.maven-maven-plugin-api-3.9.7,46fab9b25829d87c53878e080d76eb0450ee7dd1,.github/workflows/maven.yml,success,3071532,dependabot[bot],122,3,0.0,1.0,,pull_request,425,0,810.0,1,success,1,351154aafff927670ede9560579b0ffcbba4fc5b,1,1,1,0,0,1,2,1,0,0,0,0,0,0,0,0,0,0,0,0,0,0,0,0,0,0,0,0,48,0,0,0,0,0,0,0,0,0,53,0,['junit'],java-maven,150697,60341,400.413,31896,0,0,31896,1,0.00796813,0.844622,0.000796813,0.999715,0,1,9,0,0,0,0,0
45955,8313274172,19937094,Java CI,master,d7c9fe52fabdc56f28ace4063f6ac78fe422b511,.github/workflows/maven.yml,success,3071532,chrjohn,122,6,0.0,2.0,"{'chore', 'fix'}",schedule,51,0,775.0,1,success,2,529761ef170ba8458b0dd780dfbe750fa30a3f0d,1,1,1,0,0,1,2,1,0,0,0,0,0,1,1,0,0,0,86,0,0,0,0,0,0,1,0,0,48,0,0,0,0,0,0,0,0,0,53,0,['junit'],java-maven,150697,60341,400.413,31896,0,0,31896,1,0.000796813,0.98269,0.0,1.0,7,1,9,0,0,1,0,1
45956,7484718549,19937094,Java CI,master,e73b2e28ed2943f089eceaee409c2f83622353d9,.github/workflows/maven.yml,failure,3071532,chrjohn,118,6,0.0,1.0,,schedule,525,0,754.0,0,success,1,f532e1ffeb8dc23fac5ffd3b0cf99cc6c03eccd5,1,1,1,0,0,1,2,1,0,0,0,0,0,0,0,0,0,0,0,0,0,0,0,0,0,0,0,0,48,0,0,0,0,0,0,0,0,0,53,0,['junit'],java-maven,150358,60030,399.247,29780,4,0,29784,1,0.0207171,0.87514,0.00876494,0.84503,43,1,9,0,0,0,0,1
45957,7859971647,19937094,Java CI,master,25bbd8a35edd7d5943634ea255063fbece9d4c6b,.github/workflows/maven.yml,success,3071532,chrjohn,118,5,0.0,1.0,{'fix'},schedule,117,0,765.0,1,success,1,ef1b9f4c5ea394865bb571e279911d56058423d3,2,2,1,0,0,0,0,1,3,0,0,0,0,2,2,0,0,0,13,0,0,0,0,0,0,0,1,0,48,0,0,2,1,0,0,0,0,0,53,0,['junit'],java-maven,150437,60127,399.682,31716,0,0,31716,1,0.0119522,0.80937,0.0119522,0.726186,17,1,9,0,0,1,0,1
45958,8569095376,19937094,pages build and deployment,master,9e843b097e911ed009b06fe27f1564e615a71680,dynamic/pages/pages-build-deployment,success,22589472,chrjohn,122,6,0.0,1.0,,push,445,0,787.0,1,success,1,e1819af0c026123d7b00ae0ce8cd0f8b8bd96438,2,2,2,0,0,2,4,1,0,0,1,0,0,0,0,0,0,0,0,0,0,0,0,0,0,0,0,0,48,0,0,0,0,0,0,0,0,0,58,0,['junit'],java-maven,150697,60341,400.413,0,0,0,0,1,0.0,1.0,0.0,1.0,13,1,1,0,0,0,0,1
45959,7986737570,19937094,pages build and deployment,master,fd1926f1ac133a1c7b4558f2fca381775f743289,dynamic/pages/pages-build-deployment,success,22589472,chrjohn,121,6,0.0,1.0,,dynamic,84,0,766.0,1,success,1,663fb55f5d026e6f0c6392b1676b31bd02cdd6f7,1,5,4,0,0,1,9,1,0,0,0,0,0,1,1,0,0,0,28,0,0,0,0,0,0,1,0,0,48,0,0,0,0,0,0,0,0,0,1,0,['junit'],java-maven,150697,60341,400.413,0,0,0,0,0,0.0135458,0.839323,0.00159363,0.956175,25,1,3,0,0,1,0,1
45960,7968953690,19937094,Java CI,master,91e0911a8f813ca1dc814a9b26242ec68bf0ff61,.github/workflows/maven.yml,failure,3071532,chrjohn,121,6,0.0,1.0,,schedule,32,0,767.0,1,success,1,24d836b264a3c9824c5b0c9cbb89bfd5703ab60e,1,15,3,0,0,1,18,1,0,0,0,0,0,1,1,3,0,3,1,0,0,0,0,0,0,1,0,0,48,0,0,0,0,0,0,0,0,0,53,0,['junit'],java-maven,150696,60341,400.415,30935,2,0,30937,1,0.0135458,0.834353,0.00159363,0.967485,23,1,9,0,0,1,0,1
45961,7346747989,19937094,Java CI,QFJ-271_enhancement_prioritize_resend_responses_if_configured,318e2f9cfa74aa05b7ea7ee3b0900d4e69a83b5f,.github/workflows/maven.yml,success,3071532,chrjohn,111,1,,,,pull_request,0,0,,1,success,0,,0,0,0,0,0,0,0,0,0,0,0,0,0,0,0,0,0,0,0,0,0,0,0,0,0,0,0,0,11,0,0,0,0,0,0,0,0,0,29,0,['junit'],java-maven,131814,43339,328.789,31734,0,0,31734,1,0.0621514,0.869323,0.00478088,0.925483,120,1,9,0,0,1,0,0
45962,7388621178,19937094,CodeQL,use-session-log,441ee5984f91a057eae07e0e385fd66d72cf731e,.github/workflows/codeql-analysis.yml,success,3605584,chrjohn,118,6,0.0,4.0,{'fix'},pull_request,48,0,746.0,1,success,4,89acf0cf725dfe32d139581f57baa1ba374f2c33,49,607,1154,1,1,28,713,5,1034,1,1,0,3,41,44,14,22,36,426,6,6,12,1,27,28,1,1,0,48,0,4,288,746,0,1,93,0,0,58,0,['junit'],java-maven,150398,60034,399.168,0,0,0,0,1,0.0247012,0.883801,0.00159363,0.940942,61,1,1,0,0,1,0,0
45963,7376220842,19937094,pages build and deployment,master,50d004661424eb3d1d07fe78a90cb91d85946c29,dynamic/pages/pages-build-deployment,success,22589472,chrjohn,118,6,0.0,1.0,,dynamic,403,0,744.0,1,success,1,644820ee3c64a3eb76428149b42514f1ae21495c,2,2,2,0,0,2,4,1,0,0,1,0,0,0,0,0,0,0,0,0,0,0,0,0,0,0,0,0,48,0,0,0,0,0,0,0,0,0,1,0,['junit'],java-maven,150358,60030,399.247,0,0,0,0,0,0.0398406,0.878726,0.00159363,0.947159,88,1,3,0,0,1,0,1
45964,7751879404,19937094,Java CI,master,f0570961e3a9d76161ea54dc685e117187f4128e,.github/workflows/maven.yml,success,3071532,chrjohn,118,5,0.0,2.0,,schedule,432,0,756.0,1,success,2,e80c25b15b0ff9dbd96eac361d08e7b0ecce76ed,2,5,2,0,0,2,7,1,0,0,1,0,0,0,0,0,0,0,0,0,0,0,0,0,0,0,0,0,48,0,0,0,0,0,0,0,0,0,53,0,['junit'],java-maven,150361,60030,399.239,31698,0,0,31698,1,0.0111554,0.870632,0.0,1.0,10,1,9,0,0,0,0,1
45965,7431391354,19937094,Java CI,use-session-log,754b78323223a0f38d86967affd492a566084453,.github/workflows/maven.yml,success,3071532,chrjohn,118,6,0.0,1.0,,push,48,0,746.0,1,success,1,70d6e19b7c888fdaa354835d28373cd0c132b7f4,1,0,2,0,1,0,0,1,2,0,0,0,0,1,1,0,0,0,0,0,0,0,0,0,0,0,1,0,48,0,0,0,2,0,0,2,0,0,53,0,['junit'],java-maven,150416,60049,399.22,31698,0,0,31698,1,0.0183267,0.859389,0.00557769,0.836561,45,1,9,0,0,1,0,0
45966,8777292885,19937094,Java CI,dependabot/maven/org.apache.maven.plugins-maven-gpg-plugin-3.2.4,9cacae3fc3e9dcea0cba0f62f139dab252d14575,.github/workflows/maven.yml,success,3071532,dependabot[bot],122,6,0.0,1.0,,pull_request,439,0,798.0,1,success,1,bb2b919b8d4f286311e05cc418dff53f9ed517e1,1,1,1,0,0,1,2,1,0,0,0,0,0,0,0,0,0,0,0,0,0,0,0,0,0,0,0,0,48,0,0,0,0,0,0,0,0,0,53,0,['junit'],java-maven,150697,60341,400.413,31896,0,0,31896,1,0.0,1.0,0.0,1.0,0,1,9,0,0,0,0,0
45967,9330645660,19937094,Java CI,master,47052322c06b385c5086afc7e749489303849d4f,.github/workflows/maven.yml,success,3071532,chrjohn,122,3,0.0,1.0,,push,809,0,813.0,1,success,1,f2a76fcfb4275b10f6dc84906ee39e0bd72fcb42,1,1,1,0,0,1,2,1,0,0,0,0,0,0,0,0,0,0,0,0,0,0,0,0,0,0,0,0,48,0,0,0,0,0,0,0,0,0,53,0,['junit'],java-maven,150697,60341,400.413,31896,0,0,31896,1,0.000796813,0.984788,0.0,1.0,11,1,9,0,0,0,0,1
45968,9434307717,19937094,Java CI,master,32a3f8da5b7e62f41ca5b1707ec3f5e86ed4066a,.github/workflows/maven.yml,success,3071532,chrjohn,122,3,0.0,1.0,,schedule,328,0,812.0,1,success,1,6491cc7b3a929633cc116419cd4b4ddd5e034329,1,1,1,0,0,1,2,1,0,0,0,0,0,0,0,0,0,0,0,0,0,0,0,0,0,0,0,0,48,0,0,0,0,0,0,0,0,0,53,0,['junit'],java-maven,150697,60341,400.413,31896,0,0,31896,1,0.000796813,0.985015,0.0,1.0,11,1,9,0,0,0,0,1
45969,8490251494,19937094,CodeQL,master,130d13ac76d7f23529da2ffa15185ed91d64afbd,.github/workflows/codeql-analysis.yml,success,3605584,chrjohn,122,6,0.0,1.0,,push,328,0,783.0,1,success,1,ef1fe04c33d567b19f456f32bc548dc1577382d7,1,1,1,0,0,1,2,1,0,0,0,0,0,0,0,0,0,0,0,0,0,0,0,0,0,0,0,0,48,0,0,0,0,0,0,0,0,0,58,0,['junit'],java-maven,150697,60341,400.413,0,0,0,0,1,0.0,1.0,0.0,1.0,8,1,1,0,0,0,0,1
45970,8967426469,19937094,CodeQL,master,3d17b842bd00a2e11d1d9445978085fda0ad4018,.github/workflows/codeql-analysis.yml,success,3605584,chrjohn,122,5,0.0,1.0,,push,399,0,806.0,1,success,1,6da77937109b441e2e5b696ab0fbc02748156df2,1,1,1,0,0,1,2,1,0,0,0,0,0,0,0,0,0,0,0,0,0,0,0,0,0,0,0,0,48,0,0,0,0,0,0,0,0,0,58,0,['junit'],java-maven,150697,60341,400.413,0,0,0,0,1,0.0143426,0.885549,0.0063745,0.906236,19,1,1,0,0,0,0,1
45971,8613253346,19937094,pages build and deployment,master,78967ae1678fb77dac66f7163188579f59e60c40,dynamic/pages/pages-build-deployment,success,22589472,chrjohn,122,6,0.0,1.0,,push,328,0,789.0,1,success,1,9e843b097e911ed009b06fe27f1564e615a71680,1,1,1,0,0,1,2,1,0,0,0,0,0,0,0,0,0,0,0,0,0,0,0,0,0,0,0,0,48,0,0,0,0,0,0,0,0,0,58,0,['junit'],java-maven,150697,60341,400.413,0,0,0,0,1,0.0,1.0,0.0,1.0,11,1,1,0,0,0,0,1
45972,7436330281,19937094,Java CI,master,50d004661424eb3d1d07fe78a90cb91d85946c29,.github/workflows/maven.yml,success,3071532,chrjohn,118,6,0.0,1.0,,schedule,403,0,744.0,1,success,1,644820ee3c64a3eb76428149b42514f1ae21495c,2,2,2,0,0,2,4,1,0,0,1,0,0,0,0,0,0,0,0,0,0,0,0,0,0,0,0,0,48,0,0,0,0,0,0,0,0,0,53,0,['junit'],java-maven,150358,60030,399.247,31698,0,0,31698,1,0.0183267,0.86032,0.00557769,0.84722,44,1,9,0,0,1,0,1
45973,8035835955,19937094,Java CI,master,fd1926f1ac133a1c7b4558f2fca381775f743289,.github/workflows/maven.yml,success,3071532,chrjohn,121,6,0.0,1.0,,schedule,84,0,766.0,1,success,1,663fb55f5d026e6f0c6392b1676b31bd02cdd6f7,1,5,4,0,0,1,9,1,0,0,0,0,0,1,1,0,0,0,28,0,0,0,0,0,0,1,0,0,48,0,0,0,0,0,0,0,0,0,53,0,['junit'],java-maven,150697,60341,400.413,31896,0,0,31896,1,0.0135458,0.842473,0.000796813,0.949801,25,1,9,0,0,1,0,1
45974,7830382862,19937094,CodeQL,defaultapplverid-range,49f3957fb2ea1ce4e8b47a983bc0da76667a9640,.github/workflows/codeql-analysis.yml,success,3605584,chrjohn,118,5,0.0,5.0,{'fix'},pull_request,98,0,758.0,1,failure,5,25bbd8a35edd7d5943634ea255063fbece9d4c6b,12,119,149,0,1,7,70,4,196,1,1,0,0,9,9,2,2,4,122,0,0,0,6,3,9,1,1,0,48,1,0,73,123,0,1,0,0,0,58,0,['junit'],java-maven,150416,60077,399.406,0,0,0,0,1,0.0063745,0.894317,0.00398406,0.864326,15,1,1,0,0,1,0,0
45975,7843460447,19937094,Java CI,defaultapplverid-range,3e76eef596825ad73f97963170c6c316ea51c947,.github/workflows/maven.yml,failure,3071532,chrjohn,118,5,0.0,1.0,,push,98,0,758.0,1,success,1,cb87fe563f86d7cec207b86fe209e3e077caede3,1,1,0,0,0,1,1,1,0,0,0,0,0,0,0,0,0,0,0,0,0,0,0,0,0,0,0,0,48,0,0,0,0,0,0,0,0,0,53,0,['junit'],java-maven,150417,60077,399.403,31746,0,0,31752,1,0.0119522,0.811753,0.0119522,0.698805,18,1,9,0,0,0,0,0
45976,7691669710,19937094,Java CI,master,f0570961e3a9d76161ea54dc685e117187f4128e,.github/workflows/maven.yml,success,3071532,chrjohn,118,6,0.0,2.0,,schedule,432,0,756.0,1,success,2,e80c25b15b0ff9dbd96eac361d08e7b0ecce76ed,2,5,2,0,0,2,7,1,0,0,1,0,0,0,0,0,0,0,0,0,0,0,0,0,0,0,0,0,48,0,0,0,0,0,0,0,0,0,53,0,['junit'],java-maven,150361,60030,399.239,31698,0,0,31698,1,0.012749,0.879742,0.0,1.0,21,1,9,0,0,0,0,1
45977,8563658937,19937094,Java CI,dependabot/maven/org.apache.maven.plugins-maven-source-plugin-3.3.1,0fb52117a68fe6a86927a5148ad45d7659ac251f,.github/workflows/maven.yml,success,3071532,dependabot[bot],122,6,0.0,1.0,,pull_request,419,0,788.0,1,success,1,8c6ac1a1e5fd50ac71b447a5fd05a248fec02dca,1,1,1,0,0,1,2,1,0,0,0,0,0,0,0,0,0,0,0,0,0,0,0,0,0,0,0,0,48,0,0,0,0,0,0,0,0,0,53,0,['junit'],java-maven,150697,60341,400.413,31896,0,0,31896,1,0.0,1.0,0.0,1.0,0,1,9,0,0,0,0,0
45978,8950990042,19937094,Java CI,master,436d61083382e6c1de978bb833fa8f3ca0d69d78,.github/workflows/maven.yml,success,3071532,chrjohn,122,5,0.0,1.0,,push,512,0,803.0,1,success,1,7ec9961611f41de3e66863cb21f6982bfa929fe1,1,1,1,0,0,1,2,1,0,0,0,0,0,0,0,0,0,0,0,0,0,0,0,0,0,0,0,0,48,0,0,0,0,0,0,0,0,0,53,0,['junit'],java-maven,150697,60341,400.413,31896,0,0,31896,1,0.0143426,0.870875,0.00796813,0.816975,15,1,9,0,0,0,0,1
45979,7943549887,19937094,pages build and deployment,master,91e0911a8f813ca1dc814a9b26242ec68bf0ff61,dynamic/pages/pages-build-deployment,success,22589472,chrjohn,121,6,0.0,1.0,,dynamic,32,0,767.0,1,success,1,24d836b264a3c9824c5b0c9cbb89bfd5703ab60e,1,15,3,0,0,1,18,1,0,0,0,0,0,1,1,3,0,3,1,0,0,0,0,0,0,1,0,0,48,0,0,0,0,0,0,0,0,0,1,0,['junit'],java-maven,150696,60341,400.415,0,0,0,0,0,0.012749,0.843086,0.000796813,0.999867,23,1,3,0,0,1,0,1
45980,8887679745,19937094,CodeQL,dependabot/maven/org.apache.maven.plugins-maven-deploy-plugin-3.1.2,e655c7ba2414f8570a06cec90fed236868e519cc,.github/workflows/codeql-analysis.yml,success,3605584,dependabot[bot],122,6,0.0,1.0,,pull_request,567,0,802.0,1,failure,1,7ec9961611f41de3e66863cb21f6982bfa929fe1,2,2,2,0,0,1,2,2,0,1,1,0,0,0,0,0,0,0,0,0,0,0,0,0,0,0,0,0,48,0,0,0,0,0,1,0,0,0,58,0,['junit'],java-maven,150697,60341,400.413,0,0,0,0,1,0.00956175,0.871323,0.00956175,0.568014,0,1,1,0,0,1,0,0
45981,8683974607,19937094,Java CI,master,78967ae1678fb77dac66f7163188579f59e60c40,.github/workflows/maven.yml,success,3071532,chrjohn,122,6,0.0,1.0,,schedule,328,0,789.0,0,success,1,9e843b097e911ed009b06fe27f1564e615a71680,1,1,1,0,0,1,2,1,0,0,0,0,0,0,0,0,0,0,0,0,0,0,0,0,0,0,0,0,48,0,0,0,0,0,0,0,0,0,53,0,['junit'],java-maven,150697,60341,400.413,31896,0,0,31896,1,0.0,1.0,0.0,1.0,9,1,9,0,0,0,0,1
45982,7418413978,19937094,Java CI,master,50d004661424eb3d1d07fe78a90cb91d85946c29,.github/workflows/maven.yml,success,3071532,chrjohn,118,6,0.0,1.0,,schedule,403,0,744.0,1,success,1,644820ee3c64a3eb76428149b42514f1ae21495c,2,2,2,0,0,2,4,1,0,0,1,0,0,0,0,0,0,0,0,0,0,0,0,0,0,0,0,0,48,0,0,0,0,0,0,0,0,0,53,0,['junit'],java-maven,150358,60030,399.247,31698,0,0,31698,1,0.0167331,0.871922,0.00159363,0.954364,44,1,9,0,0,1,0,1
45983,7845433139,19937094,CodeQL,defaultapplverid-range,0276061d04d5a93b9f0a578cb21c3d6daa264c5f,.github/workflows/codeql-analysis.yml,success,3605584,chrjohn,118,5,0.0,10.0,"{'chore', 'fix'}",pull_request,98,0,758.0,1,success,10,25bbd8a35edd7d5943634ea255063fbece9d4c6b,9,91,20,0,1,6,56,5,51,2,1,0,0,6,6,2,0,2,106,0,0,0,5,0,5,1,1,0,48,1,0,49,2,0,1,0,0,0,58,0,['junit'],java-maven,150496,60174,399.838,0,0,0,0,1,0.0119522,0.816344,0.0119522,0.726186,17,1,1,0,0,0,0,0
45984,9241335272,19937094,CodeQL,master,351154aafff927670ede9560579b0ffcbba4fc5b,.github/workflows/codeql-analysis.yml,success,3605584,chrjohn,122,3,0.0,1.0,{'build'},schedule,499,0,809.0,1,success,1,a404c8e1c355fbfd95439cb1aa86b5685f543ddd,1,1,1,0,0,1,2,1,0,0,0,0,0,0,0,0,0,0,0,0,0,0,0,0,0,0,0,0,48,0,0,0,0,0,0,0,0,0,58,0,['junit'],java-maven,150697,60341,400.413,0,0,0,0,1,0.00796813,0.921561,0.000796813,0.949801,14,1,1,0,0,0,0,1
45985,9206678351,19937094,CodeQL,master,351154aafff927670ede9560579b0ffcbba4fc5b,.github/workflows/codeql-analysis.yml,success,3605584,chrjohn,122,3,0.0,1.0,{'build'},push,499,0,809.0,1,success,1,a404c8e1c355fbfd95439cb1aa86b5685f543ddd,1,1,1,0,0,1,2,1,0,0,0,0,0,0,0,0,0,0,0,0,0,0,0,0,0,0,0,0,48,0,0,0,0,0,0,0,0,0,58,0,['junit'],java-maven,150697,60341,400.413,0,0,0,0,1,0.0119522,0.880793,0.000796813,0.947159,14,1,1,0,0,0,0,1
45986,7455412194,19937094,Java CI,dependabot/maven/slf4j.version-2.0.11,2909f7644f3c19b1d8ffa90a7014cef14a0f78ec,.github/workflows/maven.yml,success,3071532,dependabot[bot],118,6,0.0,0.0,,push,317,0,753.0,0,success,1,50d004661424eb3d1d07fe78a90cb91d85946c29,1,1,1,0,0,1,2,1,0,0,0,0,0,0,0,0,0,0,0,0,0,0,0,0,0,0,0,0,48,0,0,0,0,0,0,0,0,0,53,0,['junit'],java-maven,150358,60030,399.247,31698,0,0,31698,1,0.0199203,0.922237,0.00717131,0.994024,0,1,9,0,0,0,0,0
45987,7887293585,19937094,CodeQL,optimiseSessionReset,126a1233d15a34f498f4df145a5b47c5bdefadb6,.github/workflows/codeql-analysis.yml,success,3605584,chrjohn,120,5,0.0,3.0,"{'chore', 'fix', 'perf'}",pull_request,67,0,283.0,1,success,3,9f8fb4b6ce7b022db6f6c0e037fc0d87dedcabeb,11,199,7,0,1,10,83,1,123,0,0,1,0,11,12,8,0,8,161,3,0,3,13,0,13,1,1,0,48,1,0,122,1,0,0,1,0,0,58,0,['junit'],java-maven,150628,60294,400.284,0,0,0,0,1,0.0119522,0.826899,0.0119522,0.704711,20,1,1,0,0,0,0,0
45988,8515908488,19937094,Java CI,dependabot/maven/org.apache.maven.plugins-maven-invoker-plugin-3.6.1,712836988cb683087c69541f6c2fb2ed596efd5b,.github/workflows/maven.yml,success,3071532,dependabot[bot],122,6,0.0,1.0,,pull_request,592,0,785.0,1,success,1,8c6ac1a1e5fd50ac71b447a5fd05a248fec02dca,1,1,1,0,0,1,2,1,0,0,0,0,0,0,0,0,0,0,0,0,0,0,0,0,0,0,0,0,48,0,0,0,0,0,0,0,0,0,53,0,['junit'],java-maven,150697,60341,400.413,31896,0,0,31896,1,0.0,1.0,0.0,1.0,0,1,9,0,0,0,0,0
45989,7503547812,19937094,CodeQL,defaultapplverid-range,bf8b47b328ac05443480d48f794cf84a23e5d3a2,.github/workflows/codeql-analysis.yml,success,3605584,chrjohn,118,6,0.0,1.0,{'fix'},pull_request,98,0,758.0,1,success,1,25bbd8a35edd7d5943634ea255063fbece9d4c6b,9,40,140,0,1,5,29,3,149,1,1,0,0,6,6,0,2,2,33,0,0,0,1,3,4,1,1,0,48,0,0,26,123,0,1,0,0,0,58,0,['junit'],java-maven,150358,60030,399.247,0,0,0,0,1,0.0223108,0.867223,0.0111554,0.798761,45,1,1,0,0,1,0,0
45990,8945030031,19937094,Java CI,dependabot/maven/org.apache.maven.plugins-maven-pmd-plugin-3.22.0,82973d351aa31f098092c3e15edacb8378db4855,.github/workflows/maven.yml,success,3071532,chrjohn,122,6,0.0,1.0,,pull_request,560,0,800.0,1,success,1,7ec9961611f41de3e66863cb21f6982bfa929fe1,1,1,1,0,0,1,2,1,0,0,0,0,0,0,0,0,0,0,0,0,0,0,0,0,0,0,0,0,48,0,0,0,0,0,0,0,0,0,53,0,['junit'],java-maven,150697,60341,400.413,31896,0,0,31896,1,0.0143426,0.862031,0.00876494,0.748435,13,1,9,0,0,0,0,0
45991,9157712849,19937094,pages build and deployment,master,a404c8e1c355fbfd95439cb1aa86b5685f543ddd,dynamic/pages/pages-build-deployment,success,22589472,chrjohn,122,3,0.0,1.0,,push,583,0,808.0,1,success,1,e43da5db020d9c566b620389a7fe3506582a35c7,1,1,1,0,0,1,2,1,0,0,0,0,0,0,0,0,0,0,0,0,0,0,0,0,0,0,0,0,48,0,0,0,0,0,0,0,0,0,58,0,['junit'],java-maven,150697,60341,400.413,0,0,0,0,1,0.0143426,0.862031,0.0,1.0,13,1,1,0,0,0,0,1
45992,8475985554,19937094,Java CI,dependabot/maven/commons-io-commons-io-2.16.0,42cd60cbb3e6f6880eed3fc845f6133bd4aae927,.github/workflows/maven.yml,success,3071532,dependabot[bot],122,6,0.0,0.0,,push,328,0,783.0,0,success,1,fc5901c14f56ad56af506fafc213464fa93e0f7a,1,1,1,0,0,1,2,1,0,0,0,0,0,0,0,0,0,0,0,0,0,0,0,0,0,0,0,0,48,0,0,0,0,0,0,0,0,0,53,0,['junit'],java-maven,150697,60341,400.413,31896,0,0,31896,1,0.0,1.0,0.0,1.0,0,1,9,0,0,0,0,0
45993,9369943033,19937094,CodeQL,master,bc643a34210fcd867114e0954db38f442d8252d7,.github/workflows/codeql-analysis.yml,success,3605584,chrjohn,122,3,0.0,1.0,,push,376,0,817.0,1,success,1,c1151de5fc8094bc172bf2eedda0e9ceb57619b2,1,1,1,0,0,1,2,1,0,0,0,0,0,0,0,0,0,0,0,0,0,0,0,0,0,0,0,0,48,0,0,0,0,0,0,0,0,0,58,0,['junit'],java-maven,150697,60341,400.413,0,0,0,0,1,0.000796813,0.982983,0.0,1.0,8,1,1,0,0,0,0,1
45994,8547790225,19937094,CodeQL,dependabot/maven/org.apache.maven.plugins-maven-plugin-plugin-3.12.0,ab68c2f525d0f6208ec7302792b9890feda10742,.github/workflows/codeql-analysis.yml,success,3605584,dependabot[bot],122,6,0.0,1.0,,pull_request,445,0,787.0,1,success,1,8c6ac1a1e5fd50ac71b447a5fd05a248fec02dca,2,2,2,0,0,2,4,1,0,0,1,0,0,0,0,0,0,0,0,0,0,0,0,0,0,0,0,0,48,0,0,0,0,0,0,0,0,0,58,0,['junit'],java-maven,150697,60341,400.413,0,0,0,0,1,0.0,1.0,0.0,1.0,0,1,1,0,0,0,0,0
45995,8686449696,19937094,CodeQL,master,cfa5502fa07650ce8752df97d3d0dc0c596e5b97,.github/workflows/codeql-analysis.yml,success,3605584,chrjohn,122,6,0.0,1.0,,push,539,0,791.0,1,success,1,bd831341fa7e1e75be06746dfb6808cb6caa6efb,1,1,1,0,0,1,2,1,0,0,0,0,0,0,0,0,0,0,0,0,0,0,0,0,0,0,0,0,48,0,0,0,0,0,0,0,0,0,58,0,['junit'],java-maven,150697,60341,400.413,0,0,0,0,1,0.0,1.0,0.0,1.0,12,1,1,0,0,0,0,1
45996,7860286362,19937094,CodeQL,master,25bbd8a35edd7d5943634ea255063fbece9d4c6b,.github/workflows/codeql-analysis.yml,success,3605584,chrjohn,118,5,0.0,1.0,{'fix'},schedule,117,0,765.0,1,success,1,ef1b9f4c5ea394865bb571e279911d56058423d3,2,2,1,0,0,0,0,1,3,0,0,0,0,2,2,0,0,0,13,0,0,0,0,0,0,0,1,0,48,0,0,2,1,0,0,0,0,0,58,0,['junit'],java-maven,150437,60127,399.682,0,0,0,0,1,0.0119522,0.811753,0.0119522,0.731076,17,1,1,0,0,1,0,1
45997,8843638643,19937094,Java CI,master,3366b36fdd65ec5af83d33e4a8335db4ffdcff2b,.github/workflows/maven.yml,failure,3071532,chrjohn,122,6,0.0,1.0,,schedule,439,0,798.0,0,failure,1,dcf692ca7b6bfb49df73bc41de03b4e041d5ff23,1,1,1,0,0,1,2,1,0,0,0,0,0,0,0,0,0,0,0,0,0,0,0,0,0,0,0,0,48,0,0,0,0,0,0,0,0,0,53,0,['junit'],java-maven,150697,60341,400.413,28352,0,0,28352,1,0.00557769,0.960159,0.00557769,0.855815,15,1,9,0,0,0,0,1
45998,9335983323,19937094,Java CI,master,47052322c06b385c5086afc7e749489303849d4f,.github/workflows/maven.yml,success,3071532,chrjohn,122,3,0.0,1.0,,schedule,809,0,813.0,1,success,1,f2a76fcfb4275b10f6dc84906ee39e0bd72fcb42,1,1,1,0,0,1,2,1,0,0,0,0,0,0,0,0,0,0,0,0,0,0,0,0,0,0,0,0,48,0,0,0,0,0,0,0,0,0,53,0,['junit'],java-maven,150697,60341,400.413,31896,0,0,31896,1,0.000796813,0.982386,0.0,1.0,7,1,9,0,0,0,0,1
45999,8873822559,19937094,Java CI,master,3366b36fdd65ec5af83d33e4a8335db4ffdcff2b,.github/workflows/maven.yml,failure,3071532,chrjohn,122,6,0.0,1.0,,schedule,439,0,798.0,1,success,1,dcf692ca7b6bfb49df73bc41de03b4e041d5ff23,1,1,1,0,0,1,2,1,0,0,0,0,0,0,0,0,0,0,0,0,0,0,0,0,0,0,0,0,48,0,0,0,0,0,0,0,0,0,53,0,['junit'],java-maven,150697,60341,400.413,28352,0,0,28352,1,0.00796813,0.911179,0.00796813,0.664453,12,1,9,0,0,0,0,1
46000,7490229896,19937094,pages build and deployment,master,e80c25b15b0ff9dbd96eac361d08e7b0ecce76ed,dynamic/pages/pages-build-deployment,success,22589472,chrjohn,118,6,0.0,1.0,,dynamic,432,0,757.0,1,failure,1,e73b2e28ed2943f089eceaee409c2f83622353d9,1,1,1,0,0,1,2,1,0,0,0,0,0,0,0,0,0,0,0,0,0,0,0,0,0,0,0,0,48,0,0,0,0,0,0,0,0,0,1,0,['junit'],java-maven,150358,60030,399.247,0,0,0,0,0,0.0207171,0.868251,0.00876494,0.82224,41,1,3,0,0,0,0,1
46001,7472864837,19937094,CodeQL,master,e73b2e28ed2943f089eceaee409c2f83622353d9,.github/workflows/codeql-analysis.yml,success,3605584,chrjohn,118,6,0.0,1.0,,push,525,0,754.0,1,success,1,f532e1ffeb8dc23fac5ffd3b0cf99cc6c03eccd5,1,1,1,0,0,1,2,1,0,0,0,0,0,0,0,0,0,0,0,0,0,0,0,0,0,0,0,0,48,0,0,0,0,0,0,0,0,0,58,0,['junit'],java-maven,150358,60030,399.247,0,0,0,0,1,0.0191235,0.870351,0.00717131,0.843648,44,1,1,0,0,0,0,1
46002,8700485255,19937094,Java CI,master,bb2b919b8d4f286311e05cc418dff53f9ed517e1,.github/workflows/maven.yml,success,3071532,chrjohn,122,6,0.0,1.0,,schedule,317,0,792.0,1,success,1,cfa5502fa07650ce8752df97d3d0dc0c596e5b97,1,1,1,0,0,1,2,1,0,0,0,0,0,0,0,0,0,0,0,0,0,0,0,0,0,0,0,0,48,0,0,0,0,0,0,0,0,0,53,0,['junit'],java-maven,150697,60341,400.413,31896,0,0,31896,1,0.0,1.0,0.0,1.0,13,1,9,0,0,0,0,1
46003,9475173794,19937094,Java CI,dependabot/maven/org.apache.maven.plugins-maven-pmd-plugin-3.23.0,6e6fbbf6c9b098836c9e77be934d12a7183cae15,.github/workflows/maven.yml,success,3071532,dependabot[bot],122,3,0.0,1.0,,pull_request,386,0,823.0,1,success,1,32a3f8da5b7e62f41ca5b1707ec3f5e86ed4066a,1,1,1,0,0,1,2,1,0,0,0,0,0,0,0,0,0,0,0,0,0,0,0,0,0,0,0,0,48,0,0,0,0,0,0,0,0,0,53,0,['junit'],java-maven,150697,60341,400.413,31896,0,0,31896,1,0.000796813,0.999909,0.0,1.0,0,1,9,0,0,0,0,0
46004,8547790075,19937094,Java CI,dependabot/maven/org.apache.maven.plugins-maven-plugin-plugin-3.12.0,ab68c2f525d0f6208ec7302792b9890feda10742,.github/workflows/maven.yml,success,3071532,dependabot[bot],122,6,0.0,0.0,,push,445,0,787.0,1,success,1,8c6ac1a1e5fd50ac71b447a5fd05a248fec02dca,2,2,2,0,0,2,4,1,0,0,1,0,0,0,0,0,0,0,0,0,0,0,0,0,0,0,0,0,48,0,0,0,0,0,0,0,0,0,53,0,['junit'],java-maven,150697,60341,400.413,31896,0,0,31896,1,0.0,1.0,0.0,1.0,0,1,9,0,0,0,0,0
46005,7455412334,19937094,Java CI,dependabot/maven/slf4j.version-2.0.11,2909f7644f3c19b1d8ffa90a7014cef14a0f78ec,.github/workflows/maven.yml,success,3071532,dependabot[bot],118,6,0.0,1.0,,pull_request,317,0,753.0,1,success,1,50d004661424eb3d1d07fe78a90cb91d85946c29,1,1,1,0,0,1,2,1,0,0,0,0,0,0,0,0,0,0,0,0,0,0,0,0,0,0,0,0,48,0,0,0,0,0,0,0,0,0,53,0,['junit'],java-maven,150358,60030,399.247,31698,0,0,31698,1,0.0199203,0.9276,0.00717131,0.995518,0,1,9,0,0,0,0,0
46006,8136347086,19937094,Java CI,master,fd1926f1ac133a1c7b4558f2fca381775f743289,.github/workflows/maven.yml,success,3071532,chrjohn,121,5,0.0,1.0,,schedule,84,0,766.0,1,success,1,663fb55f5d026e6f0c6392b1676b31bd02cdd6f7,1,5,4,0,0,1,9,1,0,0,0,0,0,1,1,0,0,0,28,0,0,0,0,0,0,1,0,0,48,0,0,0,0,0,0,0,0,0,53,0,['junit'],java-maven,150697,60341,400.413,31896,0,0,31896,1,0.0135458,0.842473,0.0,1.0,25,1,9,0,0,1,0,1
46007,8281662748,19937094,CodeQL,fix-npe,32e432e38cbb15ce8a62e3b92dc1ff8753797de1,.github/workflows/codeql-analysis.yml,success,3605584,chrjohn,121,5,0.0,2.0,"{'chore', 'fix'}",pull_request,51,0,775.0,0,success,2,529761ef170ba8458b0dd780dfbe750fa30a3f0d,1,1,1,0,0,1,2,1,0,0,0,0,0,1,1,0,0,0,86,0,0,0,0,0,0,1,0,0,48,0,0,0,0,0,0,0,0,0,58,0,['junit'],java-maven,150697,60341,400.413,0,0,0,0,1,0.00159363,0.982316,0.0,1.0,7,1,1,0,0,0,0,0
46008,9481864556,19937094,CodeQL,master,338e70673365a6497ab90e5b61e28a86708713fd,.github/workflows/codeql-analysis.yml,success,3605584,chrjohn,122,3,0.0,1.0,,push,386,0,823.0,1,success,1,32a3f8da5b7e62f41ca5b1707ec3f5e86ed4066a,1,1,1,0,0,1,2,1,0,0,0,0,0,0,0,0,0,0,0,0,0,0,0,0,0,0,0,0,48,0,0,0,0,0,0,0,0,0,58,0,['junit'],java-maven,150697,60341,400.413,0,0,0,0,1,0.000796813,0.985449,0.0,1.0,12,1,1,0,0,0,0,1
46009,8340246392,19937094,pages build and deployment,master,fc5901c14f56ad56af506fafc213464fa93e0f7a,dynamic/pages/pages-build-deployment,success,22589472,chrjohn,122,6,0.0,1.0,,push,484,0,779.0,1,success,1,d7c9fe52fabdc56f28ace4063f6ac78fe422b511,1,1,1,0,0,1,2,1,0,0,0,0,0,0,0,0,0,0,0,0,0,0,0,0,0,0,0,0,48,0,0,0,0,0,0,0,0,0,58,0,['junit'],java-maven,150697,60341,400.413,0,0,0,0,1,0.0,1.0,0.0,1.0,8,1,1,0,0,0,0,1
46010,8336199515,19937094,CodeQL,dependabot/maven/org.apache.maven.plugins-maven-compiler-plugin-3.13.0,924ca34716d0983c5cf391e02af100f0416d90ff,.github/workflows/codeql-analysis.yml,success,3605584,dependabot[bot],122,6,0.0,1.0,,pull_request,618,0,780.0,1,success,1,d7c9fe52fabdc56f28ace4063f6ac78fe422b511,1,1,1,0,0,1,2,1,0,0,0,0,0,0,0,0,0,0,0,0,0,0,0,0,0,0,0,0,48,0,0,0,0,0,0,0,0,0,58,0,['junit'],java-maven,150697,60341,400.413,0,0,0,0,1,0.000796813,0.999827,0.0,1.0,0,1,1,0,0,0,0,0
46011,8385992496,19937094,Java CI,master,fc5901c14f56ad56af506fafc213464fa93e0f7a,.github/workflows/maven.yml,success,3071532,chrjohn,122,6,0.0,1.0,,schedule,484,0,779.0,1,success,1,d7c9fe52fabdc56f28ace4063f6ac78fe422b511,1,1,1,0,0,1,2,1,0,0,0,0,0,0,0,0,0,0,0,0,0,0,0,0,0,0,0,0,48,0,0,0,0,0,0,0,0,0,53,0,['junit'],java-maven,150697,60341,400.413,31896,0,0,31896,1,0.0,1.0,0.0,1.0,6,1,9,0,0,0,0,1
46012,8962778479,19937094,Java CI,dependabot/maven/org.apache.maven.plugins-maven-plugin-plugin-3.13.0,873424bd181cae3cdc8d6f671976b14e1d0a2b61,.github/workflows/maven.yml,success,3071532,dependabot[bot],122,5,0.0,1.0,,pull_request,399,0,807.0,1,success,1,6da77937109b441e2e5b696ab0fbc02748156df2,2,2,2,0,0,2,4,1,0,0,1,0,0,0,0,0,0,0,0,0,0,0,0,0,0,0,0,0,48,0,0,0,0,0,0,0,0,0,53,0,['junit'],java-maven,150697,60341,400.413,31896,0,0,31896,1,0.0143426,0.816552,0.00717131,0.762597,0,1,9,0,0,0,0,0
46013,7472864608,19937094,pages build and deployment,master,e73b2e28ed2943f089eceaee409c2f83622353d9,dynamic/pages/pages-build-deployment,success,22589472,chrjohn,118,6,0.0,1.0,,dynamic,525,0,754.0,1,success,1,f532e1ffeb8dc23fac5ffd3b0cf99cc6c03eccd5,1,1,1,0,0,1,2,1,0,0,0,0,0,0,0,0,0,0,0,0,0,0,0,0,0,0,0,0,48,0,0,0,0,0,0,0,0,0,1,0,['junit'],java-maven,150358,60030,399.247,0,0,0,0,0,0.0191235,0.868656,0.00717131,0.836375,44,1,3,0,0,0,0,1
46014,7400775365,19937094,CodeQL,use-session-log,d94796e0e52eb87180a0d2a137d7221e250847b0,.github/workflows/codeql-analysis.yml,success,3605584,chrjohn,118,6,0.0,5.0,{'fix'},pull_request,48,0,746.0,1,success,5,89acf0cf725dfe32d139581f57baa1ba374f2c33,51,629,1161,1,1,29,723,5,1053,1,1,0,3,43,46,14,22,36,427,7,7,14,5,29,34,1,1,0,48,0,4,306,747,0,1,97,0,0,58,0,['junit'],java-maven,150412,60051,399.243,0,0,0,0,1,0.0207171,0.871952,0.00318725,0.899602,47,1,1,0,0,0,0,0
46015,7843460780,19937094,CodeQL,defaultapplverid-range,3e76eef596825ad73f97963170c6c316ea51c947,.github/workflows/codeql-analysis.yml,success,3605584,chrjohn,118,5,0.0,10.0,"{'chore', 'fix'}",pull_request,98,0,758.0,1,failure,10,25bbd8a35edd7d5943634ea255063fbece9d4c6b,14,124,153,0,1,8,71,5,200,2,1,0,0,9,9,2,2,4,122,0,0,0,6,3,9,1,1,0,48,1,0,75,125,0,1,0,0,0,58,0,['junit'],java-maven,150417,60077,399.403,0,0,0,0,1,0.0119522,0.816344,0.0119522,0.710389,18,1,1,0,0,0,0,0
46016,8945027729,19937094,CodeQL,dependabot/maven/org.apache.maven.plugins-maven-install-plugin-3.1.2,5008692c8e39239e3df4e6c2cd0376506fff0b2c,.github/workflows/codeql-analysis.yml,success,3605584,chrjohn,122,6,0.0,1.0,,pull_request,512,0,803.0,1,success,1,7ec9961611f41de3e66863cb21f6982bfa929fe1,1,1,1,0,0,1,2,1,0,0,0,0,0,0,0,0,0,0,0,0,0,0,0,0,0,0,0,0,48,0,0,0,0,0,0,0,0,0,58,0,['junit'],java-maven,150697,60341,400.413,0,0,0,0,1,0.0143426,0.849676,0.00876494,0.679826,11,1,1,0,0,0,0,0
46017,8962776996,19937094,CodeQL,dependabot/maven/org.apache.maven.plugin-tools-maven-plugin-annotations-3.13.0,6f138b35ed88fd0f9e964d24498130f2d0f6f2ef,.github/workflows/codeql-analysis.yml,success,3605584,dependabot[bot],122,5,0.0,1.0,,pull_request,399,0,806.0,1,success,1,6da77937109b441e2e5b696ab0fbc02748156df2,1,1,1,0,0,1,2,1,0,0,0,0,0,0,0,0,0,0,0,0,0,0,0,0,0,0,0,0,48,0,0,0,0,0,0,0,0,0,58,0,['junit'],java-maven,150697,60341,400.413,0,0,0,0,1,0.0143426,0.803129,0.00717131,0.711725,0,1,1,0,0,0,0,0
46018,8865396174,19937094,Java CI,master,3366b36fdd65ec5af83d33e4a8335db4ffdcff2b,.github/workflows/maven.yml,failure,3071532,chrjohn,122,6,0.0,1.0,,schedule,439,0,798.0,1,failure,1,dcf692ca7b6bfb49df73bc41de03b4e041d5ff23,1,1,1,0,0,1,2,1,0,0,0,0,0,0,0,0,0,0,0,0,0,0,0,0,0,0,0,0,48,0,0,0,0,0,0,0,0,0,53,0,['junit'],java-maven,150697,60341,400.413,28352,0,0,28352,1,0.00717131,0.925943,0.00717131,0.734955,12,1,9,0,0,0,0,1
46019,8586871813,19937094,CodeQL,master,9e843b097e911ed009b06fe27f1564e615a71680,.github/workflows/codeql-analysis.yml,success,3605584,chrjohn,122,6,0.0,1.0,,schedule,445,0,787.0,1,success,1,e1819af0c026123d7b00ae0ce8cd0f8b8bd96438,2,2,2,0,0,2,4,1,0,0,1,0,0,0,0,0,0,0,0,0,0,0,0,0,0,0,0,0,48,0,0,0,0,0,0,0,0,0,58,0,['junit'],java-maven,150697,60341,400.413,0,0,0,0,1,0.0,1.0,0.0,1.0,13,1,1,0,0,0,0,1
46020,7375879098,19937094,CodeQL,dependabot/maven/org.apache.maven.plugins-maven-jxr-plugin-3.3.2,3d4321470c055f5291e8f33e1f66f6b211d031aa,.github/workflows/codeql-analysis.yml,success,3605584,chrjohn,118,6,0.0,1.0,,pull_request,403,0,744.0,1,success,1,644820ee3c64a3eb76428149b42514f1ae21495c,2,2,2,0,0,2,4,1,0,0,1,0,0,0,0,0,0,0,0,0,0,0,0,0,0,0,0,0,48,0,0,0,0,0,0,0,0,0,58,0,['junit'],java-maven,150358,60030,399.247,0,0,0,0,1,0.0398406,0.877422,0.00159363,0.942629,87,1,1,0,0,0,0,0
46021,8284751544,19937094,pages build and deployment,master,d7c9fe52fabdc56f28ace4063f6ac78fe422b511,dynamic/pages/pages-build-deployment,success,22589472,chrjohn,122,6,0.0,2.0,"{'chore', 'fix'}",dynamic,51,0,775.0,1,success,2,529761ef170ba8458b0dd780dfbe750fa30a3f0d,1,1,1,0,0,1,2,1,0,0,0,0,0,1,1,0,0,0,86,0,0,0,0,0,0,1,0,0,48,0,0,0,0,0,0,0,0,0,1,0,['junit'],java-maven,150697,60341,400.413,0,0,0,0,0,0.00159363,0.982621,0.0,1.0,8,1,3,0,0,1,0,1
46022,7787996960,19937094,CodeQL,master,f470c02cfcd268e8d52415743a73dbdf2edb0d18,.github/workflows/codeql-analysis.yml,success,3605584,chrjohn,118,5,0.0,1.0,,push,73,0,761.0,1,success,1,8e25819914498cee8568a68d9909f02f59b2aab2,1,121,25,0,0,0,0,1,146,0,0,0,0,1,1,2,0,2,3,0,0,0,3,1,4,0,1,0,48,0,0,121,25,0,0,0,0,0,58,0,['junit'],java-maven,150437,60126,399.676,0,0,0,0,1,0.00557769,0.939882,0.0,1.0,10,1,1,0,0,1,0,1
46023,8407528309,19937094,CodeQL,master,fc5901c14f56ad56af506fafc213464fa93e0f7a,.github/workflows/codeql-analysis.yml,success,3605584,chrjohn,122,6,0.0,1.0,,schedule,484,0,779.0,1,success,1,d7c9fe52fabdc56f28ace4063f6ac78fe422b511,1,1,1,0,0,1,2,1,0,0,0,0,0,0,0,0,0,0,0,0,0,0,0,0,0,0,0,0,48,0,0,0,0,0,0,0,0,0,58,0,['junit'],java-maven,150697,60341,400.413,0,0,0,0,1,0.0,1.0,0.0,1.0,6,1,1,0,0,0,0,1
46024,8091534589,19937094,Java CI,master,fd1926f1ac133a1c7b4558f2fca381775f743289,.github/workflows/maven.yml,success,3071532,chrjohn,121,6,0.0,1.0,,schedule,84,0,766.0,1,success,1,663fb55f5d026e6f0c6392b1676b31bd02cdd6f7,1,5,4,0,0,1,9,1,0,0,0,0,0,1,1,0,0,0,28,0,0,0,0,0,0,1,0,0,48,0,0,0,0,0,0,0,0,0,53,0,['junit'],java-maven,150697,60341,400.413,31896,0,0,31896,1,0.0135458,0.844003,0.0,1.0,25,1,9,0,0,1,0,1
46025,9157713035,19937094,CodeQL,master,a404c8e1c355fbfd95439cb1aa86b5685f543ddd,.github/workflows/codeql-analysis.yml,success,3605584,chrjohn,122,3,0.0,1.0,,push,583,0,808.0,1,success,1,e43da5db020d9c566b620389a7fe3506582a35c7,1,1,1,0,0,1,2,1,0,0,0,0,0,0,0,0,0,0,0,0,0,0,0,0,0,0,0,0,48,0,0,0,0,0,0,0,0,0,58,0,['junit'],java-maven,150697,60341,400.413,0,0,0,0,1,0.0143426,0.862031,0.0,1.0,13,1,1,0,0,0,0,1
46026,7787996789,19937094,pages build and deployment,master,f470c02cfcd268e8d52415743a73dbdf2edb0d18,dynamic/pages/pages-build-deployment,success,22589472,chrjohn,118,5,0.0,1.0,,dynamic,73,0,761.0,1,success,1,8e25819914498cee8568a68d9909f02f59b2aab2,1,121,25,0,0,0,0,1,146,0,0,0,0,1,1,2,0,2,3,0,0,0,3,1,4,0,1,0,48,0,0,121,25,0,0,0,0,0,1,0,['junit'],java-maven,150437,60126,399.676,0,0,0,0,0,0.00557769,0.938033,0.0,1.0,10,1,3,0,0,1,0,1
46027,7943549916,19937094,Java CI,master,91e0911a8f813ca1dc814a9b26242ec68bf0ff61,.github/workflows/maven.yml,success,3071532,chrjohn,121,6,0.0,1.0,,push,32,0,767.0,1,success,1,24d836b264a3c9824c5b0c9cbb89bfd5703ab60e,1,15,3,0,0,1,18,1,0,0,0,0,0,1,1,3,0,3,1,0,0,0,0,0,0,1,0,0,48,0,0,0,0,0,0,0,0,0,53,0,['junit'],java-maven,150696,60341,400.415,31896,0,0,31896,1,0.012749,0.843086,0.000796813,0.999867,23,1,9,0,0,1,0,1
46028,8228336574,19937094,CodeQL,master,908343eca0c1896de9828ca4625c5917dbf4e298,.github/workflows/codeql-analysis.yml,success,3605584,chrjohn,121,5,0.0,1.0,,push,413,0,770.0,1,success,1,fd1926f1ac133a1c7b4558f2fca381775f743289,1,1,1,0,0,1,2,1,0,0,0,0,0,0,0,0,0,0,0,0,0,0,0,0,0,0,0,0,48,0,0,0,0,0,0,0,0,0,58,0,['junit'],java-maven,150697,60341,400.413,0,0,0,0,1,0.00159363,0.984001,0.0,1.0,9,1,1,0,0,0,0,1
46029,9152026450,19937094,CodeQL,dependabot/maven/org.codehaus.mojo-build-helper-maven-plugin-3.6.0,662da3b4924aeb2544092ae135de7b0bb9ef715a,.github/workflows/codeql-analysis.yml,success,3605584,dependabot[bot],122,3,0.0,1.0,,pull_request,583,0,808.0,1,success,1,e43da5db020d9c566b620389a7fe3506582a35c7,1,1,1,0,0,1,2,1,0,0,0,0,0,0,0,0,0,0,0,0,0,0,0,0,0,0,0,0,48,0,0,0,0,0,0,0,0,0,58,0,['junit'],java-maven,150697,60341,400.413,0,0,0,0,1,0.0143426,0.747759,0.0,1.0,0,1,1,0,0,0,0,0
46030,7843351467,19937094,CodeQL,defaultapplverid-range,cb87fe563f86d7cec207b86fe209e3e077caede3,.github/workflows/codeql-analysis.yml,success,3605584,chrjohn,118,5,0.0,9.0,"{'chore', 'fix'}",pull_request,98,0,758.0,1,failure,9,25bbd8a35edd7d5943634ea255063fbece9d4c6b,13,123,153,0,1,7,70,5,200,2,1,0,0,9,9,2,2,4,122,0,0,0,6,3,9,1,1,0,48,1,0,75,125,0,1,0,0,0,58,0,['junit'],java-maven,150416,60077,399.406,0,0,0,0,1,0.0111554,0.822079,0.0111554,0.713147,16,1,1,0,0,1,0,0
46031,7368943276,19937094,CodeQL,master,644820ee3c64a3eb76428149b42514f1ae21495c,.github/workflows/codeql-analysis.yml,success,3605584,chrjohn,118,6,0.0,1.0,,schedule,317,0,743.0,1,success,1,14c9c66fab7f729cb90ecaf096c8db15861b5052,1,1,1,0,0,1,2,1,0,0,0,0,0,0,0,0,0,0,0,0,0,0,0,0,0,0,0,0,48,0,0,0,0,0,0,0,0,0,58,0,['junit'],java-maven,150358,60030,399.247,0,0,0,0,1,0.0414343,0.874716,0.00318725,0.945515,89,1,1,0,0,0,0,1
46032,8827537629,19937094,Java CI,master,3366b36fdd65ec5af83d33e4a8335db4ffdcff2b,.github/workflows/maven.yml,failure,3071532,chrjohn,122,6,0.0,1.0,,schedule,439,0,798.0,1,failure,1,dcf692ca7b6bfb49df73bc41de03b4e041d5ff23,1,1,1,0,0,1,2,1,0,0,0,0,0,0,0,0,0,0,0,0,0,0,0,0,0,0,0,0,48,0,0,0,0,0,0,0,0,0,53,0,['junit'],java-maven,150697,60341,400.413,28352,0,0,28352,1,0.00318725,0.973819,0.00318725,0.908367,15,1,9,0,0,0,0,1
46033,7781903658,19937094,pages build and deployment,master,253ac1ac4ae00f4dd5d98ad7e647c2f21b1415f7,dynamic/pages/pages-build-deployment,success,22589472,chrjohn,118,5,0.0,1.0,,dynamic,528,0,762.0,1,success,1,f0570961e3a9d76161ea54dc685e117187f4128e,1,1,1,0,0,0,0,1,0,0,0,0,0,0,0,0,0,0,0,0,0,0,0,0,0,0,0,0,48,0,0,0,0,0,1,0,0,0,1,0,['junit'],java-maven,150361,60030,399.239,0,0,0,0,0,0.00557769,0.933969,0.0,1.0,8,1,3,0,0,1,0,1
46034,8934594061,19937094,Java CI,master,3366b36fdd65ec5af83d33e4a8335db4ffdcff2b,.github/workflows/maven.yml,failure,3071532,chrjohn,122,6,0.0,1.0,,schedule,439,0,798.0,1,failure,1,dcf692ca7b6bfb49df73bc41de03b4e041d5ff23,1,1,1,0,0,1,2,1,0,0,0,0,0,0,0,0,0,0,0,0,0,0,0,0,0,0,0,0,48,0,0,0,0,0,0,0,0,0,53,0,['junit'],java-maven,150697,60341,400.413,28352,0,0,28352,1,0.0143426,0.851887,0.00956175,0.425157,12,1,9,0,0,0,0,1
46035,8284751761,19937094,CodeQL,master,d7c9fe52fabdc56f28ace4063f6ac78fe422b511,.github/workflows/codeql-analysis.yml,success,3605584,chrjohn,122,6,0.0,2.0,"{'chore', 'fix'}",push,51,0,775.0,1,success,2,529761ef170ba8458b0dd780dfbe750fa30a3f0d,1,1,1,0,0,1,2,1,0,0,0,0,0,1,1,0,0,0,86,0,0,0,0,0,0,1,0,0,48,0,0,0,0,0,0,0,0,0,58,0,['junit'],java-maven,150697,60341,400.413,0,0,0,0,1,0.00159363,0.983201,0.0,1.0,8,1,1,0,0,1,0,1
46036,8780914378,19937094,pages build and deployment,master,3366b36fdd65ec5af83d33e4a8335db4ffdcff2b,dynamic/pages/pages-build-deployment,success,22589472,chrjohn,122,6,0.0,1.0,,push,439,0,798.0,1,success,1,dcf692ca7b6bfb49df73bc41de03b4e041d5ff23,1,1,1,0,0,1,2,1,0,0,0,0,0,0,0,0,0,0,0,0,0,0,0,0,0,0,0,0,48,0,0,0,0,0,0,0,0,0,58,0,['junit'],java-maven,150697,60341,400.413,0,0,0,0,1,0.0,1.0,0.0,1.0,15,1,1,0,0,0,0,1
46037,8945029110,19937094,Java CI,dependabot/maven/org.apache.maven.plugins-maven-deploy-plugin-3.1.2,c8091a9ed12129ea11732e3685986059536e2df9,.github/workflows/maven.yml,success,3071532,chrjohn,122,6,0.0,1.0,,pull_request,567,0,802.0,1,success,1,7ec9961611f41de3e66863cb21f6982bfa929fe1,1,1,1,0,0,1,2,1,0,0,0,0,0,0,0,0,0,0,0,0,0,0,0,0,0,0,0,0,48,0,0,0,0,0,0,0,0,0,53,0,['junit'],java-maven,150697,60341,400.413,31896,0,0,31896,1,0.0143426,0.856118,0.00876494,0.718247,12,1,9,0,0,0,0,0
46038,9311651432,19937094,CodeQL,dependabot/maven/org.apache.maven.plugins-maven-enforcer-plugin-3.5.0,d9acc3c7fc0aac96f42a1ee7b255290890c5f63c,.github/workflows/codeql-analysis.yml,success,3605584,dependabot[bot],122,3,0.0,1.0,,pull_request,809,0,813.0,1,success,1,351154aafff927670ede9560579b0ffcbba4fc5b,1,1,1,0,0,1,2,1,0,0,0,0,0,0,0,0,0,0,0,0,0,0,0,0,0,0,0,0,48,0,0,0,0,0,0,0,0,0,58,0,['junit'],java-maven,150697,60341,400.413,0,0,0,0,1,0.00159363,0.999725,0.0,1.0,0,1,1,0,0,0,0,0
46039,7490230102,19937094,Java CI,master,e80c25b15b0ff9dbd96eac361d08e7b0ecce76ed,.github/workflows/maven.yml,success,3071532,chrjohn,118,6,0.0,1.0,,push,432,0,757.0,1,success,1,e73b2e28ed2943f089eceaee409c2f83622353d9,1,1,1,0,0,1,2,1,0,0,0,0,0,0,0,0,0,0,0,0,0,0,0,0,0,0,0,0,48,0,0,0,0,0,0,0,0,0,53,0,['junit'],java-maven,150358,60030,399.247,31698,0,0,31698,1,0.0207171,0.870044,0.00876494,0.832116,41,1,9,0,0,0,0,1
46040,8671397610,19937094,Java CI,master,78967ae1678fb77dac66f7163188579f59e60c40,.github/workflows/maven.yml,success,3071532,chrjohn,122,6,0.0,1.0,,schedule,328,0,789.0,1,success,1,9e843b097e911ed009b06fe27f1564e615a71680,1,1,1,0,0,1,2,1,0,0,0,0,0,0,0,0,0,0,0,0,0,0,0,0,0,0,0,0,48,0,0,0,0,0,0,0,0,0,53,0,['junit'],java-maven,150697,60341,400.413,31896,0,0,31896,1,0.0,1.0,0.0,1.0,9,1,9,0,0,0,0,1
46041,9206678210,19937094,pages build and deployment,master,351154aafff927670ede9560579b0ffcbba4fc5b,dynamic/pages/pages-build-deployment,success,22589472,chrjohn,122,3,0.0,1.0,{'build'},push,499,0,809.0,1,success,1,a404c8e1c355fbfd95439cb1aa86b5685f543ddd,1,1,1,0,0,1,2,1,0,0,0,0,0,0,0,0,0,0,0,0,0,0,0,0,0,0,0,0,48,0,0,0,0,0,0,0,0,0,58,0,['junit'],java-maven,150697,60341,400.413,0,0,0,0,1,0.0119522,0.880793,0.000796813,0.947159,14,1,1,0,0,0,0,1
46042,9386490087,19937094,pages build and deployment,master,32a3f8da5b7e62f41ca5b1707ec3f5e86ed4066a,dynamic/pages/pages-build-deployment,success,22589472,chrjohn,122,3,0.0,1.0,,push,328,0,812.0,1,success,1,6491cc7b3a929633cc116419cd4b4ddd5e034329,1,1,1,0,0,1,2,1,0,0,0,0,0,0,0,0,0,0,0,0,0,0,0,0,0,0,0,0,48,0,0,0,0,0,0,0,0,0,58,0,['junit'],java-maven,150697,60341,400.413,0,0,0,0,1,0.000796813,0.984788,0.0,1.0,11,1,1,0,0,0,0,1
46043,9366076526,19937094,pages build and deployment,master,c1151de5fc8094bc172bf2eedda0e9ceb57619b2,dynamic/pages/pages-build-deployment,success,22589472,chrjohn,122,3,0.0,1.0,,push,376,0,814.0,1,success,1,9338f01f6a5dced31656353e4db6e63f3e19f59c,2,2,2,0,0,2,4,1,0,0,1,0,0,0,0,0,0,0,0,0,0,0,0,0,0,0,0,0,48,0,0,0,0,0,0,0,0,0,58,0,['junit'],java-maven,150697,60341,400.413,0,0,0,0,1,0.000796813,0.982072,0.0,1.0,7,1,1,0,0,0,0,1
46044,7887278998,19937094,Java CI,master,9f8fb4b6ce7b022db6f6c0e037fc0d87dedcabeb,.github/workflows/maven.yml,success,3071532,chrjohn,120,5,0.0,1.0,,push,90,0,750.0,1,success,1,25bbd8a35edd7d5943634ea255063fbece9d4c6b,2,64,0,0,0,1,18,1,46,0,0,0,0,2,2,3,0,3,32,0,0,0,1,0,1,1,1,0,48,0,0,46,0,0,0,0,0,0,53,0,['junit'],java-maven,150486,60173,399.858,31752,0,0,31752,1,0.0119522,0.822826,0.0119522,0.692658,19,1,9,0,0,1,0,1
46045,8490250422,19937094,CodeQL,master,ef1fe04c33d567b19f456f32bc548dc1577382d7,.github/workflows/codeql-analysis.yml,success,3605584,chrjohn,122,6,0.0,1.0,,push,618,0,780.0,1,success,1,fc5901c14f56ad56af506fafc213464fa93e0f7a,1,1,1,0,0,1,2,1,0,0,0,0,0,0,0,0,0,0,0,0,0,0,0,0,0,0,0,0,48,0,0,0,0,0,0,0,0,0,58,0,['junit'],java-maven,150697,60341,400.413,0,0,0,0,1,0.0,1.0,0.0,1.0,7,1,1,0,0,0,0,1
46046,8490904984,19937094,pages build and deployment,master,8c6ac1a1e5fd50ac71b447a5fd05a248fec02dca,dynamic/pages/pages-build-deployment,success,22589472,chrjohn,122,6,0.0,1.0,,push,529,0,782.0,1,success,1,130d13ac76d7f23529da2ffa15185ed91d64afbd,1,1,1,0,0,1,2,1,0,0,0,0,0,0,0,0,0,0,0,0,0,0,0,0,0,0,0,0,48,0,0,0,0,0,0,0,0,0,53,0,['junit'],java-maven,150697,60341,400.413,31896,0,0,31896,1,0.0,1.0,0.0,1.0,9,1,9,0,0,0,0,1
46047,7982617663,19937094,CodeQL,dependabot/maven/org.apache.maven.plugins-maven-shade-plugin-3.5.2,ab346e48fb78d192b828c7095225ac257412faea,.github/workflows/codeql-analysis.yml,success,3605584,dependabot[bot],121,6,0.0,1.0,,pull_request,427,0,768.0,1,success,1,91e0911a8f813ca1dc814a9b26242ec68bf0ff61,1,1,1,0,0,1,2,1,0,0,0,0,0,0,0,0,0,0,0,0,0,0,0,0,0,0,0,0,48,0,0,0,0,0,0,0,0,0,58,0,['junit'],java-maven,150696,60341,400.415,0,0,0,0,1,0.0135458,0.996016,0.00159363,0.999004,0,1,1,0,0,0,0,0
46048,8219861500,19937094,Java CI,master,fd1926f1ac133a1c7b4558f2fca381775f743289,.github/workflows/maven.yml,success,3071532,chrjohn,121,5,0.0,1.0,,schedule,84,0,766.0,1,success,1,663fb55f5d026e6f0c6392b1676b31bd02cdd6f7,1,5,4,0,0,1,9,1,0,0,0,0,0,1,1,0,0,0,28,0,0,0,0,0,0,1,0,0,48,0,0,0,0,0,0,0,0,0,53,0,['junit'],java-maven,150697,60341,400.413,31896,0,0,31896,1,0.00159363,0.983476,0.0,1.0,8,1,9,0,0,1,0,1
46049,8220199808,19937094,CodeQL,master,fd1926f1ac133a1c7b4558f2fca381775f743289,.github/workflows/codeql-analysis.yml,success,3605584,chrjohn,121,5,0.0,1.0,,schedule,84,0,766.0,1,success,1,663fb55f5d026e6f0c6392b1676b31bd02cdd6f7,1,5,4,0,0,1,9,1,0,0,0,0,0,1,1,0,0,0,28,0,0,0,0,0,0,1,0,0,48,0,0,0,0,0,0,0,0,0,58,0,['junit'],java-maven,150697,60341,400.413,0,0,0,0,1,0.00159363,0.983201,0.0,1.0,8,1,1,0,0,1,0,1
46050,9386484234,19937094,CodeQL,master,356fef03681d14ece808750369695592177947c1,.github/workflows/codeql-analysis.yml,success,3605584,chrjohn,122,3,0.0,1.0,,push,421,0,818.0,1,success,1,bc643a34210fcd867114e0954db38f442d8252d7,2,2,2,0,0,2,4,1,0,0,1,0,0,0,0,0,0,0,0,0,0,0,0,0,0,0,0,0,48,0,0,0,0,0,0,0,0,0,58,0,['junit'],java-maven,150697,60341,400.413,0,0,0,0,1,0.000796813,0.983541,0.0,1.0,9,1,1,0,0,1,0,1
46051,7362338949,19937094,Java CI,master,644820ee3c64a3eb76428149b42514f1ae21495c,.github/workflows/maven.yml,success,3071532,chrjohn,118,6,0.0,1.0,,schedule,317,0,743.0,1,success,1,14c9c66fab7f729cb90ecaf096c8db15861b5052,1,1,1,0,0,1,2,1,0,0,0,0,0,0,0,0,0,0,0,0,0,0,0,0,0,0,0,0,48,0,0,0,0,0,0,0,0,0,53,0,['junit'],java-maven,150358,60030,399.247,31698,0,0,31698,1,0.0478088,0.874645,0.00318725,0.944002,98,1,9,0,0,0,0,1
46052,7887278983,19937094,CodeQL,master,9f8fb4b6ce7b022db6f6c0e037fc0d87dedcabeb,.github/workflows/codeql-analysis.yml,success,3605584,chrjohn,119,5,0.0,1.0,,push,90,0,750.0,1,success,1,25bbd8a35edd7d5943634ea255063fbece9d4c6b,2,64,0,0,0,1,18,1,46,0,0,0,0,2,2,3,0,3,32,0,0,0,1,0,1,1,1,0,48,0,0,46,0,0,0,0,0,0,58,0,['junit'],java-maven,150486,60173,399.858,0,0,0,0,1,0.0119522,0.822826,0.0119522,0.692658,19,1,1,0,0,1,0,1
46053,8967429068,19937094,pages build and deployment,master,e43da5db020d9c566b620389a7fe3506582a35c7,dynamic/pages/pages-build-deployment,success,22589472,chrjohn,122,5,0.0,1.0,,push,399,0,807.0,1,success,1,3d17b842bd00a2e11d1d9445978085fda0ad4018,2,2,2,0,0,2,4,1,0,0,1,0,0,0,0,0,0,0,0,0,0,0,0,0,0,0,0,0,48,0,0,0,0,0,0,0,0,0,58,0,['junit'],java-maven,150697,60341,400.413,0,0,0,0,1,0.0143426,0.889322,0.0063745,0.912351,20,1,1,0,0,0,0,1
46054,9481864295,19937094,pages build and deployment,master,338e70673365a6497ab90e5b61e28a86708713fd,dynamic/pages/pages-build-deployment,success,22589472,chrjohn,122,3,0.0,1.0,,push,386,0,823.0,1,success,1,32a3f8da5b7e62f41ca5b1707ec3f5e86ed4066a,1,1,1,0,0,1,2,1,0,0,0,0,0,0,0,0,0,0,0,0,0,0,0,0,0,0,0,0,48,0,0,0,0,0,0,0,0,0,58,0,['junit'],java-maven,150697,60341,400.413,0,0,0,0,1,0.000796813,0.985449,0.0,1.0,12,1,1,0,0,0,0,1
46055,8490905072,19937094,CodeQL,master,8c6ac1a1e5fd50ac71b447a5fd05a248fec02dca,.github/workflows/codeql-analysis.yml,success,3605584,chrjohn,122,6,0.0,1.0,,push,529,0,782.0,1,success,1,130d13ac76d7f23529da2ffa15185ed91d64afbd,1,1,1,0,0,1,2,1,0,0,0,0,0,0,0,0,0,0,0,0,0,0,0,0,0,0,0,0,48,0,0,0,0,0,0,0,0,0,58,0,['junit'],java-maven,150697,60341,400.413,0,0,0,0,1,0.0,1.0,0.0,1.0,9,1,1,0,0,0,0,1
46056,7357454451,19937094,CodeQL,master,644820ee3c64a3eb76428149b42514f1ae21495c,.github/workflows/codeql-analysis.yml,success,3605584,chrjohn,118,6,0.0,1.0,,push,317,0,743.0,1,success,1,14c9c66fab7f729cb90ecaf096c8db15861b5052,1,1,1,0,0,1,2,1,0,0,0,0,0,0,0,0,0,0,0,0,0,0,0,0,0,0,0,0,48,0,0,0,0,0,0,0,0,0,58,0,['junit'],java-maven,150358,60030,399.247,0,0,0,0,1,0.0494024,0.871979,0.00318725,0.937002,100,1,1,0,0,0,0,1
46057,7396864469,19937094,CodeQL,use-session-log,28b2dcaab34346713d5b90c446e018b608676420,.github/workflows/codeql-analysis.yml,success,3605584,chrjohn,118,6,0.0,4.0,{'fix'},pull_request,48,0,746.0,1,failure,4,89acf0cf725dfe32d139581f57baa1ba374f2c33,49,607,1154,1,1,28,713,5,1034,1,1,0,3,41,44,14,22,36,426,6,6,12,1,27,28,1,1,0,48,0,4,288,746,0,1,93,0,0,58,0,['junit'],java-maven,150398,60034,399.168,0,0,0,0,1,0.0207171,0.876665,0.00318725,0.891461,48,1,1,0,0,0,0,0
46058,8338061053,19937094,CodeQL,fix-oom,e47e651ac3e7c2f6c2f729efedb20a516ccd2891,.github/workflows/codeql-analysis.yml,success,3605584,wajncn,122,6,,,,pull_request,0,0,,0,success,0,,0,0,0,0,0,0,0,0,0,0,0,0,0,0,0,0,0,0,0,0,0,0,0,0,0,0,0,0,48,0,0,0,0,0,0,0,0,0,58,0,['junit'],java-maven,150750,60404,400.69,0,0,0,0,1,0.000796813,0.999734,0.0,1.0,0,0,1,0,1,0,0,0
46059,7436627995,19937094,CodeQL,master,50d004661424eb3d1d07fe78a90cb91d85946c29,.github/workflows/codeql-analysis.yml,success,3605584,chrjohn,118,6,0.0,1.0,,schedule,403,0,744.0,1,success,1,644820ee3c64a3eb76428149b42514f1ae21495c,2,2,2,0,0,2,4,1,0,0,1,0,0,0,0,0,0,0,0,0,0,0,0,0,0,0,0,0,48,0,0,0,0,0,0,0,0,0,58,0,['junit'],java-maven,150358,60030,399.247,0,0,0,0,1,0.0183267,0.86032,0.00557769,0.84722,44,1,1,0,0,1,0,1
46060,7927742704,19937094,CodeQL,improve-remove-section-function,7d16ec4d3f8487c477652b70177fc4bdc9fdef4d,.github/workflows/codeql-analysis.yml,success,3605584,ChoiJunsik,120,5,0.0,1.0,,pull_request,84,0,766.0,1,failure,1,24d836b264a3c9824c5b0c9cbb89bfd5703ab60e,1,5,4,0,0,1,9,1,0,0,0,0,0,1,1,0,0,0,28,0,0,0,0,0,0,1,0,0,48,0,0,0,0,0,0,0,0,0,58,0,['junit'],java-maven,150688,60341,400.437,0,0,0,0,1,0.012749,0.881806,0.00478088,0.886233,1,0,1,0,0,0,0,0
46061,8336198506,19937094,CodeQL,dependabot/maven/org.apache.maven.plugins-maven-assembly-plugin-3.7.1,b85eeeed9eceeeb5903841e0452fe09d4d36e62f,.github/workflows/codeql-analysis.yml,success,3605584,dependabot[bot],122,6,0.0,1.0,,pull_request,484,0,779.0,1,success,1,d7c9fe52fabdc56f28ace4063f6ac78fe422b511,1,1,1,0,0,1,2,1,0,0,0,0,0,0,0,0,0,0,0,0,0,0,0,0,0,0,0,0,48,0,0,0,0,0,0,0,0,0,58,0,['junit'],java-maven,150697,60341,400.413,0,0,0,0,1,0.000796813,0.999801,0.0,1.0,0,1,1,0,0,0,0,0
46062,7455412336,19937094,CodeQL,dependabot/maven/slf4j.version-2.0.11,2909f7644f3c19b1d8ffa90a7014cef14a0f78ec,.github/workflows/codeql-analysis.yml,success,3605584,dependabot[bot],118,6,0.0,1.0,,pull_request,317,0,753.0,1,success,1,50d004661424eb3d1d07fe78a90cb91d85946c29,1,1,1,0,0,1,2,1,0,0,0,0,0,0,0,0,0,0,0,0,0,0,0,0,0,0,0,0,48,0,0,0,0,0,0,0,0,0,58,0,['junit'],java-maven,150358,60030,399.247,0,0,0,0,1,0.0199203,0.9276,0.00717131,0.995518,0,1,1,0,0,0,0,0
46063,9330645643,19937094,CodeQL,master,47052322c06b385c5086afc7e749489303849d4f,.github/workflows/codeql-analysis.yml,success,3605584,chrjohn,122,3,0.0,1.0,,push,809,0,813.0,1,success,1,f2a76fcfb4275b10f6dc84906ee39e0bd72fcb42,1,1,1,0,0,1,2,1,0,0,0,0,0,0,0,0,0,0,0,0,0,0,0,0,0,0,0,0,48,0,0,0,0,0,0,0,0,0,58,0,['junit'],java-maven,150697,60341,400.413,0,0,0,0,1,0.000796813,0.984554,0.0,1.0,11,1,1,0,0,0,0,1
46064,7778350518,19937094,CodeQL,dependabot/maven/junit.jupiter.version-5.10.2,f82d4f1d54bba688b17678d63dafa67331c0746d,.github/workflows/codeql-analysis.yml,success,3605584,dependabot[bot],118,5,0.0,1.0,,pull_request,700,0,763.0,1,success,1,f0570961e3a9d76161ea54dc685e117187f4128e,1,1,1,0,0,1,2,1,0,0,0,0,0,0,0,0,0,0,0,0,0,0,0,0,0,0,0,0,48,0,0,0,0,0,0,0,0,0,58,0,['junit'],java-maven,150361,60030,399.239,0,0,0,0,1,0.00557769,0.868353,0.0,1.0,0,1,1,0,0,0,0,0
46065,9330643623,19937094,pages build and deployment,master,f2a76fcfb4275b10f6dc84906ee39e0bd72fcb42,dynamic/pages/pages-build-deployment,cancelled,22589472,chrjohn,122,3,0.0,1.0,,push,727,0,811.0,1,cancelled,1,967bb88b70c73a211f26c45864c39104cbd06fcd,1,1,1,0,0,1,2,1,0,0,0,0,0,0,0,0,0,0,0,0,0,0,0,0,0,0,0,0,48,0,0,0,0,0,0,0,0,0,58,0,['junit'],java-maven,150697,60341,400.413,0,0,0,0,1,0.000796813,0.984064,0.0,1.0,10,1,1,0,0,0,0,1
46066,7412594942,19937094,CodeQL,use-session-log,7845a291dbc5beaa5eb3cc929d87017640b1c3d2,.github/workflows/codeql-analysis.yml,success,3605584,chrjohn,118,6,0.0,9.0,{'fix'},pull_request,48,0,746.0,1,success,9,89acf0cf725dfe32d139581f57baa1ba374f2c33,54,658,1184,1,1,32,775,5,1053,1,1,0,3,46,49,14,22,36,454,7,7,14,7,29,36,1,1,0,48,0,4,306,747,0,1,99,0,0,58,0,['junit'],java-maven,150416,60051,399.233,0,0,0,0,1,0.0167331,0.871056,0.00159363,0.953303,44,1,1,0,0,1,0,0
46067,8687205279,19937094,Java CI,master,bb2b919b8d4f286311e05cc418dff53f9ed517e1,.github/workflows/maven.yml,success,3071532,chrjohn,122,6,0.0,1.0,,push,317,0,792.0,1,success,1,cfa5502fa07650ce8752df97d3d0dc0c596e5b97,1,1,1,0,0,1,2,1,0,0,0,0,0,0,0,0,0,0,0,0,0,0,0,0,0,0,0,0,48,0,0,0,0,0,0,0,0,0,53,0,['junit'],java-maven,150697,60341,400.413,31896,0,0,31896,1,0.0,1.0,0.0,1.0,13,1,9,0,0,0,0,1
46068,8226453177,19937094,CodeQL,dependabot/maven/org.apache.maven.plugins-maven-assembly-plugin-3.7.0,a78619b9b9162c32aa5d0b02953fcabb6655f2cc,.github/workflows/codeql-analysis.yml,success,3605584,dependabot[bot],121,5,0.0,1.0,,pull_request,419,0,771.0,1,success,1,fd1926f1ac133a1c7b4558f2fca381775f743289,1,1,1,0,0,1,2,1,0,0,0,0,0,0,0,0,0,0,0,0,0,0,0,0,0,0,0,0,48,0,0,0,0,0,0,0,0,0,58,0,['junit'],java-maven,150697,60341,400.413,0,0,0,0,1,0.00159363,0.999431,0.0,1.0,0,1,1,0,0,0,0,0
46069,8447168637,19937094,Java CI,master,fc5901c14f56ad56af506fafc213464fa93e0f7a,.github/workflows/maven.yml,success,3071532,chrjohn,122,6,0.0,1.0,,schedule,484,0,779.0,0,success,1,d7c9fe52fabdc56f28ace4063f6ac78fe422b511,1,1,1,0,0,1,2,1,0,0,0,0,0,0,0,0,0,0,0,0,0,0,0,0,0,0,0,0,48,0,0,0,0,0,0,0,0,0,53,0,['junit'],java-maven,150697,60341,400.413,31896,0,0,31896,1,0.0,1.0,0.0,1.0,6,1,9,0,0,0,0,1
46070,8681999368,19937094,CodeQL,dependabot/maven/org.codehaus.plexus-plexus-utils-4.0.1,405de30dc070c7b434a9558c30d3b327b00efc3f,.github/workflows/codeql-analysis.yml,success,3605584,dependabot[bot],122,6,0.0,1.0,,pull_request,546,0,794.0,1,success,1,78967ae1678fb77dac66f7163188579f59e60c40,1,1,1,0,0,1,2,1,0,0,0,0,0,0,0,0,0,0,0,0,0,0,0,0,0,0,0,0,48,0,0,0,0,0,0,0,0,0,58,0,['junit'],java-maven,150697,60341,400.413,0,0,0,0,1,0.0,1.0,0.0,1.0,0,1,1,0,0,0,0,0
46071,7483021416,19937094,CodeQL,dependabot/maven/org.apache.maven.plugin-tools-maven-plugin-annotations-3.11.0,28d4587c235ee4fac6270f32c81e65c6fd86a21d,.github/workflows/codeql-analysis.yml,success,3605584,dependabot[bot],118,6,0.0,1.0,,pull_request,432,0,757.0,1,success,1,e73b2e28ed2943f089eceaee409c2f83622353d9,1,1,1,0,0,1,2,1,0,0,0,0,0,0,0,0,0,0,0,0,0,0,0,0,0,0,0,0,48,0,0,0,0,0,0,0,0,0,58,0,['junit'],java-maven,150358,60030,399.247,0,0,0,0,1,0.0199203,0.8658,0.00796813,0.821186,0,1,1,0,0,0,0,0
46072,9145745398,19937094,CodeQL,master,e43da5db020d9c566b620389a7fe3506582a35c7,.github/workflows/codeql-analysis.yml,success,3605584,chrjohn,122,3,0.0,1.0,,schedule,399,0,807.0,1,success,1,3d17b842bd00a2e11d1d9445978085fda0ad4018,2,2,2,0,0,2,4,1,0,0,1,0,0,0,0,0,0,0,0,0,0,0,0,0,0,0,0,0,48,0,0,0,0,0,0,0,0,0,58,0,['junit'],java-maven,150697,60341,400.413,0,0,0,0,1,0.0143426,0.86571,0.0,1.0,14,1,1,0,0,0,0,1
46073,7887278731,19937094,pages build and deployment,master,9f8fb4b6ce7b022db6f6c0e037fc0d87dedcabeb,dynamic/pages/pages-build-deployment,success,22589472,chrjohn,119,5,0.0,1.0,,dynamic,90,0,750.0,1,success,1,25bbd8a35edd7d5943634ea255063fbece9d4c6b,2,64,0,0,0,1,18,1,46,0,0,0,0,2,2,3,0,3,32,0,0,0,1,0,1,1,1,0,48,0,0,46,0,0,0,0,0,0,1,0,['junit'],java-maven,150486,60173,399.858,0,0,0,0,0,0.0119522,0.818557,0.0119522,0.67958,19,1,3,0,0,1,0,1
46074,7814042008,19937094,CodeQL,defaultapplverid-range,cb3d31e038a12519acda1090c0271effdeac518a,.github/workflows/codeql-analysis.yml,success,3605584,chrjohn,118,5,0.0,4.0,{'fix'},pull_request,98,0,758.0,1,failure,4,25bbd8a35edd7d5943634ea255063fbece9d4c6b,10,65,149,0,1,6,56,4,156,1,1,0,0,7,7,1,2,3,35,0,0,0,1,3,4,1,1,0,48,1,0,33,123,0,1,0,0,0,58,0,['junit'],java-maven,150370,60037,399.262,0,0,0,0,1,0.00717131,0.909913,0.00159363,0.928287,12,1,1,0,0,1,0,0
46075,8568016395,19937094,CodeQL,master,8a9614e949c5e233a26619bbf7eb37cff282e5b4,.github/workflows/codeql-analysis.yml,success,3605584,chrjohn,122,6,0.0,1.0,,push,419,0,788.0,1,success,1,8c6ac1a1e5fd50ac71b447a5fd05a248fec02dca,1,1,1,0,0,1,2,1,0,0,0,0,0,0,0,0,0,0,0,0,0,0,0,0,0,0,0,0,48,0,0,0,0,0,0,0,0,0,58,0,['junit'],java-maven,150697,60341,400.413,0,0,0,0,1,0.0,1.0,0.0,1.0,10,1,1,0,0,0,0,1
46076,8496405636,19937094,CodeQL,master,8c6ac1a1e5fd50ac71b447a5fd05a248fec02dca,.github/workflows/codeql-analysis.yml,success,3605584,chrjohn,122,6,0.0,1.0,,schedule,529,0,782.0,1,success,1,130d13ac76d7f23529da2ffa15185ed91d64afbd,1,1,1,0,0,1,2,1,0,0,0,0,0,0,0,0,0,0,0,0,0,0,0,0,0,0,0,0,48,0,0,0,0,0,0,0,0,0,58,0,['junit'],java-maven,150697,60341,400.413,0,0,0,0,1,0.0,1.0,0.0,1.0,9,1,1,0,0,0,0,1
46077,8777292248,19937094,CodeQL,dependabot/maven/org.apache.maven.plugins-maven-jar-plugin-3.4.1,5d1e3691ef459c0410eaaa2065d1a1cf3de6b191,.github/workflows/codeql-analysis.yml,success,3605584,dependabot[bot],122,6,0.0,1.0,,pull_request,433,0,797.0,1,success,1,bb2b919b8d4f286311e05cc418dff53f9ed517e1,1,1,1,0,0,1,2,1,0,0,0,0,0,0,0,0,0,0,0,0,0,0,0,0,0,0,0,0,48,0,0,0,0,0,0,0,0,0,58,0,['junit'],java-maven,150697,60341,400.413,0,0,0,0,1,0.0,1.0,0.0,1.0,0,1,1,0,0,0,0,0
46078,8515908486,19937094,CodeQL,dependabot/maven/org.apache.maven.plugins-maven-invoker-plugin-3.6.1,712836988cb683087c69541f6c2fb2ed596efd5b,.github/workflows/codeql-analysis.yml,success,3605584,dependabot[bot],122,6,0.0,1.0,,pull_request,592,0,785.0,0,success,1,8c6ac1a1e5fd50ac71b447a5fd05a248fec02dca,1,1,1,0,0,1,2,1,0,0,0,0,0,0,0,0,0,0,0,0,0,0,0,0,0,0,0,0,48,0,0,0,0,0,0,0,0,0,58,0,['junit'],java-maven,150697,60341,400.413,0,0,0,0,1,0.0,1.0,0.0,1.0,0,1,1,0,0,0,0,0
46079,9534049788,19937094,CodeQL,master,338e70673365a6497ab90e5b61e28a86708713fd,.github/workflows/codeql-analysis.yml,success,3605584,chrjohn,122,2,0.0,1.0,,schedule,386,0,823.0,1,success,1,32a3f8da5b7e62f41ca5b1707ec3f5e86ed4066a,1,1,1,0,0,1,2,1,0,0,0,0,0,0,0,0,0,0,0,0,0,0,0,0,0,0,0,0,48,0,0,0,0,0,0,0,0,0,58,0,['junit'],java-maven,150697,60341,400.413,0,0,0,0,1,0.000796813,0.985657,0.0,1.0,12,1,1,0,0,0,0,1
46080,8325385198,19937094,CodeQL,fix-oom,e0c1d9ef730b524fe11953b459bebb629823680a,.github/workflows/codeql-analysis.yml,success,3605584,wajncn,122,6,,,,pull_request,0,0,,1,success,0,,0,0,0,0,0,0,0,0,0,0,0,0,0,0,0,0,0,0,0,0,0,0,0,0,0,0,0,0,48,0,0,0,0,0,0,0,0,0,58,0,['junit'],java-maven,150702,60341,400.399,0,0,0,0,1,0.000796813,0.999694,0.0,1.0,0,0,1,0,1,1,0,0
46081,8951071625,19937094,CodeQL,master,3e9ec3055ceaa09d6600e955e93ef6070a51a430,.github/workflows/codeql-analysis.yml,success,3605584,chrjohn,122,5,0.0,1.0,,push,560,0,800.0,1,success,1,c038a92888bd4266e773878a60fdb90d955ab025,1,1,1,0,0,1,2,1,0,0,0,0,0,0,0,0,0,0,0,0,0,0,0,0,0,0,0,0,48,0,0,0,0,0,0,0,0,0,58,0,['junit'],java-maven,150697,60341,400.413,0,0,0,0,1,0.0143426,0.878654,0.00796813,0.841057,17,1,1,0,0,0,0,1
46082,7373888484,19937094,CodeQL,dependabot/maven/org.apache.maven.plugins-maven-jxr-plugin-3.3.2,3d4321470c055f5291e8f33e1f66f6b211d031aa,.github/workflows/codeql-analysis.yml,success,3605584,dependabot[bot],118,6,0.0,1.0,,pull_request,403,0,744.0,1,success,1,644820ee3c64a3eb76428149b42514f1ae21495c,2,2,2,0,0,2,4,1,0,0,1,0,0,0,0,0,0,0,0,0,0,0,0,0,0,0,0,0,48,0,0,0,0,0,0,0,0,0,58,0,['junit'],java-maven,150358,60030,399.247,0,0,0,0,1,0.0398406,0.880679,0.00318725,0.856005,0,1,1,0,0,0,0,0
46083,8945030925,19937094,CodeQL,dependabot/maven/org.apache.maven.plugins-maven-shade-plugin-3.5.3,ece32022b0ce2cb3ec776518cc392d6f33480e00,.github/workflows/codeql-analysis.yml,success,3605584,chrjohn,122,6,0.0,1.0,,pull_request,397,0,799.0,1,success,1,7ec9961611f41de3e66863cb21f6982bfa929fe1,1,1,1,0,0,1,2,1,0,0,0,0,0,0,0,0,0,0,0,0,0,0,0,0,0,0,0,0,48,0,0,0,0,0,0,0,0,0,58,0,['junit'],java-maven,150697,60341,400.413,0,0,0,0,1,0.0143426,0.867477,0.00876494,0.77278,14,1,1,0,0,0,0,0
46084,7684040083,19937094,CodeQL,master,f0570961e3a9d76161ea54dc685e117187f4128e,.github/workflows/codeql-analysis.yml,success,3605584,chrjohn,118,6,0.0,2.0,,schedule,432,0,756.0,1,success,2,e80c25b15b0ff9dbd96eac361d08e7b0ecce76ed,2,5,2,0,0,2,7,1,0,0,1,0,0,0,0,0,0,0,0,0,0,0,0,0,0,0,0,0,48,0,0,0,0,0,0,0,0,0,58,0,['junit'],java-maven,150361,60030,399.239,0,0,0,0,1,0.012749,0.881035,0.0,1.0,21,1,1,0,0,0,0,1
46085,8770806198,19937094,CodeQL,master,bb2b919b8d4f286311e05cc418dff53f9ed517e1,.github/workflows/codeql-analysis.yml,success,3605584,chrjohn,122,6,0.0,1.0,,schedule,317,0,792.0,1,success,1,cfa5502fa07650ce8752df97d3d0dc0c596e5b97,1,1,1,0,0,1,2,1,0,0,0,0,0,0,0,0,0,0,0,0,0,0,0,0,0,0,0,0,48,0,0,0,0,0,0,0,0,0,58,0,['junit'],java-maven,150697,60341,400.413,0,0,0,0,1,0.0,1.0,0.0,1.0,13,1,1,0,0,0,0,1
46086,9366076622,19937094,CodeQL,master,c1151de5fc8094bc172bf2eedda0e9ceb57619b2,.github/workflows/codeql-analysis.yml,success,3605584,chrjohn,122,3,0.0,1.0,,push,376,0,814.0,1,success,1,9338f01f6a5dced31656353e4db6e63f3e19f59c,2,2,2,0,0,2,4,1,0,0,1,0,0,0,0,0,0,0,0,0,0,0,0,0,0,0,0,0,48,0,0,0,0,0,0,0,0,0,58,0,['junit'],java-maven,150697,60341,400.413,0,0,0,0,1,0.000796813,0.982072,0.0,1.0,7,1,1,0,0,0,0,1
46087,8475985655,19937094,CodeQL,dependabot/maven/commons-io-commons-io-2.16.0,42cd60cbb3e6f6880eed3fc845f6133bd4aae927,.github/workflows/codeql-analysis.yml,success,3605584,dependabot[bot],122,6,0.0,1.0,,pull_request,328,0,783.0,1,success,1,fc5901c14f56ad56af506fafc213464fa93e0f7a,1,1,1,0,0,1,2,1,0,0,0,0,0,0,0,0,0,0,0,0,0,0,0,0,0,0,0,0,48,0,0,0,0,0,0,0,0,0,58,0,['junit'],java-maven,150697,60341,400.413,0,0,0,0,1,0.0,1.0,0.0,1.0,0,1,1,0,0,0,0,0
46088,7490230096,19937094,CodeQL,master,e80c25b15b0ff9dbd96eac361d08e7b0ecce76ed,.github/workflows/codeql-analysis.yml,success,3605584,chrjohn,118,6,0.0,1.0,,push,432,0,757.0,1,success,1,e73b2e28ed2943f089eceaee409c2f83622353d9,1,1,1,0,0,1,2,1,0,0,0,0,0,0,0,0,0,0,0,0,0,0,0,0,0,0,0,0,48,0,0,0,0,0,0,0,0,0,58,0,['junit'],java-maven,150358,60030,399.247,0,0,0,0,1,0.0207171,0.870044,0.00876494,0.832116,41,1,1,0,0,0,0,1
46089,7469025173,19937094,CodeQL,dependabot/maven/maven-surefire-plugin-version-3.2.5,412776fa9d0c060b51f6d195cbe7c7e5d186b758,.github/workflows/codeql-analysis.yml,success,3605584,dependabot[bot],118,6,0.0,1.0,,pull_request,525,0,754.0,1,success,1,f532e1ffeb8dc23fac5ffd3b0cf99cc6c03eccd5,1,1,1,0,0,1,2,1,0,0,0,0,0,0,0,0,0,0,0,0,0,0,0,0,0,0,0,0,48,0,0,0,0,0,0,0,0,0,58,0,['junit'],java-maven,150358,60030,399.247,0,0,0,0,1,0.0191235,0.934512,0.00717131,0.99674,0,1,1,0,0,0,0,0
46090,7927084923,19937094,CodeQL,improve-remove-section-function,7d16ec4d3f8487c477652b70177fc4bdc9fdef4d,.github/workflows/codeql-analysis.yml,success,3605584,ChoiJunsik,120,5,0.0,1.0,,pull_request,84,0,766.0,0,success,1,24d836b264a3c9824c5b0c9cbb89bfd5703ab60e,1,5,4,0,0,1,9,1,0,0,0,0,0,1,1,0,0,0,28,0,0,0,0,0,0,1,0,0,48,0,0,0,0,0,0,0,0,0,58,0,['junit'],java-maven,150688,60341,400.437,0,0,0,0,1,0.012749,0.848036,0.00478088,0.853728,1,0,1,0,0,0,0,0
46091,9330643686,19937094,CodeQL,master,f2a76fcfb4275b10f6dc84906ee39e0bd72fcb42,.github/workflows/codeql-analysis.yml,success,3605584,chrjohn,122,3,0.0,1.0,,push,727,0,811.0,1,cancelled,1,967bb88b70c73a211f26c45864c39104cbd06fcd,1,1,1,0,0,1,2,1,0,0,0,0,0,0,0,0,0,0,0,0,0,0,0,0,0,0,0,0,48,0,0,0,0,0,0,0,0,0,58,0,['junit'],java-maven,150697,60341,400.413,0,0,0,0,1,0.000796813,0.984064,0.0,1.0,10,1,1,0,0,0,0,1
46092,7423420677,19937094,CodeQL,use-session-log,70d6e19b7c888fdaa354835d28373cd0c132b7f4,.github/workflows/codeql-analysis.yml,success,3605584,chrjohn,118,6,0.0,11.0,{'fix'},pull_request,48,0,746.0,1,failure,11,89acf0cf725dfe32d139581f57baa1ba374f2c33,54,664,1186,1,1,32,783,5,1053,1,1,0,3,46,49,15,22,37,454,7,7,14,7,29,36,1,1,0,48,0,4,306,747,0,1,99,0,0,58,0,['junit'],java-maven,150418,60051,399.227,0,0,0,0,1,0.0207171,0.843483,0.00557769,0.840275,46,1,1,0,0,1,0,0
46093,7359097075,19937094,CodeQL,bugfix/issue-576-perf-regression,4b63804e28edc12fa6ad96fbae153b5ae312b213,.github/workflows/codeql-analysis.yml,success,3605584,chrjohn,118,6,1.0,10.0,{'fix'},pull_request,46,0,582.0,1,success,10,89acf0cf725dfe32d139581f57baa1ba374f2c33,48,842,1152,1,1,27,636,6,1344,1,1,4,3,39,46,10,22,32,421,6,6,12,43,27,70,1,1,0,48,6,4,599,745,0,1,92,0,0,58,0,['junit'],java-maven,150608,60346,400.683,0,0,0,0,1,0.0478088,0.874253,0.00318725,0.944002,98,1,1,0,0,0,0,0
46094,9049532044,19937094,CodeQL,master,e43da5db020d9c566b620389a7fe3506582a35c7,.github/workflows/codeql-analysis.yml,success,3605584,chrjohn,122,5,0.0,1.0,,schedule,399,0,807.0,1,success,1,3d17b842bd00a2e11d1d9445978085fda0ad4018,2,2,2,0,0,2,4,1,0,0,1,0,0,0,0,0,0,0,0,0,0,0,0,0,0,0,0,0,48,0,0,0,0,0,0,0,0,0,58,0,['junit'],java-maven,150697,60341,400.413,0,0,0,0,1,0.0143426,0.886835,0.0,1.0,19,1,1,0,0,0,0,1
46095,7346769838,19937094,CodeQL,QFJ-271_enhancement_prioritize_resend_responses_if_configured,051ab22496dce597cbbcc0a38e2cc44866052e99,.github/workflows/codeql-analysis.yml,success,3605584,chrjohn,111,1,,,,pull_request,0,0,,1,failure,0,,0,0,0,0,0,0,0,0,0,0,0,0,0,0,0,0,0,0,0,0,0,0,0,0,0,0,0,0,11,0,0,0,0,0,0,0,0,0,58,0,['junit'],java-maven,131814,43339,328.789,0,0,0,0,1,0.063745,0.86481,0.0063745,0.896002,119,1,1,0,0,0,0,0
46096,7842959710,19937094,CodeQL,defaultapplverid-range,7dbb1e104a38532c1fae9ae88fe73053e59c7609,.github/workflows/codeql-analysis.yml,success,3605584,chrjohn,118,5,0.0,8.0,"{'chore', 'fix'}",pull_request,98,0,758.0,1,failure,8,25bbd8a35edd7d5943634ea255063fbece9d4c6b,13,123,153,0,1,7,70,5,200,2,1,0,0,9,9,2,2,4,122,0,0,0,6,3,9,1,1,0,48,1,0,75,125,0,1,0,0,0,58,0,['junit'],java-maven,150416,60077,399.406,0,0,0,0,1,0.00956175,0.841476,0.00956175,0.738091,15,1,1,0,0,1,0,0
46097,7408743224,19937094,CodeQL,use-session-log,14683af2e2531cac8273d9f9857d822ddd8cab1c,.github/workflows/codeql-analysis.yml,success,3605584,chrjohn,118,6,0.0,8.0,{'fix'},pull_request,48,0,746.0,1,success,8,89acf0cf725dfe32d139581f57baa1ba374f2c33,52,641,1176,1,1,30,750,5,1053,1,1,0,3,44,47,14,22,36,440,7,7,14,5,29,34,1,1,0,48,0,4,306,747,0,1,99,0,0,58,0,['junit'],java-maven,150409,60051,399.251,0,0,0,0,1,0.0183267,0.876028,0.00159363,0.949801,47,1,1,0,0,1,0,0
46098,7767431158,19937094,CodeQL,ssl_mixed_sessions,7e66ea8ee11a1d9c5e60d8976895d4ed720b3db5,.github/workflows/codeql-analysis.yml,success,3605584,the-thing,118,5,0.0,1.0,,pull_request,73,0,761.0,0,success,1,f0570961e3a9d76161ea54dc685e117187f4128e,1,121,25,0,0,0,0,1,146,0,0,0,0,1,1,2,0,2,3,0,0,0,3,1,4,0,1,0,48,0,0,121,25,0,0,0,0,0,58,0,['junit'],java-maven,150437,60126,399.676,0,0,0,0,1,0.00717131,0.994878,0.0,1.0,1,0,1,0,1,0,0,0
46099,7829507732,19937094,CodeQL,master,25bbd8a35edd7d5943634ea255063fbece9d4c6b,.github/workflows/codeql-analysis.yml,success,3605584,chrjohn,118,5,0.0,1.0,{'fix'},push,117,0,765.0,1,success,1,ef1b9f4c5ea394865bb571e279911d56058423d3,2,2,1,0,0,0,0,1,3,0,0,0,0,2,2,0,0,0,13,0,0,0,0,0,0,0,1,0,48,0,0,2,1,0,0,0,0,0,58,0,['junit'],java-maven,150437,60127,399.682,0,0,0,0,1,0.00478088,0.917481,0.00239044,0.911413,14,1,1,0,0,1,0,1
46100,9247699026,19937094,CodeQL,dependabot/maven/org.apache.maven.plugins-maven-invoker-plugin-3.7.0,a68ba2b0e19af44209c0bacaf0ba9ee7e21af497,.github/workflows/codeql-analysis.yml,success,3605584,dependabot[bot],122,3,0.0,1.0,,pull_request,727,0,811.0,1,success,1,351154aafff927670ede9560579b0ffcbba4fc5b,1,1,1,0,0,1,2,1,0,0,0,0,0,0,0,0,0,0,0,0,0,0,0,0,0,0,0,0,48,0,0,0,0,0,0,0,0,0,58,0,['junit'],java-maven,150697,60341,400.413,0,0,0,0,1,0.00796813,0.860695,0.000796813,0.999766,0,1,1,0,0,0,0,0
46101,8230801613,19937094,CodeQL,master,4258963c7da8eee69797574d027a72664c736f50,.github/workflows/codeql-analysis.yml,success,3605584,chrjohn,121,5,0.0,1.0,,push,419,0,771.0,1,success,1,908343eca0c1896de9828ca4625c5917dbf4e298,1,1,1,0,0,1,2,1,0,0,0,0,0,0,0,0,0,0,0,0,0,0,0,0,0,0,0,0,48,0,0,0,0,0,0,0,0,0,58,0,['junit'],java-maven,150697,60341,400.413,0,0,0,0,1,0.00159363,0.984728,0.0,1.0,10,1,1,0,0,0,0,1
46102,8325328278,19937094,CodeQL,fix-oom,17a17745227d0f130817eb83fe4219037495a7a0,.github/workflows/codeql-analysis.yml,success,3605584,wajncn,122,6,,,,pull_request,0,0,,0,success,0,,0,0,0,0,0,0,0,0,0,0,0,0,0,0,0,0,0,0,0,0,0,0,0,0,0,0,0,0,48,0,0,0,0,0,0,0,0,0,58,0,['junit'],java-maven,150702,60341,400.399,0,0,0,0,1,0.000796813,0.999557,0.0,1.0,0,0,1,0,1,1,0,0
46103,9475173793,19937094,CodeQL,dependabot/maven/org.apache.maven.plugins-maven-pmd-plugin-3.23.0,6e6fbbf6c9b098836c9e77be934d12a7183cae15,.github/workflows/codeql-analysis.yml,success,3605584,dependabot[bot],122,3,0.0,1.0,,pull_request,386,0,823.0,0,success,1,32a3f8da5b7e62f41ca5b1707ec3f5e86ed4066a,1,1,1,0,0,1,2,1,0,0,0,0,0,0,0,0,0,0,0,0,0,0,0,0,0,0,0,0,48,0,0,0,0,0,0,0,0,0,58,0,['junit'],java-maven,150697,60341,400.413,0,0,0,0,1,0.000796813,0.999909,0.0,1.0,0,1,1,0,0,0,0,0
46104,8547789595,19937094,CodeQL,dependabot/maven/org.apache.maven.plugin-tools-maven-plugin-annotations-3.12.0,4e438665a1429905c1710da2be12c3a9486d1113,.github/workflows/codeql-analysis.yml,success,3605584,dependabot[bot],122,6,0.0,1.0,,pull_request,445,0,786.0,1,success,1,8c6ac1a1e5fd50ac71b447a5fd05a248fec02dca,1,1,1,0,0,1,2,1,0,0,0,0,0,0,0,0,0,0,0,0,0,0,0,0,0,0,0,0,48,0,0,0,0,0,0,0,0,0,58,0,['junit'],java-maven,150697,60341,400.413,0,0,0,0,1,0.0,1.0,0.0,1.0,0,1,1,0,0,0,0,0
46105,8686449475,19937094,pages build and deployment,master,cfa5502fa07650ce8752df97d3d0dc0c596e5b97,dynamic/pages/pages-build-deployment,success,22589472,chrjohn,122,6,0.0,1.0,,push,539,0,791.0,1,success,1,bd831341fa7e1e75be06746dfb6808cb6caa6efb,1,1,1,0,0,1,2,1,0,0,0,0,0,0,0,0,0,0,0,0,0,0,0,0,0,0,0,0,48,0,0,0,0,0,0,0,0,0,58,0,['junit'],java-maven,150697,60341,400.413,0,0,0,0,1,0.0,1.0,0.0,1.0,12,1,1,0,0,0,0,1
46106,8244030817,19937094,CodeQL,master,529761ef170ba8458b0dd780dfbe750fa30a3f0d,.github/workflows/codeql-analysis.yml,success,3605584,chrjohn,121,5,0.0,1.0,,push,484,0,772.0,1,success,1,4258963c7da8eee69797574d027a72664c736f50,1,1,1,0,0,1,2,1,0,0,0,0,0,0,0,0,0,0,0,0,0,0,0,0,0,0,0,0,48,0,0,0,0,0,0,0,0,0,58,0,['junit'],java-maven,150697,60341,400.413,0,0,0,0,1,0.00159363,0.985392,0.0,1.0,11,1,1,0,0,0,0,1
46107,8608838081,19937094,CodeQL,dependabot/maven/commons-io-commons-io-2.16.1,c8b139995f3162982d23ae5ebead6c21c093b5ea,.github/workflows/codeql-analysis.yml,success,3605584,dependabot[bot],122,6,0.0,1.0,,pull_request,328,0,789.0,1,success,1,9e843b097e911ed009b06fe27f1564e615a71680,1,1,1,0,0,1,2,1,0,0,0,0,0,0,0,0,0,0,0,0,0,0,0,0,0,0,0,0,48,0,0,0,0,0,0,0,0,0,58,0,['junit'],java-maven,150697,60341,400.413,0,0,0,0,1,0.0,1.0,0.0,1.0,0,1,1,0,0,0,0,0
46108,7832726947,19937094,CodeQL,defaultapplverid-range,68971aea34f44b04941490bdeacfa86bfff690c8,.github/workflows/codeql-analysis.yml,success,3605584,chrjohn,118,5,0.0,6.0,{'fix'},pull_request,98,0,758.0,1,failure,6,25bbd8a35edd7d5943634ea255063fbece9d4c6b,12,121,151,0,1,7,70,4,196,1,1,0,0,9,9,2,2,4,122,0,0,0,6,3,9,1,1,0,48,1,0,73,123,0,1,0,0,0,58,0,['junit'],java-maven,150416,60077,399.406,0,0,0,0,1,0.00557769,0.903728,0.00557769,0.824303,14,1,1,0,0,0,0,0
46109,8939995095,19937094,CodeQL,chrjohn-macos-jdk8,eba530dde9a2262200a9bfbb1db5afb383560c53,.github/workflows/codeql-analysis.yml,success,3605584,chrjohn,122,6,0.0,1.0,,pull_request,48,0,805.0,1,success,1,3366b36fdd65ec5af83d33e4a8335db4ffdcff2b,1,1,1,0,0,0,0,1,0,0,0,0,0,0,0,0,0,0,0,0,0,0,0,0,0,0,0,0,48,0,0,0,0,0,1,0,0,0,58,0,['junit'],java-maven,150697,60341,400.413,0,0,0,0,1,0.0143426,0.832138,0.00876494,0.530412,9,1,1,0,0,0,0,0
46110,9330641897,19937094,CodeQL,master,967bb88b70c73a211f26c45864c39104cbd06fcd,.github/workflows/codeql-analysis.yml,success,3605584,chrjohn,122,3,0.0,1.0,,push,425,0,810.0,1,success,1,351154aafff927670ede9560579b0ffcbba4fc5b,1,1,1,0,0,1,2,1,0,0,0,0,0,0,0,0,0,0,0,0,0,0,0,0,0,0,0,0,48,0,0,0,0,0,0,0,0,0,58,0,['junit'],java-maven,150697,60341,400.413,0,0,0,0,1,0.000796813,0.983267,0.0,1.0,9,1,1,0,0,0,0,1
46111,8569095485,19937094,CodeQL,master,9e843b097e911ed009b06fe27f1564e615a71680,.github/workflows/codeql-analysis.yml,success,3605584,chrjohn,122,6,0.0,1.0,,push,445,0,787.0,1,success,1,e1819af0c026123d7b00ae0ce8cd0f8b8bd96438,2,2,2,0,0,2,4,1,0,0,1,0,0,0,0,0,0,0,0,0,0,0,0,0,0,0,0,0,48,0,0,0,0,0,0,0,0,0,58,0,['junit'],java-maven,150697,60341,400.413,0,0,0,0,1,0.0,1.0,0.0,1.0,13,1,1,0,0,0,0,1
46112,9234234329,19937094,CodeQL,fix-oom,074f73cccc80a23977ef17d29fd8dab7a86d28fa,.github/workflows/codeql-analysis.yml,success,3605584,wajncn,122,3,,,,pull_request,0,0,,0,success,0,,0,0,0,0,0,0,0,0,0,0,0,0,0,0,0,0,0,0,0,0,0,0,0,0,0,0,0,0,48,0,0,0,0,0,0,0,0,0,58,0,['junit'],java-maven,150702,60341,400.399,0,0,0,0,1,0.00876494,0.993739,0.000796813,0.999431,0,0,1,0,1,0,0,0
46113,7832909234,19937094,CodeQL,defaultapplverid-range,59f5e115ee8ca6686d9c8b344f2dd3ff20e55ede,.github/workflows/codeql-analysis.yml,success,3605584,chrjohn,118,5,0.0,7.0,{'fix'},pull_request,98,0,758.0,1,failure,7,25bbd8a35edd7d5943634ea255063fbece9d4c6b,13,123,153,0,1,7,70,5,200,2,1,0,0,9,9,2,2,4,122,0,0,0,6,3,9,1,1,0,48,1,0,75,125,0,1,0,0,0,58,0,['junit'],java-maven,150416,60077,399.406,0,0,0,0,1,0.00717131,0.881107,0.00717131,0.789864,15,1,1,0,0,1,0,0
46114,7786387441,19937094,CodeQL,master,8e25819914498cee8568a68d9909f02f59b2aab2,.github/workflows/codeql-analysis.yml,success,3605584,chrjohn,118,5,0.0,1.0,,push,700,0,763.0,1,success,1,253ac1ac4ae00f4dd5d98ad7e647c2f21b1415f7,1,1,1,0,0,1,2,1,0,0,0,0,0,0,0,0,0,0,0,0,0,0,0,0,0,0,0,0,48,0,0,0,0,0,0,0,0,0,58,0,['junit'],java-maven,150361,60030,399.239,0,0,0,0,1,0.00557769,0.936065,0.0,1.0,9,1,1,0,0,0,0,1
46115,8242481341,19937094,CodeQL,dependabot/maven/org.apache.maven.plugins-maven-gpg-plugin-3.2.0,a05f0ef5178ab21e3e7da8211bef70edb189df1e,.github/workflows/codeql-analysis.yml,success,3605584,dependabot[bot],121,5,0.0,1.0,,pull_request,484,0,772.0,1,success,1,4258963c7da8eee69797574d027a72664c736f50,1,1,1,0,0,1,2,1,0,0,0,0,0,0,0,0,0,0,0,0,0,0,0,0,0,0,0,0,48,0,0,0,0,0,0,0,0,0,58,0,['junit'],java-maven,150697,60341,400.413,0,0,0,0,1,0.00159363,0.999531,0.0,1.0,0,1,1,0,0,0,0,0
46116,8956383379,19937094,CodeQL,master,6da77937109b441e2e5b696ab0fbc02748156df2,.github/workflows/codeql-analysis.yml,success,3605584,chrjohn,122,5,0.0,1.0,,schedule,397,0,799.0,1,success,1,3e9ec3055ceaa09d6600e955e93ef6070a51a430,1,1,1,0,0,1,2,1,0,0,0,0,0,0,0,0,0,0,0,0,0,0,0,0,0,0,0,0,48,0,0,0,0,0,0,0,0,0,58,0,['junit'],java-maven,150697,60341,400.413,0,0,0,0,1,0.0143426,0.882887,0.00717131,0.877174,18,1,1,0,0,0,0,1
46117,8945029108,19937094,CodeQL,dependabot/maven/org.apache.maven.plugins-maven-deploy-plugin-3.1.2,c8091a9ed12129ea11732e3685986059536e2df9,.github/workflows/codeql-analysis.yml,success,3605584,chrjohn,122,6,0.0,1.0,,pull_request,567,0,802.0,1,success,1,7ec9961611f41de3e66863cb21f6982bfa929fe1,1,1,1,0,0,1,2,1,0,0,0,0,0,0,0,0,0,0,0,0,0,0,0,0,0,0,0,0,48,0,0,0,0,0,0,0,0,0,58,0,['junit'],java-maven,150697,60341,400.413,0,0,0,0,1,0.0143426,0.856118,0.00876494,0.718247,12,1,1,0,0,0,0,0
46118,8950990043,19937094,CodeQL,master,436d61083382e6c1de978bb833fa8f3ca0d69d78,.github/workflows/codeql-analysis.yml,success,3605584,chrjohn,122,5,0.0,1.0,,push,512,0,803.0,1,success,1,7ec9961611f41de3e66863cb21f6982bfa929fe1,1,1,1,0,0,1,2,1,0,0,0,0,0,0,0,0,0,0,0,0,0,0,0,0,0,0,0,0,48,0,0,0,0,0,0,0,0,0,58,0,['junit'],java-maven,150697,60341,400.413,0,0,0,0,1,0.0143426,0.870875,0.00796813,0.816975,15,1,1,0,0,0,0,1
46119,7352656711,19937094,CodeQL,dependabot/maven/slf4j.version-2.0.10,c68c3f916bd9a2a061fd8e204b9ee80b020f1b79,.github/workflows/codeql-analysis.yml,success,3605584,dependabot[bot],118,6,0.0,1.0,,pull_request,317,0,743.0,1,success,1,14c9c66fab7f729cb90ecaf096c8db15861b5052,1,1,1,0,0,1,2,1,0,0,0,0,0,0,0,0,0,0,0,0,0,0,0,0,0,0,0,0,48,0,0,0,0,0,0,0,0,0,58,0,['junit'],java-maven,150358,60030,399.247,0,0,0,0,1,0.0573705,0.833665,0.00318725,0.816733,0,1,1,0,0,0,0,0
46120,7407542016,19937094,CodeQL,use-session-log,259ec6d7ef9ffd152df470110b49d774de1810eb,.github/workflows/codeql-analysis.yml,success,3605584,chrjohn,118,6,0.0,6.0,{'fix'},pull_request,48,0,746.0,1,success,6,89acf0cf725dfe32d139581f57baa1ba374f2c33,51,635,1167,1,1,29,735,5,1053,1,1,0,3,43,46,14,22,36,427,7,7,14,5,29,34,1,1,0,48,0,4,306,747,0,1,97,0,0,58,0,['junit'],java-maven,150412,60051,399.243,0,0,0,0,1,0.0191235,0.869509,0.00318725,0.906606,46,1,1,0,0,0,0,0
46121,8655816738,19937094,CodeQL,dependabot/maven/org.apache.maven.plugins-maven-gpg-plugin-3.2.3,52cd110ce2e54220e693dc652bead89e98b0d8be,.github/workflows/codeql-analysis.yml,success,3605584,dependabot[bot],122,6,0.0,1.0,,pull_request,539,0,791.0,1,success,1,78967ae1678fb77dac66f7163188579f59e60c40,1,1,1,0,0,1,2,1,0,0,0,0,0,0,0,0,0,0,0,0,0,0,0,0,0,0,0,0,48,0,0,0,0,0,0,0,0,0,58,0,['junit'],java-maven,150697,60341,400.413,0,0,0,0,1,0.0,1.0,0.0,1.0,0,1,1,0,0,0,0,0
46122,8197592935,19937094,CodeQL,dependabot/maven/jaxb.version-4.0.2,c5590796dda17d8b802e56dacca6f883a466acc5,.github/workflows/codeql-analysis.yml,success,3605584,dependabot[bot],121,5,0.0,1.0,,pull_request,413,0,770.0,0,success,1,fd1926f1ac133a1c7b4558f2fca381775f743289,1,1,1,0,0,1,2,1,0,0,0,0,0,0,0,0,0,0,0,0,0,0,0,0,0,0,0,0,48,0,0,0,0,0,0,0,0,0,58,0,['junit'],java-maven,150697,60341,400.413,0,0,0,0,1,0.0063745,0.997102,0.0,1.0,0,1,1,0,0,0,0,0
46123,8445418683,19937094,CodeQL,dependabot/maven/org.apache.maven.plugins-maven-gpg-plugin-3.2.2,00334058c8184433d34089a2ebc7bd8c2a0d9de9,.github/workflows/codeql-analysis.yml,success,3605584,dependabot[bot],122,6,0.0,1.0,,pull_request,529,0,782.0,1,success,1,fc5901c14f56ad56af506fafc213464fa93e0f7a,1,1,1,0,0,1,2,1,0,0,0,0,0,0,0,0,0,0,0,0,0,0,0,0,0,0,0,0,48,0,0,0,0,0,0,0,0,0,58,0,['junit'],java-maven,150697,60341,400.413,0,0,0,0,1,0.0,1.0,0.0,1.0,0,1,1,0,0,0,0,0
46124,8313612415,19937094,CodeQL,master,d7c9fe52fabdc56f28ace4063f6ac78fe422b511,.github/workflows/codeql-analysis.yml,success,3605584,chrjohn,122,6,0.0,2.0,"{'chore', 'fix'}",schedule,51,0,775.0,1,success,2,529761ef170ba8458b0dd780dfbe750fa30a3f0d,1,1,1,0,0,1,2,1,0,0,0,0,0,1,1,0,0,0,86,0,0,0,0,0,0,1,0,0,48,0,0,0,0,0,0,0,0,0,58,0,['junit'],java-maven,150697,60341,400.413,0,0,0,0,1,0.000796813,0.982386,0.0,1.0,7,1,1,0,0,1,0,1
46125,8613253564,19937094,CodeQL,master,78967ae1678fb77dac66f7163188579f59e60c40,.github/workflows/codeql-analysis.yml,success,3605584,chrjohn,122,6,0.0,1.0,,push,328,0,789.0,1,success,1,9e843b097e911ed009b06fe27f1564e615a71680,1,1,1,0,0,1,2,1,0,0,0,0,0,0,0,0,0,0,0,0,0,0,0,0,0,0,0,0,48,0,0,0,0,0,0,0,0,0,58,0,['junit'],java-maven,150697,60341,400.413,0,0,0,0,1,0.0,1.0,0.0,1.0,11,1,1,0,0,0,0,1
46126,8336200430,19937094,CodeQL,dependabot/maven/org.apache.maven.plugins-maven-gpg-plugin-3.2.1,78f4fd789f7fb1675018f3fefa1556ee0e7aa08c,.github/workflows/codeql-analysis.yml,success,3605584,dependabot[bot],122,6,,,,pull_request,0,0,,1,success,0,,0,0,0,0,0,0,0,0,0,0,0,0,0,0,0,0,0,0,0,0,0,0,0,0,0,0,0,0,48,0,0,0,0,0,0,0,0,0,58,0,['junit'],java-maven,150697,60341,400.413,0,0,0,0,1,0.000796813,0.999847,0.0,1.0,0,1,1,0,0,0,0,0
46127,8945030033,19937094,CodeQL,dependabot/maven/org.apache.maven.plugins-maven-pmd-plugin-3.22.0,82973d351aa31f098092c3e15edacb8378db4855,.github/workflows/codeql-analysis.yml,success,3605584,chrjohn,122,6,0.0,1.0,,pull_request,560,0,800.0,1,success,1,7ec9961611f41de3e66863cb21f6982bfa929fe1,1,1,1,0,0,1,2,1,0,0,0,0,0,0,0,0,0,0,0,0,0,0,0,0,0,0,0,0,48,0,0,0,0,0,0,0,0,0,58,0,['junit'],java-maven,150697,60341,400.413,0,0,0,0,1,0.0143426,0.862031,0.00876494,0.748435,13,1,1,0,0,0,0,0
46128,8325351365,19937094,CodeQL,fix-oom,628baa0c6163c39baa483f17d8c897b8e2467de8,.github/workflows/codeql-analysis.yml,success,3605584,wajncn,122,6,,,,pull_request,0,0,,1,success,0,,0,0,0,0,0,0,0,0,0,0,0,0,0,0,0,0,0,0,0,0,0,0,0,0,0,0,0,0,48,0,0,0,0,0,0,0,0,0,58,0,['junit'],java-maven,150702,60341,400.399,0,0,0,0,1,0.000796813,0.999638,0.0,1.0,0,0,1,0,1,1,0,0
46129,8865759024,19937094,CodeQL,master,3366b36fdd65ec5af83d33e4a8335db4ffdcff2b,.github/workflows/codeql-analysis.yml,success,3605584,chrjohn,122,6,0.0,1.0,,schedule,439,0,798.0,1,failure,1,dcf692ca7b6bfb49df73bc41de03b4e041d5ff23,1,1,1,0,0,1,2,1,0,0,0,0,0,0,0,0,0,0,0,0,0,0,0,0,0,0,0,0,48,0,0,0,0,0,0,0,0,0,58,0,['junit'],java-maven,150697,60341,400.413,0,0,0,0,1,0.00717131,0.925943,0.00717131,0.72023,12,1,1,0,0,0,0,1
46130,8563658957,19937094,CodeQL,dependabot/maven/org.apache.maven.plugins-maven-source-plugin-3.3.1,0fb52117a68fe6a86927a5148ad45d7659ac251f,.github/workflows/codeql-analysis.yml,success,3605584,dependabot[bot],122,6,0.0,1.0,,pull_request,419,0,788.0,1,success,1,8c6ac1a1e5fd50ac71b447a5fd05a248fec02dca,1,1,1,0,0,1,2,1,0,0,0,0,0,0,0,0,0,0,0,0,0,0,0,0,0,0,0,0,48,0,0,0,0,0,0,0,0,0,58,0,['junit'],java-maven,150697,60341,400.413,0,0,0,0,1,0.0,1.0,0.0,1.0,0,1,1,0,0,0,0,0
46131,9248825611,19937094,CodeQL,bugfix/issue-576-perf-regression,3e50144b2ddd976a10bc9955b7eabd2553936e13,.github/workflows/codeql-analysis.yml,success,3605584,busy-spin,122,3,1.0,10.0,{'fix'},pull_request,46,0,582.0,0,success,10,89acf0cf725dfe32d139581f57baa1ba374f2c33,29,772,642,1,0,13,431,5,975,1,1,4,2,22,28,10,4,14,304,6,3,9,42,5,47,1,1,0,48,6,2,570,405,0,1,91,0,0,58,0,['junit'],java-maven,150947,60657,401.843,0,0,0,0,1,0.00796813,0.994308,0.000796813,0.999431,1,0,1,0,1,0,0,0
46132,8338087813,19937094,CodeQL,fix-oom,5a18e398ed6af48a4bfd8516c9f0aa7333d2e3c8,.github/workflows/codeql-analysis.yml,success,3605584,wajncn,122,6,,,,pull_request,0,0,,1,success,0,,0,0,0,0,0,0,0,0,0,0,0,0,0,0,0,0,0,0,0,0,0,0,0,0,0,0,0,0,48,0,0,0,0,0,0,0,0,0,58,0,['junit'],java-maven,150749,60402,400.679,0,0,0,0,1,0.000796813,0.999766,0.0,1.0,0,0,1,0,1,0,0,0
46133,7781903748,19937094,CodeQL,master,253ac1ac4ae00f4dd5d98ad7e647c2f21b1415f7,.github/workflows/codeql-analysis.yml,success,3605584,chrjohn,118,5,0.0,1.0,,push,528,0,762.0,1,success,1,f0570961e3a9d76161ea54dc685e117187f4128e,1,1,1,0,0,0,0,1,0,0,0,0,0,0,0,0,0,0,0,0,0,0,0,0,0,0,0,0,48,0,0,0,0,0,1,0,0,0,58,0,['junit'],java-maven,150361,60030,399.239,0,0,0,0,1,0.00557769,0.936065,0.0,1.0,8,1,1,0,0,1,0,1
46134,8340246481,19937094,CodeQL,master,fc5901c14f56ad56af506fafc213464fa93e0f7a,.github/workflows/codeql-analysis.yml,success,3605584,chrjohn,122,6,0.0,1.0,,push,484,0,779.0,1,success,1,d7c9fe52fabdc56f28ace4063f6ac78fe422b511,1,1,1,0,0,1,2,1,0,0,0,0,0,0,0,0,0,0,0,0,0,0,0,0,0,0,0,0,48,0,0,0,0,0,0,0,0,0,58,0,['junit'],java-maven,150697,60341,400.413,0,0,0,0,1,0.0,1.0,0.0,1.0,8,1,1,0,0,0,0,1
46135,9184161811,19937094,CodeQL,dependabot/maven/org.codehaus.plexus-plexus-xml-4.0.4,353687d2b35a2d2bb750a331e813816603a4ae5d,.github/workflows/codeql-analysis.yml,success,3605584,dependabot[bot],122,3,0.0,1.0,{'build'},pull_request,499,0,809.0,1,success,1,a404c8e1c355fbfd95439cb1aa86b5685f543ddd,1,1,1,0,0,1,2,1,0,0,0,0,0,0,0,0,0,0,0,0,0,0,0,0,0,0,0,0,48,0,0,0,0,0,0,0,0,0,58,0,['junit'],java-maven,150697,60341,400.413,0,0,0,0,1,0.012749,0.766779,0.0,1.0,0,1,1,0,0,0,0,0
46136,9343003924,19937094,CodeQL,dependabot/maven/org.apache.maven.plugin-tools-maven-plugin-annotations-3.13.1,f509494c242bfb3b24ee2a37c5c0b60045139ab9,.github/workflows/codeql-analysis.yml,success,3605584,dependabot[bot],122,3,0.0,1.0,,pull_request,376,0,817.0,1,success,1,47052322c06b385c5086afc7e749489303849d4f,1,1,1,0,0,1,2,1,0,0,0,0,0,0,0,0,0,0,0,0,0,0,0,0,0,0,0,0,48,0,0,0,0,0,0,0,0,0,58,0,['junit'],java-maven,150697,60341,400.413,0,0,0,0,1,0.000796813,0.999886,0.0,1.0,0,1,1,0,0,0,0,0
46137,7448970964,19937094,CodeQL,feature/remove-sessionsettings-section,ff05e55518b88c5567c13da1da6632023b333aa7,.github/workflows/codeql-analysis.yml,success,3605584,chrjohn,119,7,0.0,1.0,,pull_request,90,0,750.0,1,success,1,50d004661424eb3d1d07fe78a90cb91d85946c29,2,64,0,0,1,1,18,1,46,0,0,0,0,2,2,3,0,3,32,0,0,0,1,0,1,1,1,0,48,0,0,46,0,0,0,0,0,0,58,0,['junit'],java-maven,150407,60076,399.423,0,0,0,0,1,0.0199203,0.861187,0.00717131,0.83248,44,1,1,0,0,0,0,0
46138,9247698688,19937094,CodeQL,dependabot/maven/org.apache.maven-maven-plugin-api-3.9.7,46fab9b25829d87c53878e080d76eb0450ee7dd1,.github/workflows/codeql-analysis.yml,success,3605584,dependabot[bot],122,3,0.0,1.0,,pull_request,425,0,810.0,1,success,1,351154aafff927670ede9560579b0ffcbba4fc5b,1,1,1,0,0,1,2,1,0,0,0,0,0,0,0,0,0,0,0,0,0,0,0,0,0,0,0,0,48,0,0,0,0,0,0,0,0,0,58,0,['junit'],java-maven,150697,60341,400.413,0,0,0,0,1,0.00796813,0.844622,0.000796813,0.999715,0,1,1,0,0,0,0,0
46139,7459014232,19937094,CodeQL,master,f532e1ffeb8dc23fac5ffd3b0cf99cc6c03eccd5,.github/workflows/codeql-analysis.yml,success,3605584,chrjohn,118,6,0.0,1.0,,push,317,0,753.0,1,success,1,50d004661424eb3d1d07fe78a90cb91d85946c29,1,1,1,0,0,1,2,1,0,0,0,0,0,0,0,0,0,0,0,0,0,0,0,0,0,0,0,0,48,0,0,0,0,0,0,0,0,0,58,0,['junit'],java-maven,150358,60030,399.247,0,0,0,0,1,0.0191235,0.870351,0.00717131,0.843648,45,1,1,0,0,0,0,1
46140,8686439285,19937094,CodeQL,master,86dd7d1ce256dcf4050c821a68f6f690d00283cc,.github/workflows/codeql-analysis.yml,success,3605584,chrjohn,122,6,0.0,1.0,,push,546,0,794.0,1,success,1,78967ae1678fb77dac66f7163188579f59e60c40,1,1,1,0,0,1,2,1,0,0,0,0,0,0,0,0,0,0,0,0,0,0,0,0,0,0,0,0,48,0,0,0,0,0,0,0,0,0,58,0,['junit'],java-maven,150697,60341,400.413,0,0,0,0,1,0.0,1.0,0.0,1.0,10,1,1,0,0,0,0,1
46141,8962778483,19937094,CodeQL,dependabot/maven/org.apache.maven.plugins-maven-plugin-plugin-3.13.0,873424bd181cae3cdc8d6f671976b14e1d0a2b61,.github/workflows/codeql-analysis.yml,success,3605584,dependabot[bot],122,5,0.0,1.0,,pull_request,399,0,807.0,1,success,1,6da77937109b441e2e5b696ab0fbc02748156df2,2,2,2,0,0,2,4,1,0,0,1,0,0,0,0,0,0,0,0,0,0,0,0,0,0,0,0,0,48,0,0,0,0,0,0,0,0,0,58,0,['junit'],java-maven,150697,60341,400.413,0,0,0,0,1,0.0143426,0.816552,0.00717131,0.762597,0,1,1,0,0,0,0,0
46142,7947225352,19937094,CodeQL,master,91e0911a8f813ca1dc814a9b26242ec68bf0ff61,.github/workflows/codeql-analysis.yml,success,3605584,chrjohn,121,6,0.0,1.0,,schedule,32,0,767.0,1,success,1,24d836b264a3c9824c5b0c9cbb89bfd5703ab60e,1,15,3,0,0,1,18,1,0,0,0,0,0,1,1,3,0,3,1,0,0,0,0,0,0,1,0,0,48,0,0,0,0,0,0,0,0,0,58,0,['junit'],java-maven,150696,60341,400.415,0,0,0,0,1,0.012749,0.843086,0.000796813,0.999867,23,1,1,0,0,1,0,1
46143,8967429192,19937094,CodeQL,master,e43da5db020d9c566b620389a7fe3506582a35c7,.github/workflows/codeql-analysis.yml,success,3605584,chrjohn,122,5,0.0,1.0,,push,399,0,807.0,1,success,1,3d17b842bd00a2e11d1d9445978085fda0ad4018,2,2,2,0,0,2,4,1,0,0,1,0,0,0,0,0,0,0,0,0,0,0,0,0,0,0,0,0,48,0,0,0,0,0,0,0,0,0,58,0,['junit'],java-maven,150697,60341,400.413,0,0,0,0,1,0.0143426,0.889322,0.0063745,0.912351,20,1,1,0,0,0,0,1
46144,8686445570,19937094,CodeQL,master,bd831341fa7e1e75be06746dfb6808cb6caa6efb,.github/workflows/codeql-analysis.yml,success,3605584,chrjohn,122,6,0.0,1.0,,push,623,0,793.0,1,success,1,86dd7d1ce256dcf4050c821a68f6f690d00283cc,1,1,1,0,0,1,2,1,0,0,0,0,0,0,0,0,0,0,0,0,0,0,0,0,0,0,0,0,48,0,0,0,0,0,0,0,0,0,58,0,['junit'],java-maven,150697,60341,400.413,0,0,0,0,1,0.0,1.0,0.0,1.0,11,1,1,0,0,0,0,1
46145,8497804275,19937094,CodeQL,fix-oom,b96e9b35bf7c9820d5fb1c2d898eb9b8d5e9d899,.github/workflows/codeql-analysis.yml,success,3605584,wajncn,122,6,,,,pull_request,0,0,,0,success,0,,0,0,0,0,0,0,0,0,0,0,0,0,0,0,0,0,0,0,0,0,0,0,0,0,0,0,0,0,48,0,0,0,0,0,0,0,0,0,58,0,['junit'],java-maven,150749,60402,400.679,0,0,0,0,1,0.0,1.0,0.0,1.0,0,0,1,0,1,1,0,0
46146,8687205274,19937094,CodeQL,master,bb2b919b8d4f286311e05cc418dff53f9ed517e1,.github/workflows/codeql-analysis.yml,success,3605584,chrjohn,122,6,0.0,1.0,,push,317,0,792.0,1,success,1,cfa5502fa07650ce8752df97d3d0dc0c596e5b97,1,1,1,0,0,1,2,1,0,0,0,0,0,0,0,0,0,0,0,0,0,0,0,0,0,0,0,0,48,0,0,0,0,0,0,0,0,0,58,0,['junit'],java-maven,150697,60341,400.413,0,0,0,0,1,0.0,1.0,0.0,1.0,13,1,1,0,0,0,0,1
46147,8780911812,19937094,CodeQL,master,dcf692ca7b6bfb49df73bc41de03b4e041d5ff23,.github/workflows/codeql-analysis.yml,success,3605584,chrjohn,122,6,0.0,1.0,,push,433,0,797.0,1,success,1,bb2b919b8d4f286311e05cc418dff53f9ed517e1,1,1,1,0,0,1,2,1,0,0,0,0,0,0,0,0,0,0,0,0,0,0,0,0,0,0,0,0,48,0,0,0,0,0,0,0,0,0,58,0,['junit'],java-maven,150697,60341,400.413,0,0,0,0,1,0.0,1.0,0.0,1.0,14,1,1,0,0,0,0,1
46148,8809775866,19937094,CodeQL,dependabot/maven/org.apache.maven.plugins-maven-shade-plugin-3.5.3,80a4d376c514f69bc5d691a542cbe997b609834f,.github/workflows/codeql-analysis.yml,success,3605584,dependabot[bot],122,6,0.0,1.0,,pull_request,397,0,799.0,1,failure,1,7ec9961611f41de3e66863cb21f6982bfa929fe1,2,2,2,0,0,1,2,2,0,1,1,0,0,0,0,0,0,0,0,0,0,0,0,0,0,0,0,0,48,0,0,0,0,0,1,0,0,0,58,0,['junit'],java-maven,150697,60341,400.413,0,0,0,0,1,0.00159363,0.954364,0.00159363,0.856574,0,1,1,0,0,1,0,0
46149,8681998550,19937094,CodeQL,dependabot/maven/slf4j.version-2.0.13,dcbff5d27a18724450a596f671856adb3f076632,.github/workflows/codeql-analysis.yml,success,3605584,dependabot[bot],122,6,0.0,1.0,,pull_request,317,0,792.0,1,success,1,78967ae1678fb77dac66f7163188579f59e60c40,1,1,1,0,0,1,2,1,0,0,0,0,0,0,0,0,0,0,0,0,0,0,0,0,0,0,0,0,48,0,0,0,0,0,0,0,0,0,58,0,['junit'],java-maven,150697,60341,400.413,0,0,0,0,1,0.0,1.0,0.0,1.0,0,1,1,0,0,0,0,0
46150,7899925621,19937094,CodeQL,master,24d836b264a3c9824c5b0c9cbb89bfd5703ab60e,.github/workflows/codeql-analysis.yml,success,3605584,chrjohn,120,5,0.0,10.0,"{'chore', 'fix'}",push,98,0,758.0,1,success,10,b18003e10694c4a9bc94c69399f92a48e2d3073c,9,91,20,0,1,6,56,5,51,2,1,0,0,6,6,2,0,2,106,0,0,0,5,0,5,1,1,0,48,1,0,49,2,0,1,0,0,0,58,0,['junit'],java-maven,150687,60341,400.439,0,0,0,0,1,0.0119522,0.838067,0.0119522,0.735794,22,1,1,0,0,1,0,1
46151,7357553027,19937094,CodeQL,optimiseSessionReset,689501946d6736734cea26ec0da054c94cdd3537,.github/workflows/codeql-analysis.yml,success,3605584,chrjohn,119,6,0.0,3.0,"{'chore', 'fix', 'perf'}",pull_request,67,0,283.0,1,success,3,9f8fb4b6ce7b022db6f6c0e037fc0d87dedcabeb,21,234,206,0,1,15,120,3,318,1,1,1,0,16,17,8,5,13,209,3,0,3,14,4,18,1,1,0,48,1,0,148,170,0,1,1,0,0,58,0,['junit'],java-maven,150500,60151,399.674,0,0,0,0,1,0.0494024,0.87275,0.00318725,0.940708,101,1,1,0,0,0,0,0
46152,7943549914,19937094,CodeQL,master,91e0911a8f813ca1dc814a9b26242ec68bf0ff61,.github/workflows/codeql-analysis.yml,success,3605584,chrjohn,121,6,0.0,1.0,,push,32,0,767.0,1,success,1,24d836b264a3c9824c5b0c9cbb89bfd5703ab60e,1,15,3,0,0,1,18,1,0,0,0,0,0,1,1,3,0,3,1,0,0,0,0,0,0,1,0,0,48,0,0,0,0,0,0,0,0,0,58,0,['junit'],java-maven,150696,60341,400.415,0,0,0,0,1,0.012749,0.843086,0.000796813,0.999867,23,1,1,0,0,1,0,1
46153,7346747990,19937094,CodeQL,QFJ-271_enhancement_prioritize_resend_responses_if_configured,318e2f9cfa74aa05b7ea7ee3b0900d4e69a83b5f,.github/workflows/codeql-analysis.yml,success,3605584,chrjohn,111,1,,,,pull_request,0,0,,1,success,0,,0,0,0,0,0,0,0,0,0,0,0,0,0,0,0,0,0,0,0,0,0,0,0,0,0,0,0,0,11,0,0,0,0,0,0,0,0,0,58,0,['junit'],java-maven,131814,43339,328.789,0,0,0,0,1,0.0621514,0.869323,0.00478088,0.925483,120,1,1,0,0,1,0,0
46154,8841619392,19937094,CodeQL,dependabot/maven/org.apache.maven.plugins-maven-pmd-plugin-3.22.0,8115ba3a827f06b2d12154dcd1e7d9ece59647cf,.github/workflows/codeql-analysis.yml,success,3605584,dependabot[bot],122,6,0.0,1.0,,pull_request,560,0,800.0,1,failure,1,7ec9961611f41de3e66863cb21f6982bfa929fe1,2,2,2,0,0,1,2,2,0,1,1,0,0,0,0,0,0,0,0,0,0,0,0,0,0,0,0,0,48,0,0,0,0,0,1,0,0,0,58,0,['junit'],java-maven,150697,60341,400.413,0,0,0,0,1,0.00478088,0.914385,0.00478088,0.7633,0,1,1,0,0,1,0,0
46155,7884165821,19937094,CodeQL,use-session-log,127975209570c3e0f4e06cd5f14793a2138a8552,.github/workflows/codeql-analysis.yml,success,3605584,chrjohn,118,4,0.0,12.0,{'fix'},pull_request,48,0,746.0,1,success,12,89acf0cf725dfe32d139581f57baa1ba374f2c33,52,634,1058,1,1,32,778,5,902,1,1,0,3,44,47,15,20,35,444,7,7,14,6,26,32,1,1,0,48,0,4,278,624,0,1,97,0,0,58,0,['junit'],java-maven,150495,60146,399.654,0,0,0,0,1,0.0119522,0.816344,0.0119522,0.692658,18,1,1,0,0,0,0,0
46156,7599574828,19937094,CodeQL,master,f0570961e3a9d76161ea54dc685e117187f4128e,.github/workflows/codeql-analysis.yml,success,3605584,chrjohn,118,6,0.0,2.0,,schedule,432,0,756.0,1,success,2,e80c25b15b0ff9dbd96eac361d08e7b0ecce76ed,2,5,2,0,0,2,7,1,0,0,1,0,0,0,0,0,0,0,0,0,0,0,0,0,0,0,0,0,48,0,0,0,0,0,0,0,0,0,58,0,['junit'],java-maven,150361,60030,399.239,0,0,0,0,1,0.0159363,0.887244,0.0,1.0,28,1,1,0,0,0,0,1
46157,8950990935,19937094,CodeQL,master,c038a92888bd4266e773878a60fdb90d955ab025,.github/workflows/codeql-analysis.yml,success,3605584,chrjohn,122,5,0.0,1.0,,push,567,0,802.0,1,success,1,436d61083382e6c1de978bb833fa8f3ca0d69d78,1,1,1,0,0,1,2,1,0,0,0,0,0,0,0,0,0,0,0,0,0,0,0,0,0,0,0,0,48,0,0,0,0,0,0,0,0,0,58,0,['junit'],java-maven,150697,60341,400.413,0,0,0,0,1,0.0143426,0.875658,0.00796813,0.832227,16,1,1,0,0,0,0,1
46158,7986737761,19937094,CodeQL,master,fd1926f1ac133a1c7b4558f2fca381775f743289,.github/workflows/codeql-analysis.yml,success,3605584,chrjohn,121,6,0.0,1.0,,push,84,0,766.0,1,success,1,663fb55f5d026e6f0c6392b1676b31bd02cdd6f7,1,5,4,0,0,1,9,1,0,0,0,0,0,1,1,0,0,0,28,0,0,0,0,0,0,1,0,0,48,0,0,0,0,0,0,0,0,0,58,0,['junit'],java-maven,150697,60341,400.413,0,0,0,0,1,0.0135458,0.842473,0.00159363,0.959681,25,1,1,0,0,1,0,1
46159,9343002125,19937094,CodeQL,dependabot/maven/org.apache.maven.plugins-maven-plugin-plugin-3.13.1,2aff19a194083aed23c671c396adbb8c674be2a7,.github/workflows/codeql-analysis.yml,success,3605584,dependabot[bot],122,3,0.0,1.0,,pull_request,376,0,814.0,1,success,1,47052322c06b385c5086afc7e749489303849d4f,2,2,2,0,0,2,4,1,0,0,1,0,0,0,0,0,0,0,0,0,0,0,0,0,0,0,0,0,48,0,0,0,0,0,0,0,0,0,58,0,['junit'],java-maven,150697,60341,400.413,0,0,0,0,1,0.000796813,0.999847,0.0,1.0,0,1,1,0,0,0,0,0
46160,9343002615,19937094,CodeQL,dependabot/maven/org.apache.maven.plugins-maven-javadoc-plugin-3.7.0,d15b953d5c767cc7a2091d3ba299d418e5bc77dd,.github/workflows/codeql-analysis.yml,success,3605584,dependabot[bot],122,3,0.0,1.0,{'docs'},pull_request,424,0,815.0,1,success,1,47052322c06b385c5086afc7e749489303849d4f,1,1,1,0,0,1,2,1,0,0,0,0,0,0,0,0,0,0,0,0,0,0,0,0,0,0,0,0,48,0,0,0,0,0,0,0,0,0,58,0,['junit'],java-maven,150697,60341,400.413,0,0,0,0,1,0.000796813,0.999863,0.0,1.0,0,1,1,0,0,0,0,0
46161,8036164761,19937094,CodeQL,master,fd1926f1ac133a1c7b4558f2fca381775f743289,.github/workflows/codeql-analysis.yml,success,3605584,chrjohn,121,6,0.0,1.0,,schedule,84,0,766.0,1,success,1,663fb55f5d026e6f0c6392b1676b31bd02cdd6f7,1,5,4,0,0,1,9,1,0,0,0,0,0,1,1,0,0,0,28,0,0,0,0,0,0,1,0,0,48,0,0,0,0,0,0,0,0,0,58,0,['junit'],java-maven,150697,60341,400.413,0,0,0,0,1,0.0135458,0.842473,0.000796813,0.949801,25,1,1,0,0,1,0,1
46162,8951072070,19937094,CodeQL,master,6da77937109b441e2e5b696ab0fbc02748156df2,.github/workflows/codeql-analysis.yml,success,3605584,chrjohn,122,5,0.0,1.0,,push,397,0,799.0,1,success,1,3e9ec3055ceaa09d6600e955e93ef6070a51a430,1,1,1,0,0,1,2,1,0,0,0,0,0,0,0,0,0,0,0,0,0,0,0,0,0,0,0,0,48,0,0,0,0,0,0,0,0,0,58,0,['junit'],java-maven,150697,60341,400.413,0,0,0,0,1,0.0143426,0.882887,0.00796813,0.852687,18,1,1,0,0,0,0,1
46163,7799293708,19937094,CodeQL,master,ef1b9f4c5ea394865bb571e279911d56058423d3,.github/workflows/codeql-analysis.yml,success,3605584,chrjohn,118,5,0.0,1.0,,push,317,0,764.0,1,success,1,f470c02cfcd268e8d52415743a73dbdf2edb0d18,1,1,1,0,0,1,2,1,0,0,0,0,0,0,0,0,0,0,0,0,0,0,0,0,0,0,0,0,48,0,0,0,0,0,0,0,0,0,58,0,['junit'],java-maven,150437,60126,399.676,0,0,0,0,1,0.00557769,0.939882,0.0,1.0,10,1,1,0,0,0,0,1
46164,9376755857,19937094,CodeQL,dependabot/maven/org.apache.maven.plugins-maven-jxr-plugin-3.4.0,e4069b4e7ecf35c408f6dc7c0c81fe4ba23b6921,.github/workflows/codeql-analysis.yml,success,3605584,dependabot[bot],122,3,0.0,1.0,,pull_request,421,0,818.0,1,success,1,bc643a34210fcd867114e0954db38f442d8252d7,2,2,2,0,0,2,4,1,0,0,1,0,0,0,0,0,0,0,0,0,0,0,0,0,0,0,0,0,48,0,0,0,0,0,0,0,0,0,58,0,['junit'],java-maven,150697,60341,400.413,0,0,0,0,1,0.000796813,0.999903,0.0,1.0,0,1,1,0,0,0,0,0
46165,7772293222,19937094,CodeQL,master,f0570961e3a9d76161ea54dc685e117187f4128e,.github/workflows/codeql-analysis.yml,success,3605584,chrjohn,118,5,0.0,2.0,,schedule,432,0,756.0,1,success,2,e80c25b15b0ff9dbd96eac361d08e7b0ecce76ed,2,5,2,0,0,2,7,1,0,0,1,0,0,0,0,0,0,0,0,0,0,0,0,0,0,0,0,0,48,0,0,0,0,0,0,0,0,0,58,0,['junit'],java-maven,150361,60030,399.239,0,0,0,0,1,0.00717131,0.932736,0.0,1.0,7,1,1,0,0,0,0,1
46166,7517554062,19937094,CodeQL,master,f0570961e3a9d76161ea54dc685e117187f4128e,.github/workflows/codeql-analysis.yml,success,3605584,chrjohn,118,6,0.0,2.0,,schedule,432,0,756.0,1,success,2,e80c25b15b0ff9dbd96eac361d08e7b0ecce76ed,2,5,2,0,0,2,7,1,0,0,1,0,0,0,0,0,0,0,0,0,0,0,0,0,0,0,0,0,48,0,0,0,0,0,0,0,0,0,58,0,['junit'],java-maven,150361,60030,399.239,0,0,0,0,1,0.0223108,0.867223,0.00717131,0.890923,45,1,1,0,0,0,0,1
46167,8681998999,19937094,CodeQL,dependabot/maven/org.apache.maven.plugins-maven-jar-plugin-3.4.0,3fd673bb1aefb697a09d04d0881219adaa4304ea,.github/workflows/codeql-analysis.yml,success,3605584,dependabot[bot],122,6,0.0,1.0,,pull_request,623,0,793.0,1,success,1,78967ae1678fb77dac66f7163188579f59e60c40,1,1,1,0,0,1,2,1,0,0,0,0,0,0,0,0,0,0,0,0,0,0,0,0,0,0,0,0,48,0,0,0,0,0,0,0,0,0,58,0,['junit'],java-maven,150697,60341,400.413,0,0,0,0,1,0.0,1.0,0.0,1.0,0,1,1,0,0,0,0,0
46168,8811578898,19937094,Java CI,master,3366b36fdd65ec5af83d33e4a8335db4ffdcff2b,.github/workflows/maven.yml,failure,3071532,chrjohn,122,6,0.0,1.0,,schedule,439,0,798.0,0,success,1,dcf692ca7b6bfb49df73bc41de03b4e041d5ff23,1,1,1,0,0,1,2,1,0,0,0,0,0,0,0,0,0,0,0,0,0,0,0,0,0,0,0,0,48,0,0,0,0,0,0,0,0,0,53,0,['junit'],java-maven,150697,60341,400.413,28352,0,0,28352,1,0.00239044,0.986685,0.00239044,0.954002,15,1,9,0,0,0,0,1
46169,7825361538,19937094,Java CI,master,ef1b9f4c5ea394865bb571e279911d56058423d3,.github/workflows/maven.yml,failure,3071532,chrjohn,118,5,0.0,1.0,,schedule,317,0,764.0,1,success,1,f470c02cfcd268e8d52415743a73dbdf2edb0d18,1,1,1,0,0,1,2,1,0,0,0,0,0,0,0,0,0,0,0,0,0,0,0,0,0,0,0,0,48,0,0,0,0,0,0,0,0,0,53,0,['junit'],java-maven,150437,60126,399.676,31710,0,0,31716,1,0.00478088,0.910091,0.00239044,0.89614,12,1,9,0,0,0,0,1
46170,8809775865,19937094,Java CI,dependabot/maven/org.apache.maven.plugins-maven-shade-plugin-3.5.3,80a4d376c514f69bc5d691a542cbe997b609834f,.github/workflows/maven.yml,failure,3071532,dependabot[bot],122,6,0.0,1.0,,pull_request,397,0,799.0,1,failure,1,7ec9961611f41de3e66863cb21f6982bfa929fe1,2,2,2,0,0,1,2,2,0,1,1,0,0,0,0,0,0,0,0,0,0,0,0,0,0,0,0,0,48,0,0,0,0,0,1,0,0,0,53,0,['junit'],java-maven,150697,60341,400.413,31896,0,0,31896,1,0.00159363,0.954364,0.00159363,0.856574,0,1,9,0,0,1,0,0
46171,7442184310,19937094,Java CI,feature/remove-sessionsettings-section,ff05e55518b88c5567c13da1da6632023b333aa7,.github/workflows/maven.yml,success,3071532,ChoiJunsik,118,6,0.0,1.0,,pull_request,90,0,750.0,1,success,1,50d004661424eb3d1d07fe78a90cb91d85946c29,2,64,0,0,1,1,18,1,46,0,0,0,0,2,2,3,0,3,32,0,0,0,1,0,1,1,1,0,48,0,0,46,0,0,0,0,0,0,53,0,['junit'],java-maven,150407,60076,399.423,0,0,0,0,0,0.0199203,0.766711,0.00717131,0.773794,1,0,1,0,1,0,0,0
46172,7935642931,19937094,Java CI,patch-1,0a4ace558b415fd4185bc714cf056b924a8b30dc,.github/workflows/maven.yml,success,3071532,spoerri,120,5,0.0,1.0,,pull_request,32,0,767.0,1,success,1,24d836b264a3c9824c5b0c9cbb89bfd5703ab60e,1,15,3,0,0,1,18,1,0,0,0,0,0,1,1,3,0,3,1,0,0,0,0,0,0,1,0,0,48,0,0,0,0,0,0,0,0,0,53,0,['junit'],java-maven,150696,60341,400.415,0,0,0,0,0,0.012749,0.990894,0.000796813,0.999431,1,0,1,0,1,1,0,0
46173,7442184307,19937094,CodeQL,feature/remove-sessionsettings-section,ff05e55518b88c5567c13da1da6632023b333aa7,.github/workflows/codeql-analysis.yml,success,3605584,ChoiJunsik,118,6,0.0,1.0,,pull_request,90,0,750.0,1,failure,1,50d004661424eb3d1d07fe78a90cb91d85946c29,2,64,0,0,1,1,18,1,46,0,0,0,0,2,2,3,0,3,32,0,0,0,1,0,1,1,1,0,48,0,0,46,0,0,0,0,0,0,58,0,['junit'],java-maven,150407,60076,399.423,0,0,0,0,0,0.0199203,0.766711,0.00717131,0.773794,1,0,1,0,1,0,0,0
46174,9407656080,19937094,Java CI,patch-1,c5bf6d426b7883c2cad63d4e740f214d2dc69913,.github/workflows/maven.yml,success,3071532,ishabandi67,122,3,,,,pull_request,0,0,,1,success,0,,0,0,0,0,0,0,0,0,0,0,0,0,0,0,0,0,0,0,0,0,0,0,0,0,0,0,0,0,48,0,0,0,0,0,0,0,0,0,53,0,['junit'],java-maven,150697,60341,400.413,0,0,0,0,0,0.000796813,0.999431,0.0,1.0,0,0,1,0,1,0,0,0
46175,9407656089,19937094,CodeQL,patch-1,c5bf6d426b7883c2cad63d4e740f214d2dc69913,.github/workflows/codeql-analysis.yml,success,3605584,ishabandi67,122,3,,,,pull_request,0,0,,0,success,0,,0,0,0,0,0,0,0,0,0,0,0,0,0,0,0,0,0,0,0,0,0,0,0,0,0,0,0,0,48,0,0,0,0,0,0,0,0,0,58,0,['junit'],java-maven,150697,60341,400.413,0,0,0,0,0,0.000796813,0.999431,0.0,1.0,0,0,1,0,1,0,0,0
46176,8277160584,19937094,Java CI,fix-npe,483af3812686b1cc90e6d4a3b84829badc88ba55,.github/workflows/maven.yml,success,3071532,wajncn,121,5,0.0,1.0,{'fix'},pull_request,51,0,775.0,1,success,1,529761ef170ba8458b0dd780dfbe750fa30a3f0d,1,2,1,0,0,1,3,1,0,0,0,0,0,1,1,0,0,0,86,0,0,0,0,0,0,1,0,0,48,0,0,0,0,0,0,0,0,0,53,0,['junit'],java-maven,150697,60341,400.413,0,0,0,0,0,0.00159363,0.998862,0.0,1.0,0,0,1,0,1,0,0,0
46177,8277160585,19937094,CodeQL,fix-npe,483af3812686b1cc90e6d4a3b84829badc88ba55,.github/workflows/codeql-analysis.yml,success,3605584,wajncn,121,5,0.0,1.0,{'fix'},pull_request,51,0,775.0,0,success,1,529761ef170ba8458b0dd780dfbe750fa30a3f0d,1,2,1,0,0,1,3,1,0,0,0,0,0,1,1,0,0,0,86,0,0,0,0,0,0,1,0,0,48,0,0,0,0,0,0,0,0,0,58,0,['junit'],java-maven,150697,60341,400.413,0,0,0,0,0,0.00159363,0.998862,0.0,1.0,0,0,1,0,1,0,0,0
46178,7935642932,19937094,CodeQL,patch-1,0a4ace558b415fd4185bc714cf056b924a8b30dc,.github/workflows/codeql-analysis.yml,success,3605584,spoerri,120,5,0.0,1.0,,pull_request,32,0,767.0,0,success,1,24d836b264a3c9824c5b0c9cbb89bfd5703ab60e,1,15,3,0,0,1,18,1,0,0,0,0,0,1,1,3,0,3,1,0,0,0,0,0,0,1,0,0,48,0,0,0,0,0,0,0,0,0,58,0,['junit'],java-maven,150696,60341,400.415,0,0,0,0,0,0.012749,0.990894,0.000796813,0.999431,1,0,1,0,1,1,0,0
46179,7423218388,19937094,CodeQL,use-session-log,9ffb3295d2de55d46ac1676b5863eefda9ccfa02,.github/workflows/codeql-analysis.yml,failure,3605584,chrjohn,118,6,0.0,10.0,{'fix'},pull_request,48,0,746.0,1,failure,10,89acf0cf725dfe32d139581f57baa1ba374f2c33,54,662,1188,1,1,32,783,5,1053,1,1,0,3,46,49,15,23,38,454,7,7,14,7,29,36,1,1,0,48,0,4,306,747,0,1,99,0,0,58,0,['junit'],java-maven,150415,60051,399.235,0,0,0,0,1,0.0191235,0.853671,0.00398406,0.877563,45,1,1,0,0,1,0,0
46180,7832726471,19937094,Java CI,defaultapplverid-range,68971aea34f44b04941490bdeacfa86bfff690c8,.github/workflows/maven.yml,failure,3071532,chrjohn,118,5,0.0,1.0,,push,98,0,758.0,1,success,1,49f3957fb2ea1ce4e8b47a983bc0da76667a9640,1,2,2,0,0,0,0,1,0,0,0,0,0,0,0,0,0,0,0,0,0,0,0,0,0,0,0,0,48,0,0,0,0,0,1,0,0,0,53,0,['junit'],java-maven,150416,60077,399.406,21918,1197,0,23121,1,0.00478088,0.915156,0.00478088,0.841476,14,1,9,0,0,0,0,0
46181,7490232441,19937094,Java CI,dependabot/maven/org.apache.maven.plugins-maven-plugin-plugin-3.11.0,666997118a6334414b71c428a3a52f772354ee52,.github/workflows/maven.yml,failure,3071532,chrjohn,118,6,0.0,1.0,,pull_request,432,0,756.0,1,failure,1,e80c25b15b0ff9dbd96eac361d08e7b0ecce76ed,2,2,2,0,0,2,4,1,0,0,1,0,0,0,0,0,0,0,0,0,0,0,0,0,0,0,0,0,48,0,0,0,0,0,0,0,0,0,53,0,['junit'],java-maven,150358,60030,399.247,0,0,0,0,1,0.0231076,0.852563,0.0111554,0.767801,42,1,9,0,0,1,0,0
46182,7814041985,19937094,Java CI,defaultapplverid-range,cb3d31e038a12519acda1090c0271effdeac518a,.github/workflows/maven.yml,failure,3071532,chrjohn,118,5,0.0,4.0,{'fix'},pull_request,98,0,758.0,1,failure,4,25bbd8a35edd7d5943634ea255063fbece9d4c6b,10,65,149,0,1,6,56,4,156,1,1,0,0,7,7,1,2,3,35,0,0,0,1,3,4,1,1,0,48,1,0,33,123,0,1,0,0,0,53,0,['junit'],java-maven,150370,60037,399.262,23092,27,0,23121,1,0.00717131,0.909913,0.00159363,0.928287,12,1,9,0,0,1,0,0
46183,7814041529,19937094,Java CI,defaultapplverid-range,cb3d31e038a12519acda1090c0271effdeac518a,.github/workflows/maven.yml,failure,3071532,chrjohn,118,5,0.0,3.0,,push,98,0,758.0,1,success,3,bf8b47b328ac05443480d48f794cf84a23e5d3a2,2,25,9,0,0,2,27,2,7,1,1,0,0,2,2,1,0,1,18,0,0,0,0,0,0,1,0,0,48,1,0,7,0,0,0,0,0,0,53,0,['junit'],java-maven,150370,60037,399.262,23076,27,0,23103,1,0.0063745,0.922587,0.000796813,0.961385,12,1,9,0,0,1,0,0
46184,7423420667,19937094,Java CI,use-session-log,70d6e19b7c888fdaa354835d28373cd0c132b7f4,.github/workflows/maven.yml,failure,3071532,chrjohn,118,6,0.0,11.0,{'fix'},pull_request,48,0,746.0,1,failure,11,89acf0cf725dfe32d139581f57baa1ba374f2c33,54,664,1186,1,1,32,783,5,1053,1,1,0,3,46,49,15,22,37,454,7,7,14,7,29,36,1,1,0,48,0,4,306,747,0,1,99,0,0,53,0,['junit'],java-maven,150418,60051,399.227,31662,36,0,31698,1,0.0207171,0.843483,0.00557769,0.840275,46,1,9,0,0,1,0,0
46185,7423218392,19937094,Java CI,use-session-log,9ffb3295d2de55d46ac1676b5863eefda9ccfa02,.github/workflows/maven.yml,failure,3071532,chrjohn,118,6,0.0,10.0,{'fix'},pull_request,48,0,746.0,1,failure,10,89acf0cf725dfe32d139581f57baa1ba374f2c33,54,662,1188,1,1,32,783,5,1053,1,1,0,3,46,49,15,23,38,454,7,7,14,7,29,36,1,1,0,48,0,4,306,747,0,1,99,0,0,53,0,['junit'],java-maven,150415,60051,399.235,3024,0,0,3024,1,0.0191235,0.853671,0.00398406,0.877563,45,1,9,0,0,1,0,0
46186,7832909224,19937094,Java CI,defaultapplverid-range,59f5e115ee8ca6686d9c8b344f2dd3ff20e55ede,.github/workflows/maven.yml,failure,3071532,chrjohn,118,5,0.0,7.0,{'fix'},pull_request,98,0,758.0,1,failure,7,25bbd8a35edd7d5943634ea255063fbece9d4c6b,13,123,153,0,1,7,70,5,200,2,1,0,0,9,9,2,2,4,122,0,0,0,6,3,9,1,1,0,48,1,0,75,125,0,1,0,0,0,53,0,['junit'],java-maven,150416,60077,399.406,21942,1197,0,23139,1,0.00717131,0.881107,0.00717131,0.789864,15,1,9,0,0,1,0,0
46187,7842959711,19937094,Java CI,defaultapplverid-range,7dbb1e104a38532c1fae9ae88fe73053e59c7609,.github/workflows/maven.yml,failure,3071532,chrjohn,118,5,0.0,8.0,"{'chore', 'fix'}",pull_request,98,0,758.0,1,failure,8,25bbd8a35edd7d5943634ea255063fbece9d4c6b,13,123,153,0,1,7,70,5,200,2,1,0,0,9,9,2,2,4,122,0,0,0,6,3,9,1,1,0,48,1,0,75,125,0,1,0,0,0,53,0,['junit'],java-maven,150416,60077,399.406,21942,1197,0,23139,1,0.00956175,0.841476,0.00956175,0.738091,15,1,9,0,0,1,0,0
46188,7843351151,19937094,Java CI,defaultapplverid-range,cb87fe563f86d7cec207b86fe209e3e077caede3,.github/workflows/maven.yml,failure,3071532,chrjohn,118,5,0.0,1.0,{'chore'},push,98,0,758.0,1,success,1,7dbb1e104a38532c1fae9ae88fe73053e59c7609,1,2,2,0,1,0,0,1,4,0,0,0,0,0,0,0,0,0,0,0,0,0,0,0,0,0,0,0,48,0,0,2,2,0,0,0,0,0,53,0,['junit'],java-maven,150416,60077,399.406,21918,1197,0,23121,1,0.0103586,0.830496,0.0103586,0.722302,16,1,9,0,0,1,0,0
46189,7490231972,19937094,Java CI,dependabot/maven/org.apache.maven.plugins-maven-plugin-plugin-3.11.0,666997118a6334414b71c428a3a52f772354ee52,.github/workflows/maven.yml,failure,3071532,chrjohn,118,6,0.0,1.0,,push,432,0,756.0,1,success,1,14e1749eff5df94a64c2242ebaa9ddc093a12bbb,1,1,1,0,0,1,2,1,0,0,0,0,0,0,0,0,0,0,0,0,0,0,0,0,0,0,0,0,48,0,0,0,0,0,0,0,0,0,53,0,['junit'],java-maven,150358,60030,399.247,0,0,0,0,1,0.0215139,0.864138,0.00956175,0.809519,42,1,9,0,0,1,0,0
46190,7830382858,19937094,Java CI,defaultapplverid-range,49f3957fb2ea1ce4e8b47a983bc0da76667a9640,.github/workflows/maven.yml,failure,3071532,chrjohn,118,5,0.0,5.0,{'fix'},pull_request,98,0,758.0,1,failure,5,25bbd8a35edd7d5943634ea255063fbece9d4c6b,12,119,149,0,1,7,70,4,196,1,1,0,0,9,9,2,2,4,122,0,0,0,6,3,9,1,1,0,48,1,0,73,123,0,1,0,0,0,53,0,['junit'],java-maven,150416,60077,399.406,21942,1197,0,23139,1,0.0063745,0.894317,0.00398406,0.864326,15,1,9,0,0,1,0,0
46191,7346763656,19937094,Java CI,QFJ-271_enhancement_prioritize_resend_responses_if_configured,c737855358655e9c3e5a28e4061288a340be283b,.github/workflows/maven.yml,failure,3071532,chrjohn,111,1,,,,pull_request,0,0,,1,failure,0,,0,0,0,0,0,0,0,0,0,0,0,0,0,0,0,0,0,0,0,0,0,0,0,0,0,0,0,0,11,0,0,0,0,0,0,0,0,0,29,0,['junit'],java-maven,131814,43339,328.789,3024,0,0,3024,1,0.063745,0.864107,0.0063745,0.892288,119,1,9,0,0,1,0,0
46192,7842959535,19937094,Java CI,defaultapplverid-range,7dbb1e104a38532c1fae9ae88fe73053e59c7609,.github/workflows/maven.yml,failure,3071532,chrjohn,118,5,0.0,1.0,{'chore'},push,98,0,758.0,1,failure,1,59f5e115ee8ca6686d9c8b344f2dd3ff20e55ede,1,2,2,0,0,0,0,1,4,0,0,0,0,0,0,0,0,0,0,0,0,0,0,0,0,0,0,0,48,0,0,2,2,0,0,0,0,0,53,0,['junit'],java-maven,150416,60077,399.406,21918,1197,0,23121,1,0.00876494,0.850759,0.00876494,0.749004,15,1,9,0,0,1,0,0
46193,7483019900,19937094,Java CI,dependabot/maven/org.apache.maven.plugins-maven-plugin-plugin-3.11.0,14e1749eff5df94a64c2242ebaa9ddc093a12bbb,.github/workflows/maven.yml,failure,3071532,dependabot[bot],118,6,0.0,0.0,,push,432,0,756.0,0,success,1,e73b2e28ed2943f089eceaee409c2f83622353d9,2,2,2,0,0,2,4,1,0,0,1,0,0,0,0,0,0,0,0,0,0,0,0,0,0,0,0,0,48,0,0,0,0,0,0,0,0,0,53,0,['junit'],java-maven,150358,60030,399.247,0,0,0,0,1,0.0183267,0.906314,0.0063745,0.914011,0,1,9,0,0,0,0,0
46194,7483020161,19937094,CodeQL,dependabot/maven/org.apache.maven.plugins-maven-plugin-plugin-3.11.0,14e1749eff5df94a64c2242ebaa9ddc093a12bbb,.github/workflows/codeql-analysis.yml,failure,3605584,dependabot[bot],118,6,0.0,1.0,,pull_request,432,0,756.0,1,failure,1,e80c25b15b0ff9dbd96eac361d08e7b0ecce76ed,2,3,3,0,0,2,6,1,0,0,1,0,0,0,0,0,0,0,0,0,0,0,0,0,0,0,0,0,48,0,0,0,0,0,0,0,0,0,58,0,['junit'],java-maven,150358,60030,399.247,0,0,0,0,1,0.0199203,0.854297,0.00796813,0.782869,0,1,1,0,0,0,0,0
46195,7423218133,19937094,Java CI,use-session-log,9ffb3295d2de55d46ac1676b5863eefda9ccfa02,.github/workflows/maven.yml,failure,3071532,chrjohn,118,6,0.0,1.0,,push,48,0,746.0,1,success,1,7845a291dbc5beaa5eb3cc929d87017640b1c3d2,1,7,7,0,0,1,14,1,0,0,0,0,0,1,1,1,1,2,1,0,0,0,0,0,0,1,0,0,48,0,0,0,0,0,0,0,0,0,53,0,['junit'],java-maven,150415,60051,399.235,3024,0,0,3024,1,0.0175299,0.865184,0.00239044,0.92277,45,1,9,0,0,1,0,0
46196,7483020163,19937094,Java CI,dependabot/maven/org.apache.maven.plugins-maven-plugin-plugin-3.11.0,14e1749eff5df94a64c2242ebaa9ddc093a12bbb,.github/workflows/maven.yml,failure,3071532,dependabot[bot],118,6,0.0,1.0,,pull_request,432,0,756.0,1,failure,1,e80c25b15b0ff9dbd96eac361d08e7b0ecce76ed,2,3,3,0,0,2,6,1,0,0,1,0,0,0,0,0,0,0,0,0,0,0,0,0,0,0,0,0,48,0,0,0,0,0,0,0,0,0,53,0,['junit'],java-maven,150358,60030,399.247,0,0,0,0,1,0.0199203,0.854297,0.00796813,0.782869,0,1,9,0,0,0,0,0
46197,7843351491,19937094,Java CI,defaultapplverid-range,cb87fe563f86d7cec207b86fe209e3e077caede3,.github/workflows/maven.yml,failure,3071532,chrjohn,118,5,0.0,9.0,"{'chore', 'fix'}",pull_request,98,0,758.0,1,failure,9,25bbd8a35edd7d5943634ea255063fbece9d4c6b,13,123,153,0,1,7,70,5,200,2,1,0,0,9,9,2,2,4,122,0,0,0,6,3,9,1,1,0,48,1,0,75,125,0,1,0,0,0,53,0,['junit'],java-maven,150416,60077,399.406,21940,1199,0,23139,1,0.0111554,0.822079,0.0111554,0.713147,16,1,9,0,0,1,0,0
46198,7423420540,19937094,Java CI,use-session-log,70d6e19b7c888fdaa354835d28373cd0c132b7f4,.github/workflows/maven.yml,failure,3071532,chrjohn,118,6,0.0,1.0,,push,48,0,746.0,1,failure,1,9ffb3295d2de55d46ac1676b5863eefda9ccfa02,1,4,0,0,1,1,4,1,0,0,0,0,0,1,1,1,0,1,1,0,0,0,0,0,0,1,0,0,48,0,0,0,0,0,0,0,0,0,53,0,['junit'],java-maven,150418,60051,399.227,31662,36,0,31698,1,0.0199203,0.848029,0.00478088,0.856574,46,1,9,0,0,1,0,0
46199,7832726946,19937094,Java CI,defaultapplverid-range,68971aea34f44b04941490bdeacfa86bfff690c8,.github/workflows/maven.yml,failure,3071532,chrjohn,118,5,0.0,6.0,{'fix'},pull_request,98,0,758.0,1,failure,6,25bbd8a35edd7d5943634ea255063fbece9d4c6b,12,121,151,0,1,7,70,4,196,1,1,0,0,9,9,2,2,4,122,0,0,0,6,3,9,1,1,0,48,1,0,73,123,0,1,0,0,0,53,0,['junit'],java-maven,150416,60077,399.406,21942,1197,0,23139,1,0.00557769,0.903728,0.00557769,0.824303,14,1,9,0,0,0,0,0
46200,7830382624,19937094,Java CI,defaultapplverid-range,49f3957fb2ea1ce4e8b47a983bc0da76667a9640,.github/workflows/maven.yml,failure,3071532,chrjohn,118,5,0.0,1.0,{'fix'},push,98,0,758.0,1,success,1,cb3d31e038a12519acda1090c0271effdeac518a,2,54,0,0,0,1,14,1,40,0,0,0,0,2,2,1,0,1,87,0,0,0,5,0,5,1,1,0,48,0,0,40,0,0,0,0,0,0,53,0,['junit'],java-maven,150416,60077,399.406,21918,1197,0,23121,1,0.00557769,0.905029,0.00318725,0.885259,15,1,9,0,0,1,0,0
46201,7832908879,19937094,Java CI,defaultapplverid-range,59f5e115ee8ca6686d9c8b344f2dd3ff20e55ede,.github/workflows/maven.yml,failure,3071532,chrjohn,118,5,0.0,1.0,,push,98,0,758.0,1,success,1,68971aea34f44b04941490bdeacfa86bfff690c8,1,2,2,0,0,0,0,1,4,0,0,0,0,0,0,0,0,0,0,0,0,0,0,0,0,0,0,0,48,0,0,2,2,0,0,0,0,0,53,0,['junit'],java-maven,150416,60077,399.406,21918,1197,0,23121,1,0.0063745,0.891461,0.0063745,0.804101,15,1,9,0,0,1,0,0
46202,7346763651,19937094,CodeQL,QFJ-271_enhancement_prioritize_resend_responses_if_configured,c737855358655e9c3e5a28e4061288a340be283b,.github/workflows/codeql-analysis.yml,failure,3605584,chrjohn,111,1,,,,pull_request,0,0,,1,success,0,,0,0,0,0,0,0,0,0,0,0,0,0,0,0,0,0,0,0,0,0,0,0,0,0,0,0,0,0,11,0,0,0,0,0,0,0,0,0,58,0,['junit'],java-maven,131814,43339,328.789,0,0,0,0,1,0.063745,0.864107,0.0063745,0.892288,119,1,1,0,0,1,0,0
46203,7490232437,19937094,CodeQL,dependabot/maven/org.apache.maven.plugins-maven-plugin-plugin-3.11.0,666997118a6334414b71c428a3a52f772354ee52,.github/workflows/codeql-analysis.yml,failure,3605584,chrjohn,118,6,0.0,1.0,,pull_request,432,0,756.0,1,failure,1,e80c25b15b0ff9dbd96eac361d08e7b0ecce76ed,2,2,2,0,0,2,4,1,0,0,1,0,0,0,0,0,0,0,0,0,0,0,0,0,0,0,0,0,48,0,0,0,0,0,0,0,0,0,58,0,['junit'],java-maven,150358,60030,399.247,0,0,0,0,1,0.0231076,0.852563,0.0111554,0.767801,42,1,1,0,0,1,0,0
46204,7436783194,19937094,Java CI,feature/remove-sessionsettings-section,707e69e4f3cea8cdc67b63d7cb81bc4498b17a76,.github/workflows/maven.yml,failure,3071532,ChoiJunsik,118,6,,,,pull_request,0,0,,1,failure,0,,0,0,0,0,0,0,0,0,0,0,0,0,0,0,0,0,0,0,0,0,0,0,0,0,0,0,0,0,48,0,0,0,0,0,0,0,0,0,53,0,['junit'],java-maven,150406,60075,399.419,0,0,0,0,0,0.0199203,0.700057,0.00717131,0.709163,0,0,1,0,1,0,0,0
46205,7436783195,19937094,CodeQL,feature/remove-sessionsettings-section,707e69e4f3cea8cdc67b63d7cb81bc4498b17a76,.github/workflows/codeql-analysis.yml,failure,3605584,ChoiJunsik,118,6,,,,pull_request,0,0,,0,success,0,,0,0,0,0,0,0,0,0,0,0,0,0,0,0,0,0,0,0,0,0,0,0,0,0,0,0,0,0,48,0,0,0,0,0,0,0,0,0,58,0,['junit'],java-maven,150406,60075,399.419,0,0,0,0,0,0.0199203,0.700057,0.00717131,0.709163,0,0,1,0,1,0,0,0
46206,6850009102,19937094,CodeQL,fix-orchestra-with-updated-project-structure,6e5f9d92d855b4fca5cc3b3c6322998121f7cce8,.github/workflows/codeql-analysis.yml,failure,3605584,david-gibbs-ig,110,0,0.0,228.0,"{'ci', 'feat', 'refactor', 'docs', 'revert', 'perf', 'chore', 'test', 'fix', 'build'}",pull_request,610,0,460.0,1,failure,228,e612ee6858673e6d4e1e21999fbda105e9c283bc,120,22506,3072,16,1,96,4131,12,19781,2,1,80,0,24,104,7,98,105,252,3,0,3,443,29,472,1,1,0,45,136,0,17817,1964,16,2,31,0,0,60,0,['junit'],java-maven,149764,59556,397.666,0,0,0,0,1,0.00557769,0.552457,0.00318725,0.553785,2,0,1,0,0,1,0,0
46207,7094738749,19937094,Java CI,dependabot/maven/org.codehaus.mojo-build-helper-maven-plugin-3.5.0,59277dd867be532c2b1f8e878a941c5a77e7b6ac,.github/workflows/maven.yml,failure,3071532,dependabot[bot],117,5,0.0,0.0,,push,740,0,720.0,1,success,1,d7cf2f4943489f781e5ee88ad3672bd516fcc5f5,1,1,1,0,1,1,2,1,0,0,0,0,0,0,0,0,0,0,0,0,0,0,0,0,0,0,0,0,48,0,0,0,0,0,0,0,0,0,56,0,['junit'],java-maven,149780,59887,399.833,30271,2,0,30273,1,0.0422311,0.807513,0.0350598,0.802203,0,1,9,0,0,0,0,0
46208,7109186459,19937094,Java CI,dependabot/maven/org.codehaus.mojo-xml-maven-plugin-1.1.0,d146d8f33ab63657fece2224acc317b161f21759,.github/workflows/maven.yml,failure,3071532,dependabot[bot],117,5,0.0,1.0,,pull_request,650,0,729.0,1,success,1,262ae3e4867e9ab4f413204c6d267ae8d7bad6eb,1,1,1,0,1,1,2,1,0,0,0,0,0,0,0,0,0,0,0,0,0,0,0,0,0,0,0,0,48,0,0,0,0,0,0,0,0,0,56,0,['junit'],java-maven,149785,59887,399.82,30271,2,0,30273,1,0.0501992,0.826164,0.0430279,0.826444,0,1,9,0,0,0,0,0
46209,7218416992,19937094,Java CI,master,ccc9c23ddb0d041d05a362ba36630f4aa4f27a8f,.github/workflows/maven.yml,failure,3071532,chrjohn,117,6,0.0,1.0,,schedule,426,0,738.0,1,success,1,69ab53d1aedc9d195dcb07bcdf79f4abf43a3375,1,1,1,0,0,1,2,1,0,0,0,0,0,0,0,0,0,0,0,0,0,0,0,0,0,0,0,0,48,0,0,0,0,0,0,0,0,0,57,0,['junit'],java-maven,150051,60136,400.77,30811,2,0,30813,1,0.0565737,0.864015,0.00557769,0.793297,102,1,9,0,0,0,0,1
46210,6491699135,19937094,Java CI,master,e612ee6858673e6d4e1e21999fbda105e9c283bc,.github/workflows/maven.yml,failure,3071532,chrjohn,110,3,0.0,0.0,,schedule,61,0,654.0,1,success,1,5db9c8ff229fd210fdedf150a2c228234a08789c,2,24,1,0,0,1,16,1,9,0,0,0,0,2,2,1,0,1,5,0,0,0,2,0,2,1,1,0,11,0,0,9,0,0,0,0,0,0,29,0,['junit'],java-maven,131653,43230,328.363,28240,2,0,28242,1,0.00318725,0.881415,0.00239044,0.922158,5,1,9,0,0,1,0,1
46211,7112858188,19937094,Java CI,master,898a29f15c8e79bbaf6768cdf40ef3dca13c6340,.github/workflows/maven.yml,failure,3071532,chrjohn,117,5,0.0,2.0,,push,14,0,721.0,1,success,2,b37e6b4522471dbe5e601f2a1ae7e968b89e0a66,1,1,0,0,1,0,0,1,0,0,0,0,0,0,0,0,0,0,0,0,0,0,0,0,0,0,0,0,48,0,0,0,0,0,1,0,0,0,57,0,['junit'],java-maven,149785,59890,399.84,30271,2,0,30273,1,0.0525896,0.857728,0.0454183,0.86293,82,1,9,0,0,1,0,1
46212,6873392217,19937094,Java CI,master,e612ee6858673e6d4e1e21999fbda105e9c283bc,.github/workflows/maven.yml,failure,3071532,chrjohn,110,0,0.0,0.0,,schedule,61,0,654.0,1,failure,1,5db9c8ff229fd210fdedf150a2c228234a08789c,2,24,1,0,0,1,16,1,9,0,0,0,0,2,2,1,0,1,5,0,0,0,2,0,2,1,1,0,11,0,0,9,0,0,0,0,0,0,29,0,['junit'],java-maven,131653,43230,328.363,28240,2,0,28242,1,0.00717131,0.91795,0.00478088,0.844315,0,1,9,0,0,1,0,1
46213,7126893687,19937094,Java CI,chrjohn-boolean-import,39c58c4bce6870794f2589f5460c9e11be73b435,.github/workflows/maven.yml,failure,3071532,chrjohn,117,5,0.0,0.0,,push,6,0,732.0,1,success,1,0998dadd5836d72706c91316de2ac7bf0defd708,1,0,2,0,0,1,2,1,0,0,0,0,0,1,1,0,0,0,2,0,0,0,0,1,1,1,0,0,48,0,0,0,0,0,0,0,0,0,57,0,['junit'],java-maven,149804,59898,399.842,31246,2,0,31248,1,0.0549801,0.862874,0.047012,0.870934,89,1,9,0,0,0,0,0
46214,7110963022,19937094,Java CI,master,e356b89ae72c39b480673e300ac36d18d0dc1ace,.github/workflows/maven.yml,failure,3071532,chrjohn,117,5,0.0,1.0,,push,748,0,723.0,1,success,1,262ae3e4867e9ab4f413204c6d267ae8d7bad6eb,1,1,1,0,1,1,2,1,0,0,0,0,0,0,0,0,0,0,0,0,0,0,0,0,0,0,0,0,48,0,0,0,0,0,0,0,0,0,56,0,['junit'],java-maven,149785,59887,399.82,30270,3,0,30273,1,0.050996,0.853429,0.0438247,0.858642,74,1,9,0,0,0,0,1
46215,7071613912,19937094,Java CI,master,03a4a193878e29e9ccb014224a4227825251d1fe,.github/workflows/maven.yml,failure,3071532,chrjohn,115,4,0.0,1.0,{'fix'},push,195,0,694.0,1,success,1,7e05e3ccae58d066c64297d8428af4e1b5d03bc6,1,1,1,0,1,1,2,1,0,0,0,0,0,0,0,0,0,0,0,0,0,0,0,0,0,0,0,0,48,0,0,0,0,0,0,0,0,0,56,0,['junit'],java-maven,149778,59887,399.838,30271,2,0,30273,1,0.0262948,0.839913,0.0183267,0.857626,31,1,9,0,0,0,0,1
46216,6850009086,19937094,Java CI,fix-orchestra-with-updated-project-structure,6e5f9d92d855b4fca5cc3b3c6322998121f7cce8,.github/workflows/maven.yml,failure,3071532,david-gibbs-ig,115,1,0.0,228.0,"{'ci', 'feat', 'refactor', 'docs', 'revert', 'perf', 'chore', 'test', 'fix', 'build'}",pull_request,610,0,460.0,0,success,228,e612ee6858673e6d4e1e21999fbda105e9c283bc,120,22506,3072,16,1,96,4131,12,19781,2,1,80,0,24,104,7,98,105,252,3,0,3,443,29,472,1,1,0,45,136,0,17817,1964,16,2,31,0,0,56,0,['junit'],java-maven,149764,59556,397.666,54,0,0,54,1,0.00557769,0.552457,0.00318725,0.553785,2,1,9,0,0,1,0,0
46217,7051890668,19937094,Java CI,dependabot/maven/net.sf.saxon-Saxon-HE-12.3,9f22b9e3b266e5b0427b3eebc31591a333bc105e,.github/workflows/maven.yml,failure,3071532,chrjohn,115,3,0.0,1.0,,pull_request,334,0,666.0,1,success,1,6010a3449b6095a4a649b1ba36299706fb452ed6,1,1,1,0,1,1,2,1,0,0,0,0,0,0,0,0,0,0,0,0,0,0,0,0,0,0,0,0,45,0,0,0,0,0,0,0,0,0,56,0,['junit'],java-maven,149767,59597,397.931,30217,2,0,30219,1,0.0151394,0.837122,0.0063745,0.856384,13,1,9,0,0,0,0,0
46218,7054588485,19937094,Java CI,dependabot/github_actions/al-cheb/configure-pagefile-action-1.3,cdf3cc28c44f01e19b110193449e3d339efb6fc3,.github/workflows/maven.yml,failure,3071532,dependabot[bot],115,3,0.0,1.0,,pull_request,551,0,690.0,1,success,1,6010a3449b6095a4a649b1ba36299706fb452ed6,1,1,1,0,1,0,0,1,0,0,0,0,0,0,0,0,0,0,0,0,0,0,0,0,0,0,0,0,45,0,0,0,0,0,1,0,0,0,56,0,['junit'],java-maven,149767,59597,397.931,30217,2,0,30219,1,0.0175299,0.76586,0.0103586,0.736879,0,1,9,0,0,0,0,0
46219,7318084268,19937094,Java CI,dependabot/maven/org.apache.maven.plugins-maven-compiler-plugin-3.12.1,c945f2915b30155a85c6c571d0b93df6a0a4e737,.github/workflows/maven.yml,failure,3071532,dependabot[bot],117,6,0.0,0.0,,push,431,0,742.0,0,success,1,714523c3598afe6b764f44a6222059d806c44b00,1,1,1,0,0,1,2,1,0,0,0,0,0,0,0,0,0,0,0,0,0,0,0,0,0,0,0,0,48,0,0,0,0,0,0,0,0,0,53,0,['junit'],java-maven,150355,60030,399.255,31696,2,0,31698,1,0.0621514,0.827818,0.00717131,0.884905,0,1,9,0,0,0,0,0
46220,7105847687,19937094,Java CI,acceptancetest-cleanup,b6d28e763bb1e2d56423c27c2a280f1f17ed3d21,.github/workflows/maven.yml,failure,3071532,chrjohn,117,5,0.0,1.0,,push,37,0,423.0,1,success,1,9038c86b92b3dfbfec55826924ae4752c8716275,1,1,1,0,1,0,0,1,2,0,0,0,0,1,1,0,0,0,3,0,0,0,0,0,0,0,1,0,48,0,0,1,1,0,0,0,0,0,56,0,['junit'],java-maven,149784,59890,399.842,31228,2,0,31230,1,0.0486056,0.853949,0.0414343,0.859357,72,1,9,0,0,0,0,0
46221,7177374742,19937094,Java CI,master,ebbe329a0c092378b0defb841a92e23a756e8fdf,.github/workflows/maven.yml,failure,3071532,chrjohn,117,6,0.0,1.0,,schedule,0,0,,1,success,1,2269285c6705cefe49f325fc53057752138e0650,1,1,1,0,1,0,0,1,0,0,0,0,0,0,0,0,0,0,0,0,0,0,0,0,0,0,0,0,48,0,0,0,0,1,0,0,0,0,57,0,['junit'],java-maven,150051,60136,400.77,30811,2,0,30813,1,0.0557769,0.861195,0.0175299,0.870261,96,1,9,0,0,1,0,1
46222,7318084477,19937094,Java CI,dependabot/maven/org.apache.maven.plugins-maven-compiler-plugin-3.12.1,c945f2915b30155a85c6c571d0b93df6a0a4e737,.github/workflows/maven.yml,failure,3071532,dependabot[bot],117,6,0.0,1.0,,pull_request,431,0,742.0,1,success,1,714523c3598afe6b764f44a6222059d806c44b00,1,1,1,0,0,1,2,1,0,0,0,0,0,0,0,0,0,0,0,0,0,0,0,0,0,0,0,0,48,0,0,0,0,0,0,0,0,0,53,0,['junit'],java-maven,150355,60030,399.255,30738,3,0,30741,1,0.0629482,0.823391,0.00796813,0.81456,0,1,9,0,0,0,0,0
46223,6859660123,19937094,Java CI,master,e612ee6858673e6d4e1e21999fbda105e9c283bc,.github/workflows/maven.yml,failure,3071532,chrjohn,110,0,0.0,0.0,,schedule,61,0,654.0,0,failure,1,5db9c8ff229fd210fdedf150a2c228234a08789c,2,24,1,0,0,1,16,1,9,0,0,0,0,2,2,1,0,1,5,0,0,0,2,0,2,1,1,0,11,0,0,9,0,0,0,0,0,0,29,0,['junit'],java-maven,131653,43230,328.363,28240,2,0,28242,1,0.0063745,0.94653,0.00398406,0.927149,0,1,9,0,0,1,0,1
46224,7271451791,19937094,Java CI,master,ff0f6e074818528ccec0274aa3ebdb301093863f,.github/workflows/maven.yml,failure,3071532,chrjohn,117,6,0.0,4.0,{'fix'},schedule,100,0,735.0,1,success,4,f0d3c199849d284ebe14fc388b767370408f89df,2,8,113,0,1,1,7,1,114,0,0,0,0,2,2,0,4,4,66,0,0,0,0,0,0,1,1,0,48,0,0,4,110,0,0,4,0,0,57,0,['junit'],java-maven,149957,60030,400.315,30739,2,0,30741,1,0.059761,0.858743,0.00557769,0.824303,107,1,9,0,0,1,0,1
46225,7060228605,19937094,Java CI,master,f5447cff93bc261c8f4f87fdccbf591790acba08,.github/workflows/maven.yml,failure,3071532,chrjohn,115,4,0.0,7.0,{'build'},push,189,0,635.0,1,success,7,0b05c464f694874e4641d42890bb81c533b42daf,8,205,204,0,1,8,255,5,154,2,1,0,1,6,7,6,3,9,42,2,3,5,9,12,21,1,1,0,45,6,1,146,8,0,0,1,0,0,56,0,['junit'],java-maven,149777,59887,399.841,31228,2,0,31230,1,0.0231076,0.83383,0.0159363,0.843121,24,1,9,0,0,0,0,1
46226,7261448771,19937094,Java CI,chrjohn-empty-message,61ead2183af43f9bcac73d618a95035ce9e46016,.github/workflows/maven.yml,failure,3071532,chrjohn,117,6,0.0,4.0,{'fix'},pull_request,100,0,735.0,1,success,4,270f823a32d735dbbbcc94cc4674f452da5a7761,2,8,113,0,1,1,7,1,114,0,0,0,0,2,2,0,4,4,66,0,0,0,0,0,0,1,1,0,48,0,0,4,110,0,0,4,0,0,57,0,['junit'],java-maven,149957,60030,400.315,30739,2,0,30741,1,0.0589641,0.860015,0.00478088,0.845541,106,1,9,0,0,0,0,0
46227,7051896462,19937094,Java CI,chrjohn-socketinitiator-simplify,8d9da026eeb3fa7e806ae8dacee986f48435da35,.github/workflows/maven.yml,failure,3071532,chrjohn,115,3,0.0,2.0,,push,12,0,625.0,1,success,2,50c371d17a4ec4a5762810aae500f964d2acf329,4,4,4,0,1,2,4,2,0,1,1,0,0,0,0,0,0,0,0,0,0,0,0,0,0,0,0,0,45,0,0,0,0,0,2,0,0,0,56,0,['junit'],java-maven,149764,59597,397.939,29257,5,0,29262,1,0.0159363,0.827433,0.00717131,0.840094,14,1,9,0,0,0,0,0
46228,7290691591,19937094,Java CI,maven-wrapper,64f8a33f14ffa8d5aac182e88930350110d02c4a,.github/workflows/maven.yml,cancelled,3071532,chrjohn,117,6,0.0,1.0,{'chore'},push,53,0,741.0,1,success,1,639feb58239463ca03d34f11e4249933f972f93d,1,0,2,0,0,0,0,1,0,0,0,0,0,0,0,0,0,0,0,0,0,0,0,0,0,0,0,0,48,0,0,0,0,0,1,0,0,0,53,0,['junit'],java-maven,150355,60030,399.255,0,0,0,0,1,0.0621514,0.857851,0.00717131,0.819283,116,1,9,0,0,0,0,0
46229,7105839593,19937094,Java CI,acceptancetest-cleanup,9038c86b92b3dfbfec55826924ae4752c8716275,.github/workflows/maven.yml,failure,3071532,chrjohn,117,5,0.0,16.0,"{'ci', 'fix'}",pull_request,37,0,423.0,1,success,16,262ae3e4867e9ab4f413204c6d267ae8d7bad6eb,7,54,51,0,1,0,0,3,103,1,1,0,0,5,5,0,0,0,30,0,0,0,5,2,7,0,1,0,48,0,0,53,50,0,1,2,0,0,56,0,['junit'],java-maven,149784,59890,399.842,30271,2,0,30273,1,0.0478088,0.856194,0.0406374,0.861933,71,1,9,0,0,1,0,0
46230,6987309020,19937094,Java CI,master,e612ee6858673e6d4e1e21999fbda105e9c283bc,.github/workflows/maven.yml,failure,3071532,chrjohn,110,0,0.0,0.0,,schedule,61,0,654.0,1,success,1,5db9c8ff229fd210fdedf150a2c228234a08789c,2,24,1,0,1,1,16,1,9,0,0,0,0,2,2,1,0,1,5,0,0,0,2,0,2,1,1,0,11,0,0,9,0,0,0,0,0,0,29,0,['junit'],java-maven,131653,43230,328.363,25536,0,0,25536,1,0.00956175,0.844928,0.00159363,0.866135,2,1,9,0,0,1,0,1
46231,7072299315,19937094,Java CI,boundedQueue,1dc797e33c7aae1e873551f7120318757698c69d,.github/workflows/maven.yml,failure,3071532,chrjohn,116,4,0.0,1.0,{'feat'},pull_request,73,0,652.0,1,success,1,4c2c517895f3a565dfe958861e2df18c7f8804d3,0,45,0,0,0,1,45,1,0,0,0,1,0,0,1,0,0,0,0,0,0,0,4,0,4,1,0,0,48,1,0,0,0,0,0,0,0,0,56,0,['junit'],java-maven,149810,59887,399.753,30271,2,0,30273,1,0.0286853,0.848333,0.0207171,0.865803,36,1,9,0,0,0,0,0
46232,7051709967,19937094,CodeQL,master,6010a3449b6095a4a649b1ba36299706fb452ed6,.github/workflows/codeql-analysis.yml,failure,3605584,chrjohn,115,3,0.0,1.0,,push,899,0,671.0,1,success,1,6b65b0957448cc28baebfd736838384ae094abe6,2,2,2,0,1,0,0,1,0,0,0,0,0,0,0,0,0,0,0,0,0,0,0,0,0,0,0,0,45,0,0,0,0,0,2,0,0,0,60,0,['junit'],java-maven,149767,59597,397.931,0,0,0,0,1,0.0143426,0.847398,0.00557769,0.874303,12,1,1,0,0,1,0,1
46233,6401994372,19937094,Java CI,master,e612ee6858673e6d4e1e21999fbda105e9c283bc,.github/workflows/maven.yml,failure,3071532,chrjohn,110,3,0.0,0.0,,schedule,61,0,654.0,1,success,1,5db9c8ff229fd210fdedf150a2c228234a08789c,2,24,1,0,0,1,16,1,9,0,0,0,0,2,2,1,0,1,5,0,0,0,2,0,2,1,1,0,11,0,0,9,0,0,0,0,0,0,29,0,['junit'],java-maven,131653,43230,328.363,28240,0,0,28242,1,0.000796813,0.874502,0.000796813,0.874502,6,1,9,0,0,1,0,1
46234,7143267053,19937094,Java CI,master,ebbe329a0c092378b0defb841a92e23a756e8fdf,.github/workflows/maven.yml,failure,3071532,chrjohn,117,6,0.0,1.0,,push,0,0,,1,success,1,2269285c6705cefe49f325fc53057752138e0650,1,1,1,0,1,0,0,1,0,0,0,0,0,0,0,0,0,0,0,0,0,0,0,0,0,0,0,0,48,0,0,0,0,1,0,0,0,0,57,0,['junit'],java-maven,150051,60136,400.77,30809,4,0,30813,1,0.0573705,0.865756,0.0350598,0.880478,94,1,9,0,0,1,0,1
46235,7051703377,19937094,Java CI,dependabot/maven/org.apache.maven.plugins-maven-pmd-plugin-3.21.2,fd45aec781c9e90de1dc886b517bc7de287da302,.github/workflows/maven.yml,failure,3071532,chrjohn,115,2,0.0,1.0,,pull_request,768,0,684.0,1,success,1,6b65b0957448cc28baebfd736838384ae094abe6,1,1,1,0,1,1,2,1,0,0,0,0,0,0,0,0,0,0,0,0,0,0,0,0,0,0,0,0,45,0,0,0,0,0,0,0,0,0,56,0,['junit'],java-maven,149767,59597,397.931,30217,2,0,30219,1,0.0119522,0.856194,0.00318725,0.891461,11,1,9,0,0,0,0,0
46236,6953333802,19937094,Java CI,master,e612ee6858673e6d4e1e21999fbda105e9c283bc,.github/workflows/maven.yml,failure,3071532,chrjohn,110,0,0.0,0.0,,schedule,61,0,654.0,1,success,1,5db9c8ff229fd210fdedf150a2c228234a08789c,2,24,1,0,0,1,16,1,9,0,0,0,0,2,2,1,0,1,5,0,0,0,2,0,2,1,1,0,11,0,0,9,0,0,0,0,0,0,29,0,['junit'],java-maven,131653,43230,328.363,25536,0,0,25536,1,0.00876494,0.867268,0.00239044,0.784861,0,1,9,0,0,1,0,1
46237,6766751520,19937094,Java CI,master,e612ee6858673e6d4e1e21999fbda105e9c283bc,.github/workflows/maven.yml,failure,3071532,chrjohn,110,0,0.0,0.0,,schedule,61,0,654.0,1,success,1,5db9c8ff229fd210fdedf150a2c228234a08789c,2,24,1,0,0,1,16,1,9,0,0,0,0,2,2,1,0,1,5,0,0,0,2,0,2,1,1,0,11,0,0,9,0,0,0,0,0,0,29,0,['junit'],java-maven,131653,43230,328.363,28240,0,0,28242,1,0.00318725,0.946949,0.00239044,0.922158,0,1,9,0,0,1,0,1
46238,7058750161,19937094,Java CI,634_-_mina_2.2.X_update,7608fc4aa15a4e4032249426f0a7e3ac819cef3b,.github/workflows/maven.yml,failure,3071532,chrjohn,115,4,0.0,6.0,,pull_request,189,0,635.0,1,failure,6,a2e6e4a2c0f35e12d728ab4458447377864a4152,7,204,203,0,1,7,253,4,154,2,0,0,1,6,7,6,3,9,42,2,3,5,9,12,21,1,1,0,45,6,1,146,8,0,0,1,0,0,56,0,['junit'],java-maven,149780,59887,399.833,3096,0,0,3096,1,0.0207171,0.819061,0.0135458,0.824322,19,1,9,0,0,0,0,0
46239,7290675502,19937094,Java CI,maven-wrapper,9419dc2c85a2dd9fac8ebd757dbb3ffe40078726,.github/workflows/maven.yml,failure,3071532,chrjohn,117,6,0.0,7.0,{'chore'},pull_request,53,0,741.0,1,success,7,ff0f6e074818528ccec0274aa3ebdb301093863f,5,547,17,5,1,1,8,7,0,3,1,0,0,0,0,0,0,0,0,0,0,0,0,0,0,0,0,0,48,4,0,0,0,1,2,0,0,0,57,0,['junit'],java-maven,150361,60030,399.239,30739,2,0,30741,1,0.0621514,0.856289,0.00717131,0.803568,114,1,9,0,0,1,0,0
46240,7101120726,19937094,Java CI,chrjohn-configure-pagefile-action,841e5db25049cfcf328fa2c9307056937a3eb81a,.github/workflows/maven.yml,failure,3071532,chrjohn,117,5,0.0,0.0,,push,14,0,721.0,1,success,1,f9b4c75164b3c21f4829b9ff8bd37ee02de2bcc4,1,2,1,0,1,0,0,1,0,0,0,0,0,0,0,0,0,0,0,0,0,0,0,0,0,0,0,0,47,0,0,0,0,0,1,0,0,0,57,0,['junit'],java-maven,149776,59887,399.844,30271,2,0,30273,1,0.0462151,0.853086,0.0390438,0.85896,65,1,9,0,0,0,0,0
46241,7086671313,19937094,Java CI,dependabot/maven/maven.version-3.9.6,898a5cfbf18e5ac4ef07a1774a8873f3f1a72aa4,.github/workflows/maven.yml,failure,3071532,dependabot[bot],117,5,0.0,0.0,,push,0,0,,1,success,1,b4aa264aa82546eae7ae164eb63ccded63c1826a,1,1,1,0,1,1,2,1,0,0,0,0,0,0,0,0,0,0,0,0,0,0,0,0,0,0,0,0,48,0,0,0,0,0,0,0,0,0,56,0,['junit'],java-maven,149780,59887,399.833,0,0,0,0,1,0.0326693,0.780611,0.025498,0.769693,0,1,9,0,0,0,0,0
46242,7247361382,19937094,Java CI,chrjohn-empty-message,25565ef3a4c0895392b61b660c071661274b3255,.github/workflows/maven.yml,failure,3071532,chrjohn,117,6,0.0,2.0,,pull_request,100,0,735.0,1,success,2,270f823a32d735dbbbcc94cc4674f452da5a7761,1,3,1,0,1,1,4,1,0,0,0,0,0,1,1,0,0,0,63,0,0,0,0,0,0,1,0,0,48,0,0,0,0,0,0,0,0,0,57,0,['junit'],java-maven,150051,60136,400.77,2970,72,0,3042,1,0.0581673,0.859253,0.00478088,0.799203,103,1,9,0,0,0,0,0
46243,7070827295,19937094,Java CI,snyk-upgrade-4e84708f4844cfa65b29f212cc06b8cb,7e05e3ccae58d066c64297d8428af4e1b5d03bc6,.github/workflows/maven.yml,failure,3071532,chrjohn,115,4,0.0,0.0,,push,4,0,693.0,1,success,1,f5447cff93bc261c8f4f87fdccbf591790acba08,1,2,1,0,1,1,3,1,0,0,0,0,0,0,0,0,0,0,0,0,0,0,0,0,0,0,0,0,48,0,0,0,0,0,0,0,0,0,56,0,['junit'],java-maven,149778,59887,399.838,31214,16,0,31230,1,0.025498,0.835021,0.0175299,0.853254,30,1,9,0,0,0,0,0
46244,7122345136,19937094,Java CI,dependabot/maven/com.zaxxer-HikariCP-5.1.0,1614c542ebb4d5a8f3a0c7ce6629a23c0b2ffec6,.github/workflows/maven.yml,failure,3071532,dependabot[bot],117,5,0.0,0.0,,push,0,0,,0,success,1,0998dadd5836d72706c91316de2ac7bf0defd708,1,1,1,0,1,1,2,1,0,0,0,0,0,0,0,0,0,0,0,0,0,0,0,0,0,0,0,0,48,0,0,0,0,0,0,0,0,0,57,0,['junit'],java-maven,149805,59898,399.84,21864,0,0,21864,1,0.0533865,0.823735,0.0462151,0.824007,0,1,9,0,0,0,0,0
46245,7099101377,19937094,Java CI,dependabot/maven/org.codehaus.plexus-plexus-utils-4.0.0,be35067be584dfb987f3c0c4dce22667a70b39f5,.github/workflows/maven.yml,failure,3071532,chrjohn,117,5,0.0,1.0,,pull_request,776,0,718.0,1,success,1,4b2fdae7b0cd057c0a8173fea2d442046796f06f,1,1,1,0,1,1,2,1,0,0,0,0,0,0,0,0,0,0,0,0,0,0,0,0,0,0,0,0,47,0,0,0,0,0,0,0,0,0,56,0,['junit'],java-maven,149775,59887,399.846,36,0,0,54,1,0.0438247,0.860004,0.0366534,0.86709,61,1,9,0,0,1,0,0
46246,7072299391,19937094,Java CI,dependabot/maven/org.mockito-mockito-core-5.8.0,57ac1667581b2f786752d57984add292233439ab,.github/workflows/maven.yml,failure,3071532,dependabot[bot],116,4,0.0,0.0,,push,0,0,,0,failure,1,4c2c517895f3a565dfe958861e2df18c7f8804d3,1,1,1,0,1,1,2,1,0,0,0,0,0,0,0,0,0,0,0,0,0,0,0,0,0,0,0,0,48,0,0,0,0,0,0,0,0,0,56,0,['junit'],java-maven,149778,59887,399.838,21852,0,0,21852,1,0.0294821,0.734585,0.0215139,0.715191,0,1,9,0,0,0,0,0
46247,7052452391,19937094,Java CI,dependabot/maven/org.dom4j-dom4j-2.1.4,87bdca9ace8af8c3a780f8ed84056d3b6d6f4e7c,.github/workflows/maven.yml,failure,3071532,dependabot[bot],115,3,0.0,1.0,,pull_request,542,0,606.0,1,success,1,53338f581e3e8e696e620c85a077ff7ccd4d4385,12,217,216,0,1,11,271,6,154,2,1,1,0,8,9,3,6,9,46,3,2,5,12,9,21,1,1,0,45,1,6,8,146,0,1,2,0,0,56,0,['junit'],java-maven,149767,59597,397.931,30217,2,0,30219,1,0.0167331,0.804474,0.00796813,0.821186,0,1,9,0,0,0,0,0
46248,7054572371,19937094,Java CI,dependabot/maven/org.apache.maven.shared-file-management-3.1.0,e472025e128f0268fbe6aafc3c7d1b2a590312bd,.github/workflows/maven.yml,failure,3071532,dependabot[bot],115,3,,,,pull_request,0,0,,1,success,0,,0,0,0,0,0,0,0,0,0,0,0,0,0,0,0,0,0,0,0,0,0,0,0,0,0,0,0,0,45,0,0,0,0,0,0,0,0,0,56,0,['junit'],java-maven,149767,59597,397.931,30216,3,0,30219,1,0.0167331,0.778971,0.00956175,0.74761,0,1,9,0,0,0,0,0
46249,6740180584,19937094,Java CI,dependabot/maven/org.mockito-mockito-core-5.7.0,8c5e5864c373966f07320fef8d295ab85e4046e4,.github/workflows/maven.yml,failure,3071532,dependabot[bot],110,0,0.0,0.0,,push,0,0,,1,success,1,e612ee6858673e6d4e1e21999fbda105e9c283bc,1,1,1,0,0,1,2,1,0,0,0,0,0,0,0,0,0,0,0,0,0,0,0,0,0,0,0,0,11,0,0,0,0,0,0,0,0,0,29,0,['junit'],java-maven,131653,43230,328.363,18828,0,0,18828,1,0.00318725,0.798938,0.000796813,0.888446,0,1,9,0,0,1,0,0
46250,7109183876,19937094,Java CI,dependabot/maven/org.apache.maven.shared-maven-shared-utils-3.4.2,c34d3a162ddac27b776047ffceff12464cd6173d,.github/workflows/maven.yml,failure,3071532,dependabot[bot],117,5,0.0,0.0,,push,765,0,725.0,1,success,1,262ae3e4867e9ab4f413204c6d267ae8d7bad6eb,1,1,1,0,1,1,2,1,0,0,0,0,0,0,0,0,0,0,0,0,0,0,0,0,0,0,0,0,48,0,0,0,0,0,0,0,0,0,56,0,['junit'],java-maven,149785,59887,399.82,30271,2,0,30273,1,0.0494024,0.813623,0.0422311,0.813937,0,1,9,0,0,0,0,0
46251,7094737499,19937094,Java CI,dependabot/maven/org.codehaus.plexus-plexus-utils-4.0.0,c02e9c33a318d2a37cc0f6841daf3453c1a81f66,.github/workflows/maven.yml,failure,3071532,dependabot[bot],117,5,0.0,0.0,,push,776,0,718.0,1,success,1,d7cf2f4943489f781e5ee88ad3672bd516fcc5f5,1,1,1,0,1,1,2,1,0,0,0,0,0,0,0,0,0,0,0,0,0,0,0,0,0,0,0,0,48,0,0,0,0,0,0,0,0,0,56,0,['junit'],java-maven,149780,59887,399.833,36,0,0,54,1,0.0406374,0.816129,0.0334661,0.810757,0,1,9,0,0,1,0,0
46252,7094734610,19937094,Java CI,dependabot/maven/maven.version-3.8.8,fc372eec192bcd9b901c2ebe98e1d8bff85e0b30,.github/workflows/maven.yml,failure,3071532,dependabot[bot],117,5,0.0,0.0,,push,0,0,,0,success,1,d7cf2f4943489f781e5ee88ad3672bd516fcc5f5,1,1,1,0,1,1,2,1,0,0,0,0,0,0,0,0,0,0,0,0,0,0,0,0,0,0,0,0,48,0,0,0,0,0,0,0,0,0,56,0,['junit'],java-maven,149780,59887,399.833,20820,0,0,20820,1,0.0390438,0.8072,0.0318725,0.800502,0,1,9,0,0,0,0,0
46253,7086671633,19937094,Java CI,dependabot/maven/maven.version-3.9.6,898a5cfbf18e5ac4ef07a1774a8873f3f1a72aa4,.github/workflows/maven.yml,failure,3071532,dependabot[bot],117,5,,,,pull_request,0,0,,1,failure,0,,0,0,0,0,0,0,0,0,0,0,0,0,0,0,0,0,0,0,0,0,0,0,0,0,0,0,0,0,48,0,0,0,0,0,0,0,0,0,56,0,['junit'],java-maven,149780,59887,399.833,0,0,0,0,1,0.0342629,0.755301,0.0270916,0.743467,0,1,9,0,0,0,0,0
46254,7287797026,19937094,CodeQL,maven-wrapper,370fbbc903bc5b7a050595909fab0c898271157d,.github/workflows/codeql-analysis.yml,failure,3605584,chrjohn,117,6,0.0,3.0,{'chore'},pull_request,53,0,741.0,1,success,3,ff0f6e074818528ccec0274aa3ebdb301093863f,2,21,4,3,1,0,0,4,0,2,1,0,0,0,0,0,0,0,0,0,0,0,0,0,0,0,0,0,48,2,0,0,0,0,1,0,0,0,60,0,['junit'],java-maven,149959,60030,400.309,0,0,0,0,1,0.0605578,0.857902,0.00557769,0.793297,111,1,1,0,0,0,0,0
46255,7058931737,19937094,Java CI,dependabot/maven/org.apache.maven.shared-file-management-3.1.0,909d48d27211be8dd58de1a5e487537ce8f9e5b8,.github/workflows/maven.yml,failure,3071532,dependabot[bot],115,3,0.0,1.0,,push,0,0,,0,success,1,09bd5ab134506f0889e555dfc36bca63a07adf82,0,0,0,0,0,0,0,0,0,0,0,0,0,0,0,0,0,0,0,0,0,0,0,0,0,0,0,0,45,0,0,0,0,0,0,0,0,0,56,0,['junit'],java-maven,149767,59597,397.931,31176,0,0,31176,1,0.0215139,0.802567,0.0143426,0.785706,0,1,9,0,0,0,0,0
46256,7071651604,19937094,Java CI,dependabot/maven/org.apache.maven.shared-file-management-3.1.0,55582130557d3147d9dbffcd904f11f3995f891e,.github/workflows/maven.yml,failure,3071532,dependabot[bot],116,4,0.0,3.0,{'fix'},push,0,0,,0,success,3,6f705e589572a4534cd8824f4a7815afc9b28709,2,2,2,0,1,2,4,2,0,1,1,0,0,1,1,0,0,0,3,0,0,0,0,0,0,1,0,0,48,0,0,0,0,0,0,0,0,0,56,0,['junit'],java-maven,149778,59887,399.838,31230,0,0,31230,1,0.0270916,0.765758,0.0191235,0.747344,0,1,9,0,0,0,0,0
46257,7092273535,19937094,Java CI,chrjohn-remove-guava,4693ea223bb5ede64e1f0a29d21fd78478360a7b,.github/workflows/maven.yml,failure,3071532,chrjohn,117,5,0.0,1.0,,push,48,0,711.0,1,success,1,f09ebc5136d6a84f3b02d4d62ef13259683b8173,1,1,0,0,1,1,1,1,0,0,0,0,0,0,0,0,0,0,0,0,0,0,0,0,0,0,0,0,47,0,0,0,0,0,0,0,0,0,56,0,['junit'],java-maven,149774,59887,399.849,30271,2,0,30273,1,0.038247,0.846362,0.0310757,0.852711,49,1,9,0,0,0,0,0
46258,7092136102,19937094,Java CI,chrjohn-remove-guava,f09ebc5136d6a84f3b02d4d62ef13259683b8173,.github/workflows/maven.yml,failure,3071532,chrjohn,117,5,0.0,1.0,{'build'},pull_request,48,0,711.0,1,failure,1,563b9870e4aa5e5c9500e7974fdd8c4da9cff370,3,8,19,0,1,3,27,1,0,0,1,0,0,0,0,0,0,0,0,0,0,0,0,0,0,0,0,0,47,0,0,0,0,0,0,0,0,0,56,0,['junit'],java-maven,149773,59887,399.852,0,0,0,0,1,0.0374502,0.849266,0.0302789,0.856203,48,1,9,0,0,0,0,0
46259,6841133505,19937094,CodeQL,fix-orchestra-with-updated-project-structure,aa69002fd69ff049be58dcd843adaf1649c300f0,.github/workflows/codeql-analysis.yml,failure,3605584,david-gibbs-ig,110,0,0.0,227.0,"{'ci', 'feat', 'refactor', 'docs', 'revert', 'perf', 'chore', 'test', 'fix', 'build'}",pull_request,610,0,460.0,1,failure,227,e612ee6858673e6d4e1e21999fbda105e9c283bc,120,22503,3072,16,1,96,4131,12,19781,2,1,80,0,24,104,7,98,105,252,3,0,3,443,29,472,1,1,0,45,136,0,17817,1964,16,2,31,0,0,60,0,['junit'],java-maven,149764,59556,397.666,0,0,0,0,1,0.00398406,0.71144,0.00239044,0.712578,1,0,1,0,0,1,0,0
46260,6886784693,19937094,Java CI,master,e612ee6858673e6d4e1e21999fbda105e9c283bc,.github/workflows/maven.yml,failure,3071532,chrjohn,110,0,0.0,0.0,,schedule,61,0,654.0,1,failure,1,5db9c8ff229fd210fdedf150a2c228234a08789c,2,24,1,0,0,1,16,1,9,0,0,0,0,2,2,1,0,1,5,0,0,0,2,0,2,1,1,0,11,0,0,9,0,0,0,0,0,0,29,0,['junit'],java-maven,131653,43230,328.363,28240,2,0,28242,1,0.00796813,0.893688,0.00557769,0.783722,0,1,9,0,0,1,0,1
46261,7058490884,19937094,Java CI,dependabot/maven/org.apache.maven.shared-file-management-3.1.0,09bd5ab134506f0889e555dfc36bca63a07adf82,.github/workflows/maven.yml,failure,3071532,chrjohn,115,4,,,,pull_request,0,0,,1,success,0,,0,0,0,0,0,0,0,0,0,0,0,0,0,0,0,0,0,0,0,0,0,0,0,0,0,0,0,0,45,0,0,0,0,0,0,0,0,0,56,0,['junit'],java-maven,149767,59597,397.931,31176,0,0,31176,1,0.0191235,0.837981,0.0119522,0.851479,18,1,9,0,0,1,0,0
46262,7150903562,19937094,CodeQL,socket-connect-timeout,c6e43f27bc9fea302c78a6c09aff8b3f2b9e58c3,.github/workflows/codeql-analysis.yml,failure,3605584,chrjohn,116,4,0.0,2.0,{'feat'},pull_request,159,0,638.0,1,failure,2,3427f0806a5c80603c82d8a9b0533bd99337dfb5,85,1057,2970,5,1,49,1434,10,2022,1,1,0,8,66,74,15,59,74,527,13,17,30,17,143,160,1,1,0,48,0,12,511,1511,1,3,113,0,0,60,0,['junit'],java-maven,149790,59887,399.806,0,0,0,0,1,0.0589641,0.860269,0.0350598,0.877111,95,1,1,0,0,0,0,0
46263,7091092516,19937094,Java CI,master,f68feaa0e7b6af780f2fd4ee97984c36b684a80a,.github/workflows/maven.yml,failure,3071532,chrjohn,117,5,0.0,1.0,,push,631,0,705.0,1,success,1,e064f4a40e2c5a1901769a8023290e7006aff67e,1,1,1,0,1,1,2,1,0,0,0,0,0,0,0,0,0,0,0,0,0,0,0,0,0,0,0,0,48,0,0,0,0,0,0,0,0,0,56,0,['junit'],java-maven,149780,59887,399.833,30271,2,0,30273,1,0.0350598,0.86091,0.0278884,0.870068,46,1,9,0,0,0,0,1
46264,7099722184,19937094,Java CI,dependabot/maven/org.codehaus.plexus-plexus-utils-4.0.0,988fd8f6c3da447474e5f7e63227fd146331a862,.github/workflows/maven.yml,failure,3071532,chrjohn,117,5,0.0,1.0,{'build'},push,776,0,718.0,1,failure,1,be35067be584dfb987f3c0c4dce22667a70b39f5,1,5,0,0,1,1,5,1,0,0,0,0,0,0,0,0,0,0,0,0,0,0,0,0,0,0,0,0,48,0,0,0,0,0,0,0,0,0,56,0,['junit'],java-maven,149780,59887,399.833,36,0,0,54,1,0.0446215,0.856147,0.0374502,0.862691,62,1,9,0,0,1,0,0
46265,7198038597,19937094,Java CI,chrjohn-empty-message,24214eefad191020b102bd172760d03ba733459a,.github/workflows/maven.yml,failure,3071532,chrjohn,117,6,0.0,0.0,,push,100,0,735.0,1,success,1,270f823a32d735dbbbcc94cc4674f452da5a7761,1,0,4,0,0,1,4,1,0,0,0,0,0,1,1,0,0,0,63,0,0,0,0,0,0,1,0,0,48,0,0,0,0,0,0,0,0,0,57,0,['junit'],java-maven,150048,60136,400.778,2898,144,0,3042,1,0.0557769,0.862914,0.00796813,0.865781,99,1,9,0,0,0,0,0
46266,6841133502,19937094,Java CI,fix-orchestra-with-updated-project-structure,aa69002fd69ff049be58dcd843adaf1649c300f0,.github/workflows/maven.yml,failure,3071532,david-gibbs-ig,114,0,0.0,227.0,"{'ci', 'feat', 'refactor', 'docs', 'revert', 'perf', 'chore', 'test', 'fix', 'build'}",pull_request,610,0,460.0,0,success,227,e612ee6858673e6d4e1e21999fbda105e9c283bc,120,22503,3072,16,1,96,4131,12,19781,2,1,80,0,24,104,7,98,105,252,3,0,3,443,29,472,1,1,0,45,136,0,17817,1964,16,2,31,0,0,56,0,['junit'],java-maven,149764,59556,397.666,54,0,0,54,1,0.00398406,0.71144,0.00239044,0.712578,1,1,9,0,0,1,0,0
46267,7077181840,19937094,Java CI,dependabot/maven/org.apache.maven.shared-file-management-3.1.0,a1e4f6802e4941529744601cb8582e5301d62378,.github/workflows/maven.yml,failure,3071532,chrjohn,117,5,,,,pull_request,0,0,,1,success,0,,0,0,0,0,0,0,0,0,0,0,0,0,0,0,0,0,0,0,0,0,0,0,0,0,0,0,0,0,48,0,0,0,0,0,0,0,0,0,56,0,['junit'],java-maven,149778,59887,399.838,31230,0,0,31230,1,0.0326693,0.840738,0.0247012,0.855125,39,1,9,0,0,0,0,0
46268,7287619494,19937094,CodeQL,maven-wrapper,d965a2f6d23d7c6d54cd80099e4494a88b284df6,.github/workflows/codeql-analysis.yml,failure,3605584,chrjohn,117,6,0.0,2.0,{'chore'},pull_request,53,0,741.0,1,success,2,ff0f6e074818528ccec0274aa3ebdb301093863f,1,21,2,2,0,0,0,3,0,2,1,0,0,0,0,0,0,0,0,0,0,0,0,0,0,0,0,0,48,2,0,0,0,0,1,0,0,0,60,0,['junit'],java-maven,149957,60030,400.315,0,0,0,0,1,0.059761,0.859548,0.00478088,0.805681,109,1,1,0,0,0,0,0
46269,7051704718,19937094,Java CI,dependabot/maven/org.mockito-mockito-core-5.7.0,a776cadc6289da7fd1d5feb8bf922101b91996bd,.github/workflows/maven.yml,failure,3071532,dependabot[bot],115,3,,,,pull_request,0,0,,1,success,0,,0,0,0,0,0,0,0,0,0,0,0,0,0,0,0,0,0,0,0,0,0,0,0,0,0,0,0,0,45,0,0,0,0,0,0,0,0,0,56,0,['junit'],java-maven,149767,59597,397.931,21476,0,0,21476,1,0.0135458,0.823142,0.00478088,0.855435,0,1,9,0,0,0,0,0
46270,7092134903,19937094,Java CI,chrjohn-remove-guava,f09ebc5136d6a84f3b02d4d62ef13259683b8173,.github/workflows/maven.yml,failure,3071532,chrjohn,117,5,0.0,0.0,,push,48,0,711.0,1,success,1,c07b4ba347b1fe9a8fc586ec10b1e05dfc2ed79f,1,0,10,0,1,1,10,1,0,0,0,0,0,0,0,0,0,0,0,0,0,0,0,0,0,0,0,0,47,0,0,0,0,0,0,0,0,0,56,0,['junit'],java-maven,149773,59887,399.852,0,0,0,0,1,0.0358566,0.85849,0.0286853,0.867022,48,1,9,0,0,0,0,0
46271,7050473111,19937094,Java CI,chrjohn-socketinitiator-simplify,50c371d17a4ec4a5762810aae500f964d2acf329,.github/workflows/maven.yml,failure,3071532,chrjohn,115,2,0.0,0.0,,push,12,0,625.0,1,success,239,7cf52e2230a75be934d99162c8133e62e4170f86,121,22652,3156,16,1,97,4153,12,19989,2,1,81,0,24,105,7,106,113,252,3,0,3,450,33,483,1,1,0,45,137,0,17946,2043,16,2,31,0,0,56,0,['junit'],java-maven,149764,59597,397.939,30217,2,0,30219,1,0.0111554,0.858671,0.00239044,0.90284,9,1,9,0,0,0,0,0
46272,7129014601,19937094,CodeQL,650/truncated_filestore_messages,88ddb3de5db5cbbfd56318191c120be14fa6f93f,.github/workflows/codeql-analysis.yml,failure,3605584,the-thing,117,5,0.0,2.0,,pull_request,60,0,651.0,1,failure,2,8cf71f9059dd758dfe66320f84ae430346ea4974,10,280,45,0,1,3,39,1,286,0,1,0,0,10,10,18,0,18,42,0,2,2,11,2,13,1,1,0,48,0,0,259,27,0,0,7,0,0,60,0,['junit'],java-maven,150046,60130,400.744,0,0,0,0,1,0.0565737,0.673876,0.0486056,0.679567,2,0,1,0,1,1,0,0
46273,7058490526,19937094,Java CI,dependabot/maven/org.apache.maven.shared-file-management-3.1.0,09bd5ab134506f0889e555dfc36bca63a07adf82,.github/workflows/maven.yml,failure,3071532,chrjohn,115,3,0.0,3.0,,push,0,0,,1,success,3,e472025e128f0268fbe6aafc3c7d1b2a590312bd,1,4,4,0,1,0,0,1,0,0,0,0,0,0,0,0,0,0,0,0,0,0,0,0,0,0,0,0,45,0,0,0,0,0,1,0,0,0,56,0,['junit'],java-maven,149767,59597,397.931,31176,0,0,31176,1,0.0183267,0.845981,0.0111554,0.863461,18,1,9,0,0,1,0,0
46274,7092136100,19937094,CodeQL,chrjohn-remove-guava,f09ebc5136d6a84f3b02d4d62ef13259683b8173,.github/workflows/codeql-analysis.yml,failure,3605584,chrjohn,117,5,0.0,1.0,{'build'},pull_request,48,0,711.0,1,failure,1,563b9870e4aa5e5c9500e7974fdd8c4da9cff370,3,8,19,0,1,3,27,1,0,0,1,0,0,0,0,0,0,0,0,0,0,0,0,0,0,0,0,0,47,0,0,0,0,0,0,0,0,0,60,0,['junit'],java-maven,149773,59887,399.852,0,0,0,0,1,0.0374502,0.849266,0.0302789,0.856203,48,1,1,0,0,0,0,0
46275,7247361120,19937094,Java CI,chrjohn-empty-message,25565ef3a4c0895392b61b660c071661274b3255,.github/workflows/maven.yml,failure,3071532,chrjohn,117,6,0.0,1.0,,push,100,0,735.0,1,success,1,24214eefad191020b102bd172760d03ba733459a,1,6,0,0,0,1,6,1,0,0,0,0,0,1,1,0,0,0,63,0,0,0,0,0,0,1,0,0,48,0,0,0,0,0,0,0,0,0,57,0,['junit'],java-maven,150051,60136,400.77,2970,72,0,3042,1,0.0573705,0.861417,0.00398406,0.820717,103,1,9,0,0,0,0,0
46276,7099722298,19937094,Java CI,dependabot/maven/org.codehaus.plexus-plexus-utils-4.0.0,988fd8f6c3da447474e5f7e63227fd146331a862,.github/workflows/maven.yml,failure,3071532,chrjohn,117,5,0.0,2.0,{'build'},pull_request,776,0,718.0,1,success,2,4b2fdae7b0cd057c0a8173fea2d442046796f06f,1,6,1,0,1,1,7,1,0,0,0,0,0,0,0,0,0,0,0,0,0,0,0,0,0,0,0,0,48,0,0,0,0,0,0,0,0,0,56,0,['junit'],java-maven,149780,59887,399.833,36,0,0,54,1,0.0454183,0.852977,0.038247,0.859044,62,1,9,0,0,1,0,0
46277,7077181768,19937094,Java CI,dependabot/maven/org.apache.maven.shared-file-management-3.1.0,a1e4f6802e4941529744601cb8582e5301d62378,.github/workflows/maven.yml,failure,3071532,chrjohn,117,5,0.0,3.0,"{'fix', 'build'}",push,0,0,,1,success,3,55582130557d3147d9dbffcd904f11f3995f891e,1,3,3,0,1,1,6,1,0,0,0,0,0,0,0,0,0,0,0,0,0,0,0,0,0,0,0,0,48,0,0,0,0,0,0,0,0,0,56,0,['junit'],java-maven,149778,59887,399.838,31230,0,0,31230,1,0.0318725,0.845132,0.0239044,0.860619,39,1,9,0,0,0,0,0
46278,7063259211,19937094,Java CI,dependabot/maven/org.apache.maven.shared-file-management-3.1.0,6f705e589572a4534cd8824f4a7815afc9b28709,.github/workflows/maven.yml,failure,3071532,chrjohn,115,4,0.0,11.0,"{'feat', 'build'}",push,0,0,,1,success,11,909d48d27211be8dd58de1a5e487537ce8f9e5b8,10,209,210,0,1,10,265,5,154,2,1,0,1,7,8,6,3,9,43,2,3,5,9,12,21,1,1,0,48,6,1,146,8,0,0,2,0,0,56,0,['junit'],java-maven,149778,59887,399.838,31228,2,0,31230,1,0.0239044,0.842439,0.0167331,0.852993,28,1,9,0,0,0,0,0
46279,7094737672,19937094,Java CI,dependabot/maven/org.codehaus.plexus-plexus-utils-4.0.0,c02e9c33a318d2a37cc0f6841daf3453c1a81f66,.github/workflows/maven.yml,failure,3071532,dependabot[bot],117,5,0.0,1.0,,pull_request,776,0,718.0,1,success,1,4b2fdae7b0cd057c0a8173fea2d442046796f06f,1,16,8,0,1,1,24,1,0,0,0,0,0,0,0,0,0,0,0,0,0,0,0,0,0,0,0,0,48,0,0,0,0,0,0,0,0,0,56,0,['junit'],java-maven,149780,59887,399.833,36,0,0,54,1,0.0414343,0.80983,0.0342629,0.804374,0,1,9,0,0,1,0,0
46280,7058932019,19937094,Java CI,dependabot/maven/org.apache.maven.shared-file-management-3.1.0,909d48d27211be8dd58de1a5e487537ce8f9e5b8,.github/workflows/maven.yml,failure,3071532,dependabot[bot],115,3,,,,pull_request,0,0,,1,success,0,,0,0,0,0,0,0,0,0,0,0,0,0,0,0,0,0,0,0,0,0,0,0,0,0,0,0,0,0,45,0,0,0,0,0,0,0,0,0,56,0,['junit'],java-maven,149767,59597,397.931,31176,0,0,31176,1,0.0223108,0.786538,0.0151394,0.769266,0,1,9,0,0,0,0,0
46281,7099100491,19937094,Java CI,dependabot/maven/org.codehaus.plexus-plexus-utils-4.0.0,be35067be584dfb987f3c0c4dce22667a70b39f5,.github/workflows/maven.yml,failure,3071532,chrjohn,117,5,0.0,6.0,"{'chore', 'build', 'docs'}",push,776,0,718.0,1,success,6,c02e9c33a318d2a37cc0f6841daf3453c1a81f66,1,7,15,0,1,1,22,1,0,0,0,0,0,0,0,0,0,0,0,0,0,0,0,0,0,0,0,0,47,0,0,0,0,0,0,0,0,0,56,0,['junit'],java-maven,149775,59887,399.846,36,0,0,54,1,0.0430279,0.86328,0.0358566,0.870875,61,1,9,0,0,1,0,0
46282,6740180790,19937094,Java CI,dependabot/maven/org.mockito-mockito-core-5.7.0,8c5e5864c373966f07320fef8d295ab85e4046e4,.github/workflows/maven.yml,failure,3071532,dependabot[bot],110,0,,,,pull_request,0,0,,1,success,0,,0,0,0,0,0,0,0,0,0,0,0,0,0,0,0,0,0,0,0,0,0,0,0,0,0,0,0,0,11,0,0,0,0,0,0,0,0,0,29,0,['junit'],java-maven,131653,43230,328.363,18828,0,0,18828,1,0.00398406,0.763534,0.00159363,0.817457,0,1,9,0,0,1,0,0
46283,7051704180,19937094,Java CI,dependabot/maven/org.mockito-mockito-core-5.7.0,a776cadc6289da7fd1d5feb8bf922101b91996bd,.github/workflows/maven.yml,failure,3071532,dependabot[bot],115,2,0.0,238.0,"{'ci', 'feat', 'refactor', 'docs', 'revert', 'perf', 'chore', 'test', 'fix', 'build'}",push,0,0,,0,failure,238,8c5e5864c373966f07320fef8d295ab85e4046e4,120,22627,3154,16,1,96,4135,12,19980,2,1,81,0,24,105,7,106,113,252,3,0,3,450,33,483,1,1,0,45,137,0,17937,2043,16,2,31,0,0,56,0,['junit'],java-maven,149767,59597,397.931,21816,0,0,21816,1,0.012749,0.854107,0.00398406,0.915007,0,1,9,0,0,0,0,0
46284,7072299469,19937094,Java CI,dependabot/maven/org.mockito-mockito-core-5.8.0,57ac1667581b2f786752d57984add292233439ab,.github/workflows/maven.yml,failure,3071532,dependabot[bot],116,4,,,,pull_request,0,0,,1,success,0,,0,0,0,0,0,0,0,0,0,0,0,0,0,0,0,0,0,0,0,0,0,0,0,0,0,0,0,0,48,0,0,0,0,0,0,0,0,0,56,0,['junit'],java-maven,149778,59887,399.838,21852,0,0,21852,1,0.0302789,0.723832,0.0223108,0.704596,0,1,9,0,0,0,0,0
46285,7129014606,19937094,Java CI,650/truncated_filestore_messages,88ddb3de5db5cbbfd56318191c120be14fa6f93f,.github/workflows/maven.yml,failure,3071532,the-thing,117,5,0.0,2.0,,pull_request,60,0,651.0,0,success,2,8cf71f9059dd758dfe66320f84ae430346ea4974,10,280,45,0,1,3,39,1,286,0,1,0,0,10,10,18,0,18,42,0,2,2,11,2,13,1,1,0,48,0,0,259,27,0,0,7,0,0,57,0,['junit'],java-maven,150046,60130,400.744,3096,0,0,3096,1,0.0565737,0.673876,0.0486056,0.679567,2,0,9,0,1,1,0,0
46286,7086671630,19937094,CodeQL,dependabot/maven/maven.version-3.9.6,898a5cfbf18e5ac4ef07a1774a8873f3f1a72aa4,.github/workflows/codeql-analysis.yml,failure,3605584,dependabot[bot],117,5,,,,pull_request,0,0,,1,failure,0,,0,0,0,0,0,0,0,0,0,0,0,0,0,0,0,0,0,0,0,0,0,0,0,0,0,0,0,0,48,0,0,0,0,0,0,0,0,0,60,0,['junit'],java-maven,149780,59887,399.833,0,0,0,0,1,0.0342629,0.755301,0.0270916,0.743467,0,1,1,0,0,0,0,0
46287,7072494830,19937094,Java CI,master,163968c07f772fd26cc3842a6fe47160776a8bea,.github/workflows/maven.yml,failure,3071532,chrjohn,116,4,0.0,1.0,,push,542,0,606.0,1,success,1,4c2c517895f3a565dfe958861e2df18c7f8804d3,1,1,1,0,1,1,2,1,0,0,0,0,0,0,0,0,0,0,0,0,0,0,0,0,0,0,0,0,48,0,0,0,0,0,0,0,0,0,56,0,['junit'],java-maven,149778,59887,399.838,30271,2,0,30273,1,0.0310757,0.844595,0.0231076,0.860849,37,1,9,0,0,0,0,1
46288,7071651800,19937094,Java CI,dependabot/maven/org.apache.maven.shared-file-management-3.1.0,55582130557d3147d9dbffcd904f11f3995f891e,.github/workflows/maven.yml,failure,3071532,dependabot[bot],116,4,,,,pull_request,0,0,,1,success,0,,0,0,0,0,0,0,0,0,0,0,0,0,0,0,0,0,0,0,0,0,0,0,0,0,0,0,0,0,48,0,0,0,0,0,0,0,0,0,56,0,['junit'],java-maven,149778,59887,399.838,31230,0,0,31230,1,0.0278884,0.752697,0.0199203,0.734221,0,1,9,0,0,0,0,0
46289,6451396679,19937094,Java CI,dependabot/maven/org.mockito-mockito-core-5.6.0,8676ac95e2b23d924d41772ea4f8567afd1c321b,.github/workflows/maven.yml,failure,3071532,dependabot[bot],110,3,0.0,0.0,,push,0,0,,1,failure,1,e612ee6858673e6d4e1e21999fbda105e9c283bc,1,1,1,0,0,1,2,1,0,0,0,0,0,0,0,0,0,0,0,0,0,0,0,0,0,0,0,0,11,0,0,0,0,0,0,0,0,0,29,0,['junit'],java-maven,131653,43230,328.363,18828,0,0,18828,1,0.00239044,0.748506,0.00239044,0.748506,0,1,9,0,0,0,0,0
46290,7094734806,19937094,Java CI,dependabot/maven/maven.version-3.8.8,fc372eec192bcd9b901c2ebe98e1d8bff85e0b30,.github/workflows/maven.yml,failure,3071532,dependabot[bot],117,5,,,,pull_request,0,0,,1,success,0,,0,0,0,0,0,0,0,0,0,0,0,0,0,0,0,0,0,0,0,0,0,0,0,0,0,0,0,0,48,0,0,0,0,0,0,0,0,0,56,0,['junit'],java-maven,149780,59887,399.833,20820,0,0,20820,1,0.0398406,0.800009,0.0326693,0.793213,0,1,9,0,0,0,0,0
46291,7101125276,19937094,Java CI,chrjohn-configure-pagefile-action,841e5db25049cfcf328fa2c9307056937a3eb81a,.github/workflows/maven.yml,failure,3071532,chrjohn,117,5,0.0,1.0,,pull_request,14,0,721.0,1,success,1,f9b4c75164b3c21f4829b9ff8bd37ee02de2bcc4,1,2,1,0,1,0,0,1,0,0,0,0,0,0,0,0,0,0,0,0,0,0,0,0,0,0,0,0,47,0,0,0,0,0,1,0,0,0,57,0,['junit'],java-maven,149776,59887,399.844,30271,2,0,30273,1,0.047012,0.850064,0.0398406,0.855506,65,1,9,0,0,0,0,0
46292,6451396672,19937094,Java CI,dependabot/maven/org.mockito-mockito-core-5.6.0,8676ac95e2b23d924d41772ea4f8567afd1c321b,.github/workflows/maven.yml,failure,3071532,dependabot[bot],110,3,,,,pull_request,0,0,,1,success,0,,0,0,0,0,0,0,0,0,0,0,0,0,0,0,0,0,0,0,0,0,0,0,0,0,0,0,0,0,11,0,0,0,0,0,0,0,0,0,29,0,['junit'],java-maven,131653,43230,328.363,18828,0,0,18828,1,0.00239044,0.748506,0.00239044,0.748506,0,1,9,0,0,0,0,0
46293,7290675079,19937094,Java CI,maven-wrapper,9419dc2c85a2dd9fac8ebd757dbb3ffe40078726,.github/workflows/maven.yml,failure,3071532,chrjohn,117,6,0.0,1.0,{'chore'},push,53,0,741.0,1,success,1,aaba9611f4d8187734aa81d7cdf36bb56854b307,1,1,1,1,1,0,0,1,0,0,0,0,0,0,0,0,0,0,0,0,0,0,0,0,0,0,0,0,48,0,0,0,0,0,0,0,0,0,57,0,['junit'],java-maven,150361,60030,399.239,30739,2,0,30741,1,0.0613546,0.858269,0.0063745,0.817457,114,1,9,0,0,1,0,0
46294,7198042983,19937094,Java CI,chrjohn-empty-message,24214eefad191020b102bd172760d03ba733459a,.github/workflows/maven.yml,failure,3071532,chrjohn,117,6,0.0,1.0,,pull_request,100,0,735.0,1,success,1,270f823a32d735dbbbcc94cc4674f452da5a7761,1,0,4,0,0,1,4,1,0,0,0,0,0,1,1,0,0,0,63,0,0,0,0,0,0,1,0,0,48,0,0,0,0,0,0,0,0,0,57,0,['junit'],java-maven,150048,60136,400.778,2898,144,0,3042,1,0.0565737,0.860668,0.00876494,0.850131,99,1,9,0,0,0,0,0
46295,7122345244,19937094,Java CI,dependabot/maven/com.zaxxer-HikariCP-5.1.0,1614c542ebb4d5a8f3a0c7ce6629a23c0b2ffec6,.github/workflows/maven.yml,failure,3071532,dependabot[bot],117,5,,,,pull_request,0,0,,1,success,0,,0,0,0,0,0,0,0,0,0,0,0,0,0,0,0,0,0,0,0,0,0,0,0,0,0,0,0,0,48,0,0,0,0,0,0,0,0,0,57,0,['junit'],java-maven,149805,59898,399.84,21864,0,0,21864,1,0.0541833,0.818874,0.047012,0.819141,0,1,9,0,0,0,0,0
46296,7150903563,19937094,Java CI,socket-connect-timeout,c6e43f27bc9fea302c78a6c09aff8b3f2b9e58c3,.github/workflows/maven.yml,failure,3071532,chrjohn,116,4,0.0,2.0,{'feat'},pull_request,159,0,638.0,1,success,2,3427f0806a5c80603c82d8a9b0533bd99337dfb5,85,1057,2970,5,1,49,1434,10,2022,1,1,0,8,66,74,15,59,74,527,13,17,30,17,143,160,1,1,0,48,0,12,511,1511,1,3,113,0,0,56,0,['junit'],java-maven,149790,59887,399.806,3096,0,0,3096,1,0.0589641,0.860269,0.0350598,0.877111,95,1,9,0,0,0,0,0
46297,7058750159,19937094,CodeQL,634_-_mina_2.2.X_update,7608fc4aa15a4e4032249426f0a7e3ac819cef3b,.github/workflows/codeql-analysis.yml,failure,3605584,chrjohn,115,4,0.0,6.0,,pull_request,189,0,635.0,1,failure,6,a2e6e4a2c0f35e12d728ab4458447377864a4152,7,204,203,0,1,7,253,4,154,2,0,0,1,6,7,6,3,9,42,2,3,5,9,12,21,1,1,0,45,6,1,146,8,0,0,1,0,0,60,0,['junit'],java-maven,149780,59887,399.833,0,0,0,0,1,0.0207171,0.819061,0.0135458,0.824322,19,1,1,0,0,0,0,0
46298,7112629267,19937094,Java CI,master,19b1aaabae9dcc7928332f438f5ee4793d7f79a5,.github/workflows/maven.yml,failure,3071532,chrjohn,117,5,0.0,1.0,,push,328,0,727.0,1,success,1,a28527063506254c92c1d3e170ee3f7569939ed1,1,1,1,0,1,1,2,1,0,0,0,0,0,0,0,0,0,0,0,0,0,0,0,0,0,0,0,0,48,0,0,0,0,0,0,0,0,0,56,0,['junit'],java-maven,149785,59887,399.82,30271,2,0,30273,1,0.0517928,0.852963,0.0446215,0.857995,76,1,9,0,0,1,0,1
46299,7063259521,19937094,Java CI,dependabot/maven/org.apache.maven.shared-file-management-3.1.0,6f705e589572a4534cd8824f4a7815afc9b28709,.github/workflows/maven.yml,failure,3071532,chrjohn,115,4,,,,pull_request,0,0,,1,success,0,,0,0,0,0,0,0,0,0,0,0,0,0,0,0,0,0,0,0,0,0,0,0,0,0,0,0,0,0,48,0,0,0,0,0,0,0,0,0,56,0,['junit'],java-maven,149778,59887,399.838,31230,0,0,31230,1,0.0247012,0.836551,0.0175299,0.845191,28,1,9,0,0,0,0,0
46300,7044997266,19937094,Java CI,fix-orchestra-with-updated-project-structure,ca7c47e5399191a9ce4e70f8eecb6a86c7c6557f,.github/workflows/maven.yml,failure,3071532,chrjohn,115,2,0.0,234.0,"{'ci', 'feat', 'refactor', 'docs', 'revert', 'perf', 'chore', 'test', 'fix', 'build'}",pull_request,610,0,460.0,1,success,234,e612ee6858673e6d4e1e21999fbda105e9c283bc,120,22626,3151,16,1,96,4131,12,19980,2,1,81,0,24,105,7,106,113,252,3,0,3,450,33,483,1,1,0,45,137,0,17937,2043,16,2,31,0,0,56,0,['junit'],java-maven,149769,59597,397.926,3042,0,0,3042,1,0.0103586,0.828005,0.00159363,0.881884,3,1,9,0,0,1,0,0
46301,7054572209,19937094,Java CI,dependabot/maven/org.apache.maven.shared-file-management-3.1.0,e472025e128f0268fbe6aafc3c7d1b2a590312bd,.github/workflows/maven.yml,failure,3071532,dependabot[bot],115,3,0.0,0.0,,push,0,0,,1,failure,1,6010a3449b6095a4a649b1ba36299706fb452ed6,1,1,1,0,1,1,2,1,0,0,0,0,0,0,0,0,0,0,0,0,0,0,0,0,0,0,0,0,45,0,0,0,0,0,0,0,0,0,56,0,['junit'],java-maven,149767,59597,397.931,31176,0,0,31176,1,0.0159363,0.805729,0.00876494,0.775343,0,1,9,0,0,0,0,0
46302,7092273626,19937094,Java CI,chrjohn-remove-guava,4693ea223bb5ede64e1f0a29d21fd78478360a7b,.github/workflows/maven.yml,success,3071532,chrjohn,117,5,0.0,2.0,{'build'},pull_request,48,0,711.0,1,success,2,563b9870e4aa5e5c9500e7974fdd8c4da9cff370,3,8,18,0,1,3,26,1,0,0,1,0,0,0,0,0,0,0,0,0,0,0,0,0,0,0,0,0,47,0,0,0,0,0,0,0,0,0,56,0,['junit'],java-maven,149774,59887,399.849,31230,0,0,31230,1,0.038247,0.846362,0.0310757,0.852711,49,1,9,0,0,0,0,0
46303,7003207640,19937094,CodeQL,QFJ-271_enhancement_prioritize_resend_responses_if_configured,e8027e1ffe4960051ef3b978d481c17984473b53,.github/workflows/codeql-analysis.yml,action_required,3605584,AbhinavAtul,110,0,,,,pull_request,0,0,,1,action_required,0,,0,0,0,0,0,0,0,0,0,0,0,0,0,0,0,0,0,0,0,0,0,0,0,0,0,0,0,0,11,0,0,0,0,0,0,0,0,0,58,0,['junit'],java-maven,131807,43338,328.799,0,0,0,0,0,0.00956175,0.99317,0.00159363,0.998862,0,0,1,0,1,0,0,0
46304,7099722285,19937094,CodeQL,dependabot/maven/org.codehaus.plexus-plexus-utils-4.0.0,988fd8f6c3da447474e5f7e63227fd146331a862,.github/workflows/codeql-analysis.yml,success,3605584,chrjohn,117,5,0.0,2.0,{'build'},pull_request,776,0,718.0,1,failure,2,4b2fdae7b0cd057c0a8173fea2d442046796f06f,1,6,1,0,1,1,7,1,0,0,0,0,0,0,0,0,0,0,0,0,0,0,0,0,0,0,0,0,48,0,0,0,0,0,0,0,0,0,60,0,['junit'],java-maven,149780,59887,399.833,0,0,0,0,1,0.0454183,0.852977,0.038247,0.859044,62,1,1,0,0,1,0,0
46305,7028479628,19937094,Java CI,master,e612ee6858673e6d4e1e21999fbda105e9c283bc,.github/workflows/maven.yml,success,3071532,chrjohn,110,0,0.0,0.0,,schedule,61,0,654.0,1,success,1,5db9c8ff229fd210fdedf150a2c228234a08789c,2,24,1,0,1,1,16,1,9,0,0,0,0,2,2,1,0,1,5,0,0,0,2,0,2,1,1,0,11,0,0,9,0,0,0,0,0,0,29,0,['junit'],java-maven,131653,43230,328.363,28242,0,0,28242,1,0.00956175,0.844928,0.00159363,0.874502,2,1,9,0,0,1,0,1
46306,6794219544,19937094,Java CI,master,e612ee6858673e6d4e1e21999fbda105e9c283bc,.github/workflows/maven.yml,success,3071532,chrjohn,110,0,0.0,0.0,,schedule,61,0,654.0,1,success,1,5db9c8ff229fd210fdedf150a2c228234a08789c,2,24,1,0,0,1,16,1,9,0,0,0,0,2,2,1,0,1,5,0,0,0,2,0,2,1,1,0,11,0,0,9,0,0,0,0,0,0,29,0,['junit'],java-maven,131653,43230,328.363,28242,0,0,28242,1,0.00318725,0.946949,0.00239044,0.922158,0,1,9,0,0,1,0,1
46307,6607785859,19937094,CodeQL,dependabot/maven/org.apache.maven.plugins-maven-plugin-plugin-3.10.1,88e7fa7ab164d6776058478d2daac2b1871f2f52,.github/workflows/codeql-analysis.yml,success,3605584,dependabot[bot],110,2,,,,pull_request,0,0,,1,success,0,,0,0,0,0,0,0,0,0,0,0,0,0,0,0,0,0,0,0,0,0,0,0,0,0,0,0,0,0,11,0,0,0,0,0,0,0,0,0,58,0,['junit'],java-maven,131653,43230,328.363,0,0,0,0,0,0.00318725,0.816733,0.0,1.0,0,1,1,0,0,0,0,0
46308,7049320435,19937094,Java CI,dependabot/maven/org.apache.maven.plugins-maven-plugin-plugin-3.10.2,d827693049dadaf43a2f2e8cebf9101eafdd89f9,.github/workflows/maven.yml,success,3071532,dependabot[bot],115,2,0.0,237.0,"{'ci', 'feat', 'refactor', 'docs', 'revert', 'perf', 'chore', 'test', 'fix', 'build'}",push,647,0,686.0,0,success,237,463a2eed3b6f43e84ca80e2d4744f4b71c9f71c2,120,22626,3153,16,1,96,4133,12,19980,2,1,81,0,24,105,7,106,113,252,3,0,3,450,33,483,1,1,0,45,137,0,17937,2043,16,2,31,0,0,56,0,['junit'],java-maven,149767,59597,397.931,31176,0,0,31176,1,0.0103586,0.863214,0.00159363,0.998672,0,1,9,0,0,0,0,0
46309,7086678894,19937094,Java CI,dependabot/maven/org.apache.maven.plugins-maven-jxr-plugin-3.3.1,f818a99201e4a621bea1024f4b115149d560bf82,.github/workflows/maven.yml,success,3071532,dependabot[bot],117,5,0.0,0.0,,push,422,0,709.0,1,success,1,b4aa264aa82546eae7ae164eb63ccded63c1826a,2,2,2,0,1,2,4,1,0,0,1,0,0,0,0,0,0,0,0,0,0,0,0,0,0,0,0,0,48,0,0,0,0,0,0,0,0,0,56,0,['junit'],java-maven,149780,59887,399.833,31230,0,0,31230,1,0.0342629,0.805496,0.0270916,0.798194,0,1,9,0,0,0,0,0
46310,7094735975,19937094,Java CI,dependabot/maven/org.apache.maven.plugins-maven-javadoc-plugin-3.6.3,53e642cc401a9ee17e28c7b501ba07d04ade469d,.github/workflows/maven.yml,success,3071532,dependabot[bot],117,5,0.0,1.0,{'docs'},pull_request,418,0,715.0,1,success,1,d7cf2f4943489f781e5ee88ad3672bd516fcc5f5,1,1,1,0,1,1,2,1,0,0,0,0,0,0,0,0,0,0,0,0,0,0,0,0,0,0,0,0,48,0,0,0,0,0,0,0,0,0,56,0,['junit'],java-maven,149780,59887,399.833,31230,0,0,31230,1,0.0398406,0.813052,0.0326693,0.807153,0,1,9,0,0,0,0,0
46311,7099094510,19937094,pages build and deployment,master,4b2fdae7b0cd057c0a8173fea2d442046796f06f,dynamic/pages/pages-build-deployment,success,22589472,chrjohn,117,5,0.0,6.0,"{'chore', 'docs', 'build'}",push,776,0,718.0,1,success,6,c02e9c33a318d2a37cc0f6841daf3453c1a81f66,1,7,15,0,1,1,22,1,0,0,0,0,0,0,0,0,0,0,0,0,0,0,0,0,0,0,0,0,47,0,0,0,0,0,0,0,0,0,56,0,['junit'],java-maven,149775,59887,399.846,36,0,0,54,1,0.0430279,0.86328,0.0358566,0.870875,61,1,9,0,0,1,0,1
46312,7050419369,19937094,CodeQL,dependabot/maven/net.sf.saxon-Saxon-HE-12.3,794df918aeae5263531b1fbda1d55db90647002b,.github/workflows/codeql-analysis.yml,success,3605584,chrjohn,115,2,0.0,1.0,,pull_request,334,0,666.0,1,success,1,6010a3449b6095a4a649b1ba36299706fb452ed6,4,5,5,0,1,2,6,2,0,1,1,0,0,0,0,0,0,0,0,0,0,0,0,0,0,0,0,0,45,0,0,0,0,0,2,0,0,0,60,0,['junit'],java-maven,149767,59597,397.931,0,0,0,0,1,0.0103586,0.869411,0.00159363,0.928287,8,1,1,0,0,0,0,0
46313,7096596326,19937094,Java CI,chrjohn-remove-guava,39b9b2ec05e11c3810bf45539c2e9e735aa079cf,.github/workflows/maven.yml,success,3071532,chrjohn,117,5,0.0,5.0,{'chore'},push,48,0,711.0,1,success,5,4693ea223bb5ede64e1f0a29d21fd78478360a7b,3,9,8,0,1,3,17,1,0,0,1,0,0,0,0,0,0,0,0,0,0,0,0,0,0,0,0,0,47,0,0,0,0,0,0,0,0,0,56,0,['junit'],java-maven,149775,59887,399.846,31230,0,0,31230,1,0.0422311,0.858198,0.0350598,0.865693,56,1,9,0,0,0,0,0
46314,7096593482,19937094,pages build and deployment,master,563b9870e4aa5e5c9500e7974fdd8c4da9cff370,dynamic/pages/pages-build-deployment,success,22589472,chrjohn,117,5,0.0,5.0,{'chore'},push,48,0,711.0,1,success,5,4693ea223bb5ede64e1f0a29d21fd78478360a7b,3,9,8,0,1,3,17,1,0,0,1,0,0,0,0,0,0,0,0,0,0,0,0,0,0,0,0,0,47,0,0,0,0,0,0,0,0,0,56,0,['junit'],java-maven,149775,59887,399.846,31230,0,0,31230,1,0.0422311,0.858198,0.0350598,0.865693,56,1,9,0,0,0,0,1
46315,7071613897,19937094,pages build and deployment,master,03a4a193878e29e9ccb014224a4227825251d1fe,dynamic/pages/pages-build-deployment,success,22589472,chrjohn,115,4,0.0,1.0,{'fix'},push,195,0,694.0,1,success,1,7e05e3ccae58d066c64297d8428af4e1b5d03bc6,1,1,1,0,1,1,2,1,0,0,0,0,0,0,0,0,0,0,0,0,0,0,0,0,0,0,0,0,48,0,0,0,0,0,0,0,0,0,56,0,['junit'],java-maven,149778,59887,399.838,30271,2,0,30273,1,0.0262948,0.839913,0.0183267,0.857626,31,1,9,0,0,0,0,1
46316,6445794985,19937094,Java CI,master,e612ee6858673e6d4e1e21999fbda105e9c283bc,.github/workflows/maven.yml,success,3071532,chrjohn,110,3,0.0,0.0,,schedule,61,0,654.0,1,success,1,5db9c8ff229fd210fdedf150a2c228234a08789c,2,24,1,0,0,1,16,1,9,0,0,0,0,2,2,1,0,1,5,0,0,0,2,0,2,1,1,0,11,0,0,9,0,0,0,0,0,0,29,0,['junit'],java-maven,131653,43230,328.363,28242,0,0,28242,1,0.000796813,0.916335,0.000796813,0.916335,6,1,9,0,0,1,0,1
46317,7061970950,19937094,Java CI,dependabot/maven/org.dom4j-dom4j-2.1.4,f371c2b38a1a168539bc9db5102468a907beb253,.github/workflows/maven.yml,success,3071532,chrjohn,115,4,0.0,13.0,{'build'},push,542,0,606.0,1,failure,13,87bdca9ace8af8c3a780f8ed84056d3b6d6f4e7c,11,211,213,0,1,10,262,6,154,2,1,0,1,7,8,6,3,9,43,2,3,5,9,12,21,1,1,0,45,6,1,146,8,0,1,2,0,0,56,0,['junit'],java-maven,149777,59887,399.841,31230,0,0,31230,1,0.0231076,0.835428,0.0159363,0.845132,25,1,9,0,0,0,0,0
46318,7117540612,19937094,CodeQL,master,80070c0dfee25e8f7ed74efb7de888d34c47036f,.github/workflows/codeql-analysis.yml,success,3605584,chrjohn,117,5,0.0,1.0,,push,765,0,725.0,1,success,1,e4ecafd6c32c945d9d5dca013dddb9683b6f3629,1,1,1,0,1,1,2,1,0,0,0,0,0,0,0,0,0,0,0,0,0,0,0,0,0,0,0,0,48,0,0,0,0,0,0,0,0,0,60,0,['junit'],java-maven,149785,59890,399.84,0,0,0,0,1,0.0525896,0.863051,0.0454183,0.868556,86,1,1,0,0,0,0,1
46319,6447691669,19937094,CodeQL,650/truncated_filestore_messages,f3634cc86f125cd5ce109be63ff7d7810f00cbe8,.github/workflows/codeql-analysis.yml,success,3605584,the-thing,110,3,,,,pull_request,0,0,,1,success,0,,0,0,0,0,0,0,0,0,0,0,0,0,0,0,0,0,0,0,0,0,0,0,0,0,0,0,0,0,11,0,0,0,0,0,0,0,0,0,58,0,['junit'],java-maven,131699,43283,328.651,0,0,0,0,0,0.000796813,0.999431,0.000796813,0.999431,0,0,1,0,1,1,0,0
46320,7130284700,19937094,pages build and deployment,master,e050d3d25c8d8e13f05fe6c3898bcfeed02a73f9,dynamic/pages/pages-build-deployment,success,22589472,chrjohn,117,5,0.0,3.0,,push,60,0,651.0,1,success,3,8cf71f9059dd758dfe66320f84ae430346ea4974,10,289,48,0,1,3,39,1,298,0,1,0,0,10,10,18,0,18,42,0,2,2,17,2,19,1,1,0,48,0,0,268,30,0,0,7,0,0,60,0,['junit'],java-maven,150052,60136,400.768,0,0,0,0,1,0.0565737,0.866399,0.0486056,0.872769,91,1,1,0,0,1,0,1
46321,7086679270,19937094,Java CI,dependabot/maven/org.apache.maven.plugins-maven-jxr-plugin-3.3.1,f818a99201e4a621bea1024f4b115149d560bf82,.github/workflows/maven.yml,success,3071532,dependabot[bot],117,5,0.0,1.0,,pull_request,422,0,709.0,1,success,1,b4aa264aa82546eae7ae164eb63ccded63c1826a,2,2,2,0,1,2,4,1,0,0,1,0,0,0,0,0,0,0,0,0,0,0,0,0,0,0,0,0,48,0,0,0,0,0,0,0,0,0,56,0,['junit'],java-maven,149780,59887,399.833,31230,0,0,31230,1,0.0342629,0.810359,0.0270916,0.803436,0,1,9,0,0,0,0,0
46322,7137819988,19937094,Java CI,master,2269285c6705cefe49f325fc53057752138e0650,.github/workflows/maven.yml,success,3071532,chrjohn,117,6,0.0,1.0,,schedule,6,0,732.0,1,success,1,e050d3d25c8d8e13f05fe6c3898bcfeed02a73f9,1,0,2,0,0,1,2,1,0,0,0,0,0,1,1,0,0,0,2,0,0,0,0,1,1,1,0,0,48,0,0,0,0,0,0,0,0,0,57,0,['junit'],java-maven,150051,60136,400.77,31770,0,0,31770,1,0.0565737,0.868106,0.0398406,0.880636,93,1,9,0,0,1,0,1
46323,7086686246,19937094,Java CI,dependabot/maven/junit.jupiter.version-5.10.1,1cdaf7b38e5153d601c72db8aa63916a6a12396a,.github/workflows/maven.yml,success,3071532,dependabot[bot],117,5,0.0,1.0,,pull_request,1231,0,710.0,1,success,1,b4aa264aa82546eae7ae164eb63ccded63c1826a,1,1,1,0,1,1,2,1,0,0,0,0,0,0,0,0,0,0,0,0,0,0,0,0,0,0,0,0,48,0,0,0,0,0,0,0,0,0,56,0,['junit'],java-maven,149780,59887,399.833,31230,0,0,31230,1,0.0342629,0.817213,0.0270916,0.810807,0,1,9,0,0,0,0,0
46324,7099087279,19937094,CodeQL,master,decf78c9768c0c1cac76e4d5155b31e4c4c2fbe8,.github/workflows/codeql-analysis.yml,success,3605584,chrjohn,117,5,0.0,1.0,,push,429,0,719.0,1,cancelled,1,ab6d88b652791a6d028079ada9bbcac0cd9e794f,1,1,1,0,1,1,2,1,0,0,0,0,0,0,0,0,0,0,0,0,0,0,0,0,0,0,0,0,47,0,0,0,0,0,0,0,0,0,60,0,['junit'],java-maven,149775,59887,399.846,0,0,0,0,1,0.0422311,0.865386,0.0350598,0.873428,59,1,1,0,0,0,0,1
46325,7203374089,19937094,CodeQL,dependabot/github_actions/github/codeql-action-3,9ffcf200f1284ca8a45a9e54672bdc67c931d077,.github/workflows/codeql-analysis.yml,success,3605584,dependabot[bot],117,6,0.0,1.0,,pull_request,682,0,736.0,1,success,1,270f823a32d735dbbbcc94cc4674f452da5a7761,1,2,2,0,0,0,0,1,0,0,0,0,0,0,0,0,0,0,0,0,0,0,0,0,0,0,0,0,48,0,0,0,0,0,1,0,0,0,60,0,['junit'],java-maven,150051,60136,400.77,0,0,0,0,1,0.0565737,0.822753,0.00717131,0.995518,0,1,1,0,0,0,0,0
46326,7058932021,19937094,CodeQL,dependabot/maven/org.apache.maven.shared-file-management-3.1.0,909d48d27211be8dd58de1a5e487537ce8f9e5b8,.github/workflows/codeql-analysis.yml,success,3605584,dependabot[bot],115,3,,,,pull_request,0,0,,1,failure,0,,0,0,0,0,0,0,0,0,0,0,0,0,0,0,0,0,0,0,0,0,0,0,0,0,0,0,0,0,45,0,0,0,0,0,0,0,0,0,60,0,['junit'],java-maven,149767,59597,397.931,0,0,0,0,1,0.0223108,0.786538,0.0151394,0.769266,0,1,1,0,0,0,0,0
46327,7071613913,19937094,CodeQL,master,03a4a193878e29e9ccb014224a4227825251d1fe,.github/workflows/codeql-analysis.yml,success,3605584,chrjohn,115,4,0.0,1.0,{'fix'},push,195,0,694.0,1,success,1,7e05e3ccae58d066c64297d8428af4e1b5d03bc6,1,1,1,0,1,1,2,1,0,0,0,0,0,0,0,0,0,0,0,0,0,0,0,0,0,0,0,0,48,0,0,0,0,0,0,0,0,0,60,0,['junit'],java-maven,149778,59887,399.838,0,0,0,0,1,0.0262948,0.839913,0.0183267,0.857626,31,1,1,0,0,0,0,1
46328,7323909776,19937094,Java CI,master,14c9c66fab7f729cb90ecaf096c8db15861b5052,.github/workflows/maven.yml,success,3071532,chrjohn,118,6,0.0,2.0,{'fix'},push,48,0,658.0,1,success,2,0b8e1db3cfc1ff361c87b2cc0d4618dd069dbd79,1,4,1,0,0,1,5,1,0,0,0,0,0,1,1,0,0,0,11,0,0,0,0,0,0,1,0,0,48,0,0,0,0,0,0,0,0,0,53,0,['junit'],java-maven,150358,60030,399.247,31698,0,0,31698,1,0.0629482,0.866715,0.0063745,0.901117,120,1,9,0,0,1,0,1
46329,7072299314,19937094,CodeQL,boundedQueue,1dc797e33c7aae1e873551f7120318757698c69d,.github/workflows/codeql-analysis.yml,success,3605584,chrjohn,116,4,0.0,1.0,{'feat'},pull_request,73,0,652.0,1,success,1,4c2c517895f3a565dfe958861e2df18c7f8804d3,0,45,0,0,0,1,45,1,0,0,0,1,0,0,1,0,0,0,0,0,0,0,4,0,4,1,0,0,48,1,0,0,0,0,0,0,0,0,60,0,['junit'],java-maven,149810,59887,399.753,0,0,0,0,1,0.0286853,0.848333,0.0207171,0.865803,36,1,1,0,0,0,0,0
46330,7050473308,19937094,Java CI,chrjohn-socketinitiator-simplify,50c371d17a4ec4a5762810aae500f964d2acf329,.github/workflows/maven.yml,success,3071532,chrjohn,115,2,0.0,1.0,,pull_request,12,0,625.0,1,success,1,6010a3449b6095a4a649b1ba36299706fb452ed6,5,4,7,0,1,3,7,3,0,2,1,0,0,1,1,0,0,0,1,0,0,0,0,0,0,1,0,0,45,0,0,0,0,0,2,1,0,0,56,0,['junit'],java-maven,149764,59597,397.939,31176,0,0,31176,1,0.0111554,0.858671,0.00239044,0.90284,9,1,9,0,0,0,0,0
46331,7094738266,19937094,Java CI,dependabot/maven/org.apache.maven.plugins-maven-assembly-plugin-3.6.0,0fac0671dd843f4b3bc2cbe2a46219dd283337c7,.github/workflows/maven.yml,success,3071532,dependabot[bot],117,5,0.0,0.0,,push,429,0,719.0,1,failure,1,d7cf2f4943489f781e5ee88ad3672bd516fcc5f5,1,1,1,0,1,1,2,1,0,0,0,0,0,0,0,0,0,0,0,0,0,0,0,0,0,0,0,0,48,0,0,0,0,0,0,0,0,0,56,0,['junit'],java-maven,149780,59887,399.833,31230,0,0,31230,1,0.0414343,0.811694,0.0342629,0.80635,0,1,9,0,0,0,0,0
46332,7109183669,19937094,CodeQL,dependabot/maven/maven-surefire-plugin-version-3.2.2,693335d793785ed95cbd8c010bdb698fe43dc611,.github/workflows/codeql-analysis.yml,success,3605584,dependabot[bot],117,5,0.0,1.0,,pull_request,1105,0,724.0,1,success,1,e4ecafd6c32c945d9d5dca013dddb9683b6f3629,9,57,61,0,1,2,14,4,101,2,1,0,0,5,5,0,0,0,30,0,0,0,2,5,7,0,1,0,48,0,0,49,52,0,1,2,0,0,60,0,['junit'],java-maven,149785,59887,399.82,0,0,0,0,1,0.0486056,0.820858,0.0414343,0.821175,0,1,1,0,0,0,0,0
46333,7098584832,19937094,pages build and deployment,master,02dd7d7ed4cad4c17b5bd9d6a8430213bba99491,dynamic/pages/pages-build-deployment,success,22589472,chrjohn,117,5,0.0,1.0,{'docs'},push,418,0,715.0,1,success,1,02dd7d7ed4cad4c17b5bd9d6a8430213bba99491,1,1,1,0,1,1,2,1,0,0,0,0,0,0,0,0,0,0,0,0,0,0,0,0,0,0,0,0,47,0,0,0,0,0,0,0,0,0,60,0,['junit'],java-maven,149775,59887,399.846,0,0,0,0,1,0.0422311,0.863499,0.0350598,0.871408,58,1,1,0,0,0,0,1
46334,7120081965,19937094,CodeQL,master,0998dadd5836d72706c91316de2ac7bf0defd708,.github/workflows/codeql-analysis.yml,success,3605584,chrjohn,117,5,0.0,5.0,{'chore'},push,74,0,618.0,1,success,5,90fda65722521d76a4990ed9fcc9a559f0e7f463,14,279,211,0,1,8,406,3,84,1,1,0,0,10,10,9,1,10,67,10,2,12,8,9,17,1,1,0,48,0,0,46,38,0,0,3,0,0,60,0,['junit'],java-maven,149805,59898,399.84,0,0,0,0,1,0.0525896,0.86579,0.0454183,0.871434,88,1,1,0,0,1,0,1
46335,7099094579,19937094,CodeQL,master,4b2fdae7b0cd057c0a8173fea2d442046796f06f,.github/workflows/codeql-analysis.yml,success,3605584,chrjohn,117,5,0.0,1.0,,push,944,0,714.0,1,success,1,decf78c9768c0c1cac76e4d5155b31e4c4c2fbe8,1,1,1,0,1,1,2,1,0,0,0,0,0,0,0,0,0,0,0,0,0,0,0,0,0,0,0,0,47,0,0,0,0,0,0,0,0,0,60,0,['junit'],java-maven,149775,59887,399.846,0,0,0,0,1,0.0422311,0.867222,0.0350598,0.875385,60,1,1,0,0,0,0,1
46336,7287577448,19937094,Java CI,maven-wrapper,0cdcae329511a7dc7c007443241624c4a93752fe,.github/workflows/maven.yml,success,3071532,chrjohn,117,6,0.0,1.0,,pull_request,53,0,741.0,1,success,1,ff0f6e074818528ccec0274aa3ebdb301093863f,0,19,0,2,0,0,0,2,0,1,0,0,0,0,0,0,0,0,0,0,0,0,0,0,0,0,0,0,48,2,0,0,0,0,0,0,0,0,57,0,['junit'],java-maven,149957,60030,400.315,31698,0,0,31698,1,0.0589641,0.862015,0.00398406,0.832669,108,1,9,0,0,1,0,0
46337,7151670305,19937094,Java CI,socket-connect-timeout,4aeef96192d58c3bbde11a442af4ce30fc6ba3e7,.github/workflows/maven.yml,success,3071532,chrjohn,117,6,0.0,3.0,"{'feat', 'fix'}",pull_request,159,0,638.0,1,success,3,3427f0806a5c80603c82d8a9b0533bd99337dfb5,85,1056,2970,5,1,49,1433,10,2022,1,1,0,7,67,74,15,59,74,535,13,17,30,17,107,124,1,1,0,48,0,12,511,1511,1,3,113,0,0,56,0,['junit'],java-maven,149789,59887,399.809,31770,0,0,31770,1,0.0589641,0.861145,0.0350598,0.875946,96,1,9,0,0,0,0,0
46338,6447691670,19937094,Java CI,650/truncated_filestore_messages,f3634cc86f125cd5ce109be63ff7d7810f00cbe8,.github/workflows/maven.yml,success,3071532,the-thing,110,5,,,,pull_request,0,0,,0,success,0,,0,0,0,0,0,0,0,0,0,0,0,0,0,0,0,0,0,0,0,0,0,0,0,0,0,0,0,0,11,0,0,0,0,0,0,0,0,0,29,0,['junit'],java-maven,131699,43283,328.651,28530,0,0,28530,1,0.000796813,0.999431,0.000796813,0.999431,0,0,9,0,1,1,0,0
46339,7096653540,19937094,Java CI,master,563b9870e4aa5e5c9500e7974fdd8c4da9cff370,.github/workflows/maven.yml,success,3071532,chrjohn,117,5,0.0,1.0,{'chore'},schedule,21,0,712.0,1,success,1,d7cf2f4943489f781e5ee88ad3672bd516fcc5f5,1,4,3,0,1,1,7,1,0,0,0,0,0,0,0,0,0,0,0,0,0,0,0,0,0,0,0,0,48,0,0,0,0,0,0,0,0,0,56,0,['junit'],java-maven,149781,59887,399.83,31230,0,0,31230,1,0.0422311,0.860234,0.0350598,0.867895,56,1,9,0,0,0,0,1
46340,7319746569,19937094,CodeQL,master,0b8e1db3cfc1ff361c87b2cc0d4618dd069dbd79,.github/workflows/codeql-analysis.yml,success,3605584,chrjohn,118,6,0.0,1.0,,push,431,0,742.0,1,success,1,714523c3598afe6b764f44a6222059d806c44b00,1,1,1,0,0,1,2,1,0,0,0,0,0,0,0,0,0,0,0,0,0,0,0,0,0,0,0,0,48,0,0,0,0,0,0,0,0,0,58,0,['junit'],java-maven,150355,60030,399.255,0,0,0,0,1,0.0629482,0.863887,0.00796813,0.863732,118,1,1,0,0,0,0,1
46341,7056590438,19937094,Java CI,dependabot/github_actions/actions/setup-java-4,c7d8acfba4de8024088f4fca8d9eed19027c21b3,.github/workflows/maven.yml,success,3071532,chrjohn,115,3,0.0,1.0,,push,656,0,691.0,0,success,1,636295c8eb33f19464d58e3050945cff6b84688e,1,1,1,0,1,0,0,1,0,0,0,0,0,0,0,0,0,0,0,0,0,0,0,0,0,0,0,0,45,0,0,0,0,0,1,0,0,0,56,0,['junit'],java-maven,149767,59597,397.931,31176,0,0,31176,1,0.0175299,0.840952,0.0103586,0.858964,16,1,9,0,0,0,0,0
46342,7203373934,19937094,Java CI,dependabot/github_actions/github/codeql-action-3,9ffcf200f1284ca8a45a9e54672bdc67c931d077,.github/workflows/maven.yml,success,3071532,dependabot[bot],117,6,0.0,0.0,,push,682,0,736.0,0,failure,1,270f823a32d735dbbbcc94cc4674f452da5a7761,1,2,2,0,0,0,0,1,0,0,0,0,0,0,0,0,0,0,0,0,0,0,0,0,0,0,0,0,48,0,0,0,0,0,1,0,0,0,57,0,['junit'],java-maven,150051,60136,400.77,31770,0,0,31770,1,0.0565737,0.820127,0.00717131,0.994024,0,1,9,0,0,0,0,0
46343,7117540604,19937094,Java CI,master,80070c0dfee25e8f7ed74efb7de888d34c47036f,.github/workflows/maven.yml,success,3071532,chrjohn,117,5,0.0,1.0,,push,765,0,725.0,1,success,1,e4ecafd6c32c945d9d5dca013dddb9683b6f3629,1,1,1,0,1,1,2,1,0,0,0,0,0,0,0,0,0,0,0,0,0,0,0,0,0,0,0,0,48,0,0,0,0,0,0,0,0,0,57,0,['junit'],java-maven,149785,59890,399.84,31230,0,0,31230,1,0.0525896,0.863051,0.0454183,0.868556,86,1,9,0,0,0,0,1
46344,7071618170,19937094,CodeQL,snyk-upgrade-b8e88bd5aac79cf6f153fd4bd9506ed0,2934748c24d37bdad21b8bacb38705ffcc5bfa1b,.github/workflows/codeql-analysis.yml,success,3605584,chrjohn,116,4,0.0,1.0,{'fix'},pull_request,195,0,695.0,1,success,1,03a4a193878e29e9ccb014224a4227825251d1fe,1,1,1,0,1,1,2,1,0,0,0,0,0,0,0,0,0,0,0,0,0,0,0,0,0,0,0,0,48,0,0,0,0,0,0,0,0,0,60,0,['junit'],java-maven,149778,59887,399.838,0,0,0,0,1,0.0262948,0.843471,0.0183267,0.861545,32,1,1,0,0,0,0,0
46345,7058048153,19937094,Java CI,master,7ab31827e9c6000c687355f423fa044d9ae98a43,.github/workflows/maven.yml,success,3071532,chrjohn,115,3,0.0,1.0,,push,951,0,692.0,1,success,1,fe6fd1c9b6ab7bd2250525c9966b18839504f049,1,1,1,0,1,0,0,1,0,0,0,0,0,0,0,0,0,0,0,0,0,0,0,0,0,0,0,0,45,0,0,0,0,0,1,0,0,0,56,0,['junit'],java-maven,149767,59597,397.931,31176,0,0,31176,1,0.0175299,0.85077,0.0103586,0.871786,17,1,9,0,0,1,0,1
46346,7062009446,19937094,Java CI,chrjohn-maven-plugin-api-version,b56327d7c13a2b6f52175d5908512a6d7d3388f3,.github/workflows/maven.yml,success,3071532,chrjohn,116,4,0.0,1.0,{'feat'},pull_request,4,0,693.0,1,success,1,f5447cff93bc261c8f4f87fdccbf591790acba08,1,2,1,0,1,1,3,1,0,0,0,0,0,0,0,0,0,0,0,0,0,0,0,0,0,0,0,0,48,0,0,0,0,0,0,0,0,0,56,0,['junit'],java-maven,149778,59887,399.838,31230,0,0,31230,1,0.0231076,0.842977,0.0159363,0.854462,26,1,9,0,0,0,0,0
46347,6542981358,19937094,Java CI,master,e612ee6858673e6d4e1e21999fbda105e9c283bc,.github/workflows/maven.yml,success,3071532,chrjohn,110,3,0.0,0.0,,schedule,61,0,654.0,1,success,1,5db9c8ff229fd210fdedf150a2c228234a08789c,2,24,1,0,0,1,16,1,9,0,0,0,0,2,2,1,0,1,5,0,0,0,2,0,2,1,1,0,11,0,0,9,0,0,0,0,0,0,29,0,['junit'],java-maven,131653,43230,328.363,28242,0,0,28242,1,0.00318725,0.912351,0.000796813,0.928287,4,1,9,0,0,1,0,1
46348,7058373569,19937094,pages build and deployment,master,a2e6e4a2c0f35e12d728ab4458447377864a4152,dynamic/pages/pages-build-deployment,success,22589472,chrjohn,115,3,0.0,3.0,,push,0,0,,1,success,3,e472025e128f0268fbe6aafc3c7d1b2a590312bd,1,4,4,0,1,0,0,1,0,0,0,0,0,0,0,0,0,0,0,0,0,0,0,0,0,0,0,0,45,0,0,0,0,0,1,0,0,0,56,0,['junit'],java-maven,149767,59597,397.931,31176,0,0,31176,1,0.0183267,0.845981,0.0111554,0.863461,18,1,9,0,0,1,0,1
46349,7230096293,19937094,Java CI,master,ccc9c23ddb0d041d05a362ba36630f4aa4f27a8f,.github/workflows/maven.yml,success,3071532,chrjohn,117,6,0.0,1.0,,schedule,426,0,738.0,1,failure,1,69ab53d1aedc9d195dcb07bcdf79f4abf43a3375,1,1,1,0,0,1,2,1,0,0,0,0,0,0,0,0,0,0,0,0,0,0,0,0,0,0,0,0,48,0,0,0,0,0,0,0,0,0,57,0,['junit'],java-maven,150051,60136,400.77,31770,0,0,31770,1,0.0565737,0.864015,0.00478088,0.805681,102,1,9,0,0,0,0,1
46350,7257831109,19937094,Java CI,master,ccc9c23ddb0d041d05a362ba36630f4aa4f27a8f,.github/workflows/maven.yml,success,3071532,chrjohn,117,6,0.0,1.0,,schedule,426,0,738.0,0,success,1,69ab53d1aedc9d195dcb07bcdf79f4abf43a3375,1,1,1,0,0,1,2,1,0,0,0,0,0,0,0,0,0,0,0,0,0,0,0,0,0,0,0,0,48,0,0,0,0,0,0,0,0,0,57,0,['junit'],java-maven,150051,60136,400.77,31770,0,0,31770,1,0.0581673,0.860499,0.00478088,0.822826,104,1,9,0,0,0,0,1
46351,7109185971,19937094,Java CI,dependabot/maven/io.fixprotocol.orchestra-repository-1.7.3,84f6edd34907508ff800c03bfae6c4687234bc4c,.github/workflows/maven.yml,success,3071532,dependabot[bot],117,5,0.0,1.0,,pull_request,585,0,728.0,1,success,1,262ae3e4867e9ab4f413204c6d267ae8d7bad6eb,1,1,1,0,1,1,2,1,0,0,0,0,0,0,0,0,0,0,0,0,0,0,0,0,0,0,0,0,48,0,0,0,0,0,0,0,0,0,56,0,['junit'],java-maven,149785,59887,399.82,31230,0,0,31230,1,0.0494024,0.830024,0.0422311,0.830311,0,1,9,0,0,0,0,0
46352,6780456512,19937094,Java CI,master,e612ee6858673e6d4e1e21999fbda105e9c283bc,.github/workflows/maven.yml,success,3071532,chrjohn,110,0,0.0,0.0,,schedule,61,0,654.0,0,success,1,5db9c8ff229fd210fdedf150a2c228234a08789c,2,24,1,0,0,1,16,1,9,0,0,0,0,2,2,1,0,1,5,0,0,0,2,0,2,1,1,0,11,0,0,9,0,0,0,0,0,0,29,0,['junit'],java-maven,131653,43230,328.363,28242,0,0,28242,1,0.00318725,0.945515,0.00239044,0.922158,0,1,9,0,0,1,0,1
46353,6556670548,19937094,Java CI,master,e612ee6858673e6d4e1e21999fbda105e9c283bc,.github/workflows/maven.yml,success,3071532,chrjohn,110,3,0.0,0.0,,schedule,61,0,654.0,1,success,1,5db9c8ff229fd210fdedf150a2c228234a08789c,2,24,1,0,0,1,16,1,9,0,0,0,0,2,2,1,0,1,5,0,0,0,2,0,2,1,1,0,11,0,0,9,0,0,0,0,0,0,29,0,['junit'],java-maven,131653,43230,328.363,28242,0,0,28242,1,0.00318725,0.916003,0.000796813,0.928287,4,1,9,0,0,1,0,1
46354,6807858775,19937094,Java CI,master,e612ee6858673e6d4e1e21999fbda105e9c283bc,.github/workflows/maven.yml,success,3071532,chrjohn,110,0,0.0,0.0,,schedule,61,0,654.0,1,success,1,5db9c8ff229fd210fdedf150a2c228234a08789c,2,24,1,0,0,1,16,1,9,0,0,0,0,2,2,1,0,1,5,0,0,0,2,0,2,1,1,0,11,0,0,9,0,0,0,0,0,0,29,0,['junit'],java-maven,131653,43230,328.363,28242,0,0,28242,1,0.00239044,0.97265,0.00239044,0.922158,0,1,9,0,0,1,0,1
46355,7115311049,19937094,CodeQL,dependabot/maven/maven-surefire-plugin-version-3.2.2,624e8ead379a45c73ff5baee24c36f70f8712851,.github/workflows/codeql-analysis.yml,success,3605584,chrjohn,117,5,0.0,1.0,,pull_request,1105,0,724.0,1,success,1,e4ecafd6c32c945d9d5dca013dddb9683b6f3629,1,1,1,0,1,1,2,1,0,0,0,0,0,0,0,0,0,0,0,0,0,0,0,0,0,0,0,0,48,0,0,0,0,0,0,0,0,0,60,0,['junit'],java-maven,149785,59890,399.84,0,0,0,0,1,0.0525896,0.861639,0.0454183,0.867068,85,1,1,0,0,0,0,0
46356,7255971344,19937094,CodeQL,dependabot/maven/org.apache.maven.plugins-maven-compiler-plugin-3.12.0,ffc0345e80f0cf7162bc41514d3ea1112317fab8,.github/workflows/codeql-analysis.yml,success,3605584,dependabot[bot],117,6,0.0,1.0,,pull_request,789,0,739.0,1,success,1,ccc9c23ddb0d041d05a362ba36630f4aa4f27a8f,1,1,1,0,0,1,2,1,0,0,0,0,0,0,0,0,0,0,0,0,0,0,0,0,0,0,0,0,48,0,0,0,0,0,0,0,0,0,60,0,['junit'],java-maven,150051,60136,400.77,0,0,0,0,1,0.0581673,0.833624,0.00478088,0.998594,0,1,1,0,0,0,0,0
46357,6740180525,19937094,CodeQL,dependabot/maven/org.apache.maven.plugins-maven-pmd-plugin-3.21.2,2548e46ed928ba8a801678fecb76222b6693735a,.github/workflows/codeql-analysis.yml,success,3605584,dependabot[bot],110,0,,,,pull_request,0,0,,1,success,0,,0,0,0,0,0,0,0,0,0,0,0,0,0,0,0,0,0,0,0,0,0,0,0,0,0,0,0,0,11,0,0,0,0,0,0,0,0,0,58,0,['junit'],java-maven,131653,43230,328.363,0,0,0,0,0,0.00239044,0.856289,0.0,1.0,0,1,1,0,0,0,0,0
46358,7106321041,19937094,CodeQL,chrjohn-configure-pagefile-action,d798bbcab7b907b04c3b13a04343650b5aa72590,.github/workflows/codeql-analysis.yml,success,3605584,chrjohn,117,5,0.0,2.0,,pull_request,14,0,721.0,1,success,2,f9b4c75164b3c21f4829b9ff8bd37ee02de2bcc4,1,2,1,0,1,0,0,1,0,0,0,0,0,0,0,0,0,0,0,0,0,0,0,0,0,0,0,0,47,0,0,0,0,0,1,0,0,0,60,0,['junit'],java-maven,149776,59887,399.844,0,0,0,0,1,0.0486056,0.855647,0.0414343,0.861176,73,1,1,0,0,0,0,0
46359,6993704939,19937094,Java CI,master,e612ee6858673e6d4e1e21999fbda105e9c283bc,.github/workflows/maven.yml,success,3071532,chrjohn,110,0,0.0,0.0,,schedule,61,0,654.0,1,failure,1,5db9c8ff229fd210fdedf150a2c228234a08789c,2,24,1,0,1,1,16,1,9,0,0,0,0,2,2,1,0,1,5,0,0,0,2,0,2,1,1,0,11,0,0,9,0,0,0,0,0,0,29,0,['junit'],java-maven,131653,43230,328.363,28242,0,0,28242,1,0.00956175,0.848805,0.00159363,0.866135,2,1,9,0,0,1,0,1
46360,6741676949,19937094,Java CI,master,e612ee6858673e6d4e1e21999fbda105e9c283bc,.github/workflows/maven.yml,success,3071532,chrjohn,110,0,0.0,0.0,,schedule,61,0,654.0,0,failure,1,5db9c8ff229fd210fdedf150a2c228234a08789c,2,24,1,0,0,1,16,1,9,0,0,0,0,2,2,1,0,1,5,0,0,0,2,0,2,1,1,0,11,0,0,9,0,0,0,0,0,0,29,0,['junit'],java-maven,131653,43230,328.363,28242,0,0,28242,1,0.00398406,0.97316,0.00159363,0.999431,0,1,9,0,0,1,0,1
46361,7003207637,19937094,Java CI,QFJ-271_enhancement_prioritize_resend_responses_if_configured,e8027e1ffe4960051ef3b978d481c17984473b53,.github/workflows/maven.yml,action_required,3071532,AbhinavAtul,110,0,,,,pull_request,0,0,,0,success,0,,0,0,0,0,0,0,0,0,0,0,0,0,0,0,0,0,0,0,0,0,0,0,0,0,0,0,0,0,11,0,0,0,0,0,0,0,0,0,29,0,['junit'],java-maven,131807,43338,328.799,0,0,0,0,0,0.00956175,0.99317,0.00159363,0.998862,0,0,1,0,1,0,0,0
46362,6730726618,19937094,Java CI,614/replace_proxool_with_hikari_cp,d0e639187a10700f4a1c2570a32363f5e2dbf811,.github/workflows/maven.yml,success,3071532,the-thing,110,0,0.0,5.0,{'chore'},pull_request,74,0,618.0,1,success,5,898a29f15c8e79bbaf6768cdf40ef3dca13c6340,143,3656,23070,16,0,109,4732,14,20319,2,1,68,14,44,126,118,14,132,381,13,7,20,345,183,528,1,1,0,11,1,143,2146,18173,16,3,37,0,0,29,0,['junit'],java-maven,131673,43238,328.374,28260,0,0,28260,1,0.00239044,0.998913,0.0,1.0,2,0,9,0,1,0,0,0
46363,7104619607,19937094,Java CI,acceptancetest-cleanup,5a8c1d438ae9a463e1b4a77bd8f0011e680655bc,.github/workflows/maven.yml,success,3071532,chrjohn,117,5,0.0,15.0,"{'ci', 'fix'}",pull_request,37,0,423.0,1,success,15,262ae3e4867e9ab4f413204c6d267ae8d7bad6eb,7,56,51,0,1,0,0,3,105,1,1,0,0,5,5,0,0,0,30,0,0,0,5,2,7,0,1,0,48,0,0,55,50,0,1,2,0,0,56,0,['junit'],java-maven,149785,59892,399.853,31230,0,0,31230,1,0.047012,0.858494,0.0398406,0.864578,70,1,9,0,0,1,0,0
46364,7056590920,19937094,CodeQL,dependabot/github_actions/actions/setup-java-4,c7d8acfba4de8024088f4fca8d9eed19027c21b3,.github/workflows/codeql-analysis.yml,success,3605584,chrjohn,115,3,0.0,1.0,,pull_request,656,0,691.0,1,success,1,fe6fd1c9b6ab7bd2250525c9966b18839504f049,1,2,2,0,1,0,0,1,0,0,0,0,0,0,0,0,0,0,0,0,0,0,0,0,0,0,0,0,45,0,0,0,0,0,1,0,0,0,60,0,['junit'],java-maven,149767,59597,397.931,0,0,0,0,1,0.0175299,0.84503,0.0103586,0.864389,16,1,1,0,0,0,0,0
46365,7071625484,19937094,Java CI,master,53338f581e3e8e696e620c85a077ff7ccd4d4385,.github/workflows/maven.yml,success,3071532,chrjohn,116,4,0.0,1.0,,push,44,0,645.0,1,success,1,03a4a193878e29e9ccb014224a4227825251d1fe,1,1,1,0,0,1,2,1,0,0,0,0,0,1,1,0,0,0,3,0,0,0,0,0,0,1,0,0,48,0,0,0,0,0,0,0,0,0,56,0,['junit'],java-maven,149778,59887,399.838,31230,0,0,31230,1,0.0262948,0.846873,0.0183267,0.865253,33,1,9,0,0,1,0,1
46366,7071625456,19937094,pages build and deployment,master,53338f581e3e8e696e620c85a077ff7ccd4d4385,dynamic/pages/pages-build-deployment,success,22589472,chrjohn,116,4,0.0,1.0,,push,44,0,645.0,1,success,1,03a4a193878e29e9ccb014224a4227825251d1fe,1,1,1,0,0,1,2,1,0,0,0,0,0,1,1,0,0,0,3,0,0,0,0,0,0,1,0,0,48,0,0,0,0,0,0,0,0,0,56,0,['junit'],java-maven,149778,59887,399.838,31230,0,0,31230,1,0.0262948,0.846873,0.0183267,0.865253,33,1,9,0,0,1,0,1
46367,7096596603,19937094,CodeQL,chrjohn-remove-guava,39b9b2ec05e11c3810bf45539c2e9e735aa079cf,.github/workflows/codeql-analysis.yml,success,3605584,chrjohn,117,5,0.0,2.0,{'build'},pull_request,48,0,711.0,1,success,2,563b9870e4aa5e5c9500e7974fdd8c4da9cff370,1,0,9,0,1,1,9,1,0,0,0,0,0,0,0,0,0,0,0,0,0,0,0,0,0,0,0,0,47,0,0,0,0,0,0,0,0,0,60,0,['junit'],java-maven,149775,59887,399.846,0,0,0,0,1,0.0422311,0.859562,0.0350598,0.867169,56,1,1,0,0,0,0,0
46368,7100168967,19937094,Java CI,dependabot/maven/org.codehaus.plexus-plexus-utils-4.0.0,db0790c47bc4f98148fe2c69e8a7f8ab6781dfc7,.github/workflows/maven.yml,success,3071532,chrjohn,117,5,0.0,1.0,{'build'},push,776,0,718.0,1,success,1,988fd8f6c3da447474e5f7e63227fd146331a862,1,5,0,0,0,1,5,1,0,0,0,0,0,0,0,0,0,0,0,0,0,0,0,0,0,0,0,0,48,0,0,0,0,0,0,0,0,0,56,0,['junit'],java-maven,149785,59887,399.82,31230,0,0,31230,1,0.0454183,0.855534,0.038247,0.861808,64,1,9,0,0,0,0,0
46369,7094736620,19937094,Java CI,dependabot/maven/org.apache.maven.plugins-maven-antrun-plugin-3.1.0,57190c31e26e03bf664088a51e76d8984a981ca0,.github/workflows/maven.yml,success,3071532,dependabot[bot],117,5,0.0,0.0,,push,418,0,717.0,1,success,1,d7cf2f4943489f781e5ee88ad3672bd516fcc5f5,2,2,2,0,1,2,4,1,0,0,0,0,0,0,0,0,0,0,0,0,0,0,0,0,0,0,0,0,48,0,0,0,0,0,0,0,0,0,56,0,['junit'],java-maven,149780,59887,399.833,31230,0,0,31230,1,0.0398406,0.820842,0.0326693,0.815448,0,1,9,0,0,0,0,0
46370,7092512155,19937094,Java CI,master,f9ed7d40e8fb6ceeca70432b36a4a6c08582914b,.github/workflows/maven.yml,success,3071532,chrjohn,117,5,0.0,1.0,,push,422,0,709.0,1,success,1,131cc4045cdda49113ddd64a52a4257403a2a12f,2,2,2,0,1,2,4,1,0,0,1,0,0,0,0,0,0,0,0,0,0,0,0,0,0,0,0,0,48,0,0,0,0,0,0,0,0,0,56,0,['junit'],java-maven,149780,59887,399.833,31230,0,0,31230,1,0.038247,0.851821,0.0310757,0.85874,52,1,9,0,0,1,0,1
46371,7094737670,19937094,CodeQL,dependabot/maven/org.codehaus.plexus-plexus-utils-4.0.0,c02e9c33a318d2a37cc0f6841daf3453c1a81f66,.github/workflows/codeql-analysis.yml,success,3605584,dependabot[bot],117,5,0.0,1.0,,pull_request,776,0,718.0,1,failure,1,4b2fdae7b0cd057c0a8173fea2d442046796f06f,1,16,8,0,1,1,24,1,0,0,0,0,0,0,0,0,0,0,0,0,0,0,0,0,0,0,0,0,48,0,0,0,0,0,0,0,0,0,60,0,['junit'],java-maven,149780,59887,399.833,0,0,0,0,1,0.0414343,0.80983,0.0342629,0.804374,0,1,1,0,0,1,0,0
46372,6730711613,19937094,CodeQL,634_-_mina_2.2.X_update,2dd62fbfae201b20dac5a6caefb4fb5201272d7e,.github/workflows/codeql-analysis.yml,success,3605584,the-thing,110,0,0.0,0.0,,pull_request,189,0,635.0,1,success,6,a2e6e4a2c0f35e12d728ab4458447377864a4152,127,3361,22833,16,0,103,4388,14,20134,2,1,67,15,30,112,112,10,122,294,2,6,8,332,172,504,1,1,0,11,6,138,2189,17945,16,2,32,0,0,58,0,['junit'],java-maven,131666,43520,330.533,0,0,0,0,0,0.00239044,0.998672,0.0,1.0,1,0,1,0,1,1,0,0
46373,7149342821,19937094,Java CI,master,ebbe329a0c092378b0defb841a92e23a756e8fdf,.github/workflows/maven.yml,success,3071532,chrjohn,116,4,0.0,1.0,,schedule,0,0,,1,failure,1,2269285c6705cefe49f325fc53057752138e0650,1,1,1,0,1,0,0,1,0,0,0,0,0,0,0,0,0,0,0,0,0,0,0,0,0,0,0,0,48,0,0,0,0,1,0,0,0,0,57,0,['junit'],java-maven,150051,60136,400.77,31770,0,0,31770,1,0.0573705,0.865756,0.0334661,0.886003,94,1,9,0,0,1,0,1
46374,7080846245,19937094,Java CI,dependabot/maven/org.apache.maven.plugins-maven-resources-plugin-3.3.1,5d2c389a156764fbff01664f9e6a1ee314fb789a,.github/workflows/maven.yml,success,3071532,dependabot[bot],117,5,0.0,1.0,,pull_request,545,0,698.0,1,success,1,3a3d810174c0962222c926b5496eb5a0618cce44,1,1,1,0,1,1,2,1,0,0,0,0,0,0,0,0,0,0,0,0,0,0,0,0,0,0,0,0,48,0,0,0,0,0,0,0,0,0,56,0,['junit'],java-maven,149778,59887,399.838,31230,0,0,31230,1,0.0326693,0.741205,0.0247012,0.724466,0,1,9,0,0,0,0,0
46375,7086679248,19937094,CodeQL,dependabot/maven/org.apache.maven.plugins-maven-jxr-plugin-3.3.1,f818a99201e4a621bea1024f4b115149d560bf82,.github/workflows/codeql-analysis.yml,success,3605584,dependabot[bot],117,5,0.0,1.0,,pull_request,422,0,709.0,1,success,1,b4aa264aa82546eae7ae164eb63ccded63c1826a,2,2,2,0,1,2,4,1,0,0,1,0,0,0,0,0,0,0,0,0,0,0,0,0,0,0,0,0,48,0,0,0,0,0,0,0,0,0,60,0,['junit'],java-maven,149780,59887,399.833,0,0,0,0,1,0.0342629,0.810359,0.0270916,0.803436,0,1,1,0,0,0,0,0
46376,7244086275,19937094,Java CI,master,ccc9c23ddb0d041d05a362ba36630f4aa4f27a8f,.github/workflows/maven.yml,success,3071532,chrjohn,117,6,0.0,1.0,,schedule,426,0,738.0,1,success,1,69ab53d1aedc9d195dcb07bcdf79f4abf43a3375,1,1,1,0,0,1,2,1,0,0,0,0,0,0,0,0,0,0,0,0,0,0,0,0,0,0,0,0,48,0,0,0,0,0,0,0,0,0,57,0,['junit'],java-maven,150051,60136,400.77,31770,0,0,31770,1,0.0565737,0.864015,0.00318725,0.851262,102,1,9,0,0,0,0,1
46377,7054588827,19937094,Java CI,dependabot/github_actions/actions/setup-java-4,636295c8eb33f19464d58e3050945cff6b84688e,.github/workflows/maven.yml,success,3071532,dependabot[bot],115,3,0.0,0.0,,push,656,0,691.0,1,failure,1,6010a3449b6095a4a649b1ba36299706fb452ed6,1,2,2,0,1,0,0,1,0,0,0,0,0,0,0,0,0,0,0,0,0,0,0,0,0,0,0,0,45,0,0,0,0,0,1,0,0,0,56,0,['junit'],java-maven,149767,59597,397.931,31176,0,0,31176,1,0.0175299,0.774531,0.0103586,0.747842,0,1,9,0,0,0,0,0
46378,7051697008,19937094,CodeQL,master,6b65b0957448cc28baebfd736838384ae094abe6,.github/workflows/codeql-analysis.yml,success,3605584,chrjohn,115,2,0.0,1.0,,push,647,0,686.0,1,success,1,8d231471e2f8c79934b4766fc71dc650af58193a,2,2,2,0,1,2,4,1,0,0,1,0,0,0,0,0,0,0,0,0,0,0,0,0,0,0,0,0,45,0,0,0,0,0,0,0,0,0,60,0,['junit'],java-maven,149767,59597,397.931,0,0,0,0,1,0.0111554,0.865737,0.00239044,0.911413,10,1,1,0,0,0,0,1
46379,7290935713,19937094,Java CI,maven-wrapper,64f8a33f14ffa8d5aac182e88930350110d02c4a,.github/workflows/maven.yml,success,3071532,chrjohn,117,6,0.0,9.0,{'chore'},pull_request,53,0,741.0,1,success,9,ff0f6e074818528ccec0274aa3ebdb301093863f,5,544,20,5,0,1,8,7,0,3,1,0,0,0,0,0,0,0,0,0,0,0,0,0,0,0,0,0,48,4,0,0,0,1,2,0,0,0,53,0,['junit'],java-maven,150355,60030,399.255,31698,0,0,31698,1,0.0621514,0.85938,0.00717131,0.832669,116,1,9,0,0,0,0,0
46380,7085550657,19937094,pages build and deployment,master,e673da348702ac772cd5c82da08b861e8508b2ea,dynamic/pages/pages-build-deployment,success,22589472,chrjohn,117,5,0.0,1.0,,push,640,0,701.0,1,success,1,e673da348702ac772cd5c82da08b861e8508b2ea,1,1,1,0,1,1,2,1,0,0,0,0,0,0,0,0,0,0,0,0,0,0,0,0,0,0,0,0,48,0,0,0,0,0,0,0,0,0,60,0,['junit'],java-maven,149778,59887,399.838,0,0,0,0,1,0.0318725,0.854462,0.0247012,0.863403,41,1,1,0,0,0,0,1
46381,7045198095,19937094,CodeQL,fix-orchestra-with-updated-project-structure,832499b45ae69f02c60c8311735c45cbbf82f170,.github/workflows/codeql-analysis.yml,success,3605584,chrjohn,115,2,0.0,235.0,"{'ci', 'feat', 'refactor', 'docs', 'revert', 'perf', 'chore', 'test', 'fix', 'build'}",pull_request,610,0,460.0,1,success,235,e612ee6858673e6d4e1e21999fbda105e9c283bc,120,22626,3151,16,1,96,4131,12,19980,2,1,81,0,24,105,7,106,113,252,3,0,3,450,33,483,1,1,0,45,137,0,17937,2043,16,2,31,0,0,60,0,['junit'],java-maven,149769,59597,397.926,0,0,0,0,1,0.0103586,0.836005,0.00159363,0.894317,4,1,1,0,0,1,0,0
46382,7109186318,19937094,Java CI,dependabot/maven/org.codehaus.mojo-xml-maven-plugin-1.1.0,d146d8f33ab63657fece2224acc317b161f21759,.github/workflows/maven.yml,success,3071532,dependabot[bot],117,5,0.0,0.0,,push,650,0,729.0,1,success,1,262ae3e4867e9ab4f413204c6d267ae8d7bad6eb,1,1,1,0,1,1,2,1,0,0,0,0,0,0,0,0,0,0,0,0,0,0,0,0,0,0,0,0,48,0,0,0,0,0,0,0,0,0,56,0,['junit'],java-maven,149785,59887,399.82,31230,0,0,31230,1,0.0494024,0.831373,0.0422311,0.831657,0,1,9,0,0,0,0,0
46383,7051704704,19937094,CodeQL,dependabot/maven/org.mockito-mockito-core-5.7.0,a776cadc6289da7fd1d5feb8bf922101b91996bd,.github/workflows/codeql-analysis.yml,success,3605584,dependabot[bot],115,2,,,,pull_request,0,0,,1,failure,0,,0,0,0,0,0,0,0,0,0,0,0,0,0,0,0,0,0,0,0,0,0,0,0,0,0,0,0,0,45,0,0,0,0,0,0,0,0,0,60,0,['junit'],java-maven,149767,59597,397.931,0,0,0,0,1,0.0135458,0.823142,0.00478088,0.855435,0,1,1,0,0,0,0,0
46384,7071641313,19937094,CodeQL,dependabot/maven/org.dom4j-dom4j-2.1.4,1d3c447696216a6631e02343deb9f3d04362c49c,.github/workflows/codeql-analysis.yml,success,3605584,chrjohn,116,4,0.0,1.0,,pull_request,542,0,606.0,1,success,1,53338f581e3e8e696e620c85a077ff7ccd4d4385,1,1,1,0,1,1,2,1,0,0,0,0,0,0,0,0,0,0,0,0,0,0,0,0,0,0,0,0,48,0,0,0,0,0,0,0,0,0,60,0,['junit'],java-maven,149778,59887,399.838,0,0,0,0,1,0.0262948,0.850131,0.0183267,0.868768,34,1,1,0,0,0,0,0
46385,7155897431,19937094,Java CI,master,ebbe329a0c092378b0defb841a92e23a756e8fdf,.github/workflows/maven.yml,success,3071532,chrjohn,117,6,0.0,1.0,,schedule,0,0,,1,success,1,2269285c6705cefe49f325fc53057752138e0650,1,1,1,0,1,0,0,1,0,0,0,0,0,0,0,0,0,0,0,0,0,0,0,0,0,0,0,0,48,0,0,0,0,1,0,0,0,0,57,0,['junit'],java-maven,150051,60136,400.77,31770,0,0,31770,1,0.0589641,0.861579,0.0286853,0.878998,96,1,9,0,0,1,0,1
46386,7080846690,19937094,Java CI,dependabot/maven/org.apache.maven.plugins-maven-enforcer-plugin-3.4.1,5eae427e4f9010152ec26cc495d82c0b7cde182d,.github/workflows/maven.yml,success,3071532,dependabot[bot],117,5,0.0,0.0,,push,735,0,699.0,1,success,1,3a3d810174c0962222c926b5496eb5a0618cce44,1,1,1,0,1,1,2,1,0,0,0,0,0,0,0,0,0,0,0,0,0,0,0,0,0,0,0,0,48,0,0,0,0,0,0,0,0,0,56,0,['junit'],java-maven,149778,59887,399.838,31230,0,0,31230,1,0.0326693,0.746597,0.0247012,0.730589,0,1,9,0,0,0,0,0
46387,6832408221,19937094,Java CI,master,e612ee6858673e6d4e1e21999fbda105e9c283bc,.github/workflows/maven.yml,success,3071532,chrjohn,110,0,0.0,0.0,,schedule,61,0,654.0,1,success,1,5db9c8ff229fd210fdedf150a2c228234a08789c,2,24,1,0,0,1,16,1,9,0,0,0,0,2,2,1,0,1,5,0,0,0,2,0,2,1,1,0,11,0,0,9,0,0,0,0,0,0,29,0,['junit'],java-maven,131653,43230,328.363,28242,0,0,28242,1,0.00239044,0.97337,0.000796813,0.928287,0,1,9,0,0,1,0,1
46388,7287561987,19937094,Java CI,maven-wrapper,0cdcae329511a7dc7c007443241624c4a93752fe,.github/workflows/maven.yml,success,3071532,chrjohn,117,6,0.0,0.0,,push,53,0,741.0,1,success,1,ff0f6e074818528ccec0274aa3ebdb301093863f,0,19,0,2,0,0,0,2,0,1,0,0,0,0,0,0,0,0,0,0,0,0,0,0,0,0,0,0,48,2,0,0,0,0,0,0,0,0,57,0,['junit'],java-maven,149957,60030,400.315,31698,0,0,31698,1,0.0589641,0.861619,0.00398406,0.826899,108,1,9,0,0,1,0,0
46389,7203519819,19937094,CodeQL,dependabot/maven/org.codehaus.plexus-plexus-xml-4.0.3,d7e1dce8742925f6103ab4000f9ce382749ad980,.github/workflows/codeql-analysis.yml,success,3605584,dependabot[bot],117,6,0.0,1.0,,pull_request,426,0,738.0,1,success,1,270f823a32d735dbbbcc94cc4674f452da5a7761,1,1,1,0,0,1,2,1,0,0,0,0,0,0,0,0,0,0,0,0,0,0,0,0,0,0,0,0,48,0,0,0,0,0,0,0,0,0,60,0,['junit'],java-maven,150051,60136,400.77,0,0,0,0,1,0.0565737,0.83019,0.00717131,0.997439,0,1,1,0,0,0,0,0
46390,7059955798,19937094,pages build and deployment,master,b5476df22042b80c01794e8f78905c2c640c8361,dynamic/pages/pages-build-deployment,cancelled,22589472,chrjohn,115,3,0.0,1.0,,push,12,0,625.0,1,success,1,b5476df22042b80c01794e8f78905c2c640c8361,1,0,3,0,0,1,3,1,0,0,0,0,0,1,1,0,0,0,1,0,0,0,0,0,0,1,0,0,45,0,0,0,0,0,0,1,0,0,60,0,['junit'],java-maven,149764,59597,397.939,0,0,0,0,1,0.0223108,0.838884,0.0151394,0.850328,23,1,1,0,0,1,0,1
46391,7109185137,19937094,CodeQL,dependabot/maven/net.sf.saxon-Saxon-HE-12.4,017c253e52d34a650ac6887f0f22618c669f168d,.github/workflows/codeql-analysis.yml,success,3605584,dependabot[bot],117,5,0.0,1.0,,pull_request,328,0,727.0,1,success,1,262ae3e4867e9ab4f413204c6d267ae8d7bad6eb,1,1,1,0,1,1,2,1,0,0,0,0,0,0,0,0,0,0,0,0,0,0,0,0,0,0,0,0,48,0,0,0,0,0,0,0,0,0,60,0,['junit'],java-maven,149785,59887,399.82,0,0,0,0,1,0.0494024,0.825844,0.0422311,0.826138,0,1,1,0,0,0,0,0
46392,7105839585,19937094,CodeQL,acceptancetest-cleanup,9038c86b92b3dfbfec55826924ae4752c8716275,.github/workflows/codeql-analysis.yml,success,3605584,chrjohn,117,5,0.0,16.0,"{'ci', 'fix'}",pull_request,37,0,423.0,1,success,16,262ae3e4867e9ab4f413204c6d267ae8d7bad6eb,7,54,51,0,1,0,0,3,103,1,1,0,0,5,5,0,0,0,30,0,0,0,5,2,7,0,1,0,48,0,0,53,50,0,1,2,0,0,60,0,['junit'],java-maven,149784,59890,399.842,0,0,0,0,1,0.0478088,0.856194,0.0406374,0.861933,71,1,1,0,0,1,0,0
46393,7109185797,19937094,Java CI,dependabot/maven/io.fixprotocol.orchestra-repository-1.7.3,84f6edd34907508ff800c03bfae6c4687234bc4c,.github/workflows/maven.yml,success,3071532,dependabot[bot],117,5,0.0,0.0,,push,585,0,728.0,1,success,1,262ae3e4867e9ab4f413204c6d267ae8d7bad6eb,1,1,1,0,1,1,2,1,0,0,0,0,0,0,0,0,0,0,0,0,0,0,0,0,0,0,0,0,48,0,0,0,0,0,0,0,0,0,56,0,['junit'],java-maven,149785,59887,399.82,31230,0,0,31230,1,0.0494024,0.82726,0.0422311,0.827552,0,1,9,0,0,0,0,0
46394,7112629241,19937094,pages build and deployment,master,19b1aaabae9dcc7928332f438f5ee4793d7f79a5,dynamic/pages/pages-build-deployment,success,22589472,chrjohn,117,5,0.0,1.0,,push,328,0,727.0,1,success,1,a28527063506254c92c1d3e170ee3f7569939ed1,1,1,1,0,1,1,2,1,0,0,0,0,0,0,0,0,0,0,0,0,0,0,0,0,0,0,0,0,48,0,0,0,0,0,0,0,0,0,56,0,['junit'],java-maven,149785,59887,399.82,30271,2,0,30273,1,0.0517928,0.852963,0.0446215,0.857995,76,1,9,0,0,1,0,1
46395,7206651143,19937094,pages build and deployment,master,ccc9c23ddb0d041d05a362ba36630f4aa4f27a8f,dynamic/pages/pages-build-deployment,success,22589472,chrjohn,117,6,0.0,1.0,,schedule,426,0,738.0,1,success,1,69ab53d1aedc9d195dcb07bcdf79f4abf43a3375,1,1,1,0,0,1,2,1,0,0,0,0,0,0,0,0,0,0,0,0,0,0,0,0,0,0,0,0,48,0,0,0,0,0,0,0,0,0,57,0,['junit'],java-maven,150051,60136,400.77,30811,2,0,30813,1,0.0565737,0.864015,0.00557769,0.793297,102,1,9,0,0,0,0,1
46396,7049321054,19937094,Java CI,dependabot/maven/org.apache.maven.plugins-maven-plugin-plugin-3.10.2,d827693049dadaf43a2f2e8cebf9101eafdd89f9,.github/workflows/maven.yml,success,3071532,dependabot[bot],115,2,0.0,1.0,,pull_request,647,0,686.0,1,success,1,8d231471e2f8c79934b4766fc71dc650af58193a,2,2,2,0,1,2,4,1,0,0,1,0,0,0,0,0,0,0,0,0,0,0,0,0,0,0,0,0,45,0,0,0,0,0,0,0,0,0,56,0,['junit'],java-maven,149767,59597,397.931,31176,0,0,31176,1,0.0103586,0.879306,0.00159363,0.999004,0,1,9,0,0,0,0,0
46397,7074956012,19937094,Java CI,master,163968c07f772fd26cc3842a6fe47160776a8bea,.github/workflows/maven.yml,success,3071532,chrjohn,117,5,0.0,1.0,,schedule,542,0,606.0,1,failure,1,4c2c517895f3a565dfe958861e2df18c7f8804d3,1,1,1,0,1,1,2,1,0,0,0,0,0,0,0,0,0,0,0,0,0,0,0,0,0,0,0,0,48,0,0,0,0,0,0,0,0,0,56,0,['junit'],java-maven,149778,59887,399.838,31230,0,0,31230,1,0.0310757,0.845631,0.0231076,0.861971,37,1,9,0,0,0,0,1
46398,7056583140,19937094,Java CI,master,fe6fd1c9b6ab7bd2250525c9966b18839504f049,.github/workflows/maven.yml,success,3071532,chrjohn,115,3,0.0,1.0,,push,551,0,690.0,1,success,1,6010a3449b6095a4a649b1ba36299706fb452ed6,1,1,1,0,1,0,0,1,0,0,0,0,0,0,0,0,0,0,0,0,0,0,0,0,0,0,0,0,45,0,0,0,0,0,1,0,0,0,56,0,['junit'],java-maven,149767,59597,397.931,31176,0,0,31176,1,0.0175299,0.838831,0.0103586,0.856086,15,1,9,0,0,1,0,1
46399,7109184544,19937094,Java CI,dependabot/maven/org.apache.maven-maven-plugin-api-3.9.6,0c8155f05110cc6211237a316c7e58ccc474d9a8,.github/workflows/maven.yml,success,3071532,dependabot[bot],117,5,0.0,0.0,,push,497,0,726.0,1,success,1,262ae3e4867e9ab4f413204c6d267ae8d7bad6eb,1,1,1,0,1,1,2,1,0,0,0,0,0,0,0,0,0,0,0,0,0,0,0,0,0,0,0,0,48,0,0,0,0,0,0,0,0,0,56,0,['junit'],java-maven,149785,59887,399.82,31230,0,0,31230,1,0.0494024,0.821454,0.0422311,0.821755,0,1,9,0,0,0,0,0
46400,7086677458,19937094,Java CI,dependabot/maven/org.apache.maven.plugins-maven-shade-plugin-3.5.1,779afa30c6cb96070e066a9f30f7a12c726b32d1,.github/workflows/maven.yml,success,3071532,dependabot[bot],117,5,0.0,0.0,,push,527,0,708.0,1,success,1,b4aa264aa82546eae7ae164eb63ccded63c1826a,1,1,1,0,1,1,2,1,0,0,0,0,0,0,0,0,0,0,0,0,0,0,0,0,0,0,0,0,48,0,0,0,0,0,0,0,0,0,56,0,['junit'],java-maven,149780,59887,399.833,31230,0,0,31230,1,0.0342629,0.797716,0.0270916,0.789785,0,1,9,0,0,0,0,0
46401,7092504383,19937094,CodeQL,master,131cc4045cdda49113ddd64a52a4257403a2a12f,.github/workflows/codeql-analysis.yml,success,3605584,chrjohn,117,5,0.0,1.0,,push,1231,0,710.0,1,success,1,c07b4ba347b1fe9a8fc586ec10b1e05dfc2ed79f,1,1,1,0,1,1,2,1,0,0,0,0,0,0,0,0,0,0,0,0,0,0,0,0,0,0,0,0,48,0,0,0,0,0,0,0,0,0,60,0,['junit'],java-maven,149780,59887,399.833,0,0,0,0,1,0.038247,0.850301,0.0310757,0.857069,51,1,1,0,0,0,0,1
46402,7094734809,19937094,CodeQL,dependabot/maven/maven.version-3.8.8,fc372eec192bcd9b901c2ebe98e1d8bff85e0b30,.github/workflows/codeql-analysis.yml,success,3605584,dependabot[bot],117,5,,,,pull_request,0,0,,1,failure,0,,0,0,0,0,0,0,0,0,0,0,0,0,0,0,0,0,0,0,0,0,0,0,0,0,0,0,0,0,48,0,0,0,0,0,0,0,0,0,60,0,['junit'],java-maven,149780,59887,399.833,0,0,0,0,1,0.0398406,0.800009,0.0326693,0.793213,0,1,1,0,0,0,0,0
46403,7080846859,19937094,Java CI,dependabot/maven/org.apache.maven.plugins-maven-enforcer-plugin-3.4.1,5eae427e4f9010152ec26cc495d82c0b7cde182d,.github/workflows/maven.yml,success,3071532,dependabot[bot],117,5,0.0,1.0,,pull_request,735,0,699.0,1,success,1,3a3d810174c0962222c926b5496eb5a0618cce44,1,1,1,0,1,1,2,1,0,0,0,0,0,0,0,0,0,0,0,0,0,0,0,0,0,0,0,0,48,0,0,0,0,0,0,0,0,0,56,0,['junit'],java-maven,149778,59887,399.838,31230,0,0,31230,1,0.0326693,0.756733,0.0247012,0.742053,0,1,9,0,0,0,0,0
46404,7063259529,19937094,CodeQL,dependabot/maven/org.apache.maven.shared-file-management-3.1.0,6f705e589572a4534cd8824f4a7815afc9b28709,.github/workflows/codeql-analysis.yml,success,3605584,chrjohn,115,4,,,,pull_request,0,0,,1,failure,0,,0,0,0,0,0,0,0,0,0,0,0,0,0,0,0,0,0,0,0,0,0,0,0,0,0,0,0,0,48,0,0,0,0,0,0,0,0,0,60,0,['junit'],java-maven,149778,59887,399.838,0,0,0,0,1,0.0247012,0.836551,0.0175299,0.845191,28,1,1,0,0,0,0,0
46405,6846115736,19937094,Java CI,master,e612ee6858673e6d4e1e21999fbda105e9c283bc,.github/workflows/maven.yml,success,3071532,chrjohn,115,1,0.0,0.0,,schedule,61,0,654.0,0,failure,1,5db9c8ff229fd210fdedf150a2c228234a08789c,2,24,1,0,0,1,16,1,9,0,0,0,0,2,2,1,0,1,5,0,0,0,2,0,2,1,1,0,11,0,0,9,0,0,0,0,0,0,29,0,['junit'],java-maven,131653,43230,328.363,28242,0,0,28242,1,0.00398406,0.97316,0.00159363,0.999387,0,1,9,0,0,1,0,1
46406,7092710034,19937094,Java CI,master,d7cf2f4943489f781e5ee88ad3672bd516fcc5f5,.github/workflows/maven.yml,success,3071532,chrjohn,117,5,0.0,1.0,,push,527,0,708.0,1,success,1,f62537fbedbc81ff1b44d559fc25b46ff2fbfdfb,1,1,1,0,1,1,2,1,0,0,0,0,0,0,0,0,0,0,0,0,0,0,0,0,0,0,0,0,48,0,0,0,0,0,0,0,0,0,56,0,['junit'],java-maven,149780,59887,399.833,31230,0,0,31230,1,0.038247,0.855489,0.0310757,0.862754,54,1,9,0,0,0,0,1
46407,7061971493,19937094,CodeQL,dependabot/maven/org.dom4j-dom4j-2.1.4,f371c2b38a1a168539bc9db5102468a907beb253,.github/workflows/codeql-analysis.yml,success,3605584,chrjohn,115,4,0.0,1.0,,pull_request,542,0,606.0,1,success,1,53338f581e3e8e696e620c85a077ff7ccd4d4385,2,4,5,0,1,2,9,2,0,1,1,0,0,1,1,0,0,0,3,0,0,0,0,0,0,1,0,0,45,0,0,0,0,0,0,0,0,0,60,0,['junit'],java-maven,149777,59887,399.841,0,0,0,0,1,0.0231076,0.838533,0.0159363,0.849004,25,1,1,0,0,0,0,0
46408,7052452392,19937094,CodeQL,dependabot/maven/org.dom4j-dom4j-2.1.4,87bdca9ace8af8c3a780f8ed84056d3b6d6f4e7c,.github/workflows/codeql-analysis.yml,success,3605584,dependabot[bot],115,3,0.0,1.0,,pull_request,542,0,606.0,1,success,1,53338f581e3e8e696e620c85a077ff7ccd4d4385,12,217,216,0,1,11,271,6,154,2,1,1,0,8,9,3,6,9,46,3,2,5,12,9,21,1,1,0,45,1,6,8,146,0,1,2,0,0,60,0,['junit'],java-maven,149767,59597,397.931,0,0,0,0,1,0.0167331,0.804474,0.00796813,0.821186,0,1,1,0,0,0,0,0
46409,7080846247,19937094,CodeQL,dependabot/maven/org.apache.maven.plugins-maven-resources-plugin-3.3.1,5d2c389a156764fbff01664f9e6a1ee314fb789a,.github/workflows/codeql-analysis.yml,success,3605584,dependabot[bot],117,5,0.0,1.0,,pull_request,545,0,698.0,1,success,1,3a3d810174c0962222c926b5496eb5a0618cce44,1,1,1,0,1,1,2,1,0,0,0,0,0,0,0,0,0,0,0,0,0,0,0,0,0,0,0,0,48,0,0,0,0,0,0,0,0,0,60,0,['junit'],java-maven,149778,59887,399.838,0,0,0,0,1,0.0326693,0.741205,0.0247012,0.724466,0,1,1,0,0,0,0,0
46410,7206647669,19937094,CodeQL,master,69ab53d1aedc9d195dcb07bcdf79f4abf43a3375,.github/workflows/codeql-analysis.yml,success,3605584,chrjohn,117,6,0.0,1.0,,push,517,0,737.0,1,success,1,d2eb1500682aa12d567ee349338f1381922723ab,1,1,1,0,0,1,2,1,0,0,0,0,0,0,0,0,0,0,0,0,0,0,0,0,0,0,0,0,48,0,0,0,0,0,0,0,0,0,60,0,['junit'],java-maven,150051,60136,400.77,0,0,0,0,1,0.0557769,0.865822,0.00717131,0.836375,101,1,1,0,0,0,0,1
46411,7130284824,19937094,CodeQL,master,e050d3d25c8d8e13f05fe6c3898bcfeed02a73f9,.github/workflows/codeql-analysis.yml,success,3605584,chrjohn,117,5,0.0,3.0,,push,60,0,651.0,1,success,3,8cf71f9059dd758dfe66320f84ae430346ea4974,10,289,48,0,1,3,39,1,298,0,1,0,0,10,10,18,0,18,42,0,2,2,17,2,19,1,1,0,48,0,0,268,30,0,0,7,0,0,60,0,['junit'],java-maven,150052,60136,400.768,0,0,0,0,1,0.0565737,0.866399,0.0486056,0.872769,91,1,1,0,0,1,0,1
46412,7113383460,19937094,Java CI,614/replace_proxool_with_hikari_cp,980929be648b656f0af6e40860e770f7b071832d,.github/workflows/maven.yml,success,3071532,chrjohn,117,5,0.0,5.0,{'chore'},pull_request,74,0,618.0,1,success,5,898a29f15c8e79bbaf6768cdf40ef3dca13c6340,14,279,211,0,1,8,406,3,84,1,1,0,0,10,10,9,1,10,67,10,2,12,8,9,17,1,1,0,48,0,0,46,38,0,0,3,0,0,57,0,['junit'],java-maven,149805,59898,399.84,31248,0,0,31248,1,0.0525896,0.858727,0.0454183,0.863988,83,1,9,0,0,0,0,0
46413,7092710030,19937094,CodeQL,master,d7cf2f4943489f781e5ee88ad3672bd516fcc5f5,.github/workflows/codeql-analysis.yml,success,3605584,chrjohn,117,5,0.0,1.0,,push,527,0,708.0,1,success,1,f62537fbedbc81ff1b44d559fc25b46ff2fbfdfb,1,1,1,0,1,1,2,1,0,0,0,0,0,0,0,0,0,0,0,0,0,0,0,0,0,0,0,0,48,0,0,0,0,0,0,0,0,0,60,0,['junit'],java-maven,149780,59887,399.833,0,0,0,0,1,0.038247,0.855489,0.0310757,0.862754,54,1,1,0,0,0,0,1
46414,7094738481,19937094,Java CI,dependabot/maven/org.apache.maven.plugins-maven-assembly-plugin-3.6.0,0fac0671dd843f4b3bc2cbe2a46219dd283337c7,.github/workflows/maven.yml,success,3071532,dependabot[bot],117,5,0.0,1.0,,pull_request,429,0,719.0,1,success,1,d7cf2f4943489f781e5ee88ad3672bd516fcc5f5,1,1,1,0,1,1,2,1,0,0,0,0,0,0,0,0,0,0,0,0,0,0,0,0,0,0,0,0,48,0,0,0,0,0,0,0,0,0,56,0,['junit'],java-maven,149780,59887,399.833,31230,0,0,31230,1,0.0414343,0.815316,0.0342629,0.810185,0,1,9,0,0,0,0,0
46415,7261448574,19937094,Java CI,chrjohn-empty-message,61ead2183af43f9bcac73d618a95035ce9e46016,.github/workflows/maven.yml,success,3071532,chrjohn,117,6,0.0,1.0,{'fix'},push,100,0,735.0,1,success,1,fefd7a99e619c266be3eae4890e4869e0ae4da48,2,6,7,0,1,1,5,1,8,0,0,0,0,2,2,0,0,0,66,0,0,0,0,0,0,1,1,0,48,0,0,4,4,0,0,4,0,0,57,0,['junit'],java-maven,149957,60030,400.315,31698,0,0,31698,1,0.0581673,0.862126,0.00398406,0.864326,106,1,9,0,0,0,0,0
46416,7059869827,19937094,pages build and deployment,master,10276315aa40211345fe2539bfc6d39c6e0ca2c0,dynamic/pages/pages-build-deployment,success,22589472,chrjohn,115,3,0.0,1.0,,push,334,0,666.0,1,success,1,10276315aa40211345fe2539bfc6d39c6e0ca2c0,1,1,1,0,1,1,2,1,0,0,0,0,0,0,0,0,0,0,0,0,0,0,0,0,0,0,0,0,45,0,0,0,0,0,0,0,0,0,56,0,['junit'],java-maven,149767,59597,397.931,31176,0,0,31176,1,0.0223108,0.833902,0.0151394,0.844004,22,1,9,0,0,1,0,1
46417,7094736792,19937094,CodeQL,dependabot/maven/org.apache.maven.plugins-maven-antrun-plugin-3.1.0,57190c31e26e03bf664088a51e76d8984a981ca0,.github/workflows/codeql-analysis.yml,success,3605584,dependabot[bot],117,5,0.0,1.0,,pull_request,418,0,717.0,1,success,1,d7cf2f4943489f781e5ee88ad3672bd516fcc5f5,2,2,2,0,1,2,4,1,0,0,0,0,0,0,0,0,0,0,0,0,0,0,0,0,0,0,0,0,48,0,0,0,0,0,0,0,0,0,60,0,['junit'],java-maven,149780,59887,399.833,0,0,0,0,1,0.0398406,0.824498,0.0326693,0.819333,0,1,1,0,0,0,0,0
46418,6622796027,19937094,Java CI,master,e612ee6858673e6d4e1e21999fbda105e9c283bc,.github/workflows/maven.yml,success,3071532,chrjohn,110,1,0.0,0.0,,schedule,61,0,654.0,1,success,1,5db9c8ff229fd210fdedf150a2c228234a08789c,2,24,1,0,0,1,16,1,9,0,0,0,0,2,2,1,0,1,5,0,0,0,2,0,2,1,1,0,11,0,0,9,0,0,0,0,0,0,29,0,['junit'],java-maven,131653,43230,328.363,28242,0,0,28242,1,0.00318725,0.93497,0.0,1.0,0,1,9,0,0,1,0,1
46419,7263411250,19937094,Java CI,master,ff0f6e074818528ccec0274aa3ebdb301093863f,.github/workflows/maven.yml,success,3071532,chrjohn,117,6,0.0,4.0,{'fix'},push,100,0,735.0,1,success,4,f0d3c199849d284ebe14fc388b767370408f89df,2,8,113,0,1,1,7,1,114,0,0,0,0,2,2,0,4,4,66,0,0,0,0,0,0,1,1,0,48,0,0,4,110,0,0,4,0,0,57,0,['junit'],java-maven,149957,60030,400.315,31698,0,0,31698,1,0.0589641,0.861222,0.00478088,0.845541,107,1,9,0,0,1,0,1
46420,7092512157,19937094,CodeQL,master,f9ed7d40e8fb6ceeca70432b36a4a6c08582914b,.github/workflows/codeql-analysis.yml,success,3605584,chrjohn,117,5,0.0,1.0,,push,422,0,709.0,1,success,1,131cc4045cdda49113ddd64a52a4257403a2a12f,2,2,2,0,1,2,4,1,0,0,1,0,0,0,0,0,0,0,0,0,0,0,0,0,0,0,0,0,48,0,0,0,0,0,0,0,0,0,60,0,['junit'],java-maven,149780,59887,399.833,0,0,0,0,1,0.038247,0.851821,0.0310757,0.85874,52,1,1,0,0,1,0,1
46421,7112800209,19937094,Java CI,master,c0e6eafe7d0cf0bb2484902e712c79dd32b0e6d5,.github/workflows/maven.yml,success,3071532,chrjohn,117,5,0.0,1.0,,push,472,0,730.0,1,success,1,ad96af1b83bb077d5b84f755a4834226a56e0737,1,1,1,0,1,1,2,1,0,0,0,0,0,0,0,0,0,0,0,0,0,0,0,0,0,0,0,0,48,0,0,0,0,0,0,0,0,0,56,0,['junit'],java-maven,149784,59890,399.842,31230,0,0,31230,1,0.0517928,0.855666,0.0446215,0.860882,78,1,9,0,0,0,0,1
46422,7094735030,19937094,Java CI,dependabot/maven/org.apache.maven.plugins-maven-compiler-plugin-3.11.0,dacf7a18146e98f65ebeb32f8a5ddaa2b2d5db3d,.github/workflows/maven.yml,success,3071532,dependabot[bot],117,5,0.0,0.0,,push,944,0,714.0,1,failure,1,d7cf2f4943489f781e5ee88ad3672bd516fcc5f5,1,1,1,0,1,1,2,1,0,0,0,0,0,0,0,0,0,0,0,0,0,0,0,0,0,0,0,0,48,0,0,0,0,0,0,0,0,0,56,0,['junit'],java-maven,149780,59887,399.833,31230,0,0,31230,1,0.0398406,0.802308,0.0326693,0.795674,0,1,9,0,0,0,0,0
46423,7129392144,19937094,CodeQL,650/truncated_filestore_messages,ddeb9bbde98951d353c808de2c4cdffce2834e87,.github/workflows/codeql-analysis.yml,success,3605584,the-thing,117,5,0.0,3.0,,pull_request,60,0,651.0,1,success,3,8cf71f9059dd758dfe66320f84ae430346ea4974,10,289,48,0,1,3,39,1,298,0,1,0,0,10,10,18,0,18,42,0,2,2,17,2,19,1,1,0,48,0,0,268,30,0,0,7,0,0,60,0,['junit'],java-maven,150052,60136,400.768,0,0,0,0,1,0.0565737,0.746348,0.0486056,0.750775,3,0,1,0,1,0,0,0
46424,7099087236,19937094,pages build and deployment,master,decf78c9768c0c1cac76e4d5155b31e4c4c2fbe8,dynamic/pages/pages-build-deployment,cancelled,22589472,chrjohn,117,5,0.0,1.0,,push,429,0,719.0,1,cancelled,1,ab6d88b652791a6d028079ada9bbcac0cd9e794f,1,1,1,0,1,1,2,1,0,0,0,0,0,0,0,0,0,0,0,0,0,0,0,0,0,0,0,0,47,0,0,0,0,0,0,0,0,0,60,0,['junit'],java-maven,149775,59887,399.846,0,0,0,0,1,0.0422311,0.865386,0.0350598,0.873428,59,1,1,0,0,0,0,1
46425,7086672808,19937094,Java CI,dependabot/maven/org.apache.maven.plugins-maven-source-plugin-3.3.0,6b8bf724fc289d8dbbe110906f2dc8e4b36fa115,.github/workflows/maven.yml,success,3071532,dependabot[bot],117,5,0.0,1.0,,pull_request,404,0,704.0,1,success,1,b4aa264aa82546eae7ae164eb63ccded63c1826a,1,1,1,0,1,1,2,1,0,0,0,0,0,0,0,0,0,0,0,0,0,0,0,0,0,0,0,0,48,0,0,0,0,0,0,0,0,0,56,0,['junit'],java-maven,149780,59887,399.833,31230,0,0,31230,1,0.0342629,0.766595,0.0270916,0.75588,0,1,9,0,0,0,0,0
46426,7109185133,19937094,Java CI,dependabot/maven/net.sf.saxon-Saxon-HE-12.4,017c253e52d34a650ac6887f0f22618c669f168d,.github/workflows/maven.yml,success,3071532,dependabot[bot],117,5,0.0,1.0,,pull_request,328,0,727.0,1,success,1,262ae3e4867e9ab4f413204c6d267ae8d7bad6eb,1,1,1,0,1,1,2,1,0,0,0,0,0,0,0,0,0,0,0,0,0,0,0,0,0,0,0,0,48,0,0,0,0,0,0,0,0,0,56,0,['junit'],java-maven,149785,59887,399.82,31230,0,0,31230,1,0.0494024,0.825844,0.0422311,0.826138,0,1,9,0,0,0,0,0
46427,7099737772,19937094,pages build and deployment,master,f9b4c75164b3c21f4829b9ff8bd37ee02de2bcc4,dynamic/pages/pages-build-deployment,success,22589472,chrjohn,117,5,0.0,1.0,{'build'},push,776,0,718.0,1,success,1,988fd8f6c3da447474e5f7e63227fd146331a862,1,5,0,0,0,1,5,1,0,0,0,0,0,0,0,0,0,0,0,0,0,0,0,0,0,0,0,0,48,0,0,0,0,0,0,0,0,0,56,0,['junit'],java-maven,149785,59887,399.82,31230,0,0,31230,1,0.0454183,0.855534,0.038247,0.861808,64,1,9,0,0,0,0,1
46428,6977256269,19937094,Java CI,master,e612ee6858673e6d4e1e21999fbda105e9c283bc,.github/workflows/maven.yml,success,3071532,chrjohn,110,0,0.0,0.0,,schedule,61,0,654.0,1,success,1,5db9c8ff229fd210fdedf150a2c228234a08789c,2,24,1,0,1,1,16,1,9,0,0,0,0,2,2,1,0,1,5,0,0,0,2,0,2,1,1,0,11,0,0,9,0,0,0,0,0,0,29,0,['junit'],java-maven,131653,43230,328.363,28242,0,0,28242,1,0.00876494,0.873904,0.000796813,0.937251,2,1,9,0,0,1,0,1
46429,7071641312,19937094,Java CI,dependabot/maven/org.dom4j-dom4j-2.1.4,1d3c447696216a6631e02343deb9f3d04362c49c,.github/workflows/maven.yml,success,3071532,chrjohn,116,4,0.0,1.0,,pull_request,542,0,606.0,1,success,1,53338f581e3e8e696e620c85a077ff7ccd4d4385,1,1,1,0,1,1,2,1,0,0,0,0,0,0,0,0,0,0,0,0,0,0,0,0,0,0,0,0,48,0,0,0,0,0,0,0,0,0,56,0,['junit'],java-maven,149778,59887,399.838,31230,0,0,31230,1,0.0262948,0.850131,0.0183267,0.868768,34,1,9,0,0,0,0,0
46430,7297770684,19937094,CodeQL,master,714523c3598afe6b764f44a6222059d806c44b00,.github/workflows/codeql-analysis.yml,success,3605584,chrjohn,117,6,0.0,9.0,{'chore'},push,53,0,741.0,1,success,9,ff0f6e074818528ccec0274aa3ebdb301093863f,5,544,20,5,0,1,8,7,0,3,1,0,0,0,0,0,0,0,0,0,0,0,0,0,0,0,0,0,48,4,0,0,0,1,2,0,0,0,58,0,['junit'],java-maven,150355,60030,399.255,0,0,0,0,1,0.0621514,0.860505,0.0063745,0.85909,117,1,1,0,0,1,0,1
46431,7126896738,19937094,Java CI,chrjohn-boolean-import,39c58c4bce6870794f2589f5460c9e11be73b435,.github/workflows/maven.yml,success,3071532,chrjohn,117,5,0.0,1.0,,pull_request,6,0,732.0,1,success,1,0998dadd5836d72706c91316de2ac7bf0defd708,1,0,2,0,0,1,2,1,0,0,0,0,0,1,1,0,0,0,2,0,0,0,0,1,1,1,0,0,48,0,0,0,0,0,0,0,0,0,57,0,['junit'],java-maven,149804,59898,399.842,31248,0,0,31248,1,0.0549801,0.863779,0.047012,0.871872,89,1,9,0,0,0,0,0
46432,7056590908,19937094,Java CI,dependabot/github_actions/actions/setup-java-4,c7d8acfba4de8024088f4fca8d9eed19027c21b3,.github/workflows/maven.yml,success,3071532,chrjohn,115,3,0.0,1.0,,pull_request,656,0,691.0,1,success,1,fe6fd1c9b6ab7bd2250525c9966b18839504f049,1,2,2,0,1,0,0,1,0,0,0,0,0,0,0,0,0,0,0,0,0,0,0,0,0,0,0,0,45,0,0,0,0,0,1,0,0,0,56,0,['junit'],java-maven,149767,59597,397.931,31176,0,0,31176,1,0.0175299,0.84503,0.0103586,0.864389,16,1,9,0,0,0,0,0
46433,7058048145,19937094,CodeQL,master,7ab31827e9c6000c687355f423fa044d9ae98a43,.github/workflows/codeql-analysis.yml,success,3605584,chrjohn,115,3,0.0,1.0,,push,951,0,692.0,1,success,1,fe6fd1c9b6ab7bd2250525c9966b18839504f049,1,1,1,0,1,0,0,1,0,0,0,0,0,0,0,0,0,0,0,0,0,0,0,0,0,0,0,0,45,0,0,0,0,0,1,0,0,0,60,0,['junit'],java-maven,149767,59597,397.931,0,0,0,0,1,0.0175299,0.85077,0.0103586,0.871786,17,1,1,0,0,1,0,1
46434,7076384472,19937094,Java CI,chrjohn-javadoc-plugin,3efd05c3e18fe0354358d971bd3e476ed40e5fa8,.github/workflows/maven.yml,success,3071532,chrjohn,117,5,0.0,1.0,{'build'},pull_request,4,0,697.0,1,success,1,163968c07f772fd26cc3842a6fe47160776a8bea,1,1,1,0,1,1,2,1,0,0,0,0,0,0,0,0,0,0,0,0,0,0,0,0,0,0,0,0,48,0,0,0,0,0,0,0,0,0,56,0,['junit'],java-maven,149778,59887,399.838,31230,0,0,31230,1,0.0310757,0.847662,0.0231076,0.864162,38,1,9,0,0,0,0,0
46435,7259582888,19937094,pages build and deployment,master,f0d3c199849d284ebe14fc388b767370408f89df,dynamic/pages/pages-build-deployment,success,22589472,chrjohn,117,6,0.0,1.0,{'fix'},push,100,0,735.0,1,success,1,fefd7a99e619c266be3eae4890e4869e0ae4da48,2,6,7,0,1,1,5,1,8,0,0,0,0,2,2,0,0,0,66,0,0,0,0,0,0,1,1,0,48,0,0,4,4,0,0,4,0,0,57,0,['junit'],java-maven,149957,60030,400.315,31698,0,0,31698,1,0.0581673,0.862126,0.00398406,0.864326,106,1,9,0,0,0,0,1
46436,7319746599,19937094,pages build and deployment,master,0b8e1db3cfc1ff361c87b2cc0d4618dd069dbd79,dynamic/pages/pages-build-deployment,success,22589472,chrjohn,118,6,0.0,2.0,{'fix'},pull_request,48,0,658.0,1,success,2,0b8e1db3cfc1ff361c87b2cc0d4618dd069dbd79,1,4,1,0,0,1,5,1,0,0,0,0,0,1,1,0,0,0,11,0,0,0,0,0,0,1,0,0,48,0,0,0,0,0,0,0,0,0,58,0,['junit'],java-maven,150358,60030,399.247,0,0,0,0,1,0.0629482,0.864961,0.0063745,0.897765,119,1,1,0,0,0,0,1
46437,7206641935,19937094,CodeQL,master,d2eb1500682aa12d567ee349338f1381922723ab,.github/workflows/codeql-analysis.yml,success,3605584,chrjohn,117,6,0.0,1.0,,push,682,0,736.0,1,success,1,270f823a32d735dbbbcc94cc4674f452da5a7761,1,2,2,0,0,0,0,1,0,0,0,0,0,0,0,0,0,0,0,0,0,0,0,0,0,0,0,0,48,0,0,0,0,0,1,0,0,0,60,0,['junit'],java-maven,150051,60136,400.77,0,0,0,0,1,0.0557769,0.865003,0.00717131,0.828394,100,1,1,0,0,1,0,1
46438,7059955840,19937094,CodeQL,master,b5476df22042b80c01794e8f78905c2c640c8361,.github/workflows/codeql-analysis.yml,success,3605584,chrjohn,115,3,0.0,1.0,,push,334,0,666.0,1,success,1,10276315aa40211345fe2539bfc6d39c6e0ca2c0,1,1,1,0,1,1,2,1,0,0,0,0,0,0,0,0,0,0,0,0,0,0,0,0,0,0,0,0,45,0,0,0,0,0,0,0,0,0,60,0,['junit'],java-maven,149767,59597,397.931,0,0,0,0,1,0.0223108,0.833902,0.0151394,0.844004,22,1,1,0,0,1,0,1
46439,6753058830,19937094,Java CI,master,e612ee6858673e6d4e1e21999fbda105e9c283bc,.github/workflows/maven.yml,success,3071532,chrjohn,110,0,0.0,0.0,,schedule,61,0,654.0,1,success,1,5db9c8ff229fd210fdedf150a2c228234a08789c,2,24,1,0,0,1,16,1,9,0,0,0,0,2,2,1,0,1,5,0,0,0,2,0,2,1,1,0,11,0,0,9,0,0,0,0,0,0,29,0,['junit'],java-maven,131653,43230,328.363,28242,0,0,28242,1,0.00398406,0.972435,0.00159363,0.999387,0,1,9,0,0,1,0,1
46440,7051896703,19937094,CodeQL,chrjohn-socketinitiator-simplify,8d9da026eeb3fa7e806ae8dacee986f48435da35,.github/workflows/codeql-analysis.yml,success,3605584,chrjohn,115,3,0.0,1.0,,pull_request,12,0,625.0,1,success,1,6010a3449b6095a4a649b1ba36299706fb452ed6,1,0,3,0,0,1,3,1,0,0,0,0,0,1,1,0,0,0,1,0,0,0,0,0,0,1,0,0,45,0,0,0,0,0,0,1,0,0,60,0,['junit'],java-maven,149764,59597,397.939,0,0,0,0,1,0.0159363,0.832227,0.00717131,0.847047,14,1,1,0,0,0,0,0
46441,7086657052,19937094,Java CI,master,b4aa264aa82546eae7ae164eb63ccded63c1826a,.github/workflows/maven.yml,success,3071532,chrjohn,117,5,0.0,1.0,{'build'},push,0,0,,1,success,1,993bb0ebf1659a5ee17b14245ef29cebecc0d151,1,2,0,0,0,0,0,1,0,0,0,0,0,0,0,0,0,0,0,0,0,0,0,0,0,0,0,0,48,0,0,0,0,0,1,0,0,0,56,0,['junit'],java-maven,149780,59887,399.833,31230,0,0,31230,1,0.0318725,0.861947,0.0247012,0.871654,44,1,9,0,0,1,0,1
46442,6702512678,19937094,Java CI,master,e612ee6858673e6d4e1e21999fbda105e9c283bc,.github/workflows/maven.yml,success,3071532,chrjohn,110,0,0.0,0.0,,schedule,61,0,654.0,1,success,1,5db9c8ff229fd210fdedf150a2c228234a08789c,2,24,1,0,0,1,16,1,9,0,0,0,0,2,2,1,0,1,5,0,0,0,2,0,2,1,1,0,11,0,0,9,0,0,0,0,0,0,29,0,['junit'],java-maven,131653,43230,328.363,28242,0,0,28242,1,0.00318725,0.946949,0.0,1.0,0,1,9,0,0,1,0,1
46443,6515856007,19937094,Java CI,master,e612ee6858673e6d4e1e21999fbda105e9c283bc,.github/workflows/maven.yml,success,3071532,chrjohn,110,3,0.0,0.0,,schedule,61,0,654.0,1,success,1,5db9c8ff229fd210fdedf150a2c228234a08789c,2,24,1,0,0,1,16,1,9,0,0,0,0,2,2,1,0,1,5,0,0,0,2,0,2,1,1,0,11,0,0,9,0,0,0,0,0,0,29,0,['junit'],java-maven,131653,43230,328.363,28242,0,0,28242,1,0.00318725,0.893898,0.00239044,0.922158,5,1,9,0,0,1,0,1
46444,7098906331,19937094,Java CI,master,ab6d88b652791a6d028079ada9bbcac0cd9e794f,.github/workflows/maven.yml,success,3071532,chrjohn,117,5,0.0,1.0,{'docs'},push,418,0,715.0,1,success,1,02dd7d7ed4cad4c17b5bd9d6a8430213bba99491,1,1,1,0,1,1,2,1,0,0,0,0,0,0,0,0,0,0,0,0,0,0,0,0,0,0,0,0,47,0,0,0,0,0,0,0,0,0,56,0,['junit'],java-maven,149775,59887,399.846,31230,0,0,31230,1,0.0422311,0.863499,0.0350598,0.871408,58,1,9,0,0,0,0,1
46445,7042482697,19937094,Java CI,master,e612ee6858673e6d4e1e21999fbda105e9c283bc,.github/workflows/maven.yml,success,3071532,chrjohn,115,2,0.0,0.0,,schedule,61,0,654.0,1,success,1,5db9c8ff229fd210fdedf150a2c228234a08789c,2,24,1,0,1,1,16,1,9,0,0,0,0,2,2,1,0,1,5,0,0,0,2,0,2,1,1,0,11,0,0,9,0,0,0,0,0,0,29,0,['junit'],java-maven,131653,43230,328.363,28242,0,0,28242,1,0.00956175,0.848805,0.000796813,0.937251,2,1,9,0,0,1,0,1
46446,7047794098,19937094,CodeQL,fix-orchestra-with-updated-project-structure,b9d055713730a0ba74fb57b9e51c02fb301e65f5,.github/workflows/codeql-analysis.yml,success,3605584,chrjohn,115,2,0.0,236.0,"{'ci', 'feat', 'refactor', 'docs', 'revert', 'perf', 'chore', 'test', 'fix', 'build'}",pull_request,610,0,460.0,1,success,236,e612ee6858673e6d4e1e21999fbda105e9c283bc,120,22626,3153,16,1,96,4133,12,19980,2,1,81,0,24,105,7,106,113,252,3,0,3,450,33,483,1,1,0,45,137,0,17937,2043,16,2,31,0,0,60,0,['junit'],java-maven,149767,59597,397.931,0,0,0,0,1,0.0103586,0.843293,0.00159363,0.904382,5,1,1,0,0,0,0,0
46447,7109185015,19937094,Java CI,dependabot/maven/net.sf.saxon-Saxon-HE-12.4,017c253e52d34a650ac6887f0f22618c669f168d,.github/workflows/maven.yml,success,3071532,dependabot[bot],117,5,0.0,0.0,,push,328,0,727.0,1,success,1,262ae3e4867e9ab4f413204c6d267ae8d7bad6eb,1,1,1,0,1,1,2,1,0,0,0,0,0,0,0,0,0,0,0,0,0,0,0,0,0,0,0,0,48,0,0,0,0,0,0,0,0,0,56,0,['junit'],java-maven,149785,59887,399.82,31230,0,0,31230,1,0.0494024,0.822942,0.0422311,0.82324,0,1,9,0,0,0,0,0
46448,6636203574,19937094,Java CI,master,e612ee6858673e6d4e1e21999fbda105e9c283bc,.github/workflows/maven.yml,success,3071532,chrjohn,110,1,0.0,0.0,,schedule,61,0,654.0,1,success,1,5db9c8ff229fd210fdedf150a2c228234a08789c,2,24,1,0,0,1,16,1,9,0,0,0,0,2,2,1,0,1,5,0,0,0,2,0,2,1,1,0,11,0,0,9,0,0,0,0,0,0,29,0,['junit'],java-maven,131653,43230,328.363,28242,0,0,28242,1,0.00318725,0.937002,0.0,1.0,0,1,9,0,0,1,0,1
46449,7090733627,19937094,pages build and deployment,master,e064f4a40e2c5a1901769a8023290e7006aff67e,dynamic/pages/pages-build-deployment,success,22589472,chrjohn,117,5,0.0,1.0,,push,631,0,705.0,1,success,1,e064f4a40e2c5a1901769a8023290e7006aff67e,1,1,1,0,1,1,2,1,0,0,0,0,0,0,0,0,0,0,0,0,0,0,0,0,0,0,0,0,48,0,0,0,0,0,0,0,0,0,60,0,['junit'],java-maven,149780,59887,399.833,0,0,0,0,1,0.0350598,0.86091,0.0278884,0.870068,46,1,1,0,0,0,0,1
46450,7051890676,19937094,CodeQL,dependabot/maven/net.sf.saxon-Saxon-HE-12.3,9f22b9e3b266e5b0427b3eebc31591a333bc105e,.github/workflows/codeql-analysis.yml,success,3605584,chrjohn,115,3,0.0,1.0,,pull_request,334,0,666.0,1,failure,1,6010a3449b6095a4a649b1ba36299706fb452ed6,1,1,1,0,1,1,2,1,0,0,0,0,0,0,0,0,0,0,0,0,0,0,0,0,0,0,0,0,45,0,0,0,0,0,0,0,0,0,60,0,['junit'],java-maven,149767,59597,397.931,0,0,0,0,1,0.0151394,0.839483,0.0063745,0.859724,13,1,1,0,0,0,0,0
46451,7321876560,19937094,CodeQL,Branch_Fail_Over_Retry_Attempt,9fded7be2f8803749ac2d4b825ef85e93230271e,.github/workflows/codeql-analysis.yml,success,3605584,chrjohn,118,6,,,,pull_request,0,0,,1,success,0,,0,0,0,0,0,0,0,0,0,0,0,0,0,0,0,0,0,0,0,0,0,0,0,0,0,0,0,0,48,0,0,0,0,0,0,0,0,0,58,0,['junit'],java-maven,150371,60030,399.213,0,0,0,0,1,0.0629482,0.865668,0.0063745,0.901117,119,1,1,0,0,0,0,0
46452,7091350609,19937094,CodeQL,master,c07b4ba347b1fe9a8fc586ec10b1e05dfc2ed79f,.github/workflows/codeql-analysis.yml,success,3605584,chrjohn,117,5,0.0,1.0,,push,692,0,706.0,1,success,1,f68feaa0e7b6af780f2fd4ee97984c36b684a80a,1,1,1,0,1,1,2,1,0,0,0,0,0,0,0,0,0,0,0,0,0,0,0,0,0,0,0,0,48,0,0,0,0,0,0,0,0,0,60,0,['junit'],java-maven,149780,59887,399.833,0,0,0,0,1,0.0350598,0.863178,0.0278884,0.872535,47,1,1,0,0,0,0,1
46453,7054589242,19937094,CodeQL,dependabot/github_actions/actions/checkout-4,eeed6baa94e19e2443f1f056d6222d0138e895af,.github/workflows/codeql-analysis.yml,success,3605584,dependabot[bot],115,3,,,,pull_request,0,0,,1,success,0,,0,0,0,0,0,0,0,0,0,0,0,0,0,0,0,0,0,0,0,0,0,0,0,0,0,0,0,0,45,0,0,0,0,0,0,0,0,0,60,0,['junit'],java-maven,149767,59597,397.931,0,0,0,0,1,0.0175299,0.809761,0.0103586,0.791317,0,1,1,0,0,0,0,0
46454,7078886189,19937094,CodeQL,batchRequest,b5467314c5f3c3fb21c3efed9b1aeaa7424fca0e,.github/workflows/codeql-analysis.yml,success,3605584,chrjohn,117,5,,,,pull_request,0,0,,1,success,0,,0,0,0,0,0,0,0,0,0,0,0,0,0,0,0,0,0,0,0,0,0,0,0,0,0,0,0,0,48,0,0,0,0,0,0,0,0,0,60,0,['junit'],java-maven,149793,59887,399.798,0,0,0,0,1,0.0326693,0.842729,0.0247012,0.857287,39,1,1,0,0,0,0,0
46455,7191196348,19937094,Java CI,master,270f823a32d735dbbbcc94cc4674f452da5a7761,.github/workflows/maven.yml,success,3071532,chrjohn,117,6,0.0,1.0,,schedule,585,0,728.0,1,success,1,ebbe329a0c092378b0defb841a92e23a756e8fdf,1,1,1,0,1,1,2,1,0,0,0,0,0,0,0,0,0,0,0,0,0,0,0,0,0,0,0,0,48,0,0,0,0,0,0,0,0,0,57,0,['junit'],java-maven,150051,60136,400.77,31770,0,0,31770,1,0.0557769,0.862914,0.00956175,0.895483,98,1,9,0,0,0,0,1
46456,7099737822,19937094,Java CI,master,f9b4c75164b3c21f4829b9ff8bd37ee02de2bcc4,.github/workflows/maven.yml,success,3071532,chrjohn,117,5,0.0,1.0,,push,411,0,716.0,1,success,1,4b2fdae7b0cd057c0a8173fea2d442046796f06f,1,1,1,0,1,1,2,1,0,0,0,0,0,0,0,0,0,0,0,0,0,0,0,0,0,0,0,0,47,0,0,0,0,0,0,0,0,0,56,0,['junit'],java-maven,149775,59887,399.846,31230,0,0,31230,1,0.0454183,0.854904,0.038247,0.861127,63,1,9,0,0,0,0,1
46457,6993996073,19937094,CodeQL,master,e612ee6858673e6d4e1e21999fbda105e9c283bc,.github/workflows/codeql-analysis.yml,success,3605584,chrjohn,110,0,0.0,0.0,,schedule,61,0,654.0,1,success,1,5db9c8ff229fd210fdedf150a2c228234a08789c,2,24,1,0,1,1,16,1,9,0,0,0,0,2,2,1,0,1,5,0,0,0,2,0,2,1,1,0,11,0,0,9,0,0,0,0,0,0,58,0,['junit'],java-maven,131653,43230,328.363,0,0,0,0,0,0.00956175,0.844928,0.00159363,0.866135,2,1,1,0,0,1,0,1
46458,7077181842,19937094,CodeQL,dependabot/maven/org.apache.maven.shared-file-management-3.1.0,a1e4f6802e4941529744601cb8582e5301d62378,.github/workflows/codeql-analysis.yml,success,3605584,chrjohn,117,5,,,,pull_request,0,0,,1,failure,0,,0,0,0,0,0,0,0,0,0,0,0,0,0,0,0,0,0,0,0,0,0,0,0,0,0,0,0,0,48,0,0,0,0,0,0,0,0,0,60,0,['junit'],java-maven,149778,59887,399.838,0,0,0,0,1,0.0326693,0.840738,0.0247012,0.855125,39,1,1,0,0,0,0,0
46459,7086666787,19937094,CodeQL,dependabot/maven/com.google.guava-guava-32.1.3-jre,ce22bf9405c10c05d8af4ab6dc98e61c3192d2d4,.github/workflows/codeql-analysis.yml,success,3605584,dependabot[bot],117,5,,,,pull_request,0,0,,1,success,0,,0,0,0,0,0,0,0,0,0,0,0,0,0,0,0,0,0,0,0,0,0,0,0,0,0,0,0,0,48,0,0,0,0,0,0,0,0,0,60,0,['junit'],java-maven,149780,59887,399.833,0,0,0,0,1,0.0318725,0.793909,0.0247012,0.783509,0,1,1,0,0,0,0,0
46460,7096593433,19937094,Java CI,master,563b9870e4aa5e5c9500e7974fdd8c4da9cff370,.github/workflows/maven.yml,success,3071532,chrjohn,117,5,0.0,1.0,{'chore'},push,21,0,712.0,1,success,1,d7cf2f4943489f781e5ee88ad3672bd516fcc5f5,1,4,3,0,1,1,7,1,0,0,0,0,0,0,0,0,0,0,0,0,0,0,0,0,0,0,0,0,48,0,0,0,0,0,0,0,0,0,56,0,['junit'],java-maven,149781,59887,399.83,31230,0,0,31230,1,0.0422311,0.857507,0.0350598,0.864942,55,1,9,0,0,0,0,1
46461,7060228611,19937094,CodeQL,master,f5447cff93bc261c8f4f87fdccbf591790acba08,.github/workflows/codeql-analysis.yml,success,3605584,chrjohn,115,4,0.0,7.0,{'build'},push,189,0,635.0,1,success,7,0b05c464f694874e4641d42890bb81c533b42daf,8,205,204,0,1,8,255,5,154,2,1,0,1,6,7,6,3,9,42,2,3,5,9,12,21,1,1,0,45,6,1,146,8,0,0,1,0,0,60,0,['junit'],java-maven,149777,59887,399.841,0,0,0,0,1,0.0231076,0.83383,0.0159363,0.843121,24,1,1,0,0,0,0,1
46462,7203519822,19937094,Java CI,dependabot/maven/org.codehaus.plexus-plexus-xml-4.0.3,d7e1dce8742925f6103ab4000f9ce382749ad980,.github/workflows/maven.yml,success,3071532,dependabot[bot],117,6,0.0,1.0,,pull_request,426,0,738.0,1,success,1,270f823a32d735dbbbcc94cc4674f452da5a7761,1,1,1,0,0,1,2,1,0,0,0,0,0,0,0,0,0,0,0,0,0,0,0,0,0,0,0,0,48,0,0,0,0,0,0,0,0,0,57,0,['junit'],java-maven,150051,60136,400.77,31770,0,0,31770,1,0.0565737,0.83019,0.00717131,0.997439,0,1,9,0,0,0,0,0
46463,7101208091,19937094,CodeQL,master,ae2bd2dfe19ab9d64e87253c5924fc6400c6207f,.github/workflows/codeql-analysis.yml,success,3605584,chrjohn,117,5,0.0,3.0,{'build'},push,776,0,718.0,1,success,3,d5ac74ceac7810c777ac930631be6229f362fb29,2,11,1,0,1,2,12,1,0,0,1,0,0,0,0,0,0,0,0,0,0,0,0,0,0,0,0,0,48,0,0,0,0,0,0,0,0,0,60,0,['junit'],java-maven,149785,59887,399.82,0,0,0,0,1,0.047012,0.853187,0.0398406,0.858882,67,1,1,0,0,0,0,1
46464,7059962934,19937094,Java CI,master,0b05c464f694874e4641d42890bb81c533b42daf,.github/workflows/maven.yml,success,3071532,chrjohn,115,4,0.0,1.0,,push,12,0,625.0,1,success,1,b5476df22042b80c01794e8f78905c2c640c8361,1,0,3,0,0,1,3,1,0,0,0,0,0,1,1,0,0,0,1,0,0,0,0,0,0,1,0,0,45,0,0,0,0,0,0,1,0,0,56,0,['junit'],java-maven,149764,59597,397.939,31176,0,0,31176,1,0.0223108,0.838884,0.0151394,0.850328,23,1,9,0,0,1,0,1
46465,7059869803,19937094,CodeQL,master,10276315aa40211345fe2539bfc6d39c6e0ca2c0,.github/workflows/codeql-analysis.yml,success,3605584,chrjohn,115,3,0.0,1.0,,push,768,0,684.0,1,success,1,a2e6e4a2c0f35e12d728ab4458447377864a4152,1,1,1,0,1,1,2,1,0,0,0,0,0,0,0,0,0,0,0,0,0,0,0,0,0,0,0,0,45,0,0,0,0,0,0,0,0,0,60,0,['junit'],java-maven,149767,59597,397.931,0,0,0,0,1,0.0223108,0.8286,0.0151394,0.837122,21,1,1,0,0,0,0,1
46466,7062878781,19937094,CodeQL,socket-connect-timeout,1b036a390a0382cd1392fbd71322fa220284a8c4,.github/workflows/codeql-analysis.yml,success,3605584,chrjohn,115,4,0.0,1.0,{'feat'},pull_request,159,0,638.0,1,success,1,3427f0806a5c80603c82d8a9b0533bd99337dfb5,85,1058,2971,5,1,49,1436,10,2022,1,1,0,7,67,74,15,59,74,535,13,17,30,17,107,124,1,1,0,45,0,12,511,1511,1,3,113,0,0,60,0,['junit'],java-maven,149791,59887,399.804,0,0,0,0,1,0.0231076,0.845806,0.0159363,0.857886,27,1,1,0,0,1,0,0
46467,7259582849,19937094,CodeQL,master,f0d3c199849d284ebe14fc388b767370408f89df,.github/workflows/codeql-analysis.yml,success,3605584,chrjohn,117,6,0.0,1.0,,push,789,0,739.0,1,success,1,ccc9c23ddb0d041d05a362ba36630f4aa4f27a8f,1,1,1,0,0,1,2,1,0,0,0,0,0,0,0,0,0,0,0,0,0,0,0,0,0,0,0,0,48,0,0,0,0,0,0,0,0,0,60,0,['junit'],java-maven,150051,60136,400.77,0,0,0,0,1,0.0581673,0.861723,0.00398406,0.860558,105,1,1,0,0,0,0,1
46468,7086656967,19937094,pages build and deployment,master,b4aa264aa82546eae7ae164eb63ccded63c1826a,dynamic/pages/pages-build-deployment,success,22589472,chrjohn,117,5,0.0,1.0,{'build'},push,0,0,,1,success,1,993bb0ebf1659a5ee17b14245ef29cebecc0d151,1,2,0,0,0,0,0,1,0,0,0,0,0,0,0,0,0,0,0,0,0,0,0,0,0,0,0,0,48,0,0,0,0,0,1,0,0,0,60,0,['junit'],java-maven,149780,59887,399.833,0,0,0,0,1,0.0318725,0.861947,0.0247012,0.871654,44,1,1,0,0,1,0,1
46469,7092489337,19937094,Java CI,chrjohn-maven-libs,7f4d9a423377c6c4e0435084dee53f4158a9df93,.github/workflows/maven.yml,success,3071532,chrjohn,117,5,0.0,0.0,,push,21,0,712.0,1,failure,1,c07b4ba347b1fe9a8fc586ec10b1e05dfc2ed79f,1,4,3,0,1,1,7,1,0,0,0,0,0,0,0,0,0,0,0,0,0,0,0,0,0,0,0,0,48,0,0,0,0,0,0,0,0,0,56,0,['junit'],java-maven,149781,59887,399.83,31230,0,0,31230,1,0.038247,0.847166,0.0310757,0.853604,50,1,9,0,0,0,0,0
46470,7052452052,19937094,Java CI,dependabot/maven/org.dom4j-dom4j-2.1.4,87bdca9ace8af8c3a780f8ed84056d3b6d6f4e7c,.github/workflows/maven.yml,success,3071532,dependabot[bot],115,3,0.0,0.0,,push,542,0,606.0,0,success,1,6010a3449b6095a4a649b1ba36299706fb452ed6,1,1,1,0,1,1,2,1,0,0,0,0,0,0,0,0,0,0,0,0,0,0,0,0,0,0,0,0,45,0,0,0,0,0,0,0,0,0,56,0,['junit'],java-maven,149767,59597,397.931,31176,0,0,31176,1,0.0159363,0.830013,0.00717131,0.864276,0,1,9,0,0,0,0,0
46471,7203517501,19937094,Java CI,dependabot/maven/maven-surefire-plugin-version-3.2.3,e80b6eb124dd57289f91fc828bbec9f6e8075922,.github/workflows/maven.yml,success,3071532,dependabot[bot],117,6,0.0,1.0,,pull_request,517,0,737.0,1,success,1,270f823a32d735dbbbcc94cc4674f452da5a7761,1,1,1,0,0,1,2,1,0,0,0,0,0,0,0,0,0,0,0,0,0,0,0,0,0,0,0,0,48,0,0,0,0,0,0,0,0,0,57,0,['junit'],java-maven,150051,60136,400.77,31770,0,0,31770,1,0.0565737,0.826551,0.00717131,0.99674,0,1,9,0,0,0,0,0
46472,6583823163,19937094,Java CI,master,e612ee6858673e6d4e1e21999fbda105e9c283bc,.github/workflows/maven.yml,success,3071532,chrjohn,110,3,0.0,0.0,,schedule,61,0,654.0,1,success,1,5db9c8ff229fd210fdedf150a2c228234a08789c,2,24,1,0,0,1,16,1,9,0,0,0,0,2,2,1,0,1,5,0,0,0,2,0,2,1,1,0,11,0,0,9,0,0,0,0,0,0,29,0,['junit'],java-maven,131653,43230,328.363,28242,0,0,28242,1,0.00318725,0.922464,0.0,1.0,1,1,9,0,0,1,0,1
46473,6688767818,19937094,Java CI,master,e612ee6858673e6d4e1e21999fbda105e9c283bc,.github/workflows/maven.yml,success,3071532,chrjohn,110,0,0.0,0.0,,schedule,61,0,654.0,1,success,1,5db9c8ff229fd210fdedf150a2c228234a08789c,2,24,1,0,0,1,16,1,9,0,0,0,0,2,2,1,0,1,5,0,0,0,2,0,2,1,1,0,11,0,0,9,0,0,0,0,0,0,29,0,['junit'],java-maven,131653,43230,328.363,28242,0,0,28242,1,0.00318725,0.946949,0.0,1.0,0,1,9,0,0,1,0,1
46474,7321871399,19937094,Java CI,nonstopsession-log-fix,b8c9574bc494cba566ff8eddb2e2b0e1d4818c0a,.github/workflows/maven.yml,success,3071532,chrjohn,118,6,0.0,2.0,{'fix'},pull_request,48,0,658.0,1,success,2,0b8e1db3cfc1ff361c87b2cc0d4618dd069dbd79,1,4,1,0,0,1,5,1,0,0,0,0,0,1,1,0,0,0,11,0,0,0,0,0,0,1,0,0,48,0,0,0,0,0,0,0,0,0,53,0,['junit'],java-maven,150358,60030,399.247,31698,0,0,31698,1,0.0629482,0.864961,0.0063745,0.897765,119,1,9,0,0,0,0,0
46475,7112843304,19937094,CodeQL,dependabot/maven/org.apache.maven.shared-maven-shared-utils-3.4.2,92b957c3a7ce785a27d3a4f99361c7aeac1d41c2,.github/workflows/codeql-analysis.yml,success,3605584,chrjohn,117,5,0.0,1.0,,pull_request,765,0,725.0,1,success,1,b37e6b4522471dbe5e601f2a1ae7e968b89e0a66,1,1,1,0,1,1,2,1,0,0,0,0,0,0,0,0,0,0,0,0,0,0,0,0,0,0,0,0,48,0,0,0,0,0,0,0,0,0,60,0,['junit'],java-maven,149784,59890,399.842,0,0,0,0,1,0.0517928,0.859789,0.0446215,0.865263,81,1,1,0,0,0,0,0
46476,7086673810,19937094,Java CI,dependabot/maven/org.apache.maven.plugins-maven-deploy-plugin-3.1.1,a5359e20ccd36a54fa0b2150ce59cbe55307927d,.github/workflows/maven.yml,success,3071532,dependabot[bot],117,5,0.0,0.0,,push,631,0,705.0,1,success,1,b4aa264aa82546eae7ae164eb63ccded63c1826a,1,1,1,0,1,1,2,1,0,0,0,0,0,0,0,0,0,0,0,0,0,0,0,0,0,0,0,0,48,0,0,0,0,0,0,0,0,0,56,0,['junit'],java-maven,149780,59887,399.833,31230,0,0,31230,1,0.0342629,0.770132,0.0270916,0.759755,0,1,9,0,0,0,0,0
46477,7078886190,19937094,Java CI,batchRequest,b5467314c5f3c3fb21c3efed9b1aeaa7424fca0e,.github/workflows/maven.yml,success,3071532,chrjohn,117,5,,,,pull_request,0,0,,1,failure,0,,0,0,0,0,0,0,0,0,0,0,0,0,0,0,0,0,0,0,0,0,0,0,0,0,0,0,0,0,48,0,0,0,0,0,0,0,0,0,56,0,['junit'],java-maven,149793,59887,399.798,31230,0,0,31230,1,0.0326693,0.842729,0.0247012,0.857287,39,1,9,0,0,0,0,0
46478,7163377171,19937094,Java CI,master,ebbe329a0c092378b0defb841a92e23a756e8fdf,.github/workflows/maven.yml,success,3071532,chrjohn,117,6,0.0,1.0,,schedule,0,0,,1,success,1,2269285c6705cefe49f325fc53057752138e0650,1,1,1,0,1,0,0,1,0,0,0,0,0,0,0,0,0,0,0,0,0,0,0,0,0,0,0,0,48,0,0,0,0,1,0,0,0,0,57,0,['junit'],java-maven,150051,60136,400.77,31770,0,0,31770,1,0.0573705,0.861604,0.0270916,0.88361,96,1,9,0,0,1,0,1
46479,7070028585,19937094,CodeQL,socket-connect-timeout,41d8a2b4bf498ba2c7aac83d35a3a286c8589eab,.github/workflows/codeql-analysis.yml,success,3605584,chrjohn,115,4,0.0,1.0,{'feat'},pull_request,159,0,638.0,1,success,1,3427f0806a5c80603c82d8a9b0533bd99337dfb5,85,1058,2970,5,1,49,1435,10,2022,1,1,0,7,67,74,15,59,74,535,13,17,30,17,107,124,1,1,0,48,0,12,511,1511,1,3,113,0,0,60,0,['junit'],java-maven,149792,59887,399.801,0,0,0,0,1,0.0247012,0.841954,0.0167331,0.862277,30,1,1,0,0,1,0,0
46480,7091350613,19937094,Java CI,master,c07b4ba347b1fe9a8fc586ec10b1e05dfc2ed79f,.github/workflows/maven.yml,success,3071532,chrjohn,117,5,0.0,1.0,,push,692,0,706.0,1,success,1,f68feaa0e7b6af780f2fd4ee97984c36b684a80a,1,1,1,0,1,1,2,1,0,0,0,0,0,0,0,0,0,0,0,0,0,0,0,0,0,0,0,0,48,0,0,0,0,0,0,0,0,0,56,0,['junit'],java-maven,149780,59887,399.833,31230,0,0,31230,1,0.0350598,0.863178,0.0278884,0.872535,47,1,9,0,0,0,0,1
46481,7068352080,19937094,Java CI,master,7e05e3ccae58d066c64297d8428af4e1b5d03bc6,.github/workflows/maven.yml,success,3071532,chrjohn,116,4,0.0,1.0,{'feat'},schedule,4,0,693.0,1,failure,1,f5447cff93bc261c8f4f87fdccbf591790acba08,1,2,1,0,1,1,3,1,0,0,0,0,0,0,0,0,0,0,0,0,0,0,0,0,0,0,0,0,48,0,0,0,0,0,0,0,0,0,56,0,['junit'],java-maven,149778,59887,399.838,31230,0,0,31230,1,0.0247012,0.836551,0.0175299,0.846873,28,1,9,0,0,0,0,1
46482,7109186957,19937094,Java CI,dependabot/maven/org.codehaus.plexus-plexus-xml-4.0.2,02ab15f370e26fff633b208c19d1cd82f6955f43,.github/workflows/maven.yml,success,3071532,dependabot[bot],117,5,0.0,1.0,,pull_request,472,0,730.0,1,success,1,262ae3e4867e9ab4f413204c6d267ae8d7bad6eb,1,1,1,0,1,1,2,1,0,0,0,0,0,0,0,0,0,0,0,0,0,0,0,0,0,0,0,0,48,0,0,0,0,0,0,0,0,0,56,0,['junit'],java-maven,149785,59887,399.82,31230,0,0,31230,1,0.0501992,0.830145,0.0430279,0.830419,0,1,9,0,0,0,0,0
46483,7092704777,19937094,CodeQL,master,f62537fbedbc81ff1b44d559fc25b46ff2fbfdfb,.github/workflows/codeql-analysis.yml,success,3605584,chrjohn,117,5,0.0,1.0,,push,328,0,707.0,1,success,1,f9ed7d40e8fb6ceeca70432b36a4a6c08582914b,1,1,1,0,1,1,2,1,0,0,0,0,0,0,0,0,0,0,0,0,0,0,0,0,0,0,0,0,48,0,0,0,0,0,0,0,0,0,60,0,['junit'],java-maven,149780,59887,399.833,0,0,0,0,1,0.038247,0.85331,0.0310757,0.860374,53,1,1,0,0,0,0,1
46484,6522246903,19937094,Java CI,master,e612ee6858673e6d4e1e21999fbda105e9c283bc,.github/workflows/maven.yml,success,3071532,chrjohn,110,3,0.0,0.0,,schedule,61,0,654.0,1,success,1,5db9c8ff229fd210fdedf150a2c228234a08789c,2,24,1,0,0,1,16,1,9,0,0,0,0,2,2,1,0,1,5,0,0,0,2,0,2,1,1,0,11,0,0,9,0,0,0,0,0,0,29,0,['junit'],java-maven,131653,43230,328.363,28242,0,0,28242,1,0.00318725,0.899203,0.00239044,0.927718,5,1,9,0,0,1,0,1
46485,6376406216,19937094,Java CI,master,e612ee6858673e6d4e1e21999fbda105e9c283bc,.github/workflows/maven.yml,success,3071532,chrjohn,110,3,0.0,0.0,,schedule,61,0,654.0,1,success,1,5db9c8ff229fd210fdedf150a2c228234a08789c,2,24,1,0,0,1,16,1,9,0,0,0,0,2,2,1,0,1,5,0,0,0,2,0,2,1,1,0,11,0,0,9,0,0,0,0,0,0,29,0,['junit'],java-maven,131653,43230,328.363,28242,0,0,28242,1,0.0,1.0,0.0,1.0,6,1,9,0,0,1,0,1
46486,7287804075,19937094,Java CI,maven-wrapper,5077eb6d804b6638287aa31862053cbf32b9bf35,.github/workflows/maven.yml,success,3071532,chrjohn,117,6,0.0,4.0,{'chore'},pull_request,53,0,741.0,1,success,4,ff0f6e074818528ccec0274aa3ebdb301093863f,2,534,4,5,1,0,0,5,0,2,1,0,0,0,0,0,0,0,0,0,0,0,0,0,0,0,0,0,48,4,0,0,0,0,1,0,0,0,57,0,['junit'],java-maven,150361,60030,399.239,31698,0,0,31698,1,0.0605578,0.859096,0.00557769,0.810057,112,1,9,0,0,1,0,0
46487,7049330313,19937094,Java CI,dependabot/github_actions/actions/checkout-4,db2ae811193f5f1e5d8fb70ecc5360363d7b3641,.github/workflows/maven.yml,success,3071532,chrjohn,115,2,0.0,1.0,,pull_request,899,0,671.0,1,success,1,8d231471e2f8c79934b4766fc71dc650af58193a,2,2,2,0,1,0,0,1,0,0,0,0,0,0,0,0,0,0,0,0,0,0,0,0,0,0,0,0,45,0,0,0,0,0,2,0,0,0,56,0,['junit'],java-maven,149767,59597,397.931,31176,0,0,31176,1,0.0103586,0.86173,0.00159363,0.919681,7,1,9,0,0,0,0,0
46488,7086666427,19937094,Java CI,dependabot/maven/com.google.guava-guava-32.1.3-jre,ce22bf9405c10c05d8af4ab6dc98e61c3192d2d4,.github/workflows/maven.yml,success,3071532,dependabot[bot],117,5,0.0,0.0,,push,0,0,,0,success,1,b4aa264aa82546eae7ae164eb63ccded63c1826a,1,1,1,0,1,1,2,1,0,0,0,0,0,0,0,0,0,0,0,0,0,0,0,0,0,0,0,0,48,0,0,0,0,0,0,0,0,0,56,0,['junit'],java-maven,149780,59887,399.833,31230,0,0,31230,1,0.0318725,0.786678,0.0247012,0.775491,0,1,9,0,0,0,0,0
46489,7072494831,19937094,CodeQL,master,163968c07f772fd26cc3842a6fe47160776a8bea,.github/workflows/codeql-analysis.yml,success,3605584,chrjohn,116,4,0.0,1.0,,push,542,0,606.0,1,success,1,4c2c517895f3a565dfe958861e2df18c7f8804d3,1,1,1,0,1,1,2,1,0,0,0,0,0,0,0,0,0,0,0,0,0,0,0,0,0,0,0,0,48,0,0,0,0,0,0,0,0,0,60,0,['junit'],java-maven,149778,59887,399.838,0,0,0,0,1,0.0310757,0.844595,0.0231076,0.860849,37,1,1,0,0,0,0,1
46490,7112843082,19937094,Java CI,dependabot/maven/org.apache.maven.shared-maven-shared-utils-3.4.2,92b957c3a7ce785a27d3a4f99361c7aeac1d41c2,.github/workflows/maven.yml,success,3071532,chrjohn,117,5,0.0,22.0,"{'ci', 'fix'}",push,765,0,725.0,1,success,22,c34d3a162ddac27b776047ffceff12464cd6173d,9,58,55,0,1,2,10,4,101,2,1,0,0,5,5,0,0,0,30,0,0,0,5,2,7,0,1,0,48,0,0,52,49,0,1,2,0,0,56,0,['junit'],java-maven,149784,59890,399.842,31230,0,0,31230,1,0.0517928,0.858781,0.0446215,0.864194,81,1,9,0,0,0,0,0
46491,7072494813,19937094,pages build and deployment,master,163968c07f772fd26cc3842a6fe47160776a8bea,dynamic/pages/pages-build-deployment,success,22589472,chrjohn,116,4,0.0,1.0,,push,542,0,606.0,1,success,1,4c2c517895f3a565dfe958861e2df18c7f8804d3,1,1,1,0,1,1,2,1,0,0,0,0,0,0,0,0,0,0,0,0,0,0,0,0,0,0,0,0,48,0,0,0,0,0,0,0,0,0,60,0,['junit'],java-maven,149778,59887,399.838,0,0,0,0,1,0.0310757,0.844595,0.0231076,0.860849,37,1,1,0,0,0,0,1
46492,7255971345,19937094,Java CI,dependabot/maven/org.apache.maven.plugins-maven-compiler-plugin-3.12.0,ffc0345e80f0cf7162bc41514d3ea1112317fab8,.github/workflows/maven.yml,success,3071532,dependabot[bot],117,6,0.0,1.0,,pull_request,789,0,739.0,1,success,1,ccc9c23ddb0d041d05a362ba36630f4aa4f27a8f,1,1,1,0,0,1,2,1,0,0,0,0,0,0,0,0,0,0,0,0,0,0,0,0,0,0,0,0,48,0,0,0,0,0,0,0,0,0,57,0,['junit'],java-maven,150051,60136,400.77,31770,0,0,31770,1,0.0581673,0.833624,0.00478088,0.998594,0,1,9,0,0,0,0,0
46493,7096593437,19937094,CodeQL,master,563b9870e4aa5e5c9500e7974fdd8c4da9cff370,.github/workflows/codeql-analysis.yml,success,3605584,chrjohn,117,5,0.0,1.0,{'chore'},push,21,0,712.0,0,success,1,d7cf2f4943489f781e5ee88ad3672bd516fcc5f5,1,4,3,0,1,1,7,1,0,0,0,0,0,0,0,0,0,0,0,0,0,0,0,0,0,0,0,0,48,0,0,0,0,0,0,0,0,0,60,0,['junit'],java-maven,149781,59887,399.83,0,0,0,0,1,0.0422311,0.857507,0.0350598,0.864942,55,1,1,0,0,0,0,1
46494,7247361374,19937094,CodeQL,chrjohn-empty-message,25565ef3a4c0895392b61b660c071661274b3255,.github/workflows/codeql-analysis.yml,success,3605584,chrjohn,117,6,0.0,2.0,,pull_request,100,0,735.0,1,failure,2,270f823a32d735dbbbcc94cc4674f452da5a7761,1,3,1,0,1,1,4,1,0,0,0,0,0,1,1,0,0,0,63,0,0,0,0,0,0,1,0,0,48,0,0,0,0,0,0,0,0,0,60,0,['junit'],java-maven,150051,60136,400.77,0,0,0,0,1,0.0581673,0.859253,0.00478088,0.799203,103,1,1,0,0,0,0,0
46495,6439326614,19937094,Java CI,master,e612ee6858673e6d4e1e21999fbda105e9c283bc,.github/workflows/maven.yml,success,3071532,chrjohn,110,3,0.0,0.0,,schedule,61,0,654.0,1,success,1,5db9c8ff229fd210fdedf150a2c228234a08789c,2,24,1,0,0,1,16,1,9,0,0,0,0,2,2,1,0,1,5,0,0,0,2,0,2,1,1,0,11,0,0,9,0,0,0,0,0,0,29,0,['junit'],java-maven,131653,43230,328.363,28242,0,0,28242,1,0.000796813,0.908729,0.000796813,0.908729,6,1,9,0,0,1,0,1
46496,7086685885,19937094,Java CI,dependabot/maven/junit.jupiter.version-5.10.1,1cdaf7b38e5153d601c72db8aa63916a6a12396a,.github/workflows/maven.yml,success,3071532,dependabot[bot],117,5,0.0,0.0,,push,1231,0,710.0,1,success,1,b4aa264aa82546eae7ae164eb63ccded63c1826a,1,1,1,0,1,1,2,1,0,0,0,0,0,0,0,0,0,0,0,0,0,0,0,0,0,0,0,0,48,0,0,0,0,0,0,0,0,0,56,0,['junit'],java-maven,149780,59887,399.833,31230,0,0,31230,1,0.0342629,0.8127,0.0270916,0.805956,0,1,9,0,0,0,0,0
46497,7110633281,19937094,Java CI,master,262ae3e4867e9ab4f413204c6d267ae8d7bad6eb,.github/workflows/maven.yml,success,3071532,chrjohn,117,5,0.0,1.0,,schedule,418,0,717.0,0,success,1,ae2bd2dfe19ab9d64e87253c5924fc6400c6207f,2,2,2,0,1,2,4,1,0,0,0,0,0,0,0,0,0,0,0,0,0,0,0,0,0,0,0,0,48,0,0,0,0,0,0,0,0,0,56,0,['junit'],java-maven,149785,59887,399.82,31230,0,0,31230,1,0.0501992,0.856174,0.0430279,0.861738,73,1,9,0,0,1,0,1
46498,7109186958,19937094,CodeQL,dependabot/maven/org.codehaus.plexus-plexus-xml-4.0.2,02ab15f370e26fff633b208c19d1cd82f6955f43,.github/workflows/codeql-analysis.yml,success,3605584,dependabot[bot],117,5,0.0,1.0,,pull_request,472,0,730.0,1,success,1,262ae3e4867e9ab4f413204c6d267ae8d7bad6eb,1,1,1,0,1,1,2,1,0,0,0,0,0,0,0,0,0,0,0,0,0,0,0,0,0,0,0,0,48,0,0,0,0,0,0,0,0,0,60,0,['junit'],java-maven,149785,59887,399.82,0,0,0,0,1,0.0501992,0.830145,0.0430279,0.830419,0,1,1,0,0,0,0,0
46499,7014668264,19937094,Java CI,master,e612ee6858673e6d4e1e21999fbda105e9c283bc,.github/workflows/maven.yml,success,3071532,chrjohn,110,0,0.0,0.0,,schedule,61,0,654.0,0,action_required,1,5db9c8ff229fd210fdedf150a2c228234a08789c,2,24,1,0,1,1,16,1,9,0,0,0,0,2,2,1,0,1,5,0,0,0,2,0,2,1,1,0,11,0,0,9,0,0,0,0,0,0,29,0,['junit'],java-maven,131653,43230,328.363,28242,0,0,28242,1,0.00956175,0.844928,0.00159363,0.866135,2,1,9,0,0,1,0,1
46500,7099094570,19937094,Java CI,master,4b2fdae7b0cd057c0a8173fea2d442046796f06f,.github/workflows/maven.yml,success,3071532,chrjohn,117,5,0.0,1.0,,push,944,0,714.0,1,success,1,decf78c9768c0c1cac76e4d5155b31e4c4c2fbe8,1,1,1,0,1,1,2,1,0,0,0,0,0,0,0,0,0,0,0,0,0,0,0,0,0,0,0,0,47,0,0,0,0,0,0,0,0,0,56,0,['junit'],java-maven,149775,59887,399.846,31230,0,0,31230,1,0.0422311,0.867222,0.0350598,0.875385,60,1,9,0,0,0,0,1
46501,7051697011,19937094,Java CI,master,6b65b0957448cc28baebfd736838384ae094abe6,.github/workflows/maven.yml,success,3071532,chrjohn,115,2,0.0,1.0,,push,647,0,686.0,1,success,1,8d231471e2f8c79934b4766fc71dc650af58193a,2,2,2,0,1,2,4,1,0,0,1,0,0,0,0,0,0,0,0,0,0,0,0,0,0,0,0,0,45,0,0,0,0,0,0,0,0,0,56,0,['junit'],java-maven,149767,59597,397.931,31176,0,0,31176,1,0.0111554,0.865737,0.00239044,0.911413,10,1,9,0,0,0,0,1
46502,7094735338,19937094,CodeQL,dependabot/maven/org.apache.maven.plugins-maven-compiler-plugin-3.11.0,dacf7a18146e98f65ebeb32f8a5ddaa2b2d5db3d,.github/workflows/codeql-analysis.yml,success,3605584,dependabot[bot],117,5,0.0,1.0,,pull_request,944,0,714.0,1,success,1,d7cf2f4943489f781e5ee88ad3672bd516fcc5f5,1,1,1,0,1,1,2,1,0,0,0,0,0,0,0,0,0,0,0,0,0,0,0,0,0,0,0,0,48,0,0,0,0,0,0,0,0,0,60,0,['junit'],java-maven,149780,59887,399.833,0,0,0,0,1,0.0398406,0.806751,0.0326693,0.800426,0,1,1,0,0,0,0,0
46503,7049329703,19937094,Java CI,dependabot/github_actions/actions/checkout-4,db2ae811193f5f1e5d8fb70ecc5360363d7b3641,.github/workflows/maven.yml,success,3071532,chrjohn,115,3,0.0,0.0,,push,899,0,671.0,0,success,236,361012d62ea5d18c3b7a1019ac8ec91d4672f76a,120,22626,3153,16,1,96,4133,12,19980,2,1,81,0,24,105,7,106,113,252,3,0,3,450,33,483,1,1,0,45,137,0,17937,2043,16,2,31,0,0,56,0,['junit'],java-maven,149767,59597,397.931,31176,0,0,31176,1,0.0103586,0.856086,0.00159363,0.912697,7,1,9,0,0,0,0,0
46504,7086621116,19937094,CodeQL,master,993bb0ebf1659a5ee17b14245ef29cebecc0d151,.github/workflows/codeql-analysis.yml,success,3605584,chrjohn,117,5,0.0,1.0,,push,545,0,698.0,1,success,1,ae2d97ab160dcea90d9cafa8a235b4914a9d2aa9,1,1,1,0,1,1,2,1,0,0,0,0,0,0,0,0,0,0,0,0,0,0,0,0,0,0,0,0,48,0,0,0,0,0,0,0,0,0,60,0,['junit'],java-maven,149778,59887,399.838,0,0,0,0,1,0.0318725,0.859539,0.0247012,0.869017,43,1,1,0,0,0,0,1
46505,7044997246,19937094,CodeQL,fix-orchestra-with-updated-project-structure,ca7c47e5399191a9ce4e70f8eecb6a86c7c6557f,.github/workflows/codeql-analysis.yml,success,3605584,chrjohn,115,2,0.0,234.0,"{'ci', 'feat', 'refactor', 'docs', 'revert', 'perf', 'chore', 'test', 'fix', 'build'}",pull_request,610,0,460.0,1,success,234,e612ee6858673e6d4e1e21999fbda105e9c283bc,120,22626,3151,16,1,96,4131,12,19980,2,1,81,0,24,105,7,106,113,252,3,0,3,450,33,483,1,1,0,45,137,0,17937,2043,16,2,31,0,0,60,0,['junit'],java-maven,149769,59597,397.926,0,0,0,0,1,0.0103586,0.828005,0.00159363,0.881884,3,1,1,0,0,1,0,0
46506,7086675555,19937094,Java CI,dependabot/maven/org.apache.maven.plugins-maven-clean-plugin-3.3.2,0a537e736f51120cbc0231960ba23dd4ee3f3362,.github/workflows/maven.yml,success,3071532,dependabot[bot],117,5,0.0,1.0,,pull_request,692,0,706.0,1,success,1,b4aa264aa82546eae7ae164eb63ccded63c1826a,1,1,1,0,1,1,2,1,0,0,0,0,0,0,0,0,0,0,0,0,0,0,0,0,0,0,0,0,48,0,0,0,0,0,0,0,0,0,56,0,['junit'],java-maven,149780,59887,399.833,31230,0,0,31230,1,0.0342629,0.786319,0.0270916,0.77742,0,1,9,0,0,0,0,0
46507,7312771600,19937094,Java CI,master,714523c3598afe6b764f44a6222059d806c44b00,.github/workflows/maven.yml,success,3071532,chrjohn,117,6,0.0,9.0,{'chore'},schedule,53,0,741.0,1,success,9,ff0f6e074818528ccec0274aa3ebdb301093863f,5,544,20,5,1,1,8,7,0,3,1,0,0,0,0,0,0,0,0,0,0,0,0,0,0,0,0,0,48,4,0,0,0,1,2,0,0,0,53,0,['junit'],java-maven,150355,60030,399.255,31698,0,0,31698,1,0.0613546,0.863546,0.0063745,0.861519,117,1,9,0,0,1,0,1
46508,7119034470,19937094,Java CI,master,90fda65722521d76a4990ed9fcc9a559f0e7f463,.github/workflows/maven.yml,success,3071532,chrjohn,117,5,0.0,1.0,,push,1105,0,724.0,1,success,1,80070c0dfee25e8f7ed74efb7de888d34c47036f,1,1,1,0,1,1,2,1,0,0,0,0,0,0,0,0,0,0,0,0,0,0,0,0,0,0,0,0,48,0,0,0,0,0,0,0,0,0,57,0,['junit'],java-maven,149785,59890,399.84,31230,0,0,31230,1,0.0525896,0.864435,0.0454183,0.870011,87,1,9,0,0,0,0,1
46509,7072299467,19937094,CodeQL,dependabot/maven/org.mockito-mockito-core-5.8.0,57ac1667581b2f786752d57984add292233439ab,.github/workflows/codeql-analysis.yml,success,3605584,dependabot[bot],116,4,,,,pull_request,0,0,,1,failure,0,,0,0,0,0,0,0,0,0,0,0,0,0,0,0,0,0,0,0,0,0,0,0,0,0,0,0,0,0,48,0,0,0,0,0,0,0,0,0,60,0,['junit'],java-maven,149778,59887,399.838,0,0,0,0,1,0.0302789,0.723832,0.0223108,0.704596,0,1,1,0,0,0,0,0
46510,7103635112,19937094,CodeQL,acceptancetest-cleanup,2df7d7df52171a25be7f38d811a1cfe4ceeae08b,.github/workflows/codeql-analysis.yml,success,3605584,chrjohn,117,5,0.0,14.0,"{'ci', 'fix'}",pull_request,37,0,423.0,1,success,14,262ae3e4867e9ab4f413204c6d267ae8d7bad6eb,7,58,51,0,1,0,0,3,107,1,1,0,0,5,5,0,0,0,30,0,0,0,5,2,7,0,1,0,48,0,0,57,50,0,1,2,0,0,60,0,['junit'],java-maven,149787,59894,399.861,0,0,0,0,1,0.047012,0.856183,0.0398406,0.862104,69,1,1,0,0,0,0,0
46511,7094736191,19937094,Java CI,dependabot/maven/org.apache.maven.plugins-maven-gpg-plugin-3.1.0,8bf5df8f2fb7f015b0a52c3531944a3585080c61,.github/workflows/maven.yml,success,3071532,dependabot[bot],117,5,0.0,0.0,,push,411,0,716.0,1,success,1,d7cf2f4943489f781e5ee88ad3672bd516fcc5f5,1,1,1,0,1,1,2,1,0,0,0,0,0,0,0,0,0,0,0,0,0,0,0,0,0,0,0,0,48,0,0,0,0,0,0,0,0,0,56,0,['junit'],java-maven,149780,59887,399.833,31230,0,0,31230,1,0.0398406,0.815062,0.0326693,0.809296,0,1,9,0,0,0,0,0
46512,7119034364,19937094,pages build and deployment,master,90fda65722521d76a4990ed9fcc9a559f0e7f463,dynamic/pages/pages-build-deployment,success,22589472,chrjohn,117,5,0.0,1.0,,push,1105,0,724.0,1,success,1,80070c0dfee25e8f7ed74efb7de888d34c47036f,1,1,1,0,1,1,2,1,0,0,0,0,0,0,0,0,0,0,0,0,0,0,0,0,0,0,0,0,48,0,0,0,0,0,0,0,0,0,57,0,['junit'],java-maven,149785,59890,399.84,31230,0,0,31230,1,0.0525896,0.864435,0.0454183,0.870011,87,1,9,0,0,0,0,1
46513,7049285870,19937094,Java CI,master,8d231471e2f8c79934b4766fc71dc650af58193a,.github/workflows/maven.yml,success,3071532,chrjohn,115,2,0.0,0.0,,push,610,0,460.0,1,success,236,e612ee6858673e6d4e1e21999fbda105e9c283bc,120,22626,3153,16,1,96,4133,12,19980,2,1,81,0,24,105,7,106,113,252,3,0,3,450,33,483,1,1,0,45,137,0,17937,2043,16,2,31,0,0,56,0,['junit'],java-maven,149767,59597,397.931,31176,0,0,31176,1,0.0103586,0.853088,0.00159363,0.908729,6,1,9,0,0,0,0,1
46514,7120081966,19937094,Java CI,master,0998dadd5836d72706c91316de2ac7bf0defd708,.github/workflows/maven.yml,success,3071532,chrjohn,117,5,0.0,5.0,{'chore'},push,74,0,618.0,1,success,5,90fda65722521d76a4990ed9fcc9a559f0e7f463,14,279,211,0,1,8,406,3,84,1,1,0,0,10,10,9,1,10,67,10,2,12,8,9,17,1,1,0,48,0,0,46,38,0,0,3,0,0,57,0,['junit'],java-maven,149805,59898,399.84,31248,0,0,31248,1,0.0525896,0.86579,0.0454183,0.871434,88,1,9,0,0,1,0,1
46515,7143267034,19937094,CodeQL,master,ebbe329a0c092378b0defb841a92e23a756e8fdf,.github/workflows/codeql-analysis.yml,success,3605584,chrjohn,117,6,0.0,1.0,,push,0,0,,1,success,1,2269285c6705cefe49f325fc53057752138e0650,1,1,1,0,1,0,0,1,0,0,0,0,0,0,0,0,0,0,0,0,0,0,0,0,0,0,0,0,48,0,0,0,0,1,0,0,0,0,60,0,['junit'],java-maven,150051,60136,400.77,0,0,0,0,1,0.0573705,0.865756,0.0350598,0.880478,94,1,1,0,0,1,0,1
46516,7008603675,19937094,CodeQL,QFJ-271_enhancement_prioritize_resend_responses_if_configured,501755a700da13d57c61893e5253892205610c07,.github/workflows/codeql-analysis.yml,action_required,3605584,AbhinavAtul,110,0,,,,pull_request,0,0,,1,action_required,0,,0,0,0,0,0,0,0,0,0,0,0,0,0,0,0,0,0,0,0,0,0,0,0,0,0,0,0,0,11,0,0,0,0,0,0,0,0,0,58,0,['junit'],java-maven,131814,43339,328.789,0,0,0,0,0,0.00956175,0.995654,0.00159363,0.999276,0,0,1,0,1,1,0,0
46517,7112629263,19937094,CodeQL,master,19b1aaabae9dcc7928332f438f5ee4793d7f79a5,.github/workflows/codeql-analysis.yml,success,3605584,chrjohn,117,5,0.0,1.0,,push,328,0,727.0,1,success,1,a28527063506254c92c1d3e170ee3f7569939ed1,1,1,1,0,1,1,2,1,0,0,0,0,0,0,0,0,0,0,0,0,0,0,0,0,0,0,0,0,48,0,0,0,0,0,0,0,0,0,60,0,['junit'],java-maven,149785,59887,399.82,0,0,0,0,1,0.0517928,0.852963,0.0446215,0.857995,76,1,1,0,0,1,0,1
46518,7058763560,19937094,CodeQL,634_-_mina_2.2.X_update,444c05397f283086f8a8eab3806755907441bd7a,.github/workflows/codeql-analysis.yml,success,3605584,chrjohn,115,3,0.0,7.0,{'build'},pull_request,189,0,635.0,1,success,7,a2e6e4a2c0f35e12d728ab4458447377864a4152,8,205,204,0,1,8,255,5,154,2,1,0,1,6,7,6,3,9,42,2,3,5,9,12,21,1,1,0,45,6,1,146,8,0,0,1,0,0,60,0,['junit'],java-maven,149780,59887,399.833,0,0,0,0,1,0.0207171,0.823038,0.0135458,0.829727,20,1,1,0,0,0,0,0
46519,7128427764,19937094,Java CI,master,8cf71f9059dd758dfe66320f84ae430346ea4974,.github/workflows/maven.yml,success,3071532,chrjohn,117,5,0.0,1.0,{'feat'},push,73,0,652.0,1,success,1,0998dadd5836d72706c91316de2ac7bf0defd708,0,45,0,0,0,1,45,1,0,0,0,1,0,0,1,0,0,0,0,0,0,0,4,0,4,1,0,0,48,1,0,0,0,0,0,0,0,0,57,0,['junit'],java-maven,149837,59898,399.754,31248,0,0,31248,1,0.0549801,0.864672,0.047012,0.871872,90,1,9,0,0,1,0,1
46520,7091350563,19937094,pages build and deployment,master,c07b4ba347b1fe9a8fc586ec10b1e05dfc2ed79f,dynamic/pages/pages-build-deployment,success,22589472,chrjohn,117,5,0.0,1.0,,push,692,0,706.0,1,success,1,f68feaa0e7b6af780f2fd4ee97984c36b684a80a,1,1,1,0,1,1,2,1,0,0,0,0,0,0,0,0,0,0,0,0,0,0,0,0,0,0,0,0,48,0,0,0,0,0,0,0,0,0,56,0,['junit'],java-maven,149780,59887,399.833,31230,0,0,31230,1,0.0350598,0.863178,0.0278884,0.872535,47,1,9,0,0,0,0,1
46521,7058373647,19937094,Java CI,master,a2e6e4a2c0f35e12d728ab4458447377864a4152,.github/workflows/maven.yml,success,3071532,chrjohn,115,3,0.0,1.0,,push,656,0,691.0,1,success,1,7ab31827e9c6000c687355f423fa044d9ae98a43,1,2,2,0,1,0,0,1,0,0,0,0,0,0,0,0,0,0,0,0,0,0,0,0,0,0,0,0,45,0,0,0,0,0,1,0,0,0,56,0,['junit'],java-maven,149767,59597,397.931,31176,0,0,31176,1,0.0175299,0.856099,0.0103586,0.878417,18,1,9,0,0,1,0,1
46522,6912116150,19937094,Java CI,master,e612ee6858673e6d4e1e21999fbda105e9c283bc,.github/workflows/maven.yml,success,3071532,chrjohn,110,0,0.0,0.0,,schedule,61,0,654.0,1,success,1,5db9c8ff229fd210fdedf150a2c228234a08789c,2,24,1,0,0,1,16,1,9,0,0,0,0,2,2,1,0,1,5,0,0,0,2,0,2,1,1,0,11,0,0,9,0,0,0,0,0,0,29,0,['junit'],java-maven,131653,43230,328.363,28242,0,0,28242,1,0.00796813,0.890815,0.00557769,0.767085,0,1,9,0,0,1,0,1
46523,7054588393,19937094,Java CI,dependabot/github_actions/al-cheb/configure-pagefile-action-1.3,cdf3cc28c44f01e19b110193449e3d339efb6fc3,.github/workflows/maven.yml,success,3071532,dependabot[bot],115,3,0.0,0.0,,push,551,0,690.0,1,failure,1,6010a3449b6095a4a649b1ba36299706fb452ed6,1,1,1,0,1,0,0,1,0,0,0,0,0,0,0,0,0,0,0,0,0,0,0,0,0,0,0,0,45,0,0,0,0,0,1,0,0,0,56,0,['junit'],java-maven,149767,59597,397.931,31176,0,0,31176,1,0.0167331,0.788181,0.00956175,0.759628,0,1,9,0,0,0,0,0
46524,7086616162,19937094,CodeQL,master,ae2d97ab160dcea90d9cafa8a235b4914a9d2aa9,.github/workflows/codeql-analysis.yml,success,3605584,chrjohn,117,5,0.0,1.0,,push,667,0,700.0,1,success,1,bd54a01c194936426e994f79d15f531568c5dda2,1,1,1,0,1,1,2,1,0,0,0,0,0,0,0,0,0,0,0,0,0,0,0,0,0,0,0,0,48,0,0,0,0,0,0,0,0,0,60,0,['junit'],java-maven,149778,59887,399.838,0,0,0,0,1,0.0318725,0.857045,0.0247012,0.866269,42,1,1,0,0,0,0,1
46525,7101203678,19937094,Java CI,master,d5ac74ceac7810c777ac930631be6229f362fb29,.github/workflows/maven.yml,success,3071532,chrjohn,117,5,0.0,1.0,,push,740,0,720.0,1,success,1,f9b4c75164b3c21f4829b9ff8bd37ee02de2bcc4,1,1,1,0,1,1,2,1,0,0,0,0,0,0,0,0,0,0,0,0,0,0,0,0,0,0,0,0,47,0,0,0,0,0,0,0,0,0,56,0,['junit'],java-maven,149775,59887,399.846,31230,0,0,31230,1,0.047012,0.851329,0.0398406,0.856876,66,1,9,0,0,0,0,1
46526,7112830580,19937094,CodeQL,master,b37e6b4522471dbe5e601f2a1ae7e968b89e0a66,.github/workflows/codeql-analysis.yml,success,3605584,chrjohn,117,5,0.0,1.0,,push,328,0,722.0,1,success,1,c0e6eafe7d0cf0bb2484902e712c79dd32b0e6d5,1,1,1,0,1,1,2,1,0,0,0,0,0,0,0,0,0,0,0,0,0,0,0,0,0,0,0,0,48,0,0,0,0,0,0,0,0,0,60,0,['junit'],java-maven,149784,59890,399.842,0,0,0,0,1,0.0517928,0.856719,0.0446215,0.862004,79,1,1,0,0,0,0,1
46527,7151670306,19937094,CodeQL,socket-connect-timeout,4aeef96192d58c3bbde11a442af4ce30fc6ba3e7,.github/workflows/codeql-analysis.yml,success,3605584,chrjohn,116,4,0.0,3.0,"{'feat', 'fix'}",pull_request,159,0,638.0,1,failure,3,3427f0806a5c80603c82d8a9b0533bd99337dfb5,85,1056,2970,5,1,49,1433,10,2022,1,1,0,7,67,74,15,59,74,535,13,17,30,17,107,124,1,1,0,48,0,12,511,1511,1,3,113,0,0,60,0,['junit'],java-maven,149789,59887,399.809,0,0,0,0,1,0.0589641,0.861145,0.0350598,0.875946,96,1,1,0,0,0,0,0
46528,6821176387,19937094,Java CI,master,e612ee6858673e6d4e1e21999fbda105e9c283bc,.github/workflows/maven.yml,success,3071532,chrjohn,110,0,0.0,0.0,,schedule,61,0,654.0,1,success,1,5db9c8ff229fd210fdedf150a2c228234a08789c,2,24,1,0,0,1,16,1,9,0,0,0,0,2,2,1,0,1,5,0,0,0,2,0,2,1,1,0,11,0,0,9,0,0,0,0,0,0,29,0,['junit'],java-maven,131653,43230,328.363,28242,0,0,28242,1,0.00239044,0.97337,0.000796813,0.92277,0,1,9,0,0,1,0,1
46529,7098584794,19937094,CodeQL,master,02dd7d7ed4cad4c17b5bd9d6a8430213bba99491,.github/workflows/codeql-analysis.yml,success,3605584,chrjohn,117,5,0.0,2.0,{'build'},push,48,0,711.0,1,success,2,563b9870e4aa5e5c9500e7974fdd8c4da9cff370,1,0,9,0,1,1,9,1,0,0,0,0,0,0,0,0,0,0,0,0,0,0,0,0,0,0,0,0,47,0,0,0,0,0,0,0,0,0,60,0,['junit'],java-maven,149775,59887,399.846,0,0,0,0,1,0.0422311,0.861558,0.0350598,0.869323,57,1,1,0,0,0,0,1
46530,7112795435,19937094,Java CI,master,ad96af1b83bb077d5b84f755a4834226a56e0737,.github/workflows/maven.yml,success,3071532,chrjohn,117,5,0.0,17.0,"{'ci', 'fix'}",push,37,0,423.0,1,success,17,19b1aaabae9dcc7928332f438f5ee4793d7f79a5,7,53,50,0,1,0,0,3,101,1,1,0,0,5,5,0,0,0,30,0,0,0,5,2,7,0,1,0,48,0,0,52,49,0,1,2,0,0,56,0,['junit'],java-maven,149784,59890,399.842,31230,0,0,31230,1,0.0517928,0.854596,0.0446215,0.859741,77,1,9,0,0,1,0,1
46531,7058763559,19937094,Java CI,634_-_mina_2.2.X_update,444c05397f283086f8a8eab3806755907441bd7a,.github/workflows/maven.yml,success,3071532,chrjohn,115,4,0.0,7.0,{'build'},pull_request,189,0,635.0,1,failure,7,a2e6e4a2c0f35e12d728ab4458447377864a4152,8,205,204,0,1,8,255,5,154,2,1,0,1,6,7,6,3,9,42,2,3,5,9,12,21,1,1,0,45,6,1,146,8,0,0,1,0,0,56,0,['junit'],java-maven,149780,59887,399.833,31230,0,0,31230,1,0.0207171,0.823038,0.0135458,0.829727,20,1,9,0,0,0,0,0
46532,7106321040,19937094,Java CI,chrjohn-configure-pagefile-action,d798bbcab7b907b04c3b13a04343650b5aa72590,.github/workflows/maven.yml,success,3071532,chrjohn,117,5,0.0,2.0,,pull_request,14,0,721.0,1,success,2,f9b4c75164b3c21f4829b9ff8bd37ee02de2bcc4,1,2,1,0,1,0,0,1,0,0,0,0,0,0,0,0,0,0,0,0,0,0,0,0,0,0,0,0,47,0,0,0,0,0,1,0,0,0,57,0,['junit'],java-maven,149776,59887,399.844,31230,0,0,31230,1,0.0486056,0.855647,0.0414343,0.861176,73,1,9,0,0,0,0,0
46533,7080847226,19937094,CodeQL,dependabot/maven/org.apache.maven.plugins-maven-install-plugin-3.1.1,5222fb9b4b9054db487dd89122ae91c0dceef923,.github/workflows/codeql-analysis.yml,success,3605584,dependabot[bot],117,5,0.0,1.0,,pull_request,667,0,700.0,1,success,1,3a3d810174c0962222c926b5496eb5a0618cce44,1,1,1,0,1,1,2,1,0,0,0,0,0,0,0,0,0,0,0,0,0,0,0,0,0,0,0,0,48,0,0,0,0,0,0,0,0,0,60,0,['junit'],java-maven,149778,59887,399.838,0,0,0,0,1,0.0326693,0.770503,0.0247012,0.75753,0,1,1,0,0,0,0,0
46534,7130313218,19937094,pages build and deployment,master,2269285c6705cefe49f325fc53057752138e0650,dynamic/pages/pages-build-deployment,success,22589472,chrjohn,117,5,0.0,1.0,,push,6,0,732.0,1,success,1,e050d3d25c8d8e13f05fe6c3898bcfeed02a73f9,1,0,2,0,0,1,2,1,0,0,0,0,0,1,1,0,0,0,2,0,0,0,0,1,1,1,0,0,48,0,0,0,0,0,0,0,0,0,60,0,['junit'],java-maven,150051,60136,400.77,0,0,0,0,1,0.0565737,0.867683,0.0486056,0.874132,92,1,1,0,0,1,0,1
46535,7086674178,19937094,CodeQL,dependabot/maven/org.apache.maven.plugins-maven-deploy-plugin-3.1.1,a5359e20ccd36a54fa0b2150ce59cbe55307927d,.github/workflows/codeql-analysis.yml,success,3605584,dependabot[bot],117,5,0.0,1.0,,pull_request,631,0,705.0,1,success,1,b4aa264aa82546eae7ae164eb63ccded63c1826a,1,1,1,0,1,1,2,1,0,0,0,0,0,0,0,0,0,0,0,0,0,0,0,0,0,0,0,0,48,0,0,0,0,0,0,0,0,0,60,0,['junit'],java-maven,149780,59887,399.833,0,0,0,0,1,0.0342629,0.776892,0.0270916,0.767147,0,1,1,0,0,0,0,0
46536,7128427766,19937094,CodeQL,master,8cf71f9059dd758dfe66320f84ae430346ea4974,.github/workflows/codeql-analysis.yml,success,3605584,chrjohn,117,5,0.0,1.0,{'feat'},push,73,0,652.0,1,success,1,0998dadd5836d72706c91316de2ac7bf0defd708,0,45,0,0,0,1,45,1,0,0,0,1,0,0,1,0,0,0,0,0,0,0,4,0,4,1,0,0,48,1,0,0,0,0,0,0,0,0,60,0,['junit'],java-maven,149837,59898,399.754,0,0,0,0,1,0.0549801,0.864672,0.047012,0.871872,90,1,1,0,0,1,0,1
46537,6675098376,19937094,Java CI,master,e612ee6858673e6d4e1e21999fbda105e9c283bc,.github/workflows/maven.yml,success,3071532,chrjohn,110,0,0.0,0.0,,schedule,61,0,654.0,1,success,1,5db9c8ff229fd210fdedf150a2c228234a08789c,2,24,1,0,0,1,16,1,9,0,0,0,0,2,2,1,0,1,5,0,0,0,2,0,2,1,1,0,11,0,0,9,0,0,0,0,0,0,29,0,['junit'],java-maven,131653,43230,328.363,28242,0,0,28242,1,0.00318725,0.942402,0.0,1.0,0,1,9,0,0,1,0,1
46538,7086621087,19937094,pages build and deployment,master,993bb0ebf1659a5ee17b14245ef29cebecc0d151,dynamic/pages/pages-build-deployment,success,22589472,chrjohn,117,5,0.0,1.0,,push,545,0,698.0,1,success,1,ae2d97ab160dcea90d9cafa8a235b4914a9d2aa9,1,1,1,0,1,1,2,1,0,0,0,0,0,0,0,0,0,0,0,0,0,0,0,0,0,0,0,0,48,0,0,0,0,0,0,0,0,0,56,0,['junit'],java-maven,149778,59887,399.838,31230,0,0,31230,1,0.0318725,0.859539,0.0247012,0.869017,43,1,9,0,0,0,0,1
46539,7105847710,19937094,CodeQL,acceptancetest-cleanup,b6d28e763bb1e2d56423c27c2a280f1f17ed3d21,.github/workflows/codeql-analysis.yml,success,3605584,chrjohn,117,5,0.0,17.0,"{'ci', 'fix'}",pull_request,37,0,423.0,1,success,17,262ae3e4867e9ab4f413204c6d267ae8d7bad6eb,7,53,50,0,1,0,0,3,101,1,1,0,0,5,5,0,0,0,30,0,0,0,5,2,7,0,1,0,48,0,0,52,49,0,1,2,0,0,60,0,['junit'],java-maven,149784,59890,399.842,0,0,0,0,1,0.0486056,0.853949,0.0414343,0.859357,72,1,1,0,0,0,0,0
46540,7070028586,19937094,Java CI,socket-connect-timeout,41d8a2b4bf498ba2c7aac83d35a3a286c8589eab,.github/workflows/maven.yml,success,3071532,chrjohn,116,4,0.0,1.0,{'feat'},pull_request,159,0,638.0,1,success,1,3427f0806a5c80603c82d8a9b0533bd99337dfb5,85,1058,2970,5,1,49,1435,10,2022,1,1,0,7,67,74,15,59,74,535,13,17,30,17,107,124,1,1,0,48,0,12,511,1511,1,3,113,0,0,56,0,['junit'],java-maven,149792,59887,399.801,31230,0,0,31230,1,0.0247012,0.841954,0.0167331,0.862277,30,1,9,0,0,1,0,0
46541,6740180527,19937094,Java CI,dependabot/maven/org.apache.maven.plugins-maven-pmd-plugin-3.21.2,2548e46ed928ba8a801678fecb76222b6693735a,.github/workflows/maven.yml,success,3071532,dependabot[bot],110,0,,,,pull_request,0,0,,1,success,0,,0,0,0,0,0,0,0,0,0,0,0,0,0,0,0,0,0,0,0,0,0,0,0,0,0,0,0,0,11,0,0,0,0,0,0,0,0,0,29,0,['junit'],java-maven,131653,43230,328.363,28242,0,0,28242,1,0.00239044,0.856289,0.0,1.0,0,1,9,0,0,0,0,0
46542,6427903015,19937094,Java CI,master,e612ee6858673e6d4e1e21999fbda105e9c283bc,.github/workflows/maven.yml,success,3071532,chrjohn,110,3,0.0,0.0,,schedule,61,0,654.0,1,success,1,5db9c8ff229fd210fdedf150a2c228234a08789c,2,24,1,0,0,1,16,1,9,0,0,0,0,2,2,1,0,1,5,0,0,0,2,0,2,1,1,0,11,0,0,9,0,0,0,0,0,0,29,0,['junit'],java-maven,131653,43230,328.363,28242,0,0,28242,1,0.000796813,0.899602,0.000796813,0.899602,6,1,9,0,0,1,0,1
46543,6522538927,19937094,CodeQL,master,e612ee6858673e6d4e1e21999fbda105e9c283bc,.github/workflows/codeql-analysis.yml,success,3605584,chrjohn,110,3,0.0,0.0,,schedule,61,0,654.0,1,success,1,5db9c8ff229fd210fdedf150a2c228234a08789c,2,24,1,0,0,1,16,1,9,0,0,0,0,2,2,1,0,1,5,0,0,0,2,0,2,1,1,0,11,0,0,9,0,0,0,0,0,0,58,0,['junit'],java-maven,131653,43230,328.363,0,0,0,0,0,0.00318725,0.904003,0.00239044,0.922158,5,1,1,0,0,1,0,1
46544,7100169342,19937094,CodeQL,dependabot/maven/org.codehaus.plexus-plexus-utils-4.0.0,db0790c47bc4f98148fe2c69e8a7f8ab6781dfc7,.github/workflows/codeql-analysis.yml,success,3605584,chrjohn,117,5,0.0,3.0,{'build'},pull_request,776,0,718.0,1,success,3,4b2fdae7b0cd057c0a8173fea2d442046796f06f,2,11,1,0,1,2,12,1,0,0,1,0,0,0,0,0,0,0,0,0,0,0,0,0,0,0,0,0,48,0,0,0,0,0,0,0,0,0,60,0,['junit'],java-maven,149785,59887,399.82,0,0,0,0,1,0.0454183,0.85616,0.038247,0.862482,64,1,1,0,0,0,0,0
46545,7112834755,19937094,CodeQL,dependabot/maven/maven-surefire-plugin-version-3.2.2,da46c741815aef1be4469689fdb80a0d5b444150,.github/workflows/codeql-analysis.yml,success,3605584,chrjohn,117,5,0.0,1.0,,pull_request,1105,0,724.0,1,success,1,e4ecafd6c32c945d9d5dca013dddb9683b6f3629,2,2,3,0,1,1,4,2,0,1,1,0,0,0,0,0,0,0,0,0,0,0,0,0,0,0,0,0,48,0,0,0,0,0,1,0,0,0,60,0,['junit'],java-maven,149784,59890,399.842,0,0,0,0,1,0.0517928,0.858271,0.0446215,0.863653,80,1,1,0,0,0,0,0
46546,7086677832,19937094,Java CI,dependabot/maven/org.apache.maven.plugins-maven-shade-plugin-3.5.1,779afa30c6cb96070e066a9f30f7a12c726b32d1,.github/workflows/maven.yml,success,3071532,dependabot[bot],117,5,0.0,1.0,,pull_request,527,0,708.0,1,success,1,b4aa264aa82546eae7ae164eb63ccded63c1826a,1,1,1,0,1,1,2,1,0,0,0,0,0,0,0,0,0,0,0,0,0,0,0,0,0,0,0,0,48,0,0,0,0,0,0,0,0,0,56,0,['junit'],java-maven,149780,59887,399.833,31230,0,0,31230,1,0.0342629,0.80297,0.0270916,0.795467,0,1,9,0,0,0,0,0
46547,7112843312,19937094,Java CI,dependabot/maven/org.apache.maven.shared-maven-shared-utils-3.4.2,92b957c3a7ce785a27d3a4f99361c7aeac1d41c2,.github/workflows/maven.yml,success,3071532,chrjohn,117,5,0.0,1.0,,pull_request,765,0,725.0,1,success,1,b37e6b4522471dbe5e601f2a1ae7e968b89e0a66,1,1,1,0,1,1,2,1,0,0,0,0,0,0,0,0,0,0,0,0,0,0,0,0,0,0,0,0,48,0,0,0,0,0,0,0,0,0,56,0,['junit'],java-maven,149784,59890,399.842,31230,0,0,31230,1,0.0517928,0.859789,0.0446215,0.865263,81,1,9,0,0,0,0,0
46548,7054589243,19937094,Java CI,dependabot/github_actions/actions/checkout-4,eeed6baa94e19e2443f1f056d6222d0138e895af,.github/workflows/maven.yml,success,3071532,dependabot[bot],115,3,,,,pull_request,0,0,,1,success,0,,0,0,0,0,0,0,0,0,0,0,0,0,0,0,0,0,0,0,0,0,0,0,0,0,0,0,0,0,45,0,0,0,0,0,0,0,0,0,56,0,['junit'],java-maven,149767,59597,397.931,31176,0,0,31176,1,0.0175299,0.809761,0.0103586,0.791317,0,1,9,0,0,0,0,0
46549,7090733585,19937094,CodeQL,master,e064f4a40e2c5a1901769a8023290e7006aff67e,.github/workflows/codeql-analysis.yml,success,3605584,chrjohn,117,5,0.0,1.0,,push,404,0,704.0,1,success,1,b4aa264aa82546eae7ae164eb63ccded63c1826a,1,1,1,0,1,1,2,1,0,0,0,0,0,0,0,0,0,0,0,0,0,0,0,0,0,0,0,0,48,0,0,0,0,0,0,0,0,0,60,0,['junit'],java-maven,149780,59887,399.833,0,0,0,0,1,0.0342629,0.864206,0.0270916,0.874109,45,1,1,0,0,0,0,1
46550,7049322456,19937094,Java CI,dependabot/maven/org.apache.maven.plugins-maven-pmd-plugin-3.21.2,12c4c46d1d0e4ebda66eea66461c5228692def90,.github/workflows/maven.yml,success,3071532,dependabot[bot],115,2,0.0,237.0,"{'ci', 'feat', 'refactor', 'docs', 'revert', 'perf', 'chore', 'test', 'fix', 'build'}",push,768,0,684.0,1,success,237,2548e46ed928ba8a801678fecb76222b6693735a,120,22626,3153,16,1,96,4133,12,19980,2,1,81,0,24,105,7,106,113,252,3,0,3,450,33,483,1,1,0,45,137,0,17937,2043,16,2,31,0,0,56,0,['junit'],java-maven,149767,59597,397.931,31176,0,0,31176,1,0.0103586,0.886011,0.00159363,0.999115,0,1,9,0,0,0,0,0
46551,7290688406,19937094,Java CI,maven-wrapper,639feb58239463ca03d34f11e4249933f972f93d,.github/workflows/maven.yml,success,3071532,chrjohn,117,6,0.0,8.0,{'chore'},pull_request,53,0,741.0,1,success,8,ff0f6e074818528ccec0274aa3ebdb301093863f,5,545,19,5,1,1,8,7,0,3,1,0,0,0,0,0,0,0,0,0,0,0,0,0,0,0,0,0,48,4,0,0,0,1,2,0,0,0,53,0,['junit'],java-maven,150357,60030,399.25,31698,0,0,31698,1,0.0621514,0.857464,0.00717131,0.815595,115,1,9,0,0,1,0,0
46552,7119034487,19937094,CodeQL,master,90fda65722521d76a4990ed9fcc9a559f0e7f463,.github/workflows/codeql-analysis.yml,success,3605584,chrjohn,117,5,0.0,1.0,,push,1105,0,724.0,1,success,1,80070c0dfee25e8f7ed74efb7de888d34c47036f,1,1,1,0,1,1,2,1,0,0,0,0,0,0,0,0,0,0,0,0,0,0,0,0,0,0,0,0,48,0,0,0,0,0,0,0,0,0,60,0,['junit'],java-maven,149785,59890,399.84,0,0,0,0,1,0.0525896,0.864435,0.0454183,0.870011,87,1,1,0,0,0,0,1
46553,7206641932,19937094,Java CI,master,d2eb1500682aa12d567ee349338f1381922723ab,.github/workflows/maven.yml,success,3071532,chrjohn,117,6,0.0,1.0,,push,682,0,736.0,1,cancelled,1,270f823a32d735dbbbcc94cc4674f452da5a7761,1,2,2,0,0,0,0,1,0,0,0,0,0,0,0,0,0,0,0,0,0,0,0,0,0,0,0,0,48,0,0,0,0,0,1,0,0,0,57,0,['junit'],java-maven,150051,60136,400.77,31770,0,0,31770,1,0.0557769,0.865003,0.00717131,0.828394,100,1,9,0,0,1,0,1
46554,7290490939,19937094,Java CI,maven-wrapper,aaba9611f4d8187734aa81d7cdf36bb56854b307,.github/workflows/maven.yml,success,3071532,chrjohn,117,6,0.0,6.0,{'chore'},pull_request,53,0,741.0,1,success,6,ff0f6e074818528ccec0274aa3ebdb301093863f,5,547,17,5,1,1,8,7,0,3,1,0,0,0,0,0,0,0,0,0,0,0,0,0,0,0,0,0,48,4,0,0,0,1,2,0,0,0,57,0,['junit'],java-maven,150361,60030,399.239,31698,0,0,31698,1,0.0605578,0.860657,0.00557769,0.836561,113,1,9,0,0,1,0,0
46555,6415057371,19937094,Java CI,master,e612ee6858673e6d4e1e21999fbda105e9c283bc,.github/workflows/maven.yml,success,3071532,chrjohn,110,3,0.0,0.0,,schedule,61,0,654.0,1,failure,1,5db9c8ff229fd210fdedf150a2c228234a08789c,2,24,1,0,0,1,16,1,9,0,0,0,0,2,2,1,0,1,5,0,0,0,2,0,2,1,1,0,11,0,0,9,0,0,0,0,0,0,29,0,['junit'],java-maven,131653,43230,328.363,28242,0,0,28242,1,0.000796813,0.888446,0.000796813,0.888446,6,1,9,0,0,1,0,1
46556,6918637505,19937094,Java CI,master,e612ee6858673e6d4e1e21999fbda105e9c283bc,.github/workflows/maven.yml,success,3071532,chrjohn,110,0,0.0,0.0,,schedule,61,0,654.0,1,success,1,5db9c8ff229fd210fdedf150a2c228234a08789c,2,24,1,0,0,1,16,1,9,0,0,0,0,2,2,1,0,1,5,0,0,0,2,0,2,1,1,0,11,0,0,9,0,0,0,0,0,0,29,0,['junit'],java-maven,131653,43230,328.363,28242,0,0,28242,1,0.00796813,0.893688,0.00557769,0.783722,0,1,9,0,0,1,0,1
46557,7105839362,19937094,Java CI,acceptancetest-cleanup,9038c86b92b3dfbfec55826924ae4752c8716275,.github/workflows/maven.yml,success,3071532,chrjohn,117,5,0.0,1.0,,push,37,0,423.0,1,success,1,5a8c1d438ae9a463e1b4a77bd8f0011e680655bc,1,0,2,0,1,0,0,1,2,0,0,0,0,1,1,0,0,0,8,0,0,0,0,0,0,0,1,0,48,0,0,0,2,0,0,1,0,0,56,0,['junit'],java-maven,149784,59890,399.842,31230,0,0,31230,1,0.047012,0.85906,0.0398406,0.865182,71,1,9,0,0,1,0,0
46558,7094738894,19937094,CodeQL,dependabot/maven/org.codehaus.mojo-build-helper-maven-plugin-3.5.0,59277dd867be532c2b1f8e878a941c5a77e7b6ac,.github/workflows/codeql-analysis.yml,success,3605584,dependabot[bot],117,5,0.0,1.0,,pull_request,740,0,720.0,1,success,1,d7cf2f4943489f781e5ee88ad3672bd516fcc5f5,1,1,1,0,1,1,2,1,0,0,0,0,0,0,0,0,0,0,0,0,0,0,0,0,0,0,0,0,48,0,0,0,0,0,0,0,0,0,60,0,['junit'],java-maven,149780,59887,399.833,0,0,0,0,1,0.0422311,0.811111,0.0350598,0.806007,0,1,1,0,0,0,0,0
46559,6478421294,19937094,Java CI,master,e612ee6858673e6d4e1e21999fbda105e9c283bc,.github/workflows/maven.yml,success,3071532,chrjohn,110,3,0.0,0.0,,schedule,61,0,654.0,1,success,1,5db9c8ff229fd210fdedf150a2c228234a08789c,2,24,1,0,0,1,16,1,9,0,0,0,0,2,2,1,0,1,5,0,0,0,2,0,2,1,1,0,11,0,0,9,0,0,0,0,0,0,29,0,['junit'],java-maven,131653,43230,328.363,28242,0,0,28242,1,0.00239044,0.936753,0.00159363,0.999387,5,1,9,0,0,1,0,1
46560,7086686244,19937094,CodeQL,dependabot/maven/junit.jupiter.version-5.10.1,1cdaf7b38e5153d601c72db8aa63916a6a12396a,.github/workflows/codeql-analysis.yml,success,3605584,dependabot[bot],117,5,0.0,1.0,,pull_request,1231,0,710.0,1,success,1,b4aa264aa82546eae7ae164eb63ccded63c1826a,1,1,1,0,1,1,2,1,0,0,0,0,0,0,0,0,0,0,0,0,0,0,0,0,0,0,0,0,48,0,0,0,0,0,0,0,0,0,60,0,['junit'],java-maven,149780,59887,399.833,0,0,0,0,1,0.0342629,0.817213,0.0270916,0.810807,0,1,1,0,0,0,0,0
46561,7297770637,19937094,pages build and deployment,master,714523c3598afe6b764f44a6222059d806c44b00,dynamic/pages/pages-build-deployment,success,22589472,chrjohn,117,6,0.0,9.0,{'chore'},push,53,0,741.0,1,success,9,ff0f6e074818528ccec0274aa3ebdb301093863f,5,544,20,5,0,1,8,7,0,3,1,0,0,0,0,0,0,0,0,0,0,0,0,0,0,0,0,0,48,4,0,0,0,1,2,0,0,0,58,0,['junit'],java-maven,150355,60030,399.255,0,0,0,0,1,0.0621514,0.860505,0.0063745,0.85909,117,1,1,0,0,1,0,1
46562,7063252063,19937094,pages build and deployment,master,7e05e3ccae58d066c64297d8428af4e1b5d03bc6,dynamic/pages/pages-build-deployment,success,22589472,chrjohn,115,4,0.0,11.0,"{'feat', 'build'}",push,0,0,,1,success,11,909d48d27211be8dd58de1a5e487537ce8f9e5b8,10,209,210,0,1,10,265,5,154,2,1,0,1,7,8,6,3,9,43,2,3,5,9,12,21,1,1,0,48,6,1,146,8,0,0,2,0,0,56,0,['junit'],java-maven,149778,59887,399.838,31228,2,0,31230,1,0.0239044,0.842439,0.0167331,0.852993,28,1,9,0,0,0,0,1
46563,7072295018,19937094,Java CI,master,4c2c517895f3a565dfe958861e2df18c7f8804d3,.github/workflows/maven.yml,success,3071532,chrjohn,116,4,0.0,1.0,{'fix'},push,195,0,695.0,1,success,1,53338f581e3e8e696e620c85a077ff7ccd4d4385,1,1,1,0,1,1,2,1,0,0,0,0,0,0,0,0,0,0,0,0,0,0,0,0,0,0,0,0,48,0,0,0,0,0,0,0,0,0,56,0,['junit'],java-maven,149778,59887,399.838,31230,0,0,31230,1,0.0278884,0.853198,0.0199203,0.872037,35,1,9,0,0,0,0,1
46564,7085550631,19937094,CodeQL,master,e673da348702ac772cd5c82da08b861e8508b2ea,.github/workflows/codeql-analysis.yml,success,3605584,chrjohn,117,5,0.0,1.0,,push,735,0,699.0,1,success,1,3a3d810174c0962222c926b5496eb5a0618cce44,1,1,1,0,1,1,2,1,0,0,0,0,0,0,0,0,0,0,0,0,0,0,0,0,0,0,0,0,48,0,0,0,0,0,0,0,0,0,60,0,['junit'],java-maven,149778,59887,399.838,0,0,0,0,1,0.0318725,0.850868,0.0247012,0.859386,40,1,1,0,0,0,0,1
46565,7290490715,19937094,Java CI,maven-wrapper,aaba9611f4d8187734aa81d7cdf36bb56854b307,.github/workflows/maven.yml,success,3071532,chrjohn,117,6,0.0,1.0,,push,53,0,741.0,1,success,1,0dd838142783adc3d02e923a9059fcf53df6d772,2,9,9,0,0,1,8,2,0,1,1,0,0,0,0,0,0,0,0,0,0,0,0,0,0,0,0,0,48,0,0,0,0,1,0,0,0,0,57,0,['junit'],java-maven,150361,60030,399.239,31698,0,0,31698,1,0.0605578,0.859881,0.00557769,0.828588,113,1,9,0,0,1,0,0
46566,7049322915,19937094,Java CI,dependabot/maven/org.apache.maven.plugins-maven-pmd-plugin-3.21.2,12c4c46d1d0e4ebda66eea66461c5228692def90,.github/workflows/maven.yml,success,3071532,dependabot[bot],115,3,0.0,1.0,,pull_request,768,0,684.0,1,success,1,6b65b0957448cc28baebfd736838384ae094abe6,2,3,3,0,1,2,6,1,0,0,1,0,0,0,0,0,0,0,0,0,0,0,0,0,0,0,0,0,45,0,0,0,0,0,0,0,0,0,56,0,['junit'],java-maven,149767,59597,397.931,31176,0,0,31176,1,0.0103586,0.89741,0.00159363,0.999276,0,1,9,0,0,0,0,0
46567,6759762315,19937094,CodeQL,master,e612ee6858673e6d4e1e21999fbda105e9c283bc,.github/workflows/codeql-analysis.yml,success,3605584,chrjohn,110,0,0.0,0.0,,schedule,61,0,654.0,1,success,1,5db9c8ff229fd210fdedf150a2c228234a08789c,2,24,1,0,0,1,16,1,9,0,0,0,0,2,2,1,0,1,5,0,0,0,2,0,2,1,1,0,11,0,0,9,0,0,0,0,0,0,58,0,['junit'],java-maven,131653,43230,328.363,0,0,0,0,0,0.00398406,0.972435,0.00159363,0.999387,0,1,1,0,0,1,0,1
46568,7092709944,19937094,pages build and deployment,master,d7cf2f4943489f781e5ee88ad3672bd516fcc5f5,dynamic/pages/pages-build-deployment,success,22589472,chrjohn,117,5,0.0,1.0,,push,527,0,708.0,1,success,1,f62537fbedbc81ff1b44d559fc25b46ff2fbfdfb,1,1,1,0,1,1,2,1,0,0,0,0,0,0,0,0,0,0,0,0,0,0,0,0,0,0,0,0,48,0,0,0,0,0,0,0,0,0,60,0,['junit'],java-maven,149780,59887,399.833,0,0,0,0,1,0.038247,0.855489,0.0310757,0.862754,54,1,1,0,0,0,0,1
46569,7050419167,19937094,Java CI,dependabot/maven/net.sf.saxon-Saxon-HE-12.3,794df918aeae5263531b1fbda1d55db90647002b,.github/workflows/maven.yml,success,3071532,chrjohn,115,2,0.0,0.0,,push,334,0,666.0,1,success,236,1de6bca86a64e284afa5eb88e442353f25f6490c,120,22626,3153,16,1,96,4133,12,19980,2,1,81,0,24,105,7,106,113,252,3,0,3,450,33,483,1,1,0,45,137,0,17937,2043,16,2,31,0,0,56,0,['junit'],java-maven,149767,59597,397.931,31176,0,0,31176,1,0.0103586,0.864389,0.00159363,0.92277,8,1,9,0,0,0,0,0
46570,7110963006,19937094,pages build and deployment,master,e356b89ae72c39b480673e300ac36d18d0dc1ace,dynamic/pages/pages-build-deployment,success,22589472,chrjohn,117,5,0.0,1.0,,push,748,0,723.0,1,success,1,262ae3e4867e9ab4f413204c6d267ae8d7bad6eb,1,1,1,0,1,1,2,1,0,0,0,0,0,0,0,0,0,0,0,0,0,0,0,0,0,0,0,0,48,0,0,0,0,0,0,0,0,0,56,0,['junit'],java-maven,149785,59887,399.82,30270,3,0,30273,1,0.050996,0.853429,0.0438247,0.858642,74,1,9,0,0,0,0,1
46571,7290675508,19937094,CodeQL,maven-wrapper,9419dc2c85a2dd9fac8ebd757dbb3ffe40078726,.github/workflows/codeql-analysis.yml,success,3605584,chrjohn,117,6,0.0,7.0,{'chore'},pull_request,53,0,741.0,1,failure,7,ff0f6e074818528ccec0274aa3ebdb301093863f,5,547,17,5,1,1,8,7,0,3,1,0,0,0,0,0,0,0,0,0,0,0,0,0,0,0,0,0,48,4,0,0,0,1,2,0,0,0,60,0,['junit'],java-maven,150361,60030,399.239,0,0,0,0,1,0.0621514,0.856289,0.00717131,0.803568,114,1,1,0,0,1,0,0
46572,7063252058,19937094,CodeQL,master,7e05e3ccae58d066c64297d8428af4e1b5d03bc6,.github/workflows/codeql-analysis.yml,success,3605584,chrjohn,115,4,0.0,1.0,{'feat'},push,4,0,693.0,1,success,1,f5447cff93bc261c8f4f87fdccbf591790acba08,1,2,1,0,1,1,3,1,0,0,0,0,0,0,0,0,0,0,0,0,0,0,0,0,0,0,0,0,48,0,0,0,0,0,0,0,0,0,60,0,['junit'],java-maven,149778,59887,399.838,0,0,0,0,1,0.0231076,0.849864,0.0159363,0.862731,28,1,1,0,0,0,0,1
46573,7111889657,19937094,pages build and deployment,master,a28527063506254c92c1d3e170ee3f7569939ed1,dynamic/pages/pages-build-deployment,success,22589472,chrjohn,117,5,0.0,1.0,,push,328,0,727.0,1,success,1,a28527063506254c92c1d3e170ee3f7569939ed1,1,1,1,0,1,1,2,1,0,0,0,0,0,0,0,0,0,0,0,0,0,0,0,0,0,0,0,0,48,0,0,0,0,0,0,0,0,0,60,0,['junit'],java-maven,149785,59887,399.82,0,0,0,0,1,0.0517928,0.852963,0.0446215,0.857995,76,1,1,0,0,1,0,1
46574,7086672802,19937094,CodeQL,dependabot/maven/org.apache.maven.plugins-maven-source-plugin-3.3.0,6b8bf724fc289d8dbbe110906f2dc8e4b36fa115,.github/workflows/codeql-analysis.yml,success,3605584,dependabot[bot],117,5,0.0,1.0,,pull_request,404,0,704.0,1,success,1,b4aa264aa82546eae7ae164eb63ccded63c1826a,1,1,1,0,1,1,2,1,0,0,0,0,0,0,0,0,0,0,0,0,0,0,0,0,0,0,0,0,48,0,0,0,0,0,0,0,0,0,60,0,['junit'],java-maven,149780,59887,399.833,0,0,0,0,1,0.0342629,0.766595,0.0270916,0.75588,0,1,1,0,0,0,0,0
46575,7080848638,19937094,Java CI,dependabot/maven/jaxb.version-4.0.1,f6aa6845ff2d574e77ffd6756e5ac93f2c8a0449,.github/workflows/maven.yml,success,3071532,dependabot[bot],117,5,0.0,1.0,,pull_request,640,0,701.0,1,success,1,3a3d810174c0962222c926b5496eb5a0618cce44,1,1,1,0,1,1,2,1,0,0,0,0,0,0,0,0,0,0,0,0,0,0,0,0,0,0,0,0,48,0,0,0,0,0,0,0,0,0,56,0,['junit'],java-maven,149778,59887,399.838,31230,0,0,31230,1,0.0326693,0.782797,0.0247012,0.771255,0,1,9,0,0,0,0,0
46576,7206651139,19937094,Java CI,master,ccc9c23ddb0d041d05a362ba36630f4aa4f27a8f,.github/workflows/maven.yml,success,3071532,chrjohn,117,6,0.0,1.0,,push,426,0,738.0,1,success,1,69ab53d1aedc9d195dcb07bcdf79f4abf43a3375,1,1,1,0,0,1,2,1,0,0,0,0,0,0,0,0,0,0,0,0,0,0,0,0,0,0,0,0,48,0,0,0,0,0,0,0,0,0,57,0,['junit'],java-maven,150051,60136,400.77,31770,0,0,31770,1,0.0557769,0.86703,0.00717131,0.847047,102,1,9,0,0,0,0,1
46577,7086677828,19937094,CodeQL,dependabot/maven/org.apache.maven.plugins-maven-shade-plugin-3.5.1,779afa30c6cb96070e066a9f30f7a12c726b32d1,.github/workflows/codeql-analysis.yml,success,3605584,dependabot[bot],117,5,0.0,1.0,,pull_request,527,0,708.0,1,success,1,b4aa264aa82546eae7ae164eb63ccded63c1826a,1,1,1,0,1,1,2,1,0,0,0,0,0,0,0,0,0,0,0,0,0,0,0,0,0,0,0,0,48,0,0,0,0,0,0,0,0,0,60,0,['junit'],java-maven,149780,59887,399.833,0,0,0,0,1,0.0342629,0.80297,0.0270916,0.795467,0,1,1,0,0,0,0,0
46578,7101203680,19937094,CodeQL,master,d5ac74ceac7810c777ac930631be6229f362fb29,.github/workflows/codeql-analysis.yml,success,3605584,chrjohn,117,5,0.0,1.0,,push,740,0,720.0,1,failure,1,f9b4c75164b3c21f4829b9ff8bd37ee02de2bcc4,1,1,1,0,1,1,2,1,0,0,0,0,0,0,0,0,0,0,0,0,0,0,0,0,0,0,0,0,47,0,0,0,0,0,0,0,0,0,60,0,['junit'],java-maven,149775,59887,399.846,0,0,0,0,1,0.047012,0.851329,0.0398406,0.856876,66,1,1,0,0,0,0,1
46579,7120081950,19937094,pages build and deployment,master,0998dadd5836d72706c91316de2ac7bf0defd708,dynamic/pages/pages-build-deployment,success,22589472,chrjohn,117,5,0.0,5.0,{'chore'},push,74,0,618.0,1,success,5,90fda65722521d76a4990ed9fcc9a559f0e7f463,14,279,211,0,1,8,406,3,84,1,1,0,0,10,10,9,1,10,67,10,2,12,8,9,17,1,1,0,48,0,0,46,38,0,0,3,0,0,57,0,['junit'],java-maven,149805,59898,399.84,31248,0,0,31248,1,0.0525896,0.86579,0.0454183,0.871434,88,1,9,0,0,1,0,1
46580,7263411243,19937094,CodeQL,master,ff0f6e074818528ccec0274aa3ebdb301093863f,.github/workflows/codeql-analysis.yml,success,3605584,chrjohn,117,6,0.0,4.0,{'fix'},push,100,0,735.0,1,success,4,f0d3c199849d284ebe14fc388b767370408f89df,2,8,113,0,1,1,7,1,114,0,0,0,0,2,2,0,4,4,66,0,0,0,0,0,0,1,1,0,48,0,0,4,110,0,0,4,0,0,60,0,['junit'],java-maven,149957,60030,400.315,0,0,0,0,1,0.0589641,0.861222,0.00478088,0.845541,107,1,1,0,0,1,0,1
46581,6971644416,19937094,CodeQL,fix-orchestra-with-updated-project-structure,d97fdd1d0e764cb6a758d33e6c2fa667f8b561fb,.github/workflows/codeql-analysis.yml,success,3605584,chrjohn,110,0,0.0,233.0,"{'ci', 'feat', 'refactor', 'docs', 'revert', 'perf', 'chore', 'test', 'fix', 'build'}",pull_request,610,0,460.0,1,success,233,e612ee6858673e6d4e1e21999fbda105e9c283bc,120,22626,3151,16,1,96,4131,12,19980,2,1,81,0,24,105,7,106,113,252,3,0,3,450,33,483,1,1,0,45,137,0,17937,2043,16,2,31,0,0,60,0,['junit'],java-maven,149769,59597,397.926,0,0,0,0,1,0.00876494,0.870671,0.000796813,0.933068,2,1,1,0,0,1,0,0
46582,6681512591,19937094,Java CI,master,e612ee6858673e6d4e1e21999fbda105e9c283bc,.github/workflows/maven.yml,success,3071532,chrjohn,110,0,0.0,0.0,,schedule,61,0,654.0,1,success,1,5db9c8ff229fd210fdedf150a2c228234a08789c,2,24,1,0,0,1,16,1,9,0,0,0,0,2,2,1,0,1,5,0,0,0,2,0,2,1,1,0,11,0,0,9,0,0,0,0,0,0,29,0,['junit'],java-maven,131653,43230,328.363,28242,0,0,28242,1,0.00318725,0.944002,0.0,1.0,0,1,9,0,0,1,0,1
46583,7204935905,19937094,Java CI,master,270f823a32d735dbbbcc94cc4674f452da5a7761,.github/workflows/maven.yml,success,3071532,chrjohn,117,6,0.0,1.0,,schedule,585,0,728.0,0,success,1,ebbe329a0c092378b0defb841a92e23a756e8fdf,1,1,1,0,0,1,2,1,0,0,0,0,0,0,0,0,0,0,0,0,0,0,0,0,0,0,0,0,48,0,0,0,0,0,0,0,0,0,57,0,['junit'],java-maven,150051,60136,400.77,31770,0,0,31770,1,0.0557769,0.863757,0.00717131,0.814846,99,1,9,0,0,0,0,1
46584,7051696980,19937094,pages build and deployment,master,6b65b0957448cc28baebfd736838384ae094abe6,dynamic/pages/pages-build-deployment,success,22589472,chrjohn,115,2,0.0,1.0,,push,647,0,686.0,1,success,1,8d231471e2f8c79934b4766fc71dc650af58193a,2,2,2,0,1,2,4,1,0,0,1,0,0,0,0,0,0,0,0,0,0,0,0,0,0,0,0,0,45,0,0,0,0,0,0,0,0,0,56,0,['junit'],java-maven,149767,59597,397.931,31176,0,0,31176,1,0.0111554,0.865737,0.00239044,0.911413,10,1,9,0,0,0,0,1
46585,7236909557,19937094,CodeQL,master,ccc9c23ddb0d041d05a362ba36630f4aa4f27a8f,.github/workflows/codeql-analysis.yml,success,3605584,chrjohn,117,6,0.0,1.0,,schedule,426,0,738.0,1,success,1,69ab53d1aedc9d195dcb07bcdf79f4abf43a3375,1,1,1,0,0,1,2,1,0,0,0,0,0,0,0,0,0,0,0,0,0,0,0,0,0,0,0,0,48,0,0,0,0,0,0,0,0,0,60,0,['junit'],java-maven,150051,60136,400.77,0,0,0,0,1,0.0565737,0.864423,0.00318725,0.856574,102,1,1,0,0,0,0,1
46586,7071651797,19937094,CodeQL,dependabot/maven/org.apache.maven.shared-file-management-3.1.0,55582130557d3147d9dbffcd904f11f3995f891e,.github/workflows/codeql-analysis.yml,success,3605584,dependabot[bot],116,4,,,,pull_request,0,0,,1,failure,0,,0,0,0,0,0,0,0,0,0,0,0,0,0,0,0,0,0,0,0,0,0,0,0,0,0,0,0,0,48,0,0,0,0,0,0,0,0,0,60,0,['junit'],java-maven,149778,59887,399.838,0,0,0,0,1,0.0278884,0.752697,0.0199203,0.734221,0,1,1,0,0,0,0,0
46587,7203374090,19937094,Java CI,dependabot/github_actions/github/codeql-action-3,9ffcf200f1284ca8a45a9e54672bdc67c931d077,.github/workflows/maven.yml,success,3071532,dependabot[bot],117,6,0.0,1.0,,pull_request,682,0,736.0,1,success,1,270f823a32d735dbbbcc94cc4674f452da5a7761,1,2,2,0,0,0,0,1,0,0,0,0,0,0,0,0,0,0,0,0,0,0,0,0,0,0,0,0,48,0,0,0,0,0,1,0,0,0,57,0,['junit'],java-maven,150051,60136,400.77,31770,0,0,31770,1,0.0565737,0.822753,0.00717131,0.995518,0,1,9,0,0,0,0,0
46588,7086675193,19937094,Java CI,dependabot/maven/org.apache.maven.plugins-maven-clean-plugin-3.3.2,0a537e736f51120cbc0231960ba23dd4ee3f3362,.github/workflows/maven.yml,success,3071532,dependabot[bot],117,5,0.0,0.0,,push,692,0,706.0,1,success,1,b4aa264aa82546eae7ae164eb63ccded63c1826a,1,1,1,0,1,1,2,1,0,0,0,0,0,0,0,0,0,0,0,0,0,0,0,0,0,0,0,0,48,0,0,0,0,0,0,0,0,0,56,0,['junit'],java-maven,149780,59887,399.833,31230,0,0,31230,1,0.0342629,0.780126,0.0270916,0.770675,0,1,9,0,0,0,0,0
46589,7290490940,19937094,CodeQL,maven-wrapper,aaba9611f4d8187734aa81d7cdf36bb56854b307,.github/workflows/codeql-analysis.yml,success,3605584,chrjohn,117,6,0.0,6.0,{'chore'},pull_request,53,0,741.0,1,success,6,ff0f6e074818528ccec0274aa3ebdb301093863f,5,547,17,5,1,1,8,7,0,3,1,0,0,0,0,0,0,0,0,0,0,0,0,0,0,0,0,0,48,4,0,0,0,1,2,0,0,0,60,0,['junit'],java-maven,150361,60030,399.239,0,0,0,0,1,0.0605578,0.860657,0.00557769,0.836561,113,1,1,0,0,1,0,0
46590,7056589440,19937094,CodeQL,dependabot/github_actions/actions/checkout-4,65da1734854f33f49c47701e62be858bbdea6887,.github/workflows/codeql-analysis.yml,success,3605584,dependabot[bot],115,3,0.0,1.0,,pull_request,951,0,692.0,1,success,1,fe6fd1c9b6ab7bd2250525c9966b18839504f049,1,1,1,0,1,0,0,1,0,0,0,0,0,0,0,0,0,0,0,0,0,0,0,0,0,0,0,0,45,0,0,0,0,0,1,0,0,0,60,0,['junit'],java-maven,149767,59597,397.931,0,0,0,0,1,0.0175299,0.826067,0.0103586,0.810881,0,1,1,0,0,0,0,0
46591,7054572359,19937094,CodeQL,dependabot/maven/org.apache.maven.shared-file-management-3.1.0,e472025e128f0268fbe6aafc3c7d1b2a590312bd,.github/workflows/codeql-analysis.yml,success,3605584,dependabot[bot],115,3,,,,pull_request,0,0,,1,failure,0,,0,0,0,0,0,0,0,0,0,0,0,0,0,0,0,0,0,0,0,0,0,0,0,0,0,0,0,0,45,0,0,0,0,0,0,0,0,0,60,0,['junit'],java-maven,149767,59597,397.931,0,0,0,0,1,0.0167331,0.778971,0.00956175,0.74761,0,1,1,0,0,0,0,0
46592,7094738910,19937094,Java CI,dependabot/maven/org.codehaus.mojo-build-helper-maven-plugin-3.5.0,59277dd867be532c2b1f8e878a941c5a77e7b6ac,.github/workflows/maven.yml,success,3071532,dependabot[bot],117,5,0.0,1.0,,pull_request,740,0,720.0,1,failure,1,d7cf2f4943489f781e5ee88ad3672bd516fcc5f5,1,1,1,0,1,1,2,1,0,0,0,0,0,0,0,0,0,0,0,0,0,0,0,0,0,0,0,0,48,0,0,0,0,0,0,0,0,0,56,0,['junit'],java-maven,149780,59887,399.833,31230,0,0,31230,1,0.0422311,0.811111,0.0350598,0.806007,0,1,9,0,0,0,0,0
46593,7250581244,19937094,Java CI,chrjohn-empty-message,fefd7a99e619c266be3eae4890e4869e0ae4da48,.github/workflows/maven.yml,success,3071532,chrjohn,117,6,0.0,3.0,,pull_request,100,0,735.0,1,success,3,270f823a32d735dbbbcc94cc4674f452da5a7761,2,3,107,0,1,1,4,1,106,0,0,0,0,2,2,0,4,4,66,0,0,0,0,0,0,1,1,0,48,0,0,0,106,0,0,0,0,0,57,0,['junit'],java-maven,149957,60030,400.315,31698,0,0,31698,1,0.0581673,0.860499,0.00478088,0.817457,104,1,9,0,0,0,0,0
46594,7096596602,19937094,Java CI,chrjohn-remove-guava,39b9b2ec05e11c3810bf45539c2e9e735aa079cf,.github/workflows/maven.yml,success,3071532,chrjohn,117,5,0.0,2.0,{'build'},pull_request,48,0,711.0,1,success,2,563b9870e4aa5e5c9500e7974fdd8c4da9cff370,1,0,9,0,1,1,9,1,0,0,0,0,0,0,0,0,0,0,0,0,0,0,0,0,0,0,0,0,47,0,0,0,0,0,0,0,0,0,56,0,['junit'],java-maven,149775,59887,399.846,31230,0,0,31230,1,0.0422311,0.859562,0.0350598,0.867169,56,1,9,0,0,0,0,0
46595,7105847706,19937094,Java CI,acceptancetest-cleanup,b6d28e763bb1e2d56423c27c2a280f1f17ed3d21,.github/workflows/maven.yml,success,3071532,chrjohn,117,5,0.0,17.0,"{'ci', 'fix'}",pull_request,37,0,423.0,1,failure,17,262ae3e4867e9ab4f413204c6d267ae8d7bad6eb,7,53,50,0,1,0,0,3,101,1,1,0,0,5,5,0,0,0,30,0,0,0,5,2,7,0,1,0,48,0,0,52,49,0,1,2,0,0,56,0,['junit'],java-maven,149784,59890,399.842,31230,0,0,31230,1,0.0486056,0.853949,0.0414343,0.859357,72,1,9,0,0,0,0,0
46596,7075255119,19937094,CodeQL,master,163968c07f772fd26cc3842a6fe47160776a8bea,.github/workflows/codeql-analysis.yml,success,3605584,chrjohn,117,5,0.0,1.0,,schedule,542,0,606.0,1,success,1,4c2c517895f3a565dfe958861e2df18c7f8804d3,1,1,1,0,1,1,2,1,0,0,0,0,0,0,0,0,0,0,0,0,0,0,0,0,0,0,0,0,48,0,0,0,0,0,0,0,0,0,60,0,['junit'],java-maven,149778,59887,399.838,0,0,0,0,1,0.0310757,0.845631,0.0231076,0.861971,37,1,1,0,0,0,0,1
46597,7058048109,19937094,pages build and deployment,master,7ab31827e9c6000c687355f423fa044d9ae98a43,dynamic/pages/pages-build-deployment,success,22589472,chrjohn,115,3,0.0,1.0,,push,951,0,692.0,1,success,1,fe6fd1c9b6ab7bd2250525c9966b18839504f049,1,1,1,0,1,0,0,1,0,0,0,0,0,0,0,0,0,0,0,0,0,0,0,0,0,0,0,0,45,0,0,0,0,0,1,0,0,0,60,0,['junit'],java-maven,149767,59597,397.931,0,0,0,0,1,0.0175299,0.85077,0.0103586,0.871786,17,1,1,0,0,1,0,1
46598,6681802115,19937094,CodeQL,master,e612ee6858673e6d4e1e21999fbda105e9c283bc,.github/workflows/codeql-analysis.yml,success,3605584,chrjohn,110,0,0.0,0.0,,schedule,61,0,654.0,1,success,1,5db9c8ff229fd210fdedf150a2c228234a08789c,2,24,1,0,0,1,16,1,9,0,0,0,0,2,2,1,0,1,5,0,0,0,2,0,2,1,1,0,11,0,0,9,0,0,0,0,0,0,58,0,['junit'],java-maven,131653,43230,328.363,0,0,0,0,0,0.00318725,0.945515,0.0,1.0,0,1,1,0,0,1,0,1
46599,7182785848,19937094,CodeQL,master,270f823a32d735dbbbcc94cc4674f452da5a7761,.github/workflows/codeql-analysis.yml,success,3605584,chrjohn,117,6,0.0,1.0,,push,585,0,728.0,1,success,1,ebbe329a0c092378b0defb841a92e23a756e8fdf,1,1,1,0,1,1,2,1,0,0,0,0,0,0,0,0,0,0,0,0,0,0,0,0,0,0,0,0,48,0,0,0,0,0,0,0,0,0,60,0,['junit'],java-maven,150051,60136,400.77,0,0,0,0,1,0.0557769,0.862488,0.012749,0.890611,97,1,1,0,0,0,0,1
46600,7289264039,19937094,CodeQL,maven-wrapper,0dd838142783adc3d02e923a9059fcf53df6d772,.github/workflows/codeql-analysis.yml,success,3605584,chrjohn,117,6,0.0,5.0,{'chore'},pull_request,53,0,741.0,1,success,5,ff0f6e074818528ccec0274aa3ebdb301093863f,3,538,8,5,1,0,0,5,0,2,1,0,0,0,0,0,0,0,0,0,0,0,0,0,0,0,0,0,48,4,0,0,0,0,2,0,0,0,60,0,['junit'],java-maven,150361,60030,399.239,0,0,0,0,1,0.0605578,0.86027,0.00557769,0.824303,113,1,1,0,0,1,0,0
46601,6446089232,19937094,CodeQL,master,e612ee6858673e6d4e1e21999fbda105e9c283bc,.github/workflows/codeql-analysis.yml,success,3605584,chrjohn,110,5,0.0,0.0,,schedule,61,0,654.0,1,success,1,5db9c8ff229fd210fdedf150a2c228234a08789c,2,24,1,0,0,1,16,1,9,0,0,0,0,2,2,1,0,1,5,0,0,0,2,0,2,1,1,0,11,0,0,9,0,0,0,0,0,0,58,0,['junit'],java-maven,131653,43230,328.363,0,0,0,0,0,0.000796813,0.92277,0.000796813,0.92277,6,1,1,0,0,1,0,1
46602,7296627524,19937094,Java CI,master,ff0f6e074818528ccec0274aa3ebdb301093863f,.github/workflows/maven.yml,success,3071532,chrjohn,117,6,0.0,4.0,{'fix'},schedule,100,0,735.0,1,success,4,f0d3c199849d284ebe14fc388b767370408f89df,2,8,113,0,1,1,7,1,114,0,0,0,0,2,2,0,4,4,66,0,0,0,0,0,0,1,1,0,48,0,0,4,110,0,0,4,0,0,57,0,['junit'],java-maven,149957,60030,400.315,31698,0,0,31698,1,0.0621514,0.859757,0.00717131,0.835712,116,1,9,0,0,1,0,1
46603,6971644417,19937094,Java CI,fix-orchestra-with-updated-project-structure,d97fdd1d0e764cb6a758d33e6c2fa667f8b561fb,.github/workflows/maven.yml,success,3071532,chrjohn,115,2,0.0,233.0,"{'ci', 'feat', 'refactor', 'docs', 'revert', 'perf', 'chore', 'test', 'fix', 'build'}",pull_request,610,0,460.0,1,success,233,e612ee6858673e6d4e1e21999fbda105e9c283bc,120,22626,3151,16,1,96,4131,12,19980,2,1,81,0,24,105,7,106,113,252,3,0,3,450,33,483,1,1,0,45,137,0,17937,2043,16,2,31,0,0,56,0,['junit'],java-maven,149769,59597,397.926,31176,0,0,31176,1,0.00876494,0.870671,0.000796813,0.933068,2,1,9,0,0,1,0,0
46604,7306472275,19937094,Java CI,master,714523c3598afe6b764f44a6222059d806c44b00,.github/workflows/maven.yml,success,3071532,chrjohn,117,6,0.0,9.0,{'chore'},schedule,53,0,741.0,1,success,9,ff0f6e074818528ccec0274aa3ebdb301093863f,5,544,20,5,0,1,8,7,0,3,1,0,0,0,0,0,0,0,0,0,0,0,0,0,0,0,0,0,48,4,0,0,0,1,2,0,0,0,53,0,['junit'],java-maven,150355,60030,399.255,31698,0,0,31698,1,0.0621514,0.860876,0.0063745,0.861519,117,1,9,0,0,1,0,1
46605,7109182209,19937094,Java CI,dependabot/maven/org.apache.maven.plugins-maven-invoker-plugin-3.6.0,0f5205832808c2c26a8e5e028e4f243cf8b92746,.github/workflows/maven.yml,success,3071532,dependabot[bot],117,5,0.0,1.0,,pull_request,748,0,723.0,1,success,1,262ae3e4867e9ab4f413204c6d267ae8d7bad6eb,1,1,1,0,1,1,2,1,0,0,0,0,0,0,0,0,0,0,0,0,0,0,0,0,0,0,0,0,48,0,0,0,0,0,0,0,0,0,56,0,['junit'],java-maven,149785,59887,399.82,31230,0,0,31230,1,0.0486056,0.815972,0.0414343,0.816298,0,1,9,0,0,0,0,0
46606,7051709972,19937094,Java CI,master,6010a3449b6095a4a649b1ba36299706fb452ed6,.github/workflows/maven.yml,success,3071532,chrjohn,115,3,0.0,1.0,,push,899,0,671.0,1,success,1,6b65b0957448cc28baebfd736838384ae094abe6,2,2,2,0,1,0,0,1,0,0,0,0,0,0,0,0,0,0,0,0,0,0,0,0,0,0,0,0,45,0,0,0,0,0,2,0,0,0,56,0,['junit'],java-maven,149767,59597,397.931,31176,0,0,31176,1,0.0143426,0.847398,0.00557769,0.874303,12,1,9,0,0,1,0,1
46607,6740180784,19937094,CodeQL,dependabot/maven/org.mockito-mockito-core-5.7.0,8c5e5864c373966f07320fef8d295ab85e4046e4,.github/workflows/codeql-analysis.yml,success,3605584,dependabot[bot],110,0,,,,pull_request,0,0,,1,failure,0,,0,0,0,0,0,0,0,0,0,0,0,0,0,0,0,0,0,0,0,0,0,0,0,0,0,0,0,0,11,0,0,0,0,0,0,0,0,0,58,0,['junit'],java-maven,131653,43230,328.363,0,0,0,0,0,0.00398406,0.763534,0.00159363,0.817457,0,1,1,0,0,1,0,0
46608,7109185976,19937094,CodeQL,dependabot/maven/io.fixprotocol.orchestra-repository-1.7.3,84f6edd34907508ff800c03bfae6c4687234bc4c,.github/workflows/codeql-analysis.yml,success,3605584,dependabot[bot],117,5,0.0,1.0,,pull_request,585,0,728.0,1,success,1,262ae3e4867e9ab4f413204c6d267ae8d7bad6eb,1,1,1,0,1,1,2,1,0,0,0,0,0,0,0,0,0,0,0,0,0,0,0,0,0,0,0,0,48,0,0,0,0,0,0,0,0,0,60,0,['junit'],java-maven,149785,59887,399.82,0,0,0,0,1,0.0494024,0.830024,0.0422311,0.830311,0,1,1,0,0,0,0,0
46609,6728735111,19937094,Java CI,master,e612ee6858673e6d4e1e21999fbda105e9c283bc,.github/workflows/maven.yml,success,3071532,chrjohn,110,1,0.0,0.0,,schedule,61,0,654.0,1,success,1,5db9c8ff229fd210fdedf150a2c228234a08789c,2,24,1,0,0,1,16,1,9,0,0,0,0,2,2,1,0,1,5,0,0,0,2,0,2,1,1,0,11,0,0,9,0,0,0,0,0,0,29,0,['junit'],java-maven,131653,43230,328.363,28242,0,0,28242,1,0.00239044,0.97265,0.0,1.0,0,1,9,0,0,1,0,1
46610,7051703368,19937094,CodeQL,dependabot/maven/org.apache.maven.plugins-maven-pmd-plugin-3.21.2,fd45aec781c9e90de1dc886b517bc7de287da302,.github/workflows/codeql-analysis.yml,success,3605584,chrjohn,115,2,0.0,1.0,,pull_request,768,0,684.0,1,success,1,6b65b0957448cc28baebfd736838384ae094abe6,1,1,1,0,1,1,2,1,0,0,0,0,0,0,0,0,0,0,0,0,0,0,0,0,0,0,0,0,45,0,0,0,0,0,0,0,0,0,60,0,['junit'],java-maven,149767,59597,397.931,0,0,0,0,1,0.0119522,0.856194,0.00318725,0.891461,11,1,1,0,0,0,0,0
46611,7047794108,19937094,Java CI,fix-orchestra-with-updated-project-structure,b9d055713730a0ba74fb57b9e51c02fb301e65f5,.github/workflows/maven.yml,success,3071532,chrjohn,115,2,0.0,236.0,"{'ci', 'feat', 'refactor', 'docs', 'revert', 'perf', 'chore', 'test', 'fix', 'build'}",pull_request,610,0,460.0,1,success,236,e612ee6858673e6d4e1e21999fbda105e9c283bc,120,22626,3153,16,1,96,4133,12,19980,2,1,81,0,24,105,7,106,113,252,3,0,3,450,33,483,1,1,0,45,137,0,17937,2043,16,2,31,0,0,56,0,['junit'],java-maven,149767,59597,397.931,31176,0,0,31176,1,0.0103586,0.843293,0.00159363,0.904382,5,1,9,0,0,0,0,0
46612,7094738485,19937094,CodeQL,dependabot/maven/org.apache.maven.plugins-maven-assembly-plugin-3.6.0,0fac0671dd843f4b3bc2cbe2a46219dd283337c7,.github/workflows/codeql-analysis.yml,success,3605584,dependabot[bot],117,5,0.0,1.0,,pull_request,429,0,719.0,1,success,1,d7cf2f4943489f781e5ee88ad3672bd516fcc5f5,1,1,1,0,1,1,2,1,0,0,0,0,0,0,0,0,0,0,0,0,0,0,0,0,0,0,0,0,48,0,0,0,0,0,0,0,0,0,60,0,['junit'],java-maven,149780,59887,399.833,0,0,0,0,1,0.0414343,0.815316,0.0342629,0.810185,0,1,1,0,0,0,0,0
46613,7080846858,19937094,CodeQL,dependabot/maven/org.apache.maven.plugins-maven-enforcer-plugin-3.4.1,5eae427e4f9010152ec26cc495d82c0b7cde182d,.github/workflows/codeql-analysis.yml,success,3605584,dependabot[bot],117,5,0.0,1.0,,pull_request,735,0,699.0,1,success,1,3a3d810174c0962222c926b5496eb5a0618cce44,1,1,1,0,1,1,2,1,0,0,0,0,0,0,0,0,0,0,0,0,0,0,0,0,0,0,0,0,48,0,0,0,0,0,0,0,0,0,60,0,['junit'],java-maven,149778,59887,399.838,0,0,0,0,1,0.0326693,0.756733,0.0247012,0.742053,0,1,1,0,0,0,0,0
46614,6601962315,19937094,Java CI,master,e612ee6858673e6d4e1e21999fbda105e9c283bc,.github/workflows/maven.yml,success,3071532,chrjohn,110,3,0.0,0.0,,schedule,61,0,654.0,1,success,1,5db9c8ff229fd210fdedf150a2c228234a08789c,2,24,1,0,0,1,16,1,9,0,0,0,0,2,2,1,0,1,5,0,0,0,2,0,2,1,1,0,11,0,0,9,0,0,0,0,0,0,29,0,['junit'],java-maven,131653,43230,328.363,28242,0,0,28242,1,0.00318725,0.928002,0.0,1.0,0,1,9,0,0,1,0,1
46615,7058373670,19937094,CodeQL,master,a2e6e4a2c0f35e12d728ab4458447377864a4152,.github/workflows/codeql-analysis.yml,success,3605584,chrjohn,115,3,0.0,1.0,,push,656,0,691.0,1,success,1,7ab31827e9c6000c687355f423fa044d9ae98a43,1,2,2,0,1,0,0,1,0,0,0,0,0,0,0,0,0,0,0,0,0,0,0,0,0,0,0,0,45,0,0,0,0,0,1,0,0,0,60,0,['junit'],java-maven,149767,59597,397.931,0,0,0,0,1,0.0175299,0.856099,0.0103586,0.878417,18,1,1,0,0,1,0,1
46616,7284431793,19937094,Java CI,master,ff0f6e074818528ccec0274aa3ebdb301093863f,.github/workflows/maven.yml,success,3071532,chrjohn,117,6,0.0,4.0,{'fix'},schedule,100,0,735.0,1,failure,4,f0d3c199849d284ebe14fc388b767370408f89df,2,8,113,0,1,1,7,1,114,0,0,0,0,2,2,0,4,4,66,0,0,0,0,0,0,1,1,0,48,0,0,4,110,0,0,4,0,0,57,0,['junit'],java-maven,149957,60030,400.315,31698,0,0,31698,1,0.0589641,0.861619,0.00398406,0.864326,107,1,9,0,0,1,0,1
46617,7100169386,19937094,Java CI,dependabot/maven/org.codehaus.plexus-plexus-utils-4.0.0,db0790c47bc4f98148fe2c69e8a7f8ab6781dfc7,.github/workflows/maven.yml,success,3071532,chrjohn,117,5,0.0,3.0,{'build'},pull_request,776,0,718.0,1,success,3,4b2fdae7b0cd057c0a8173fea2d442046796f06f,2,11,1,0,1,2,12,1,0,0,1,0,0,0,0,0,0,0,0,0,0,0,0,0,0,0,0,0,48,0,0,0,0,0,0,0,0,0,56,0,['junit'],java-maven,149785,59887,399.82,31230,0,0,31230,1,0.0454183,0.85678,0.038247,0.863149,64,1,9,0,0,0,0,0
46618,6504452899,19937094,Java CI,master,e612ee6858673e6d4e1e21999fbda105e9c283bc,.github/workflows/maven.yml,success,3071532,chrjohn,110,3,0.0,0.0,,schedule,61,0,654.0,1,failure,1,5db9c8ff229fd210fdedf150a2c228234a08789c,2,24,1,0,0,1,16,1,9,0,0,0,0,2,2,1,0,1,5,0,0,0,2,0,2,1,1,0,11,0,0,9,0,0,0,0,0,0,29,0,['junit'],java-maven,131653,43230,328.363,28242,0,0,28242,1,0.00318725,0.888004,0.00239044,0.922158,5,1,9,0,0,1,0,1
46619,7059962932,19937094,CodeQL,master,0b05c464f694874e4641d42890bb81c533b42daf,.github/workflows/codeql-analysis.yml,success,3605584,chrjohn,115,3,0.0,1.0,,push,12,0,625.0,1,success,1,b5476df22042b80c01794e8f78905c2c640c8361,1,0,3,0,0,1,3,1,0,0,0,0,0,1,1,0,0,0,1,0,0,0,0,0,0,1,0,0,45,0,0,0,0,0,0,1,0,0,60,0,['junit'],java-maven,149764,59597,397.939,0,0,0,0,1,0.0223108,0.838884,0.0151394,0.850328,23,1,1,0,0,1,0,1
46620,7008603687,19937094,Java CI,QFJ-271_enhancement_prioritize_resend_responses_if_configured,501755a700da13d57c61893e5253892205610c07,.github/workflows/maven.yml,action_required,3071532,AbhinavAtul,110,0,,,,pull_request,0,0,,1,action_required,0,,0,0,0,0,0,0,0,0,0,0,0,0,0,0,0,0,0,0,0,0,0,0,0,0,0,0,0,0,11,0,0,0,0,0,0,0,0,0,29,0,['junit'],java-maven,131814,43339,328.789,0,0,0,0,0,0.00956175,0.995654,0.00159363,0.999276,0,0,1,0,1,1,0,0
46621,7058490883,19937094,CodeQL,dependabot/maven/org.apache.maven.shared-file-management-3.1.0,09bd5ab134506f0889e555dfc36bca63a07adf82,.github/workflows/codeql-analysis.yml,success,3605584,chrjohn,115,3,,,,pull_request,0,0,,1,failure,0,,0,0,0,0,0,0,0,0,0,0,0,0,0,0,0,0,0,0,0,0,0,0,0,0,0,0,0,0,45,0,0,0,0,0,0,0,0,0,60,0,['junit'],java-maven,149767,59597,397.931,0,0,0,0,1,0.0191235,0.837981,0.0119522,0.851479,18,1,1,0,0,1,0,0
46622,7321871398,19937094,CodeQL,nonstopsession-log-fix,b8c9574bc494cba566ff8eddb2e2b0e1d4818c0a,.github/workflows/codeql-analysis.yml,success,3605584,chrjohn,118,6,0.0,2.0,{'fix'},pull_request,48,0,658.0,1,success,2,0b8e1db3cfc1ff361c87b2cc0d4618dd069dbd79,1,4,1,0,0,1,5,1,0,0,0,0,0,1,1,0,0,0,11,0,0,0,0,0,0,1,0,0,48,0,0,0,0,0,0,0,0,0,58,0,['junit'],java-maven,150358,60030,399.247,0,0,0,0,1,0.0629482,0.864961,0.0063745,0.897765,119,1,1,0,0,0,0,0
46623,7112800198,19937094,CodeQL,master,c0e6eafe7d0cf0bb2484902e712c79dd32b0e6d5,.github/workflows/codeql-analysis.yml,success,3605584,chrjohn,117,5,0.0,1.0,,push,472,0,730.0,1,success,1,ad96af1b83bb077d5b84f755a4834226a56e0737,1,1,1,0,1,1,2,1,0,0,0,0,0,0,0,0,0,0,0,0,0,0,0,0,0,0,0,0,48,0,0,0,0,0,0,0,0,0,60,0,['junit'],java-maven,149784,59890,399.842,0,0,0,0,1,0.0517928,0.855666,0.0446215,0.860882,78,1,1,0,0,0,0,1
46624,7313062849,19937094,CodeQL,master,714523c3598afe6b764f44a6222059d806c44b00,.github/workflows/codeql-analysis.yml,success,3605584,chrjohn,117,6,0.0,9.0,{'chore'},schedule,53,0,741.0,1,success,9,ff0f6e074818528ccec0274aa3ebdb301093863f,5,544,20,5,1,1,8,7,0,3,1,0,0,0,0,0,0,0,0,0,0,0,0,0,0,0,0,0,48,4,0,0,0,1,2,0,0,0,58,0,['junit'],java-maven,150355,60030,399.255,0,0,0,0,1,0.0613546,0.863546,0.0063745,0.85909,117,1,1,0,0,1,0,1
46625,7122345241,19937094,CodeQL,dependabot/maven/com.zaxxer-HikariCP-5.1.0,1614c542ebb4d5a8f3a0c7ce6629a23c0b2ffec6,.github/workflows/codeql-analysis.yml,success,3605584,dependabot[bot],117,5,,,,pull_request,0,0,,1,failure,0,,0,0,0,0,0,0,0,0,0,0,0,0,0,0,0,0,0,0,0,0,0,0,0,0,0,0,0,0,48,0,0,0,0,0,0,0,0,0,60,0,['junit'],java-maven,149805,59898,399.84,0,0,0,0,1,0.0541833,0.818874,0.047012,0.819141,0,1,1,0,0,0,0,0
46626,7094735349,19937094,Java CI,dependabot/maven/org.apache.maven.plugins-maven-compiler-plugin-3.11.0,dacf7a18146e98f65ebeb32f8a5ddaa2b2d5db3d,.github/workflows/maven.yml,success,3071532,dependabot[bot],117,5,0.0,1.0,,pull_request,944,0,714.0,1,success,1,d7cf2f4943489f781e5ee88ad3672bd516fcc5f5,1,1,1,0,1,1,2,1,0,0,0,0,0,0,0,0,0,0,0,0,0,0,0,0,0,0,0,0,48,0,0,0,0,0,0,0,0,0,56,0,['junit'],java-maven,149780,59887,399.833,31230,0,0,31230,1,0.0398406,0.806751,0.0326693,0.800426,0,1,9,0,0,0,0,0
46627,7115310724,19937094,Java CI,dependabot/maven/maven-surefire-plugin-version-3.2.2,624e8ead379a45c73ff5baee24c36f70f8712851,.github/workflows/maven.yml,success,3071532,chrjohn,117,5,0.0,3.0,,push,1105,0,724.0,1,success,3,da46c741815aef1be4469689fdb80a0d5b444150,2,2,1,0,1,1,2,2,0,1,1,0,0,0,0,0,0,0,0,0,0,0,0,0,0,0,0,0,48,0,0,0,0,0,1,0,0,0,57,0,['junit'],java-maven,149785,59890,399.84,31230,0,0,31230,1,0.0525896,0.860682,0.0454183,0.866057,85,1,9,0,0,0,0,0
46628,7130284811,19937094,Java CI,master,e050d3d25c8d8e13f05fe6c3898bcfeed02a73f9,.github/workflows/maven.yml,success,3071532,chrjohn,117,5,0.0,3.0,,push,60,0,651.0,0,success,3,8cf71f9059dd758dfe66320f84ae430346ea4974,10,289,48,0,1,3,39,1,298,0,1,0,0,10,10,18,0,18,42,0,2,2,17,2,19,1,1,0,48,0,0,268,30,0,0,7,0,0,57,0,['junit'],java-maven,150052,60136,400.768,31770,0,0,31770,1,0.0565737,0.865965,0.0486056,0.872308,91,1,9,0,0,1,0,1
46629,6389110886,19937094,Java CI,master,e612ee6858673e6d4e1e21999fbda105e9c283bc,.github/workflows/maven.yml,success,3071532,chrjohn,110,3,0.0,0.0,,schedule,61,0,654.0,1,success,1,5db9c8ff229fd210fdedf150a2c228234a08789c,2,24,1,0,0,1,16,1,9,0,0,0,0,2,2,1,0,1,5,0,0,0,2,0,2,1,1,0,11,0,0,9,0,0,0,0,0,0,29,0,['junit'],java-maven,131653,43230,328.363,28242,0,0,28242,1,0.0,1.0,0.0,1.0,6,1,9,0,0,1,0,1
46630,7050473327,19937094,CodeQL,chrjohn-socketinitiator-simplify,50c371d17a4ec4a5762810aae500f964d2acf329,.github/workflows/codeql-analysis.yml,success,3605584,chrjohn,115,2,0.0,1.0,,pull_request,12,0,625.0,1,success,1,6010a3449b6095a4a649b1ba36299706fb452ed6,5,4,7,0,1,3,7,3,0,2,1,0,0,1,1,0,0,0,1,0,0,0,0,0,0,1,0,0,45,0,0,0,0,0,2,1,0,0,60,0,['junit'],java-maven,149764,59597,397.939,0,0,0,0,1,0.0111554,0.858671,0.00239044,0.90284,9,1,1,0,0,0,0,0
46631,7112858176,19937094,CodeQL,master,898a29f15c8e79bbaf6768cdf40ef3dca13c6340,.github/workflows/codeql-analysis.yml,success,3605584,chrjohn,117,5,0.0,2.0,,push,14,0,721.0,1,success,2,b37e6b4522471dbe5e601f2a1ae7e968b89e0a66,1,1,0,0,1,0,0,1,0,0,0,0,0,0,0,0,0,0,0,0,0,0,0,0,0,0,0,0,48,0,0,0,0,0,1,0,0,0,60,0,['junit'],java-maven,149785,59890,399.84,0,0,0,0,1,0.0525896,0.857728,0.0454183,0.86293,82,1,1,0,0,1,0,1
46632,7054589129,19937094,Java CI,dependabot/github_actions/actions/checkout-4,eeed6baa94e19e2443f1f056d6222d0138e895af,.github/workflows/maven.yml,success,3071532,dependabot[bot],115,3,0.0,2.0,,push,0,0,,1,success,2,db2ae811193f5f1e5d8fb70ecc5360363d7b3641,3,3,3,0,1,2,4,2,0,1,1,0,0,0,0,0,0,0,0,0,0,0,0,0,0,0,0,0,45,0,0,0,0,0,1,0,0,0,56,0,['junit'],java-maven,149767,59597,397.931,31176,0,0,31176,1,0.0175299,0.797078,0.0103586,0.77586,0,1,9,0,0,0,0,0
46633,7182785748,19937094,pages build and deployment,master,270f823a32d735dbbbcc94cc4674f452da5a7761,dynamic/pages/pages-build-deployment,success,22589472,chrjohn,117,6,0.0,1.0,,push,585,0,728.0,1,success,1,ebbe329a0c092378b0defb841a92e23a756e8fdf,1,1,1,0,1,1,2,1,0,0,0,0,0,0,0,0,0,0,0,0,0,0,0,0,0,0,0,0,48,0,0,0,0,0,0,0,0,0,57,0,['junit'],java-maven,150051,60136,400.77,31770,0,0,31770,1,0.0557769,0.862488,0.012749,0.890611,97,1,9,0,0,0,0,1
46634,6838868253,19937094,Java CI,master,e612ee6858673e6d4e1e21999fbda105e9c283bc,.github/workflows/maven.yml,success,3071532,chrjohn,110,0,0.0,0.0,,schedule,61,0,654.0,1,success,1,5db9c8ff229fd210fdedf150a2c228234a08789c,2,24,1,0,0,1,16,1,9,0,0,0,0,2,2,1,0,1,5,0,0,0,2,0,2,1,1,0,11,0,0,9,0,0,0,0,0,0,29,0,['junit'],java-maven,131653,43230,328.363,28242,0,0,28242,1,0.00239044,0.97265,0.000796813,0.92277,0,1,9,0,0,1,0,1
46635,7255971219,19937094,Java CI,dependabot/maven/org.apache.maven.plugins-maven-compiler-plugin-3.12.0,ffc0345e80f0cf7162bc41514d3ea1112317fab8,.github/workflows/maven.yml,success,3071532,dependabot[bot],117,6,0.0,0.0,,push,789,0,739.0,0,success,1,ccc9c23ddb0d041d05a362ba36630f4aa4f27a8f,1,1,1,0,0,1,2,1,0,0,0,0,0,0,0,0,0,0,0,0,0,0,0,0,0,0,0,0,48,0,0,0,0,0,0,0,0,0,57,0,['junit'],java-maven,150051,60136,400.77,31770,0,0,31770,1,0.0581673,0.831314,0.00478088,0.998406,0,1,9,0,0,0,0,0
46636,7335453910,19937094,Java CI,master,14c9c66fab7f729cb90ecaf096c8db15861b5052,.github/workflows/maven.yml,success,3071532,chrjohn,118,6,0.0,2.0,{'fix'},schedule,48,0,658.0,1,success,2,0b8e1db3cfc1ff361c87b2cc0d4618dd069dbd79,1,4,1,0,0,1,5,1,0,0,0,0,0,1,1,0,0,0,11,0,0,0,0,0,0,1,0,0,48,0,0,0,0,0,0,0,0,0,53,0,['junit'],java-maven,150358,60030,399.247,31698,0,0,31698,1,0.0629482,0.866715,0.00478088,0.922617,120,1,9,0,0,1,0,1
46637,7071617988,19937094,Java CI,snyk-upgrade-b8e88bd5aac79cf6f153fd4bd9506ed0,2934748c24d37bdad21b8bacb38705ffcc5bfa1b,.github/workflows/maven.yml,success,3071532,chrjohn,115,4,0.0,1.0,{'fix'},push,195,0,695.0,1,failure,1,7c0361f0c031761e9e86938f000a529d39ee1e49,1,1,1,0,1,1,2,1,0,0,0,0,0,0,0,0,0,0,0,0,0,0,0,0,0,0,0,0,48,0,0,0,0,0,0,0,0,0,56,0,['junit'],java-maven,149778,59887,399.838,31230,0,0,31230,1,0.0262948,0.841117,0.0183267,0.858957,32,1,9,0,0,0,0,0
46638,6649920836,19937094,Java CI,master,e612ee6858673e6d4e1e21999fbda105e9c283bc,.github/workflows/maven.yml,success,3071532,chrjohn,110,0,0.0,0.0,,schedule,61,0,654.0,1,success,1,5db9c8ff229fd210fdedf150a2c228234a08789c,2,24,1,0,0,1,16,1,9,0,0,0,0,2,2,1,0,1,5,0,0,0,2,0,2,1,1,0,11,0,0,9,0,0,0,0,0,0,29,0,['junit'],java-maven,131653,43230,328.363,28242,0,0,28242,1,0.00318725,0.938911,0.0,1.0,0,1,9,0,0,1,0,1
46639,7080848634,19937094,CodeQL,dependabot/maven/jaxb.version-4.0.1,f6aa6845ff2d574e77ffd6756e5ac93f2c8a0449,.github/workflows/codeql-analysis.yml,success,3605584,dependabot[bot],117,5,0.0,1.0,,pull_request,640,0,701.0,1,success,1,3a3d810174c0962222c926b5496eb5a0618cce44,1,1,1,0,1,1,2,1,0,0,0,0,0,0,0,0,0,0,0,0,0,0,0,0,0,0,0,0,48,0,0,0,0,0,0,0,0,0,60,0,['junit'],java-maven,149778,59887,399.838,0,0,0,0,1,0.0326693,0.782797,0.0247012,0.771255,0,1,1,0,0,0,0,0
46640,7051709931,19937094,pages build and deployment,master,6010a3449b6095a4a649b1ba36299706fb452ed6,dynamic/pages/pages-build-deployment,success,22589472,chrjohn,115,3,0.0,1.0,,push,899,0,671.0,1,success,1,6b65b0957448cc28baebfd736838384ae094abe6,2,2,2,0,1,0,0,1,0,0,0,0,0,0,0,0,0,0,0,0,0,0,0,0,0,0,0,0,45,0,0,0,0,0,2,0,0,0,56,0,['junit'],java-maven,149767,59597,397.931,31176,0,0,31176,1,0.0143426,0.847398,0.00557769,0.874303,12,1,9,0,0,1,0,1
46641,7109184651,19937094,Java CI,dependabot/maven/org.apache.maven-maven-plugin-api-3.9.6,0c8155f05110cc6211237a316c7e58ccc474d9a8,.github/workflows/maven.yml,success,3071532,dependabot[bot],117,5,0.0,1.0,,pull_request,497,0,726.0,1,success,1,262ae3e4867e9ab4f413204c6d267ae8d7bad6eb,1,1,1,0,1,1,2,1,0,0,0,0,0,0,0,0,0,0,0,0,0,0,0,0,0,0,0,0,48,0,0,0,0,0,0,0,0,0,56,0,['junit'],java-maven,149785,59887,399.82,31230,0,0,31230,1,0.0494024,0.821454,0.0422311,0.821755,0,1,9,0,0,0,0,0
46642,7050419365,19937094,Java CI,dependabot/maven/net.sf.saxon-Saxon-HE-12.3,794df918aeae5263531b1fbda1d55db90647002b,.github/workflows/maven.yml,success,3071532,chrjohn,115,2,0.0,1.0,,pull_request,334,0,666.0,1,success,1,6010a3449b6095a4a649b1ba36299706fb452ed6,4,5,5,0,1,2,6,2,0,1,1,0,0,0,0,0,0,0,0,0,0,0,0,0,0,0,0,0,45,0,0,0,0,0,2,0,0,0,56,0,['junit'],java-maven,149767,59597,397.931,31176,0,0,31176,1,0.0103586,0.869411,0.00159363,0.928287,8,1,9,0,0,0,0,0
46643,7109181564,19937094,Java CI,dependabot/maven/commons-io-commons-io-2.15.1,123571d69e3145680da500c422896a3cd86993e9,.github/workflows/maven.yml,success,3071532,dependabot[bot],117,5,0.0,1.0,,pull_request,328,0,722.0,1,success,1,262ae3e4867e9ab4f413204c6d267ae8d7bad6eb,1,1,1,0,1,1,2,1,0,0,0,0,0,0,0,0,0,0,0,0,0,0,0,0,0,0,0,0,48,0,0,0,0,0,0,0,0,0,56,0,['junit'],java-maven,149785,59887,399.82,31230,0,0,31230,1,0.0486056,0.810813,0.0414343,0.811148,0,1,9,0,0,0,0,0
46644,7287803850,19937094,Java CI,maven-wrapper,5077eb6d804b6638287aa31862053cbf32b9bf35,.github/workflows/maven.yml,success,3071532,chrjohn,117,6,0.0,1.0,,push,53,0,741.0,1,failure,1,370fbbc903bc5b7a050595909fab0c898271157d,0,513,0,2,0,0,0,2,0,1,1,0,0,0,0,0,0,0,0,0,0,0,0,0,0,0,0,0,48,2,0,0,0,0,0,0,0,0,57,0,['junit'],java-maven,150361,60030,399.239,31698,0,0,31698,1,0.0605578,0.858302,0.00557769,0.799203,112,1,9,0,0,1,0,0
46645,7051702929,19937094,Java CI,dependabot/maven/org.apache.maven.plugins-maven-pmd-plugin-3.21.2,fd45aec781c9e90de1dc886b517bc7de287da302,.github/workflows/maven.yml,success,3071532,chrjohn,115,2,0.0,1.0,,push,768,0,684.0,1,success,1,12c4c46d1d0e4ebda66eea66461c5228692def90,2,2,2,0,1,2,4,1,0,0,1,0,0,0,0,0,0,0,0,0,0,0,0,0,0,0,0,0,45,0,0,0,0,0,0,0,0,0,56,0,['junit'],java-maven,149767,59597,397.931,31176,0,0,31176,1,0.0111554,0.867938,0.00239044,0.913944,11,1,9,0,0,0,0,0
46646,7098906264,19937094,pages build and deployment,master,ab6d88b652791a6d028079ada9bbcac0cd9e794f,dynamic/pages/pages-build-deployment,success,22589472,chrjohn,117,5,0.0,1.0,{'docs'},push,418,0,715.0,1,success,1,02dd7d7ed4cad4c17b5bd9d6a8430213bba99491,1,1,1,0,1,1,2,1,0,0,0,0,0,0,0,0,0,0,0,0,0,0,0,0,0,0,0,0,47,0,0,0,0,0,0,0,0,0,56,0,['junit'],java-maven,149775,59887,399.846,31230,0,0,31230,1,0.0422311,0.863499,0.0350598,0.871408,58,1,9,0,0,0,0,1
46647,6759476218,19937094,Java CI,master,e612ee6858673e6d4e1e21999fbda105e9c283bc,.github/workflows/maven.yml,success,3071532,chrjohn,110,0,0.0,0.0,,schedule,61,0,654.0,1,success,1,5db9c8ff229fd210fdedf150a2c228234a08789c,2,24,1,0,0,1,16,1,9,0,0,0,0,2,2,1,0,1,5,0,0,0,2,0,2,1,1,0,11,0,0,9,0,0,0,0,0,0,29,0,['junit'],java-maven,131653,43230,328.363,28242,0,0,28242,1,0.00398406,0.97316,0.00159363,0.999431,0,1,9,0,0,1,0,1
46648,7086616168,19937094,Java CI,master,ae2d97ab160dcea90d9cafa8a235b4914a9d2aa9,.github/workflows/maven.yml,success,3071532,chrjohn,117,5,0.0,1.0,,push,667,0,700.0,1,cancelled,1,bd54a01c194936426e994f79d15f531568c5dda2,1,1,1,0,1,1,2,1,0,0,0,0,0,0,0,0,0,0,0,0,0,0,0,0,0,0,0,0,48,0,0,0,0,0,0,0,0,0,56,0,['junit'],java-maven,149778,59887,399.838,31230,0,0,31230,1,0.0318725,0.857045,0.0247012,0.866269,42,1,9,0,0,0,0,1
46649,7059955842,19937094,Java CI,master,b5476df22042b80c01794e8f78905c2c640c8361,.github/workflows/maven.yml,success,3071532,chrjohn,115,3,0.0,1.0,,push,334,0,666.0,1,success,1,10276315aa40211345fe2539bfc6d39c6e0ca2c0,1,1,1,0,1,1,2,1,0,0,0,0,0,0,0,0,0,0,0,0,0,0,0,0,0,0,0,0,45,0,0,0,0,0,0,0,0,0,56,0,['junit'],java-maven,149767,59597,397.931,31176,0,0,31176,1,0.0223108,0.833902,0.0151394,0.844004,22,1,9,0,0,1,0,1
46650,7109186458,19937094,CodeQL,dependabot/maven/org.codehaus.mojo-xml-maven-plugin-1.1.0,d146d8f33ab63657fece2224acc317b161f21759,.github/workflows/codeql-analysis.yml,success,3605584,dependabot[bot],117,5,0.0,1.0,,pull_request,650,0,729.0,1,success,1,262ae3e4867e9ab4f413204c6d267ae8d7bad6eb,1,1,1,0,1,1,2,1,0,0,0,0,0,0,0,0,0,0,0,0,0,0,0,0,0,0,0,0,48,0,0,0,0,0,0,0,0,0,60,0,['junit'],java-maven,149785,59887,399.82,0,0,0,0,1,0.0501992,0.826164,0.0430279,0.826444,0,1,1,0,0,0,0,0
46651,7086199586,19937094,pages build and deployment,master,bd54a01c194936426e994f79d15f531568c5dda2,dynamic/pages/pages-build-deployment,success,22589472,chrjohn,117,5,0.0,1.0,,push,667,0,700.0,1,cancelled,1,bd54a01c194936426e994f79d15f531568c5dda2,1,1,1,0,1,1,2,1,0,0,0,0,0,0,0,0,0,0,0,0,0,0,0,0,0,0,0,0,48,0,0,0,0,0,0,0,0,0,56,0,['junit'],java-maven,149778,59887,399.838,31230,0,0,31230,1,0.0318725,0.857045,0.0247012,0.866269,42,1,9,0,0,0,0,1
46652,7062878788,19937094,Java CI,socket-connect-timeout,1b036a390a0382cd1392fbd71322fa220284a8c4,.github/workflows/maven.yml,success,3071532,chrjohn,116,4,0.0,1.0,{'feat'},pull_request,159,0,638.0,1,success,1,3427f0806a5c80603c82d8a9b0533bd99337dfb5,85,1058,2971,5,1,49,1436,10,2022,1,1,0,7,67,74,15,59,74,535,13,17,30,17,107,124,1,1,0,45,0,12,511,1511,1,3,113,0,0,56,0,['junit'],java-maven,149791,59887,399.804,31230,0,0,31230,1,0.0231076,0.845806,0.0159363,0.857886,27,1,9,0,0,1,0,0
46653,7086621113,19937094,Java CI,master,993bb0ebf1659a5ee17b14245ef29cebecc0d151,.github/workflows/maven.yml,success,3071532,chrjohn,117,5,0.0,1.0,,push,545,0,698.0,1,success,1,ae2d97ab160dcea90d9cafa8a235b4914a9d2aa9,1,1,1,0,1,1,2,1,0,0,0,0,0,0,0,0,0,0,0,0,0,0,0,0,0,0,0,0,48,0,0,0,0,0,0,0,0,0,56,0,['junit'],java-maven,149778,59887,399.838,31230,0,0,31230,1,0.0318725,0.859539,0.0247012,0.869017,43,1,9,0,0,0,0,1
46654,7319746567,19937094,Java CI,master,0b8e1db3cfc1ff361c87b2cc0d4618dd069dbd79,.github/workflows/maven.yml,success,3071532,chrjohn,117,6,0.0,1.0,,push,431,0,742.0,1,success,1,714523c3598afe6b764f44a6222059d806c44b00,1,1,1,0,0,1,2,1,0,0,0,0,0,0,0,0,0,0,0,0,0,0,0,0,0,0,0,0,48,0,0,0,0,0,0,0,0,0,53,0,['junit'],java-maven,150355,60030,399.255,31698,0,0,31698,1,0.0629482,0.863887,0.00796813,0.863732,118,1,9,0,0,0,0,1
46655,7109184069,19937094,CodeQL,dependabot/maven/org.apache.maven.shared-maven-shared-utils-3.4.2,c34d3a162ddac27b776047ffceff12464cd6173d,.github/workflows/codeql-analysis.yml,success,3605584,dependabot[bot],117,5,0.0,1.0,,pull_request,765,0,725.0,1,success,1,b37e6b4522471dbe5e601f2a1ae7e968b89e0a66,9,56,59,0,1,2,12,4,101,2,1,0,0,5,5,0,0,0,30,0,0,0,2,5,7,0,1,0,48,0,0,49,52,0,1,2,0,0,60,0,['junit'],java-maven,149785,59887,399.82,0,0,0,0,1,0.0494024,0.816836,0.0422311,0.817145,0,1,1,0,0,0,0,0
46656,7259582847,19937094,Java CI,master,f0d3c199849d284ebe14fc388b767370408f89df,.github/workflows/maven.yml,success,3071532,chrjohn,117,6,0.0,1.0,,push,789,0,739.0,1,success,1,ccc9c23ddb0d041d05a362ba36630f4aa4f27a8f,1,1,1,0,0,1,2,1,0,0,0,0,0,0,0,0,0,0,0,0,0,0,0,0,0,0,0,0,48,0,0,0,0,0,0,0,0,0,57,0,['junit'],java-maven,150051,60136,400.77,31770,0,0,31770,1,0.0581673,0.861723,0.00398406,0.860558,105,1,9,0,0,0,0,1
46657,7076384474,19937094,CodeQL,chrjohn-javadoc-plugin,3efd05c3e18fe0354358d971bd3e476ed40e5fa8,.github/workflows/codeql-analysis.yml,success,3605584,chrjohn,117,5,0.0,1.0,{'build'},pull_request,4,0,697.0,1,success,1,163968c07f772fd26cc3842a6fe47160776a8bea,1,1,1,0,1,1,2,1,0,0,0,0,0,0,0,0,0,0,0,0,0,0,0,0,0,0,0,0,48,0,0,0,0,0,0,0,0,0,60,0,['junit'],java-maven,149778,59887,399.838,0,0,0,0,1,0.0310757,0.847662,0.0231076,0.864162,38,1,1,0,0,0,0,0
46658,7091092508,19937094,CodeQL,master,f68feaa0e7b6af780f2fd4ee97984c36b684a80a,.github/workflows/codeql-analysis.yml,success,3605584,chrjohn,117,5,0.0,1.0,,push,631,0,705.0,1,success,1,e064f4a40e2c5a1901769a8023290e7006aff67e,1,1,1,0,1,1,2,1,0,0,0,0,0,0,0,0,0,0,0,0,0,0,0,0,0,0,0,0,48,0,0,0,0,0,0,0,0,0,60,0,['junit'],java-maven,149780,59887,399.833,0,0,0,0,1,0.0350598,0.86091,0.0278884,0.870068,46,1,1,0,0,0,0,1
46659,7326941010,19937094,Java CI,master,14c9c66fab7f729cb90ecaf096c8db15861b5052,.github/workflows/maven.yml,success,3071532,chrjohn,118,6,0.0,2.0,{'fix'},schedule,48,0,658.0,1,success,2,0b8e1db3cfc1ff361c87b2cc0d4618dd069dbd79,1,4,1,0,0,1,5,1,0,0,0,0,0,1,1,0,0,0,11,0,0,0,0,0,0,1,0,0,48,0,0,0,0,0,0,0,0,0,53,0,['junit'],java-maven,150358,60030,399.247,31698,0,0,31698,1,0.0629482,0.866715,0.0063745,0.901117,120,1,9,0,0,1,0,1
46660,7110963017,19937094,CodeQL,master,e356b89ae72c39b480673e300ac36d18d0dc1ace,.github/workflows/codeql-analysis.yml,success,3605584,chrjohn,117,5,0.0,1.0,,push,748,0,723.0,1,success,1,262ae3e4867e9ab4f413204c6d267ae8d7bad6eb,1,1,1,0,1,1,2,1,0,0,0,0,0,0,0,0,0,0,0,0,0,0,0,0,0,0,0,0,48,0,0,0,0,0,0,0,0,0,60,0,['junit'],java-maven,149785,59887,399.82,0,0,0,0,1,0.050996,0.853429,0.0438247,0.858642,74,1,1,0,0,0,0,1
46661,7086676221,19937094,Java CI,dependabot/maven/org.apache.felix-maven-bundle-plugin-5.1.9,a1de002df8afbbd74e89430d1445428653523d4e,.github/workflows/maven.yml,success,3071532,dependabot[bot],117,5,0.0,0.0,,push,328,0,707.0,1,success,1,b4aa264aa82546eae7ae164eb63ccded63c1826a,1,1,1,0,1,1,2,1,0,0,0,0,0,0,0,0,0,0,0,0,0,0,0,0,0,0,0,0,48,0,0,0,0,0,0,0,0,0,56,0,['junit'],java-maven,149780,59887,399.833,31230,0,0,31230,1,0.0342629,0.789287,0.0270916,0.780646,0,1,9,0,0,0,0,0
46662,7086675558,19937094,CodeQL,dependabot/maven/org.apache.maven.plugins-maven-clean-plugin-3.3.2,0a537e736f51120cbc0231960ba23dd4ee3f3362,.github/workflows/codeql-analysis.yml,success,3605584,dependabot[bot],117,5,0.0,1.0,,pull_request,692,0,706.0,1,success,1,b4aa264aa82546eae7ae164eb63ccded63c1826a,1,1,1,0,1,1,2,1,0,0,0,0,0,0,0,0,0,0,0,0,0,0,0,0,0,0,0,0,48,0,0,0,0,0,0,0,0,0,60,0,['junit'],java-maven,149780,59887,399.833,0,0,0,0,1,0.0342629,0.786319,0.0270916,0.77742,0,1,1,0,0,0,0,0
46663,7071641170,19937094,Java CI,dependabot/maven/org.dom4j-dom4j-2.1.4,1d3c447696216a6631e02343deb9f3d04362c49c,.github/workflows/maven.yml,success,3071532,chrjohn,116,4,0.0,3.0,"{'feat', 'fix'}",push,542,0,606.0,1,success,3,f371c2b38a1a168539bc9db5102468a907beb253,2,4,3,0,1,2,7,2,0,1,1,0,0,1,1,0,0,0,3,0,0,0,0,0,0,1,0,0,48,0,0,0,0,0,0,0,0,0,56,0,['junit'],java-maven,149778,59887,399.838,31230,0,0,31230,1,0.0262948,0.847975,0.0183267,0.866446,34,1,9,0,0,0,0,0
46664,7056589105,19937094,Java CI,dependabot/github_actions/actions/checkout-4,65da1734854f33f49c47701e62be858bbdea6887,.github/workflows/maven.yml,success,3071532,dependabot[bot],115,3,0.0,2.0,,push,951,0,692.0,0,success,2,eeed6baa94e19e2443f1f056d6222d0138e895af,1,1,1,0,1,0,0,1,0,0,0,0,0,0,0,0,0,0,0,0,0,0,0,0,0,0,0,0,45,0,0,0,0,0,1,0,0,0,56,0,['junit'],java-maven,149767,59597,397.931,31176,0,0,31176,1,0.0175299,0.815526,0.0103586,0.798274,0,1,9,0,0,0,0,0
46665,7099101381,19937094,CodeQL,dependabot/maven/org.codehaus.plexus-plexus-utils-4.0.0,be35067be584dfb987f3c0c4dce22667a70b39f5,.github/workflows/codeql-analysis.yml,success,3605584,chrjohn,117,5,0.0,1.0,,pull_request,776,0,718.0,1,failure,1,4b2fdae7b0cd057c0a8173fea2d442046796f06f,1,1,1,0,1,1,2,1,0,0,0,0,0,0,0,0,0,0,0,0,0,0,0,0,0,0,0,0,47,0,0,0,0,0,0,0,0,0,60,0,['junit'],java-maven,149775,59887,399.846,0,0,0,0,1,0.0438247,0.860004,0.0366534,0.86709,61,1,1,0,0,1,0,0
46666,7323909704,19937094,pages build and deployment,master,14c9c66fab7f729cb90ecaf096c8db15861b5052,dynamic/pages/pages-build-deployment,success,22589472,chrjohn,118,6,0.0,2.0,{'fix'},push,48,0,658.0,1,success,2,0b8e1db3cfc1ff361c87b2cc0d4618dd069dbd79,1,4,1,0,0,1,5,1,0,0,0,0,0,1,1,0,0,0,11,0,0,0,0,0,0,1,0,0,48,0,0,0,0,0,0,0,0,0,58,0,['junit'],java-maven,150358,60030,399.247,0,0,0,0,1,0.0629482,0.866715,0.0063745,0.901117,120,1,1,0,0,1,0,1
46667,7090733587,19937094,Java CI,master,e064f4a40e2c5a1901769a8023290e7006aff67e,.github/workflows/maven.yml,success,3071532,chrjohn,117,5,0.0,1.0,,push,404,0,704.0,0,success,1,b4aa264aa82546eae7ae164eb63ccded63c1826a,1,1,1,0,1,1,2,1,0,0,0,0,0,0,0,0,0,0,0,0,0,0,0,0,0,0,0,0,48,0,0,0,0,0,0,0,0,0,56,0,['junit'],java-maven,149780,59887,399.833,31230,0,0,31230,1,0.0342629,0.864206,0.0270916,0.874109,45,1,9,0,0,0,0,1
46668,7250581242,19937094,CodeQL,chrjohn-empty-message,fefd7a99e619c266be3eae4890e4869e0ae4da48,.github/workflows/codeql-analysis.yml,success,3605584,chrjohn,117,6,0.0,3.0,,pull_request,100,0,735.0,1,success,3,270f823a32d735dbbbcc94cc4674f452da5a7761,2,3,107,0,1,1,4,1,106,0,0,0,0,2,2,0,4,4,66,0,0,0,0,0,0,1,1,0,48,0,0,0,106,0,0,0,0,0,60,0,['junit'],java-maven,149957,60030,400.315,0,0,0,0,1,0.0581673,0.860499,0.00478088,0.817457,104,1,1,0,0,0,0,0
46669,7112834745,19937094,Java CI,dependabot/maven/maven-surefire-plugin-version-3.2.2,da46c741815aef1be4469689fdb80a0d5b444150,.github/workflows/maven.yml,success,3071532,chrjohn,117,5,0.0,1.0,,pull_request,1105,0,724.0,1,success,1,e4ecafd6c32c945d9d5dca013dddb9683b6f3629,2,2,3,0,1,1,4,2,0,1,1,0,0,0,0,0,0,0,0,0,0,0,0,0,0,0,0,0,48,0,0,0,0,0,1,0,0,0,56,0,['junit'],java-maven,149784,59890,399.842,31230,0,0,31230,1,0.0517928,0.858271,0.0446215,0.863653,80,1,9,0,0,0,0,0
46670,7086616150,19937094,pages build and deployment,master,ae2d97ab160dcea90d9cafa8a235b4914a9d2aa9,dynamic/pages/pages-build-deployment,cancelled,22589472,chrjohn,117,5,0.0,1.0,,push,667,0,700.0,1,cancelled,1,bd54a01c194936426e994f79d15f531568c5dda2,1,1,1,0,1,1,2,1,0,0,0,0,0,0,0,0,0,0,0,0,0,0,0,0,0,0,0,0,48,0,0,0,0,0,0,0,0,0,56,0,['junit'],java-maven,149778,59887,399.838,31230,0,0,31230,1,0.0318725,0.857045,0.0247012,0.866269,42,1,9,0,0,0,0,1
46671,7109181566,19937094,CodeQL,dependabot/maven/commons-io-commons-io-2.15.1,123571d69e3145680da500c422896a3cd86993e9,.github/workflows/codeql-analysis.yml,success,3605584,dependabot[bot],117,5,0.0,1.0,,pull_request,328,0,722.0,1,success,1,262ae3e4867e9ab4f413204c6d267ae8d7bad6eb,1,1,1,0,1,1,2,1,0,0,0,0,0,0,0,0,0,0,0,0,0,0,0,0,0,0,0,0,48,0,0,0,0,0,0,0,0,0,60,0,['junit'],java-maven,149785,59887,399.82,0,0,0,0,1,0.0486056,0.810813,0.0414343,0.811148,0,1,1,0,0,0,0,0
46672,7109184073,19937094,Java CI,dependabot/maven/org.apache.maven.shared-maven-shared-utils-3.4.2,c34d3a162ddac27b776047ffceff12464cd6173d,.github/workflows/maven.yml,success,3071532,dependabot[bot],117,5,0.0,1.0,,pull_request,765,0,725.0,1,failure,1,b37e6b4522471dbe5e601f2a1ae7e968b89e0a66,9,56,59,0,1,2,12,4,101,2,1,0,0,5,5,0,0,0,30,0,0,0,2,5,7,0,1,0,48,0,0,49,52,0,1,2,0,0,56,0,['junit'],java-maven,149785,59887,399.82,31230,0,0,31230,1,0.0494024,0.816836,0.0422311,0.817145,0,1,9,0,0,0,0,0
46673,6918932162,19937094,CodeQL,master,e612ee6858673e6d4e1e21999fbda105e9c283bc,.github/workflows/codeql-analysis.yml,success,3605584,chrjohn,110,0,0.0,0.0,,schedule,61,0,654.0,1,success,1,5db9c8ff229fd210fdedf150a2c228234a08789c,2,24,1,0,0,1,16,1,9,0,0,0,0,2,2,1,0,1,5,0,0,0,2,0,2,1,1,0,11,0,0,9,0,0,0,0,0,0,58,0,['junit'],java-maven,131653,43230,328.363,0,0,0,0,0,0.00796813,0.890815,0.00557769,0.783722,0,1,1,0,0,1,0,1
46674,7109182203,19937094,CodeQL,dependabot/maven/org.apache.maven.plugins-maven-invoker-plugin-3.6.0,0f5205832808c2c26a8e5e028e4f243cf8b92746,.github/workflows/codeql-analysis.yml,success,3605584,dependabot[bot],117,5,0.0,1.0,,pull_request,748,0,723.0,1,success,1,262ae3e4867e9ab4f413204c6d267ae8d7bad6eb,1,1,1,0,1,1,2,1,0,0,0,0,0,0,0,0,0,0,0,0,0,0,0,0,0,0,0,0,48,0,0,0,0,0,0,0,0,0,60,0,['junit'],java-maven,149785,59887,399.82,0,0,0,0,1,0.0486056,0.815972,0.0414343,0.816298,0,1,1,0,0,0,0,0
46675,6900311009,19937094,Java CI,master,e612ee6858673e6d4e1e21999fbda105e9c283bc,.github/workflows/maven.yml,success,3071532,chrjohn,110,0,0.0,0.0,,schedule,61,0,654.0,1,failure,1,5db9c8ff229fd210fdedf150a2c228234a08789c,2,24,1,0,0,1,16,1,9,0,0,0,0,2,2,1,0,1,5,0,0,0,2,0,2,1,1,0,11,0,0,9,0,0,0,0,0,0,29,0,['junit'],java-maven,131653,43230,328.363,28242,0,0,28242,1,0.00796813,0.893688,0.00557769,0.783722,0,1,9,0,0,1,0,1
46676,7062009448,19937094,CodeQL,chrjohn-maven-plugin-api-version,b56327d7c13a2b6f52175d5908512a6d7d3388f3,.github/workflows/codeql-analysis.yml,success,3605584,chrjohn,115,4,0.0,1.0,{'feat'},pull_request,4,0,693.0,1,success,1,f5447cff93bc261c8f4f87fdccbf591790acba08,1,2,1,0,1,1,3,1,0,0,0,0,0,0,0,0,0,0,0,0,0,0,0,0,0,0,0,0,48,0,0,0,0,0,0,0,0,0,60,0,['junit'],java-maven,149778,59887,399.838,0,0,0,0,1,0.0231076,0.842977,0.0159363,0.854462,26,1,1,0,0,0,0,0
46677,7049330319,19937094,CodeQL,dependabot/github_actions/actions/checkout-4,db2ae811193f5f1e5d8fb70ecc5360363d7b3641,.github/workflows/codeql-analysis.yml,success,3605584,chrjohn,115,3,0.0,1.0,,pull_request,899,0,671.0,1,success,1,8d231471e2f8c79934b4766fc71dc650af58193a,2,2,2,0,1,0,0,1,0,0,0,0,0,0,0,0,0,0,0,0,0,0,0,0,0,0,0,0,45,0,0,0,0,0,2,0,0,0,60,0,['junit'],java-maven,149767,59597,397.931,0,0,0,0,1,0.0103586,0.86173,0.00159363,0.919681,7,1,1,0,0,0,0,0
46678,7086657056,19937094,CodeQL,master,b4aa264aa82546eae7ae164eb63ccded63c1826a,.github/workflows/codeql-analysis.yml,success,3605584,chrjohn,117,5,0.0,1.0,{'build'},push,0,0,,1,success,1,993bb0ebf1659a5ee17b14245ef29cebecc0d151,1,2,0,0,0,0,0,1,0,0,0,0,0,0,0,0,0,0,0,0,0,0,0,0,0,0,0,0,48,0,0,0,0,0,1,0,0,0,60,0,['junit'],java-maven,149780,59887,399.833,0,0,0,0,1,0.0318725,0.861947,0.0247012,0.871654,44,1,1,0,0,1,0,1
46679,7054588942,19937094,Java CI,dependabot/github_actions/actions/setup-java-4,636295c8eb33f19464d58e3050945cff6b84688e,.github/workflows/maven.yml,success,3071532,dependabot[bot],115,3,0.0,1.0,,pull_request,656,0,691.0,1,success,1,fe6fd1c9b6ab7bd2250525c9966b18839504f049,1,3,3,0,1,0,0,1,0,0,0,0,0,0,0,0,0,0,0,0,0,0,0,0,0,0,0,0,45,0,0,0,0,0,1,0,0,0,56,0,['junit'],java-maven,149767,59597,397.931,31176,0,0,31176,1,0.0175299,0.790081,0.0103586,0.767239,0,1,9,0,0,0,0,0
46680,7076383102,19937094,Java CI,chrjohn-javadoc-plugin,3efd05c3e18fe0354358d971bd3e476ed40e5fa8,.github/workflows/maven.yml,success,3071532,chrjohn,117,5,0.0,0.0,,push,4,0,697.0,1,success,1,163968c07f772fd26cc3842a6fe47160776a8bea,1,1,1,0,1,1,2,1,0,0,0,0,0,0,0,0,0,0,0,0,0,0,0,0,0,0,0,0,48,0,0,0,0,0,0,0,0,0,56,0,['junit'],java-maven,149778,59887,399.838,31230,0,0,31230,1,0.0310757,0.845631,0.0231076,0.861971,38,1,9,0,0,0,0,0
46681,6925994983,19937094,Java CI,master,e612ee6858673e6d4e1e21999fbda105e9c283bc,.github/workflows/maven.yml,success,3071532,chrjohn,110,0,0.0,0.0,,schedule,61,0,654.0,1,success,1,5db9c8ff229fd210fdedf150a2c228234a08789c,2,24,1,0,0,1,16,1,9,0,0,0,0,2,2,1,0,1,5,0,0,0,2,0,2,1,1,0,11,0,0,9,0,0,0,0,0,0,29,0,['junit'],java-maven,131653,43230,328.363,28242,0,0,28242,1,0.00796813,0.893688,0.00398406,0.784291,0,1,9,0,0,1,0,1
46682,7070843657,19937094,Java CI,snyk-upgrade-b8e88bd5aac79cf6f153fd4bd9506ed0,7e05e3ccae58d066c64297d8428af4e1b5d03bc6,.github/workflows/maven.yml,success,3071532,chrjohn,115,4,0.0,0.0,,push,4,0,693.0,1,success,1,f5447cff93bc261c8f4f87fdccbf591790acba08,1,2,1,0,1,1,3,1,0,0,0,0,0,0,0,0,0,0,0,0,0,0,0,0,0,0,0,0,48,0,0,0,0,0,0,0,0,0,56,0,['junit'],java-maven,149778,59887,399.838,31230,0,0,31230,1,0.025498,0.840258,0.0175299,0.859124,30,1,9,0,0,0,0,0
46683,6607785650,19937094,Java CI,dependabot/maven/org.apache.maven.plugins-maven-plugin-plugin-3.10.1,88e7fa7ab164d6776058478d2daac2b1871f2f52,.github/workflows/maven.yml,success,3071532,dependabot[bot],110,2,0.0,0.0,,push,0,0,,0,success,1,e612ee6858673e6d4e1e21999fbda105e9c283bc,1,1,1,0,0,1,2,1,0,0,0,0,0,0,0,0,0,0,0,0,0,0,0,0,0,0,0,0,11,0,0,0,0,0,0,0,0,0,29,0,['junit'],java-maven,131653,43230,328.363,28242,0,0,28242,1,0.00318725,0.776007,0.0,1.0,0,1,9,0,0,0,0,0
46684,7290688405,19937094,CodeQL,maven-wrapper,639feb58239463ca03d34f11e4249933f972f93d,.github/workflows/codeql-analysis.yml,success,3605584,chrjohn,117,6,0.0,8.0,{'chore'},pull_request,53,0,741.0,1,success,8,ff0f6e074818528ccec0274aa3ebdb301093863f,5,545,19,5,1,1,8,7,0,3,1,0,0,0,0,0,0,0,0,0,0,0,0,0,0,0,0,0,48,4,0,0,0,1,2,0,0,0,60,0,['junit'],java-maven,150357,60030,399.25,0,0,0,0,1,0.0621514,0.857464,0.00717131,0.815595,115,1,1,0,0,1,0,0
46685,7056583092,19937094,pages build and deployment,master,fe6fd1c9b6ab7bd2250525c9966b18839504f049,dynamic/pages/pages-build-deployment,success,22589472,chrjohn,115,3,0.0,1.0,,push,551,0,690.0,1,success,1,6010a3449b6095a4a649b1ba36299706fb452ed6,1,1,1,0,1,0,0,1,0,0,0,0,0,0,0,0,0,0,0,0,0,0,0,0,0,0,0,0,45,0,0,0,0,0,1,0,0,0,56,0,['junit'],java-maven,149767,59597,397.931,31176,0,0,31176,1,0.0175299,0.838831,0.0103586,0.856086,15,1,9,0,0,1,0,1
46686,7143266953,19937094,pages build and deployment,master,ebbe329a0c092378b0defb841a92e23a756e8fdf,dynamic/pages/pages-build-deployment,success,22589472,chrjohn,117,6,0.0,1.0,,push,0,0,,1,success,1,2269285c6705cefe49f325fc53057752138e0650,1,1,1,0,1,0,0,1,0,0,0,0,0,0,0,0,0,0,0,0,0,0,0,0,0,0,0,0,48,0,0,0,0,1,0,0,0,0,60,0,['junit'],java-maven,150051,60136,400.77,0,0,0,0,1,0.0573705,0.865756,0.0350598,0.880478,94,1,1,0,0,1,0,1
46687,7236612830,19937094,Java CI,master,ccc9c23ddb0d041d05a362ba36630f4aa4f27a8f,.github/workflows/maven.yml,success,3071532,chrjohn,117,6,0.0,1.0,,schedule,426,0,738.0,1,success,1,69ab53d1aedc9d195dcb07bcdf79f4abf43a3375,1,1,1,0,0,1,2,1,0,0,0,0,0,0,0,0,0,0,0,0,0,0,0,0,0,0,0,0,48,0,0,0,0,0,0,0,0,0,57,0,['junit'],java-maven,150051,60136,400.77,31770,0,0,31770,1,0.0565737,0.864423,0.00318725,0.856574,102,1,9,0,0,0,0,1
46688,6570336026,19937094,Java CI,master,e612ee6858673e6d4e1e21999fbda105e9c283bc,.github/workflows/maven.yml,success,3071532,chrjohn,110,3,0.0,0.0,,schedule,61,0,654.0,1,success,1,5db9c8ff229fd210fdedf150a2c228234a08789c,2,24,1,0,0,1,16,1,9,0,0,0,0,2,2,1,0,1,5,0,0,0,2,0,2,1,1,0,11,0,0,9,0,0,0,0,0,0,29,0,['junit'],java-maven,131653,43230,328.363,28242,0,0,28242,1,0.00318725,0.919363,0.0,1.0,3,1,9,0,0,1,0,1
46689,7051889976,19937094,Java CI,dependabot/maven/net.sf.saxon-Saxon-HE-12.3,9f22b9e3b266e5b0427b3eebc31591a333bc105e,.github/workflows/maven.yml,success,3071532,chrjohn,115,3,0.0,2.0,,push,334,0,666.0,1,failure,2,794df918aeae5263531b1fbda1d55db90647002b,4,4,4,0,1,2,4,2,0,1,1,0,0,0,0,0,0,0,0,0,0,0,0,0,0,0,0,0,45,0,0,0,0,0,2,0,0,0,56,0,['junit'],java-maven,149767,59597,397.931,31176,0,0,31176,1,0.0143426,0.849676,0.00557769,0.877369,13,1,9,0,0,0,0,0
46690,6730726620,19937094,CodeQL,614/replace_proxool_with_hikari_cp,d0e639187a10700f4a1c2570a32363f5e2dbf811,.github/workflows/codeql-analysis.yml,success,3605584,the-thing,110,0,0.0,5.0,{'chore'},pull_request,74,0,618.0,1,success,5,898a29f15c8e79bbaf6768cdf40ef3dca13c6340,143,3656,23070,16,0,109,4732,14,20319,2,1,68,14,44,126,118,14,132,381,13,7,20,345,183,528,1,1,0,11,1,143,2146,18173,16,3,37,0,0,58,0,['junit'],java-maven,131673,43238,328.374,0,0,0,0,0,0.00239044,0.998913,0.0,1.0,2,0,1,0,1,0,0,0
46691,7156195512,19937094,CodeQL,master,ebbe329a0c092378b0defb841a92e23a756e8fdf,.github/workflows/codeql-analysis.yml,success,3605584,chrjohn,117,6,0.0,1.0,,schedule,0,0,,1,success,1,2269285c6705cefe49f325fc53057752138e0650,1,1,1,0,1,0,0,1,0,0,0,0,0,0,0,0,0,0,0,0,0,0,0,0,0,0,0,0,48,0,0,0,0,1,0,0,0,0,60,0,['junit'],java-maven,150051,60136,400.77,0,0,0,0,1,0.0589641,0.861579,0.0286853,0.879655,96,1,1,0,0,1,0,1
46692,7094736498,19937094,Java CI,dependabot/maven/org.apache.maven.plugins-maven-gpg-plugin-3.1.0,8bf5df8f2fb7f015b0a52c3531944a3585080c61,.github/workflows/maven.yml,success,3071532,dependabot[bot],117,5,0.0,1.0,,pull_request,411,0,716.0,1,success,1,d7cf2f4943489f781e5ee88ad3672bd516fcc5f5,1,1,1,0,1,1,2,1,0,0,0,0,0,0,0,0,0,0,0,0,0,0,0,0,0,0,0,0,48,0,0,0,0,0,0,0,0,0,56,0,['junit'],java-maven,149780,59887,399.833,31230,0,0,31230,1,0.0398406,0.818956,0.0326693,0.813442,0,1,9,0,0,0,0,0
46693,7070843703,19937094,Java CI,snyk-upgrade-b8e88bd5aac79cf6f153fd4bd9506ed0,7c0361f0c031761e9e86938f000a529d39ee1e49,.github/workflows/maven.yml,success,3071532,chrjohn,115,4,0.0,1.0,{'fix'},push,195,0,695.0,1,success,1,7e05e3ccae58d066c64297d8428af4e1b5d03bc6,1,1,1,0,1,1,2,1,0,0,0,0,0,0,0,0,0,0,0,0,0,0,0,0,0,0,0,0,48,0,0,0,0,0,0,0,0,0,56,0,['junit'],java-maven,149778,59887,399.838,31230,0,0,31230,1,0.025498,0.841516,0.0175299,0.860518,30,1,9,0,0,0,0,0
46694,7203517348,19937094,Java CI,dependabot/maven/maven-surefire-plugin-version-3.2.3,e80b6eb124dd57289f91fc828bbec9f6e8075922,.github/workflows/maven.yml,success,3071532,dependabot[bot],117,6,0.0,0.0,,push,517,0,737.0,1,success,1,270f823a32d735dbbbcc94cc4674f452da5a7761,1,1,1,0,0,1,2,1,0,0,0,0,0,0,0,0,0,0,0,0,0,0,0,0,0,0,0,0,48,0,0,0,0,0,0,0,0,0,57,0,['junit'],java-maven,150051,60136,400.77,31770,0,0,31770,1,0.0565737,0.824037,0.00717131,0.996016,0,1,9,0,0,0,0,0
46695,7109183301,19937094,Java CI,dependabot/maven/maven-surefire-plugin-version-3.2.2,693335d793785ed95cbd8c010bdb698fe43dc611,.github/workflows/maven.yml,success,3071532,dependabot[bot],117,5,0.0,0.0,,push,1105,0,724.0,1,success,1,262ae3e4867e9ab4f413204c6d267ae8d7bad6eb,1,1,1,0,1,1,2,1,0,0,0,0,0,0,0,0,0,0,0,0,0,0,0,0,0,0,0,0,48,0,0,0,0,0,0,0,0,0,56,0,['junit'],java-maven,149785,59887,399.82,31230,0,0,31230,1,0.0486056,0.81763,0.0414343,0.817953,0,1,9,0,0,0,0,0
46696,7080846157,19937094,Java CI,dependabot/maven/org.apache.maven.plugins-maven-resources-plugin-3.3.1,5d2c389a156764fbff01664f9e6a1ee314fb789a,.github/workflows/maven.yml,success,3071532,dependabot[bot],117,5,0.0,0.0,,push,545,0,698.0,0,success,1,3a3d810174c0962222c926b5496eb5a0618cce44,1,1,1,0,1,1,2,1,0,0,0,0,0,0,0,0,0,0,0,0,0,0,0,0,0,0,0,0,48,0,0,0,0,0,0,0,0,0,56,0,['junit'],java-maven,149778,59887,399.838,31230,0,0,31230,1,0.0326693,0.729703,0.0247012,0.711345,0,1,9,0,0,0,0,0
46697,6716135433,19937094,Java CI,master,e612ee6858673e6d4e1e21999fbda105e9c283bc,.github/workflows/maven.yml,success,3071532,chrjohn,110,0,0.0,0.0,,schedule,61,0,654.0,1,success,1,5db9c8ff229fd210fdedf150a2c228234a08789c,2,24,1,0,0,1,16,1,9,0,0,0,0,2,2,1,0,1,5,0,0,0,2,0,2,1,1,0,11,0,0,9,0,0,0,0,0,0,29,0,['junit'],java-maven,131653,43230,328.363,28242,0,0,28242,1,0.00318725,0.946949,0.0,1.0,0,1,9,0,0,1,0,1
46698,7101208093,19937094,Java CI,master,ae2bd2dfe19ab9d64e87253c5924fc6400c6207f,.github/workflows/maven.yml,success,3071532,chrjohn,117,5,0.0,3.0,{'build'},push,776,0,718.0,1,success,3,d5ac74ceac7810c777ac930631be6229f362fb29,2,11,1,0,1,2,12,1,0,0,1,0,0,0,0,0,0,0,0,0,0,0,0,0,0,0,0,0,48,0,0,0,0,0,0,0,0,0,56,0,['junit'],java-maven,149785,59887,399.82,31230,0,0,31230,1,0.047012,0.853187,0.0398406,0.858882,67,1,9,0,0,0,0,1
46699,7289263765,19937094,Java CI,maven-wrapper,0dd838142783adc3d02e923a9059fcf53df6d772,.github/workflows/maven.yml,success,3071532,chrjohn,117,6,0.0,1.0,{'chore'},push,53,0,741.0,1,success,1,5077eb6d804b6638287aa31862053cbf32b9bf35,1,4,4,0,0,0,0,1,0,0,0,0,0,0,0,0,0,0,0,0,0,0,0,0,0,0,0,0,48,0,0,0,0,0,1,0,0,0,57,0,['junit'],java-maven,150361,60030,399.239,31698,0,0,31698,1,0.0605578,0.859489,0.00557769,0.815056,113,1,9,0,0,1,0,0
46700,7115306861,19937094,pages build and deployment,master,e4ecafd6c32c945d9d5dca013dddb9683b6f3629,dynamic/pages/pages-build-deployment,success,22589472,chrjohn,117,5,0.0,3.0,,push,1105,0,724.0,1,success,3,da46c741815aef1be4469689fdb80a0d5b444150,2,2,1,0,1,1,2,2,0,1,1,0,0,0,0,0,0,0,0,0,0,0,0,0,0,0,0,0,48,0,0,0,0,0,1,0,0,0,57,0,['junit'],java-maven,149785,59890,399.84,31230,0,0,31230,1,0.0525896,0.860682,0.0454183,0.866057,85,1,9,0,0,0,0,1
46701,6465173343,19937094,Java CI,master,e612ee6858673e6d4e1e21999fbda105e9c283bc,.github/workflows/maven.yml,success,3071532,chrjohn,110,3,0.0,0.0,,schedule,61,0,654.0,1,success,1,5db9c8ff229fd210fdedf150a2c228234a08789c,2,24,1,0,0,1,16,1,9,0,0,0,0,2,2,1,0,1,5,0,0,0,2,0,2,1,1,0,11,0,0,9,0,0,0,0,0,0,29,0,['junit'],java-maven,131653,43230,328.363,28242,0,0,28242,1,0.00239044,0.932537,0.00239044,0.927718,6,1,9,0,0,1,0,1
46702,7103635133,19937094,Java CI,acceptancetest-cleanup,2df7d7df52171a25be7f38d811a1cfe4ceeae08b,.github/workflows/maven.yml,success,3071532,chrjohn,117,5,0.0,14.0,"{'ci', 'fix'}",pull_request,37,0,423.0,1,success,14,262ae3e4867e9ab4f413204c6d267ae8d7bad6eb,7,58,51,0,1,0,0,3,107,1,1,0,0,5,5,0,0,0,30,0,0,0,5,2,7,0,1,0,48,0,0,57,50,0,1,2,0,0,56,0,['junit'],java-maven,149787,59894,399.861,31230,0,0,31230,1,0.047012,0.856183,0.0398406,0.862104,69,1,9,0,0,0,0,0
46703,7290935716,19937094,CodeQL,maven-wrapper,64f8a33f14ffa8d5aac182e88930350110d02c4a,.github/workflows/codeql-analysis.yml,success,3605584,chrjohn,117,6,0.0,9.0,{'chore'},pull_request,53,0,741.0,1,cancelled,9,ff0f6e074818528ccec0274aa3ebdb301093863f,5,544,20,5,0,1,8,7,0,3,1,0,0,0,0,0,0,0,0,0,0,0,0,0,0,0,0,0,48,4,0,0,0,1,2,0,0,0,58,0,['junit'],java-maven,150355,60030,399.255,0,0,0,0,1,0.0621514,0.85938,0.00717131,0.832669,116,1,1,0,0,0,0,0
46704,7086199590,19937094,Java CI,master,bd54a01c194936426e994f79d15f531568c5dda2,.github/workflows/maven.yml,success,3071532,chrjohn,117,5,0.0,1.0,,push,640,0,701.0,1,success,1,e673da348702ac772cd5c82da08b861e8508b2ea,1,1,1,0,1,1,2,1,0,0,0,0,0,0,0,0,0,0,0,0,0,0,0,0,0,0,0,0,48,0,0,0,0,0,0,0,0,0,56,0,['junit'],java-maven,149778,59887,399.838,31230,0,0,31230,1,0.0318725,0.854462,0.0247012,0.863403,41,1,9,0,0,0,0,1
46705,7115306886,19937094,Java CI,master,e4ecafd6c32c945d9d5dca013dddb9683b6f3629,.github/workflows/maven.yml,success,3071532,chrjohn,117,5,0.0,1.0,,push,650,0,729.0,1,success,1,898a29f15c8e79bbaf6768cdf40ef3dca13c6340,1,1,1,0,1,1,2,1,0,0,0,0,0,0,0,0,0,0,0,0,0,0,0,0,0,0,0,0,48,0,0,0,0,0,0,0,0,0,57,0,['junit'],java-maven,149785,59890,399.84,31230,0,0,31230,1,0.0525896,0.860198,0.0454183,0.865545,84,1,9,0,0,0,0,1
46706,7109183667,19937094,Java CI,dependabot/maven/maven-surefire-plugin-version-3.2.2,693335d793785ed95cbd8c010bdb698fe43dc611,.github/workflows/maven.yml,success,3071532,dependabot[bot],117,5,0.0,1.0,,pull_request,1105,0,724.0,1,success,1,e4ecafd6c32c945d9d5dca013dddb9683b6f3629,9,57,61,0,1,2,14,4,101,2,1,0,0,5,5,0,0,0,30,0,0,0,2,5,7,0,1,0,48,0,0,49,52,0,1,2,0,0,56,0,['junit'],java-maven,149785,59887,399.82,31230,0,0,31230,1,0.0486056,0.820858,0.0414343,0.821175,0,1,9,0,0,0,0,0
46707,7086674177,19937094,Java CI,dependabot/maven/org.apache.maven.plugins-maven-deploy-plugin-3.1.1,a5359e20ccd36a54fa0b2150ce59cbe55307927d,.github/workflows/maven.yml,success,3071532,dependabot[bot],117,5,0.0,1.0,,pull_request,631,0,705.0,1,success,1,b4aa264aa82546eae7ae164eb63ccded63c1826a,1,1,1,0,1,1,2,1,0,0,0,0,0,0,0,0,0,0,0,0,0,0,0,0,0,0,0,0,48,0,0,0,0,0,0,0,0,0,56,0,['junit'],java-maven,149780,59887,399.833,31230,0,0,31230,1,0.0342629,0.776892,0.0270916,0.767147,0,1,9,0,0,0,0,0
46708,7101208052,19937094,pages build and deployment,master,ae2bd2dfe19ab9d64e87253c5924fc6400c6207f,dynamic/pages/pages-build-deployment,success,22589472,chrjohn,117,5,0.0,3.0,{'build'},push,776,0,718.0,1,success,3,d5ac74ceac7810c777ac930631be6229f362fb29,2,11,1,0,1,2,12,1,0,0,1,0,0,0,0,0,0,0,0,0,0,0,0,0,0,0,0,0,48,0,0,0,0,0,0,0,0,0,56,0,['junit'],java-maven,149785,59887,399.82,31230,0,0,31230,1,0.047012,0.853187,0.0398406,0.858882,67,1,9,0,0,0,0,1
46709,7049322912,19937094,CodeQL,dependabot/maven/org.apache.maven.plugins-maven-pmd-plugin-3.21.2,12c4c46d1d0e4ebda66eea66461c5228692def90,.github/workflows/codeql-analysis.yml,success,3605584,dependabot[bot],115,2,0.0,1.0,,pull_request,768,0,684.0,1,success,1,6b65b0957448cc28baebfd736838384ae094abe6,2,3,3,0,1,2,6,1,0,0,1,0,0,0,0,0,0,0,0,0,0,0,0,0,0,0,0,0,45,0,0,0,0,0,0,0,0,0,60,0,['junit'],java-maven,149767,59597,397.931,0,0,0,0,1,0.0103586,0.89741,0.00159363,0.999276,0,1,1,0,0,0,0,0
46710,7109181948,19937094,Java CI,dependabot/maven/org.apache.maven.plugins-maven-invoker-plugin-3.6.0,0f5205832808c2c26a8e5e028e4f243cf8b92746,.github/workflows/maven.yml,success,3071532,dependabot[bot],117,5,0.0,0.0,,push,748,0,723.0,1,success,1,262ae3e4867e9ab4f413204c6d267ae8d7bad6eb,1,1,1,0,1,1,2,1,0,0,0,0,0,0,0,0,0,0,0,0,0,0,0,0,0,0,0,0,48,0,0,0,0,0,0,0,0,0,56,0,['junit'],java-maven,149785,59887,399.82,31230,0,0,31230,1,0.0486056,0.812565,0.0414343,0.812897,0,1,9,0,0,0,0,0
46711,7287804070,19937094,CodeQL,maven-wrapper,5077eb6d804b6638287aa31862053cbf32b9bf35,.github/workflows/codeql-analysis.yml,success,3605584,chrjohn,117,6,0.0,4.0,{'chore'},pull_request,53,0,741.0,1,success,4,ff0f6e074818528ccec0274aa3ebdb301093863f,2,534,4,5,1,0,0,5,0,2,1,0,0,0,0,0,0,0,0,0,0,0,0,0,0,0,0,0,48,4,0,0,0,0,1,0,0,0,60,0,['junit'],java-maven,150361,60030,399.239,0,0,0,0,1,0.0605578,0.859096,0.00557769,0.810057,112,1,1,0,0,1,0,0
46712,7077180159,19937094,CodeQL,master,3a3d810174c0962222c926b5496eb5a0618cce44,.github/workflows/codeql-analysis.yml,success,3605584,chrjohn,117,5,0.0,1.0,{'build'},push,4,0,697.0,1,success,1,163968c07f772fd26cc3842a6fe47160776a8bea,1,1,1,0,1,1,2,1,0,0,0,0,0,0,0,0,0,0,0,0,0,0,0,0,0,0,0,0,48,0,0,0,0,0,0,0,0,0,60,0,['junit'],java-maven,149778,59887,399.838,0,0,0,0,1,0.0310757,0.85061,0.0231076,0.867321,39,1,1,0,0,0,0,1
46713,7092704795,19937094,Java CI,master,f62537fbedbc81ff1b44d559fc25b46ff2fbfdfb,.github/workflows/maven.yml,success,3071532,chrjohn,117,5,0.0,1.0,,push,328,0,707.0,1,success,1,f9ed7d40e8fb6ceeca70432b36a4a6c08582914b,1,1,1,0,1,1,2,1,0,0,0,0,0,0,0,0,0,0,0,0,0,0,0,0,0,0,0,0,48,0,0,0,0,0,0,0,0,0,56,0,['junit'],java-maven,149780,59887,399.833,31230,0,0,31230,1,0.038247,0.85331,0.0310757,0.860374,53,1,9,0,0,0,0,1
46714,7287797032,19937094,Java CI,maven-wrapper,370fbbc903bc5b7a050595909fab0c898271157d,.github/workflows/maven.yml,success,3071532,chrjohn,117,6,0.0,3.0,{'chore'},pull_request,53,0,741.0,1,success,3,ff0f6e074818528ccec0274aa3ebdb301093863f,2,21,4,3,1,0,0,4,0,2,1,0,0,0,0,0,0,0,0,0,0,0,0,0,0,0,0,0,48,2,0,0,0,0,1,0,0,0,57,0,['junit'],java-maven,149959,60030,400.309,31698,0,0,31698,1,0.0605578,0.857902,0.00557769,0.793297,111,1,9,0,0,0,0,0
46715,7070843834,19937094,Java CI,snyk-upgrade-b8e88bd5aac79cf6f153fd4bd9506ed0,7c0361f0c031761e9e86938f000a529d39ee1e49,.github/workflows/maven.yml,success,3071532,chrjohn,115,4,0.0,1.0,{'fix'},pull_request,195,0,695.0,1,success,1,03a4a193878e29e9ccb014224a4227825251d1fe,1,2,2,0,1,1,4,1,0,0,0,0,0,0,0,0,0,0,0,0,0,0,0,0,0,0,0,0,48,0,0,0,0,0,0,0,0,0,56,0,['junit'],java-maven,149778,59887,399.838,31230,0,0,31230,1,0.025498,0.843973,0.0175299,0.863227,30,1,9,0,0,0,0,0
46716,7112830581,19937094,Java CI,master,b37e6b4522471dbe5e601f2a1ae7e968b89e0a66,.github/workflows/maven.yml,success,3071532,chrjohn,117,5,0.0,1.0,,push,328,0,722.0,1,success,1,c0e6eafe7d0cf0bb2484902e712c79dd32b0e6d5,1,1,1,0,1,1,2,1,0,0,0,0,0,0,0,0,0,0,0,0,0,0,0,0,0,0,0,0,48,0,0,0,0,0,0,0,0,0,56,0,['junit'],java-maven,149784,59890,399.842,31230,0,0,31230,1,0.0517928,0.856719,0.0446215,0.862004,79,1,9,0,0,0,0,1
46717,6602255230,19937094,CodeQL,master,e612ee6858673e6d4e1e21999fbda105e9c283bc,.github/workflows/codeql-analysis.yml,success,3605584,chrjohn,110,3,0.0,0.0,,schedule,61,0,654.0,1,success,1,5db9c8ff229fd210fdedf150a2c228234a08789c,2,24,1,0,0,1,16,1,9,0,0,0,0,2,2,1,0,1,5,0,0,0,2,0,2,1,1,0,11,0,0,9,0,0,0,0,0,0,58,0,['junit'],java-maven,131653,43230,328.363,0,0,0,0,0,0.00318725,0.930485,0.0,1.0,0,1,1,0,0,1,0,1
46718,7086672529,19937094,Java CI,dependabot/maven/org.apache.maven.plugins-maven-source-plugin-3.3.0,6b8bf724fc289d8dbbe110906f2dc8e4b36fa115,.github/workflows/maven.yml,success,3071532,dependabot[bot],117,5,0.0,0.0,,push,404,0,704.0,1,failure,1,b4aa264aa82546eae7ae164eb63ccded63c1826a,1,1,1,0,1,1,2,1,0,0,0,0,0,0,0,0,0,0,0,0,0,0,0,0,0,0,0,0,48,0,0,0,0,0,0,0,0,0,56,0,['junit'],java-maven,149780,59887,399.833,31230,0,0,31230,1,0.0342629,0.759185,0.0270916,0.747742,0,1,9,0,0,0,0,0
46719,7092504382,19937094,Java CI,master,131cc4045cdda49113ddd64a52a4257403a2a12f,.github/workflows/maven.yml,success,3071532,chrjohn,117,5,0.0,1.0,,push,1231,0,710.0,1,success,1,c07b4ba347b1fe9a8fc586ec10b1e05dfc2ed79f,1,1,1,0,1,1,2,1,0,0,0,0,0,0,0,0,0,0,0,0,0,0,0,0,0,0,0,0,48,0,0,0,0,0,0,0,0,0,56,0,['junit'],java-maven,149780,59887,399.833,31230,0,0,31230,1,0.038247,0.850301,0.0310757,0.857069,51,1,9,0,0,0,0,1
46720,7059962872,19937094,pages build and deployment,master,0b05c464f694874e4641d42890bb81c533b42daf,dynamic/pages/pages-build-deployment,success,22589472,chrjohn,115,3,0.0,1.0,,push,12,0,625.0,1,success,1,b5476df22042b80c01794e8f78905c2c640c8361,1,0,3,0,0,1,3,1,0,0,0,0,0,1,1,0,0,0,1,0,0,0,0,0,0,1,0,0,45,0,0,0,0,0,0,1,0,0,60,0,['junit'],java-maven,149764,59597,397.939,0,0,0,0,1,0.0223108,0.838884,0.0151394,0.850328,23,1,1,0,0,1,0,1
46721,7054588941,19937094,CodeQL,dependabot/github_actions/actions/setup-java-4,636295c8eb33f19464d58e3050945cff6b84688e,.github/workflows/codeql-analysis.yml,success,3605584,dependabot[bot],115,3,0.0,1.0,,pull_request,656,0,691.0,1,success,1,fe6fd1c9b6ab7bd2250525c9966b18839504f049,1,3,3,0,1,0,0,1,0,0,0,0,0,0,0,0,0,0,0,0,0,0,0,0,0,0,0,0,45,0,0,0,0,0,1,0,0,0,60,0,['junit'],java-maven,149767,59597,397.931,0,0,0,0,1,0.0175299,0.790081,0.0103586,0.767239,0,1,1,0,0,0,0,0
46722,7319436203,19937094,Java CI,master,714523c3598afe6b764f44a6222059d806c44b00,.github/workflows/maven.yml,success,3071532,chrjohn,117,6,0.0,9.0,{'chore'},schedule,53,0,741.0,0,failure,9,ff0f6e074818528ccec0274aa3ebdb301093863f,5,544,20,5,0,1,8,7,0,3,1,0,0,0,0,0,0,0,0,0,0,0,0,0,0,0,0,0,48,4,0,0,0,1,2,0,0,0,53,0,['junit'],java-maven,150355,60030,399.255,31698,0,0,31698,1,0.0629482,0.863525,0.00796813,0.861382,117,1,9,0,0,1,0,1
46723,7072295016,19937094,CodeQL,master,4c2c517895f3a565dfe958861e2df18c7f8804d3,.github/workflows/codeql-analysis.yml,success,3605584,chrjohn,116,4,0.0,1.0,{'fix'},push,195,0,695.0,1,success,1,53338f581e3e8e696e620c85a077ff7ccd4d4385,1,1,1,0,1,1,2,1,0,0,0,0,0,0,0,0,0,0,0,0,0,0,0,0,0,0,0,0,48,0,0,0,0,0,0,0,0,0,60,0,['junit'],java-maven,149778,59887,399.838,0,0,0,0,1,0.0278884,0.852172,0.0199203,0.870944,35,1,1,0,0,0,0,1
46724,6452756411,19937094,Java CI,master,e612ee6858673e6d4e1e21999fbda105e9c283bc,.github/workflows/maven.yml,success,3071532,chrjohn,110,3,0.0,0.0,,schedule,61,0,654.0,0,failure,1,5db9c8ff229fd210fdedf150a2c228234a08789c,2,24,1,0,0,1,16,1,9,0,0,0,0,2,2,1,0,1,5,0,0,0,2,0,2,1,1,0,11,0,0,9,0,0,0,0,0,0,29,0,['junit'],java-maven,131653,43230,328.363,28242,0,0,28242,1,0.00239044,0.927718,0.00239044,0.927718,6,1,9,0,0,1,0,1
46725,7289264041,19937094,Java CI,maven-wrapper,0dd838142783adc3d02e923a9059fcf53df6d772,.github/workflows/maven.yml,success,3071532,chrjohn,117,6,0.0,5.0,{'chore'},pull_request,53,0,741.0,1,success,5,ff0f6e074818528ccec0274aa3ebdb301093863f,3,538,8,5,1,0,0,5,0,2,1,0,0,0,0,0,0,0,0,0,0,0,0,0,0,0,0,0,48,4,0,0,0,0,2,0,0,0,57,0,['junit'],java-maven,150361,60030,399.239,31698,0,0,31698,1,0.0605578,0.86027,0.00557769,0.824303,113,1,9,0,0,1,0,0
46726,7071618171,19937094,Java CI,snyk-upgrade-b8e88bd5aac79cf6f153fd4bd9506ed0,2934748c24d37bdad21b8bacb38705ffcc5bfa1b,.github/workflows/maven.yml,success,3071532,chrjohn,115,4,0.0,1.0,{'fix'},pull_request,195,0,695.0,1,success,1,03a4a193878e29e9ccb014224a4227825251d1fe,1,1,1,0,1,1,2,1,0,0,0,0,0,0,0,0,0,0,0,0,0,0,0,0,0,0,0,0,48,0,0,0,0,0,0,0,0,0,56,0,['junit'],java-maven,149778,59887,399.838,31230,0,0,31230,1,0.0262948,0.843471,0.0183267,0.861545,32,1,9,0,0,0,0,0
46727,7112795437,19937094,CodeQL,master,ad96af1b83bb077d5b84f755a4834226a56e0737,.github/workflows/codeql-analysis.yml,success,3605584,chrjohn,117,5,0.0,17.0,"{'ci', 'fix'}",push,37,0,423.0,1,cancelled,17,19b1aaabae9dcc7928332f438f5ee4793d7f79a5,7,53,50,0,1,0,0,3,101,1,1,0,0,5,5,0,0,0,30,0,0,0,5,2,7,0,1,0,48,0,0,52,49,0,1,2,0,0,60,0,['junit'],java-maven,149784,59890,399.842,0,0,0,0,1,0.0517928,0.854596,0.0446215,0.859741,77,1,1,0,0,1,0,1
46728,7128427777,19937094,pages build and deployment,master,8cf71f9059dd758dfe66320f84ae430346ea4974,dynamic/pages/pages-build-deployment,success,22589472,chrjohn,117,5,0.0,2.0,,pull_request,60,0,651.0,0,success,2,8cf71f9059dd758dfe66320f84ae430346ea4974,10,280,45,0,1,3,39,1,286,0,1,0,0,10,10,18,0,18,42,0,2,2,11,2,13,1,1,0,48,0,0,259,27,0,0,7,0,0,57,0,['junit'],java-maven,150046,60130,400.744,3096,0,0,3096,1,0.0565737,0.673876,0.0486056,0.679567,2,0,9,0,1,1,0,1
46729,7126896740,19937094,CodeQL,chrjohn-boolean-import,39c58c4bce6870794f2589f5460c9e11be73b435,.github/workflows/codeql-analysis.yml,success,3605584,chrjohn,117,5,0.0,1.0,,pull_request,6,0,732.0,1,failure,1,0998dadd5836d72706c91316de2ac7bf0defd708,1,0,2,0,0,1,2,1,0,0,0,0,0,1,1,0,0,0,2,0,0,0,0,1,1,1,0,0,48,0,0,0,0,0,0,0,0,0,60,0,['junit'],java-maven,149804,59898,399.842,0,0,0,0,1,0.0549801,0.863779,0.047012,0.871872,89,1,1,0,0,0,0,0
46730,7099087285,19937094,Java CI,master,decf78c9768c0c1cac76e4d5155b31e4c4c2fbe8,.github/workflows/maven.yml,success,3071532,chrjohn,117,5,0.0,1.0,,push,429,0,719.0,1,success,1,ab6d88b652791a6d028079ada9bbcac0cd9e794f,1,1,1,0,1,1,2,1,0,0,0,0,0,0,0,0,0,0,0,0,0,0,0,0,0,0,0,0,47,0,0,0,0,0,0,0,0,0,56,0,['junit'],java-maven,149775,59887,399.846,31230,0,0,31230,1,0.0422311,0.865386,0.0350598,0.873428,59,1,9,0,0,0,0,1
46731,7061971494,19937094,Java CI,dependabot/maven/org.dom4j-dom4j-2.1.4,f371c2b38a1a168539bc9db5102468a907beb253,.github/workflows/maven.yml,success,3071532,chrjohn,115,4,0.0,1.0,,pull_request,542,0,606.0,1,success,1,53338f581e3e8e696e620c85a077ff7ccd4d4385,2,4,5,0,1,2,9,2,0,1,1,0,0,1,1,0,0,0,3,0,0,0,0,0,0,1,0,0,45,0,0,0,0,0,0,0,0,0,56,0,['junit'],java-maven,149777,59887,399.841,31230,0,0,31230,1,0.0231076,0.838533,0.0159363,0.849004,25,1,9,0,0,0,0,0
46732,7080848429,19937094,Java CI,dependabot/maven/jaxb.version-4.0.1,f6aa6845ff2d574e77ffd6756e5ac93f2c8a0449,.github/workflows/maven.yml,success,3071532,dependabot[bot],117,5,0.0,0.0,,push,640,0,701.0,1,success,1,3a3d810174c0962222c926b5496eb5a0618cce44,1,1,1,0,1,1,2,1,0,0,0,0,0,0,0,0,0,0,0,0,0,0,0,0,0,0,0,0,48,0,0,0,0,0,0,0,0,0,56,0,['junit'],java-maven,149778,59887,399.838,31230,0,0,31230,1,0.0326693,0.774753,0.0247012,0.762284,0,1,9,0,0,0,0,0
46733,7111889676,19937094,CodeQL,master,a28527063506254c92c1d3e170ee3f7569939ed1,.github/workflows/codeql-analysis.yml,success,3605584,chrjohn,117,5,0.0,1.0,,push,497,0,726.0,1,success,1,e356b89ae72c39b480673e300ac36d18d0dc1ace,1,1,1,0,1,1,2,1,0,0,0,0,0,0,0,0,0,0,0,0,0,0,0,0,0,0,0,0,48,0,0,0,0,0,0,0,0,0,60,0,['junit'],java-maven,149785,59887,399.82,0,0,0,0,1,0.050996,0.855095,0.0438247,0.860424,75,1,1,0,0,0,0,1
46734,7111889681,19937094,Java CI,master,a28527063506254c92c1d3e170ee3f7569939ed1,.github/workflows/maven.yml,success,3071532,chrjohn,117,5,0.0,1.0,,push,497,0,726.0,1,failure,1,e356b89ae72c39b480673e300ac36d18d0dc1ace,1,1,1,0,1,1,2,1,0,0,0,0,0,0,0,0,0,0,0,0,0,0,0,0,0,0,0,0,48,0,0,0,0,0,0,0,0,0,56,0,['junit'],java-maven,149785,59887,399.82,31230,0,0,31230,1,0.050996,0.855095,0.0438247,0.860424,75,1,9,0,0,0,0,1
46735,7203517439,19937094,CodeQL,dependabot/maven/maven-surefire-plugin-version-3.2.3,e80b6eb124dd57289f91fc828bbec9f6e8075922,.github/workflows/codeql-analysis.yml,success,3605584,dependabot[bot],117,6,0.0,1.0,,pull_request,517,0,737.0,1,success,1,270f823a32d735dbbbcc94cc4674f452da5a7761,1,1,1,0,0,1,2,1,0,0,0,0,0,0,0,0,0,0,0,0,0,0,0,0,0,0,0,0,48,0,0,0,0,0,0,0,0,0,60,0,['junit'],java-maven,150051,60136,400.77,0,0,0,0,1,0.0565737,0.825303,0.00717131,0.996414,0,1,1,0,0,0,0,0
46736,7086676441,19937094,CodeQL,dependabot/maven/org.apache.felix-maven-bundle-plugin-5.1.9,a1de002df8afbbd74e89430d1445428653523d4e,.github/workflows/codeql-analysis.yml,success,3605584,dependabot[bot],117,5,0.0,1.0,,pull_request,328,0,707.0,1,success,1,b4aa264aa82546eae7ae164eb63ccded63c1826a,1,1,1,0,1,1,2,1,0,0,0,0,0,0,0,0,0,0,0,0,0,0,0,0,0,0,0,0,48,0,0,0,0,0,0,0,0,0,60,0,['junit'],java-maven,149780,59887,399.833,0,0,0,0,1,0.0342629,0.794982,0.0270916,0.786825,0,1,1,0,0,0,0,0
46737,7109186714,19937094,Java CI,dependabot/maven/org.codehaus.plexus-plexus-xml-4.0.2,02ab15f370e26fff633b208c19d1cd82f6955f43,.github/workflows/maven.yml,success,3071532,dependabot[bot],117,5,0.0,0.0,,push,472,0,730.0,1,failure,1,262ae3e4867e9ab4f413204c6d267ae8d7bad6eb,1,1,1,0,1,1,2,1,0,0,0,0,0,0,0,0,0,0,0,0,0,0,0,0,0,0,0,0,48,0,0,0,0,0,0,0,0,0,56,0,['junit'],java-maven,149785,59887,399.82,31230,0,0,31230,1,0.0501992,0.827512,0.0430279,0.82779,0,1,9,0,0,0,0,0
46738,6451396673,19937094,CodeQL,dependabot/maven/org.mockito-mockito-core-5.6.0,8676ac95e2b23d924d41772ea4f8567afd1c321b,.github/workflows/codeql-analysis.yml,success,3605584,dependabot[bot],110,3,,,,pull_request,0,0,,0,success,0,,0,0,0,0,0,0,0,0,0,0,0,0,0,0,0,0,0,0,0,0,0,0,0,0,0,0,0,0,11,0,0,0,0,0,0,0,0,0,58,0,['junit'],java-maven,131653,43230,328.363,0,0,0,0,0,0.00239044,0.748506,0.00239044,0.748506,0,1,1,0,0,0,0,0
46739,7290688201,19937094,Java CI,maven-wrapper,639feb58239463ca03d34f11e4249933f972f93d,.github/workflows/maven.yml,success,3071532,chrjohn,117,6,0.0,1.0,{'chore'},push,53,0,741.0,1,failure,1,9419dc2c85a2dd9fac8ebd757dbb3ffe40078726,1,0,4,0,0,0,0,1,0,0,0,0,0,0,0,0,0,0,0,0,0,0,0,0,0,0,0,0,48,0,0,0,0,0,1,0,0,0,53,0,['junit'],java-maven,150357,60030,399.25,31698,0,0,31698,1,0.0621514,0.856683,0.00717131,0.807748,115,1,9,0,0,1,0,0
46740,7109184660,19937094,CodeQL,dependabot/maven/org.apache.maven-maven-plugin-api-3.9.6,0c8155f05110cc6211237a316c7e58ccc474d9a8,.github/workflows/codeql-analysis.yml,success,3605584,dependabot[bot],117,5,0.0,1.0,,pull_request,497,0,726.0,1,success,1,262ae3e4867e9ab4f413204c6d267ae8d7bad6eb,1,1,1,0,1,1,2,1,0,0,0,0,0,0,0,0,0,0,0,0,0,0,0,0,0,0,0,0,48,0,0,0,0,0,0,0,0,0,60,0,['junit'],java-maven,149785,59887,399.82,0,0,0,0,1,0.0494024,0.821454,0.0422311,0.821755,0,1,1,0,0,0,0,0
46741,7117540400,19937094,pages build and deployment,master,80070c0dfee25e8f7ed74efb7de888d34c47036f,dynamic/pages/pages-build-deployment,success,22589472,chrjohn,117,5,0.0,1.0,,push,765,0,725.0,1,success,1,e4ecafd6c32c945d9d5dca013dddb9683b6f3629,1,1,1,0,1,1,2,1,0,0,0,0,0,0,0,0,0,0,0,0,0,0,0,0,0,0,0,0,48,0,0,0,0,0,0,0,0,0,57,0,['junit'],java-maven,149785,59890,399.84,31230,0,0,31230,1,0.0525896,0.863051,0.0454183,0.868556,86,1,9,0,0,0,0,1
46742,6663335184,19937094,Java CI,master,e612ee6858673e6d4e1e21999fbda105e9c283bc,.github/workflows/maven.yml,success,3071532,chrjohn,110,0,0.0,0.0,,schedule,61,0,654.0,1,success,1,5db9c8ff229fd210fdedf150a2c228234a08789c,2,24,1,0,0,1,16,1,9,0,0,0,0,2,2,1,0,1,5,0,0,0,2,0,2,1,1,0,11,0,0,9,0,0,0,0,0,0,29,0,['junit'],java-maven,131653,43230,328.363,28242,0,0,28242,1,0.00318725,0.940708,0.0,1.0,0,1,9,0,0,1,0,1
46743,7070827489,19937094,Java CI,snyk-upgrade-4e84708f4844cfa65b29f212cc06b8cb,64f89b2beea5a0c4eff1de42ec94848c980e0a68,.github/workflows/maven.yml,success,3071532,chrjohn,115,4,0.0,1.0,{'fix'},pull_request,195,0,694.0,1,success,1,7e05e3ccae58d066c64297d8428af4e1b5d03bc6,1,1,1,0,1,1,2,1,0,0,0,0,0,0,0,0,0,0,0,0,0,0,0,0,0,0,0,0,48,0,0,0,0,0,0,0,0,0,56,0,['junit'],java-maven,149778,59887,399.838,31230,0,0,31230,1,0.025498,0.83898,0.0175299,0.857701,30,1,9,0,0,0,0,0
46744,7063252056,19937094,Java CI,master,7e05e3ccae58d066c64297d8428af4e1b5d03bc6,.github/workflows/maven.yml,success,3071532,chrjohn,115,4,0.0,1.0,{'feat'},push,4,0,693.0,1,success,1,f5447cff93bc261c8f4f87fdccbf591790acba08,1,2,1,0,1,1,3,1,0,0,0,0,0,0,0,0,0,0,0,0,0,0,0,0,0,0,0,0,48,0,0,0,0,0,0,0,0,0,56,0,['junit'],java-maven,149778,59887,399.838,31230,0,0,31230,1,0.0231076,0.849864,0.0159363,0.862731,28,1,9,0,0,0,0,1
46745,7094735964,19937094,CodeQL,dependabot/maven/org.apache.maven.plugins-maven-javadoc-plugin-3.6.3,53e642cc401a9ee17e28c7b501ba07d04ade469d,.github/workflows/codeql-analysis.yml,success,3605584,dependabot[bot],117,5,0.0,1.0,{'docs'},pull_request,418,0,715.0,1,success,1,d7cf2f4943489f781e5ee88ad3672bd516fcc5f5,1,1,1,0,1,1,2,1,0,0,0,0,0,0,0,0,0,0,0,0,0,0,0,0,0,0,0,0,48,0,0,0,0,0,0,0,0,0,60,0,['junit'],java-maven,149780,59887,399.833,0,0,0,0,1,0.0398406,0.813052,0.0326693,0.807153,0,1,1,0,0,0,0,0
46746,6595547989,19937094,Java CI,master,e612ee6858673e6d4e1e21999fbda105e9c283bc,.github/workflows/maven.yml,success,3071532,chrjohn,110,3,0.0,0.0,,schedule,61,0,654.0,1,success,1,5db9c8ff229fd210fdedf150a2c228234a08789c,2,24,1,0,0,1,16,1,9,0,0,0,0,2,2,1,0,1,5,0,0,0,2,0,2,1,1,0,11,0,0,9,0,0,0,0,0,0,29,0,['junit'],java-maven,131653,43230,328.363,28242,0,0,28242,1,0.00318725,0.925336,0.0,1.0,0,1,9,0,0,1,0,1
46747,7098906327,19937094,CodeQL,master,ab6d88b652791a6d028079ada9bbcac0cd9e794f,.github/workflows/codeql-analysis.yml,success,3605584,chrjohn,117,5,0.0,1.0,{'docs'},push,418,0,715.0,1,success,1,02dd7d7ed4cad4c17b5bd9d6a8430213bba99491,1,1,1,0,1,1,2,1,0,0,0,0,0,0,0,0,0,0,0,0,0,0,0,0,0,0,0,0,47,0,0,0,0,0,0,0,0,0,60,0,['junit'],java-maven,149775,59887,399.846,0,0,0,0,1,0.0422311,0.863499,0.0350598,0.871408,58,1,1,0,0,0,0,1
46748,7062007125,19937094,Java CI,chrjohn-maven-plugin-api-version,b56327d7c13a2b6f52175d5908512a6d7d3388f3,.github/workflows/maven.yml,success,3071532,chrjohn,115,4,0.0,0.0,,push,4,0,693.0,1,success,1,f5447cff93bc261c8f4f87fdccbf591790acba08,1,2,1,0,1,1,3,1,0,0,0,0,0,0,0,0,0,0,0,0,0,0,0,0,0,0,0,0,48,0,0,0,0,0,0,0,0,0,56,0,['junit'],java-maven,149778,59887,399.838,31230,0,0,31230,1,0.0231076,0.840042,0.0159363,0.850868,26,1,9,0,0,0,0,0
46749,7130313361,19937094,Java CI,master,2269285c6705cefe49f325fc53057752138e0650,.github/workflows/maven.yml,success,3071532,chrjohn,117,5,0.0,1.0,,push,6,0,732.0,1,success,1,e050d3d25c8d8e13f05fe6c3898bcfeed02a73f9,1,0,2,0,0,1,2,1,0,0,0,0,0,1,1,0,0,0,2,0,0,0,0,1,1,1,0,0,48,0,0,0,0,0,0,0,0,0,57,0,['junit'],java-maven,150051,60136,400.77,31770,0,0,31770,1,0.0565737,0.867683,0.0486056,0.874132,92,1,9,0,0,1,0,1
46750,7077180186,19937094,pages build and deployment,master,3a3d810174c0962222c926b5496eb5a0618cce44,dynamic/pages/pages-build-deployment,success,22589472,chrjohn,117,5,0.0,1.0,{'build'},push,4,0,697.0,1,success,1,163968c07f772fd26cc3842a6fe47160776a8bea,1,1,1,0,1,1,2,1,0,0,0,0,0,0,0,0,0,0,0,0,0,0,0,0,0,0,0,0,48,0,0,0,0,0,0,0,0,0,60,0,['junit'],java-maven,149778,59887,399.838,0,0,0,0,1,0.0310757,0.85061,0.0231076,0.867321,39,1,1,0,0,0,0,1
46751,7099737821,19937094,CodeQL,master,f9b4c75164b3c21f4829b9ff8bd37ee02de2bcc4,.github/workflows/codeql-analysis.yml,success,3605584,chrjohn,117,5,0.0,1.0,,push,411,0,716.0,1,failure,1,4b2fdae7b0cd057c0a8173fea2d442046796f06f,1,1,1,0,1,1,2,1,0,0,0,0,0,0,0,0,0,0,0,0,0,0,0,0,0,0,0,0,47,0,0,0,0,0,0,0,0,0,60,0,['junit'],java-maven,149775,59887,399.846,0,0,0,0,1,0.0454183,0.854904,0.038247,0.861127,63,1,1,0,0,0,0,1
46752,7206651141,19937094,CodeQL,master,ccc9c23ddb0d041d05a362ba36630f4aa4f27a8f,.github/workflows/codeql-analysis.yml,success,3605584,chrjohn,117,6,0.0,1.0,,push,426,0,738.0,1,success,1,69ab53d1aedc9d195dcb07bcdf79f4abf43a3375,1,1,1,0,0,1,2,1,0,0,0,0,0,0,0,0,0,0,0,0,0,0,0,0,0,0,0,0,48,0,0,0,0,0,0,0,0,0,60,0,['junit'],java-maven,150051,60136,400.77,0,0,0,0,1,0.0557769,0.86703,0.00717131,0.847047,102,1,1,0,0,0,0,1
46753,7130313365,19937094,CodeQL,master,2269285c6705cefe49f325fc53057752138e0650,.github/workflows/codeql-analysis.yml,success,3605584,chrjohn,117,5,0.0,1.0,,push,6,0,732.0,1,success,1,e050d3d25c8d8e13f05fe6c3898bcfeed02a73f9,1,0,2,0,0,1,2,1,0,0,0,0,0,1,1,0,0,0,2,0,0,0,0,1,1,1,0,0,48,0,0,0,0,0,0,0,0,0,60,0,['junit'],java-maven,150051,60136,400.77,0,0,0,0,1,0.0565737,0.867683,0.0486056,0.874132,92,1,1,0,0,1,0,1
46754,7287796786,19937094,Java CI,maven-wrapper,370fbbc903bc5b7a050595909fab0c898271157d,.github/workflows/maven.yml,success,3071532,chrjohn,117,6,0.0,2.0,{'chore'},push,53,0,741.0,1,failure,2,0cdcae329511a7dc7c007443241624c4a93752fe,2,2,4,1,0,0,0,2,0,1,1,0,0,0,0,0,0,0,0,0,0,0,0,0,0,0,0,0,48,0,0,0,0,0,1,0,0,0,57,0,['junit'],java-maven,149959,60030,400.309,31698,0,0,31698,1,0.059761,0.859947,0.00478088,0.811753,111,1,9,0,0,0,0,0
46755,7092494099,19937094,Java CI,chrjohn-maven-libs,7f4d9a423377c6c4e0435084dee53f4158a9df93,.github/workflows/maven.yml,success,3071532,chrjohn,117,5,0.0,1.0,{'chore'},pull_request,21,0,712.0,1,success,1,c07b4ba347b1fe9a8fc586ec10b1e05dfc2ed79f,1,4,3,0,1,1,7,1,0,0,0,0,0,0,0,0,0,0,0,0,0,0,0,0,0,0,0,0,48,0,0,0,0,0,0,0,0,0,56,0,['junit'],java-maven,149781,59887,399.83,31230,0,0,31230,1,0.038247,0.84875,0.0310757,0.855357,50,1,9,0,0,0,0,0
46756,6778757937,19937094,Java CI,dependabot/maven/org.apache.maven.plugins-maven-plugin-plugin-3.10.2,463a2eed3b6f43e84ca80e2d4744f4b71c9f71c2,.github/workflows/maven.yml,success,3071532,dependabot[bot],110,0,0.0,0.0,,push,0,0,,0,failure,1,e612ee6858673e6d4e1e21999fbda105e9c283bc,1,1,1,0,0,1,2,1,0,0,0,0,0,0,0,0,0,0,0,0,0,0,0,0,0,0,0,0,11,0,0,0,0,0,0,0,0,0,29,0,['junit'],java-maven,131653,43230,328.363,28242,0,0,28242,1,0.00318725,0.865604,0.00239044,0.832337,0,1,9,0,0,0,0,0
46757,7056583143,19937094,CodeQL,master,fe6fd1c9b6ab7bd2250525c9966b18839504f049,.github/workflows/codeql-analysis.yml,success,3605584,chrjohn,115,3,0.0,1.0,,push,551,0,690.0,1,success,1,6010a3449b6095a4a649b1ba36299706fb452ed6,1,1,1,0,1,0,0,1,0,0,0,0,0,0,0,0,0,0,0,0,0,0,0,0,0,0,0,0,45,0,0,0,0,0,1,0,0,0,60,0,['junit'],java-maven,149767,59597,397.931,0,0,0,0,1,0.0175299,0.838831,0.0103586,0.856086,15,1,1,0,0,1,0,1
46758,7115306899,19937094,CodeQL,master,e4ecafd6c32c945d9d5dca013dddb9683b6f3629,.github/workflows/codeql-analysis.yml,success,3605584,chrjohn,117,5,0.0,1.0,,push,650,0,729.0,1,success,1,898a29f15c8e79bbaf6768cdf40ef3dca13c6340,1,1,1,0,1,1,2,1,0,0,0,0,0,0,0,0,0,0,0,0,0,0,0,0,0,0,0,0,48,0,0,0,0,0,0,0,0,0,60,0,['junit'],java-maven,149785,59890,399.84,0,0,0,0,1,0.0525896,0.860198,0.0454183,0.865545,84,1,1,0,0,0,0,1
46759,7206647671,19937094,Java CI,master,69ab53d1aedc9d195dcb07bcdf79f4abf43a3375,.github/workflows/maven.yml,success,3071532,chrjohn,117,6,0.0,1.0,,push,517,0,737.0,1,success,1,d2eb1500682aa12d567ee349338f1381922723ab,1,1,1,0,0,1,2,1,0,0,0,0,0,0,0,0,0,0,0,0,0,0,0,0,0,0,0,0,48,0,0,0,0,0,0,0,0,0,57,0,['junit'],java-maven,150051,60136,400.77,31770,0,0,31770,1,0.0557769,0.865822,0.00717131,0.836375,101,1,9,0,0,0,0,1
46760,7198042975,19937094,CodeQL,chrjohn-empty-message,24214eefad191020b102bd172760d03ba733459a,.github/workflows/codeql-analysis.yml,success,3605584,chrjohn,117,6,0.0,1.0,,pull_request,100,0,735.0,1,failure,1,270f823a32d735dbbbcc94cc4674f452da5a7761,1,0,4,0,0,1,4,1,0,0,0,0,0,1,1,0,0,0,63,0,0,0,0,0,0,1,0,0,48,0,0,0,0,0,0,0,0,0,60,0,['junit'],java-maven,150048,60136,400.778,0,0,0,0,1,0.0565737,0.860668,0.00876494,0.850131,99,1,1,0,0,0,0,0
46761,7085550637,19937094,Java CI,master,e673da348702ac772cd5c82da08b861e8508b2ea,.github/workflows/maven.yml,success,3071532,chrjohn,117,5,0.0,1.0,,push,735,0,699.0,1,success,1,3a3d810174c0962222c926b5496eb5a0618cce44,1,1,1,0,1,1,2,1,0,0,0,0,0,0,0,0,0,0,0,0,0,0,0,0,0,0,0,0,48,0,0,0,0,0,0,0,0,0,56,0,['junit'],java-maven,149778,59887,399.838,31230,0,0,31230,1,0.0318725,0.850868,0.0247012,0.859386,40,1,9,0,0,0,0,1
46762,7091092421,19937094,pages build and deployment,master,f68feaa0e7b6af780f2fd4ee97984c36b684a80a,dynamic/pages/pages-build-deployment,success,22589472,chrjohn,117,5,0.0,1.0,,push,631,0,705.0,1,success,1,e064f4a40e2c5a1901769a8023290e7006aff67e,1,1,1,0,1,1,2,1,0,0,0,0,0,0,0,0,0,0,0,0,0,0,0,0,0,0,0,0,48,0,0,0,0,0,0,0,0,0,60,0,['junit'],java-maven,149780,59887,399.833,0,0,0,0,1,0.0350598,0.86091,0.0278884,0.870068,46,1,1,0,0,0,0,1
46763,7263411199,19937094,pages build and deployment,master,ff0f6e074818528ccec0274aa3ebdb301093863f,dynamic/pages/pages-build-deployment,success,22589472,chrjohn,117,6,0.0,4.0,{'fix'},push,100,0,735.0,1,success,4,f0d3c199849d284ebe14fc388b767370408f89df,2,8,113,0,1,1,7,1,114,0,0,0,0,2,2,0,4,4,66,0,0,0,0,0,0,1,1,0,48,0,0,4,110,0,0,4,0,0,60,0,['junit'],java-maven,149957,60030,400.315,0,0,0,0,1,0.0589641,0.861222,0.00478088,0.845541,107,1,1,0,0,1,0,1
46764,7056244401,19937094,Java CI,master,6010a3449b6095a4a649b1ba36299706fb452ed6,.github/workflows/maven.yml,success,3071532,chrjohn,115,3,0.0,1.0,,schedule,899,0,671.0,0,success,1,6b65b0957448cc28baebfd736838384ae094abe6,2,2,2,0,1,0,0,1,0,0,0,0,0,0,0,0,0,0,0,0,0,0,0,0,0,0,0,0,45,0,0,0,0,0,2,0,0,0,56,0,['junit'],java-maven,149767,59597,397.931,31176,0,0,31176,1,0.0175299,0.834416,0.0103586,0.849962,14,1,9,0,0,1,0,1
46765,7092273621,19937094,CodeQL,chrjohn-remove-guava,4693ea223bb5ede64e1f0a29d21fd78478360a7b,.github/workflows/codeql-analysis.yml,success,3605584,chrjohn,117,5,0.0,2.0,{'build'},pull_request,48,0,711.0,1,failure,2,563b9870e4aa5e5c9500e7974fdd8c4da9cff370,3,8,18,0,1,3,26,1,0,0,1,0,0,0,0,0,0,0,0,0,0,0,0,0,0,0,0,0,47,0,0,0,0,0,0,0,0,0,60,0,['junit'],java-maven,149774,59887,399.849,0,0,0,0,1,0.038247,0.846362,0.0310757,0.852711,49,1,1,0,0,0,0,0
46766,7203519681,19937094,Java CI,dependabot/maven/org.codehaus.plexus-plexus-xml-4.0.3,d7e1dce8742925f6103ab4000f9ce382749ad980,.github/workflows/maven.yml,success,3071532,dependabot[bot],117,6,0.0,0.0,,push,426,0,738.0,1,success,1,270f823a32d735dbbbcc94cc4674f452da5a7761,1,1,1,0,0,1,2,1,0,0,0,0,0,0,0,0,0,0,0,0,0,0,0,0,0,0,0,0,48,0,0,0,0,0,0,0,0,0,57,0,['junit'],java-maven,150051,60136,400.77,31770,0,0,31770,1,0.0565737,0.827781,0.00717131,0.997012,0,1,9,0,0,0,0,0
46767,7001055718,19937094,Java CI,master,e612ee6858673e6d4e1e21999fbda105e9c283bc,.github/workflows/maven.yml,success,3071532,chrjohn,110,0,0.0,0.0,,schedule,61,0,654.0,1,success,1,5db9c8ff229fd210fdedf150a2c228234a08789c,2,24,1,0,1,1,16,1,9,0,0,0,0,2,2,1,0,1,5,0,0,0,2,0,2,1,1,0,11,0,0,9,0,0,0,0,0,0,29,0,['junit'],java-maven,131653,43230,328.363,28242,0,0,28242,1,0.00956175,0.844928,0.00159363,0.866135,2,1,9,0,0,1,0,1
46768,7098584790,19937094,Java CI,master,02dd7d7ed4cad4c17b5bd9d6a8430213bba99491,.github/workflows/maven.yml,success,3071532,chrjohn,117,5,0.0,2.0,{'build'},push,48,0,711.0,1,success,2,563b9870e4aa5e5c9500e7974fdd8c4da9cff370,1,0,9,0,1,1,9,1,0,0,0,0,0,0,0,0,0,0,0,0,0,0,0,0,0,0,0,0,47,0,0,0,0,0,0,0,0,0,56,0,['junit'],java-maven,149775,59887,399.846,31230,0,0,31230,1,0.0422311,0.860234,0.0350598,0.867895,57,1,9,0,0,0,0,1
46769,6607785853,19937094,Java CI,dependabot/maven/org.apache.maven.plugins-maven-plugin-plugin-3.10.1,88e7fa7ab164d6776058478d2daac2b1871f2f52,.github/workflows/maven.yml,success,3071532,dependabot[bot],110,2,,,,pull_request,0,0,,1,success,0,,0,0,0,0,0,0,0,0,0,0,0,0,0,0,0,0,0,0,0,0,0,0,0,0,0,0,0,0,11,0,0,0,0,0,0,0,0,0,29,0,['junit'],java-maven,131653,43230,328.363,28242,0,0,28242,1,0.00318725,0.816733,0.0,1.0,0,1,9,0,0,0,0,0
46770,7094736788,19937094,Java CI,dependabot/maven/org.apache.maven.plugins-maven-antrun-plugin-3.1.0,57190c31e26e03bf664088a51e76d8984a981ca0,.github/workflows/maven.yml,success,3071532,dependabot[bot],117,5,0.0,1.0,,pull_request,418,0,717.0,1,success,1,d7cf2f4943489f781e5ee88ad3672bd516fcc5f5,2,2,2,0,1,2,4,1,0,0,0,0,0,0,0,0,0,0,0,0,0,0,0,0,0,0,0,0,48,0,0,0,0,0,0,0,0,0,56,0,['junit'],java-maven,149780,59887,399.833,31230,0,0,31230,1,0.0398406,0.824498,0.0326693,0.819333,0,1,9,0,0,0,0,0
46771,7070843836,19937094,CodeQL,snyk-upgrade-b8e88bd5aac79cf6f153fd4bd9506ed0,7c0361f0c031761e9e86938f000a529d39ee1e49,.github/workflows/codeql-analysis.yml,success,3605584,chrjohn,115,4,0.0,1.0,{'fix'},pull_request,195,0,695.0,1,success,1,03a4a193878e29e9ccb014224a4227825251d1fe,1,2,2,0,1,1,4,1,0,0,0,0,0,0,0,0,0,0,0,0,0,0,0,0,0,0,0,0,48,0,0,0,0,0,0,0,0,0,60,0,['junit'],java-maven,149778,59887,399.838,0,0,0,0,1,0.025498,0.843973,0.0175299,0.863227,30,1,1,0,0,0,0,0
46772,7106320836,19937094,Java CI,chrjohn-configure-pagefile-action,d798bbcab7b907b04c3b13a04343650b5aa72590,.github/workflows/maven.yml,success,3071532,chrjohn,117,5,0.0,1.0,,push,14,0,721.0,1,failure,1,841e5db25049cfcf328fa2c9307056937a3eb81a,1,1,1,0,1,0,0,1,0,0,0,0,0,0,0,0,0,0,0,0,0,0,0,0,0,0,0,0,47,0,0,0,0,0,1,0,0,0,57,0,['junit'],java-maven,149776,59887,399.844,31230,0,0,31230,1,0.0486056,0.854519,0.0414343,0.859969,73,1,9,0,0,0,0,0
46773,6939721999,19937094,Java CI,master,e612ee6858673e6d4e1e21999fbda105e9c283bc,.github/workflows/maven.yml,success,3071532,chrjohn,110,0,0.0,0.0,,schedule,61,0,654.0,1,success,1,5db9c8ff229fd210fdedf150a2c228234a08789c,2,24,1,0,0,1,16,1,9,0,0,0,0,2,2,1,0,1,5,0,0,0,2,0,2,1,1,0,11,0,0,9,0,0,0,0,0,0,29,0,['junit'],java-maven,131653,43230,328.363,28242,0,0,28242,1,0.00796813,0.893688,0.00159363,0.845541,0,1,9,0,0,1,0,1
46774,7290691974,19937094,Java CI,maven-wrapper,64f8a33f14ffa8d5aac182e88930350110d02c4a,.github/workflows/maven.yml,cancelled,3071532,chrjohn,117,6,0.0,9.0,{'chore'},pull_request,53,0,741.0,1,success,9,ff0f6e074818528ccec0274aa3ebdb301093863f,5,544,20,5,1,1,8,7,0,3,1,0,0,0,0,0,0,0,0,0,0,0,0,0,0,0,0,0,48,4,0,0,0,1,2,0,0,0,53,0,['junit'],java-maven,150355,60030,399.255,0,0,0,0,1,0.0621514,0.85862,0.00717131,0.826234,116,1,9,0,0,0,0,0
46775,7182785852,19937094,Java CI,master,270f823a32d735dbbbcc94cc4674f452da5a7761,.github/workflows/maven.yml,success,3071532,chrjohn,117,6,0.0,1.0,,push,585,0,728.0,1,success,1,ebbe329a0c092378b0defb841a92e23a756e8fdf,1,1,1,0,1,1,2,1,0,0,0,0,0,0,0,0,0,0,0,0,0,0,0,0,0,0,0,0,48,0,0,0,0,0,0,0,0,0,57,0,['junit'],java-maven,150051,60136,400.77,31770,0,0,31770,1,0.0557769,0.862488,0.012749,0.890611,97,1,9,0,0,0,0,1
46776,6740180340,19937094,Java CI,dependabot/maven/org.apache.maven.plugins-maven-pmd-plugin-3.21.2,2548e46ed928ba8a801678fecb76222b6693735a,.github/workflows/maven.yml,success,3071532,dependabot[bot],110,0,0.0,0.0,,push,0,0,,0,success,1,e612ee6858673e6d4e1e21999fbda105e9c283bc,1,1,1,0,0,1,2,1,0,0,0,0,0,0,0,0,0,0,0,0,0,0,0,0,0,0,0,0,11,0,0,0,0,0,0,0,0,0,29,0,['junit'],java-maven,131653,43230,328.363,28242,0,0,28242,1,0.00239044,0.832337,0.0,1.0,0,1,9,0,0,0,0,0
46777,7094735757,19937094,Java CI,dependabot/maven/org.apache.maven.plugins-maven-javadoc-plugin-3.6.3,53e642cc401a9ee17e28c7b501ba07d04ade469d,.github/workflows/maven.yml,success,3071532,dependabot[bot],117,5,0.0,0.0,,push,418,0,715.0,1,success,1,d7cf2f4943489f781e5ee88ad3672bd516fcc5f5,1,1,1,0,1,1,2,1,0,0,0,0,0,0,0,0,0,0,0,0,0,0,0,0,0,0,0,0,48,0,0,0,0,0,0,0,0,0,56,0,['junit'],java-maven,149780,59887,399.833,31230,0,0,31230,1,0.0398406,0.808898,0.0326693,0.80272,0,1,9,0,0,0,0,0
46778,7250580833,19937094,Java CI,chrjohn-empty-message,fefd7a99e619c266be3eae4890e4869e0ae4da48,.github/workflows/maven.yml,success,3071532,chrjohn,117,6,0.0,1.0,,push,100,0,735.0,1,failure,1,25565ef3a4c0895392b61b660c071661274b3255,1,0,106,0,0,0,0,1,106,0,0,0,0,1,1,0,4,4,3,0,0,0,0,0,0,0,1,0,48,0,0,0,106,0,0,0,0,0,57,0,['junit'],java-maven,149957,60030,400.315,31698,0,0,31698,1,0.0581673,0.859671,0.00478088,0.805681,104,1,9,0,0,0,0,0
46779,7080847231,19937094,Java CI,dependabot/maven/org.apache.maven.plugins-maven-install-plugin-3.1.1,5222fb9b4b9054db487dd89122ae91c0dceef923,.github/workflows/maven.yml,success,3071532,dependabot[bot],117,5,0.0,1.0,,pull_request,667,0,700.0,1,success,1,3a3d810174c0962222c926b5496eb5a0618cce44,1,1,1,0,1,1,2,1,0,0,0,0,0,0,0,0,0,0,0,0,0,0,0,0,0,0,0,0,48,0,0,0,0,0,0,0,0,0,56,0,['junit'],java-maven,149778,59887,399.838,31230,0,0,31230,1,0.0326693,0.770503,0.0247012,0.75753,0,1,9,0,0,0,0,0
46780,7077180158,19937094,Java CI,master,3a3d810174c0962222c926b5496eb5a0618cce44,.github/workflows/maven.yml,success,3071532,chrjohn,117,5,0.0,1.0,{'build'},push,4,0,697.0,1,success,1,163968c07f772fd26cc3842a6fe47160776a8bea,1,1,1,0,1,1,2,1,0,0,0,0,0,0,0,0,0,0,0,0,0,0,0,0,0,0,0,0,48,0,0,0,0,0,0,0,0,0,56,0,['junit'],java-maven,149778,59887,399.838,31230,0,0,31230,1,0.0310757,0.85061,0.0231076,0.867321,39,1,9,0,0,0,0,1
46781,7103636027,19937094,Java CI,acceptancetest-cleanup,2df7d7df52171a25be7f38d811a1cfe4ceeae08b,.github/workflows/maven.yml,success,3071532,chrjohn,117,5,0.0,0.0,,push,37,0,423.0,1,success,356,af813fa269f72e5d42ebd6b47e57c57ba0870ee6,145,23978,3746,16,1,118,5237,14,20780,2,1,86,2,46,134,20,115,135,391,6,3,9,484,53,537,1,1,0,48,150,2,18591,2189,16,3,70,0,0,56,0,['junit'],java-maven,149787,59894,399.861,31230,0,0,31230,1,0.047012,0.856768,0.0398406,0.862731,69,1,9,0,0,0,0,0
46782,7101125257,19937094,CodeQL,chrjohn-configure-pagefile-action,841e5db25049cfcf328fa2c9307056937a3eb81a,.github/workflows/codeql-analysis.yml,success,3605584,chrjohn,117,5,0.0,1.0,,pull_request,14,0,721.0,1,failure,1,f9b4c75164b3c21f4829b9ff8bd37ee02de2bcc4,1,2,1,0,1,0,0,1,0,0,0,0,0,0,0,0,0,0,0,0,0,0,0,0,0,0,0,0,47,0,0,0,0,0,1,0,0,0,60,0,['junit'],java-maven,149776,59887,399.844,0,0,0,0,1,0.047012,0.850064,0.0398406,0.855506,65,1,1,0,0,0,0,0
46783,7071625482,19937094,CodeQL,master,53338f581e3e8e696e620c85a077ff7ccd4d4385,.github/workflows/codeql-analysis.yml,success,3605584,chrjohn,116,4,0.0,1.0,,push,44,0,645.0,1,success,1,03a4a193878e29e9ccb014224a4227825251d1fe,1,1,1,0,0,1,2,1,0,0,0,0,0,1,1,0,0,0,3,0,0,0,0,0,0,1,0,0,48,0,0,0,0,0,0,0,0,0,60,0,['junit'],java-maven,149778,59887,399.838,0,0,0,0,1,0.0262948,0.846873,0.0183267,0.865253,33,1,1,0,0,1,0,1
46784,6529463299,19937094,Java CI,master,e612ee6858673e6d4e1e21999fbda105e9c283bc,.github/workflows/maven.yml,success,3071532,chrjohn,110,3,0.0,0.0,,schedule,61,0,654.0,1,success,1,5db9c8ff229fd210fdedf150a2c228234a08789c,2,24,1,0,0,1,16,1,9,0,0,0,0,2,2,1,0,1,5,0,0,0,2,0,2,1,1,0,11,0,0,9,0,0,0,0,0,0,29,0,['junit'],java-maven,131653,43230,328.363,28242,0,0,28242,1,0.00318725,0.908367,0.000796813,0.928287,5,1,9,0,0,1,0,1
46785,7080847103,19937094,Java CI,dependabot/maven/org.apache.maven.plugins-maven-install-plugin-3.1.1,5222fb9b4b9054db487dd89122ae91c0dceef923,.github/workflows/maven.yml,success,3071532,dependabot[bot],117,5,0.0,0.0,,push,667,0,700.0,1,success,1,3a3d810174c0962222c926b5496eb5a0618cce44,1,1,1,0,1,1,2,1,0,0,0,0,0,0,0,0,0,0,0,0,0,0,0,0,0,0,0,0,48,0,0,0,0,0,0,0,0,0,56,0,['junit'],java-maven,149778,59887,399.838,31230,0,0,31230,1,0.0326693,0.761503,0.0247012,0.747427,0,1,9,0,0,0,0,0
46786,7094736500,19937094,CodeQL,dependabot/maven/org.apache.maven.plugins-maven-gpg-plugin-3.1.0,8bf5df8f2fb7f015b0a52c3531944a3585080c61,.github/workflows/codeql-analysis.yml,success,3605584,dependabot[bot],117,5,0.0,1.0,,pull_request,411,0,716.0,1,success,1,d7cf2f4943489f781e5ee88ad3672bd516fcc5f5,1,1,1,0,1,1,2,1,0,0,0,0,0,0,0,0,0,0,0,0,0,0,0,0,0,0,0,0,48,0,0,0,0,0,0,0,0,0,60,0,['junit'],java-maven,149780,59887,399.833,0,0,0,0,1,0.0398406,0.818956,0.0326693,0.813442,0,1,1,0,0,0,0,0
46787,7049285862,19937094,CodeQL,master,8d231471e2f8c79934b4766fc71dc650af58193a,.github/workflows/codeql-analysis.yml,success,3605584,chrjohn,115,2,0.0,0.0,,push,610,0,460.0,1,success,236,e612ee6858673e6d4e1e21999fbda105e9c283bc,120,22626,3153,16,1,96,4133,12,19980,2,1,81,0,24,105,7,106,113,252,3,0,3,450,33,483,1,1,0,45,137,0,17937,2043,16,2,31,0,0,60,0,['junit'],java-maven,149767,59597,397.931,0,0,0,0,1,0.0103586,0.853088,0.00159363,0.908729,6,1,1,0,0,0,0,1
46788,7004560677,19937094,CodeQL,QFJ-271_enhancement_prioritize_resend_responses_if_configured,b907c896c3aec156836d87bde4a696ca004362f7,.github/workflows/codeql-analysis.yml,action_required,3605584,AbhinavAtul,110,0,,,,pull_request,0,0,,1,action_required,0,,0,0,0,0,0,0,0,0,0,0,0,0,0,0,0,0,0,0,0,0,0,0,0,0,0,0,0,0,11,0,0,0,0,0,0,0,0,0,58,0,['junit'],java-maven,131809,43338,328.794,0,0,0,0,0,0.00956175,0.994688,0.00159363,0.999115,0,0,1,0,1,0,0,0
46789,7086199580,19937094,CodeQL,master,bd54a01c194936426e994f79d15f531568c5dda2,.github/workflows/codeql-analysis.yml,success,3605584,chrjohn,117,5,0.0,1.0,,push,640,0,701.0,1,success,1,e673da348702ac772cd5c82da08b861e8508b2ea,1,1,1,0,1,1,2,1,0,0,0,0,0,0,0,0,0,0,0,0,0,0,0,0,0,0,0,0,48,0,0,0,0,0,0,0,0,0,60,0,['junit'],java-maven,149778,59887,399.838,0,0,0,0,1,0.0318725,0.854462,0.0247012,0.863403,41,1,1,0,0,0,0,1
46790,7054588483,19937094,CodeQL,dependabot/github_actions/al-cheb/configure-pagefile-action-1.3,cdf3cc28c44f01e19b110193449e3d339efb6fc3,.github/workflows/codeql-analysis.yml,success,3605584,dependabot[bot],115,3,0.0,1.0,,pull_request,551,0,690.0,1,success,1,6010a3449b6095a4a649b1ba36299706fb452ed6,1,1,1,0,1,0,0,1,0,0,0,0,0,0,0,0,0,0,0,0,0,0,0,0,0,0,0,0,45,0,0,0,0,0,1,0,0,0,60,0,['junit'],java-maven,149767,59597,397.931,0,0,0,0,1,0.0175299,0.76586,0.0103586,0.736879,0,1,1,0,0,0,0,0
46791,7124231103,19937094,Java CI,master,0998dadd5836d72706c91316de2ac7bf0defd708,.github/workflows/maven.yml,success,3071532,chrjohn,117,5,0.0,5.0,{'chore'},schedule,74,0,618.0,0,failure,5,90fda65722521d76a4990ed9fcc9a559f0e7f463,14,279,211,0,1,8,406,3,84,1,1,0,0,10,10,9,1,10,67,10,2,12,8,9,17,1,1,0,48,0,0,46,38,0,0,3,0,0,57,0,['junit'],java-maven,149805,59898,399.84,31248,0,0,31248,1,0.0541833,0.86621,0.047012,0.871405,88,1,9,0,0,1,0,1
46792,7261448779,19937094,CodeQL,chrjohn-empty-message,61ead2183af43f9bcac73d618a95035ce9e46016,.github/workflows/codeql-analysis.yml,success,3605584,chrjohn,117,6,0.0,4.0,{'fix'},pull_request,100,0,735.0,1,success,4,270f823a32d735dbbbcc94cc4674f452da5a7761,2,8,113,0,1,1,7,1,114,0,0,0,0,2,2,0,4,4,66,0,0,0,0,0,0,1,1,0,48,0,0,4,110,0,0,4,0,0,60,0,['junit'],java-maven,149957,60030,400.315,0,0,0,0,1,0.0589641,0.860015,0.00478088,0.845541,106,1,1,0,0,0,0,0
46793,7297770688,19937094,Java CI,master,714523c3598afe6b764f44a6222059d806c44b00,.github/workflows/maven.yml,success,3071532,chrjohn,117,6,0.0,9.0,{'chore'},push,53,0,741.0,1,success,9,ff0f6e074818528ccec0274aa3ebdb301093863f,5,544,20,5,0,1,8,7,0,3,1,0,0,0,0,0,0,0,0,0,0,0,0,0,0,0,0,0,48,4,0,0,0,1,2,0,0,0,53,0,['junit'],java-maven,150355,60030,399.255,31698,0,0,31698,1,0.0621514,0.860505,0.0063745,0.85909,117,1,9,0,0,1,0,1
46794,7045198075,19937094,Java CI,fix-orchestra-with-updated-project-structure,832499b45ae69f02c60c8311735c45cbbf82f170,.github/workflows/maven.yml,success,3071532,chrjohn,115,2,0.0,235.0,"{'ci', 'feat', 'refactor', 'docs', 'revert', 'perf', 'chore', 'test', 'fix', 'build'}",pull_request,610,0,460.0,1,failure,235,e612ee6858673e6d4e1e21999fbda105e9c283bc,120,22626,3151,16,1,96,4131,12,19980,2,1,81,0,24,105,7,106,113,252,3,0,3,450,33,483,1,1,0,45,137,0,17937,2043,16,2,31,0,0,56,0,['junit'],java-maven,149769,59597,397.926,31176,0,0,31176,1,0.0103586,0.836005,0.00159363,0.894317,4,1,9,0,0,1,0,0
46795,6730711585,19937094,Java CI,634_-_mina_2.2.X_update,2dd62fbfae201b20dac5a6caefb4fb5201272d7e,.github/workflows/maven.yml,success,3071532,the-thing,110,1,0.0,0.0,,pull_request,189,0,635.0,0,success,6,a2e6e4a2c0f35e12d728ab4458447377864a4152,127,3361,22833,16,0,103,4388,14,20134,2,1,67,15,30,112,112,10,122,294,2,6,8,332,172,504,1,1,0,11,6,138,2189,17945,16,2,32,0,0,29,0,['junit'],java-maven,131666,43520,330.533,28296,0,0,28296,1,0.00239044,0.998672,0.0,1.0,1,0,9,0,1,1,0,0
46796,6609159761,19937094,Java CI,master,e612ee6858673e6d4e1e21999fbda105e9c283bc,.github/workflows/maven.yml,success,3071532,chrjohn,110,2,0.0,0.0,,schedule,61,0,654.0,0,success,1,5db9c8ff229fd210fdedf150a2c228234a08789c,2,24,1,0,0,1,16,1,9,0,0,0,0,2,2,1,0,1,5,0,0,0,2,0,2,1,1,0,11,0,0,9,0,0,0,0,0,0,29,0,['junit'],java-maven,131653,43230,328.363,28242,0,0,28242,1,0.00318725,0.932802,0.0,1.0,0,1,9,0,0,1,0,1
46797,6965989056,19937094,Java CI,master,e612ee6858673e6d4e1e21999fbda105e9c283bc,.github/workflows/maven.yml,success,3071532,chrjohn,115,2,0.0,0.0,,schedule,61,0,654.0,1,failure,1,5db9c8ff229fd210fdedf150a2c228234a08789c,2,24,1,0,0,1,16,1,9,0,0,0,0,2,2,1,0,1,5,0,0,0,2,0,2,1,1,0,11,0,0,9,0,0,0,0,0,0,29,0,['junit'],java-maven,131653,43230,328.363,28242,0,0,28242,1,0.00876494,0.86368,0.000796813,0.92277,0,1,9,0,0,1,0,1
46798,7112795219,19937094,pages build and deployment,master,ad96af1b83bb077d5b84f755a4834226a56e0737,dynamic/pages/pages-build-deployment,cancelled,22589472,chrjohn,117,5,0.0,17.0,"{'ci', 'fix'}",push,37,0,423.0,1,cancelled,17,19b1aaabae9dcc7928332f438f5ee4793d7f79a5,7,53,50,0,1,0,0,3,101,1,1,0,0,5,5,0,0,0,30,0,0,0,5,2,7,0,1,0,48,0,0,52,49,0,1,2,0,0,60,0,['junit'],java-maven,149784,59890,399.842,0,0,0,0,1,0.0517928,0.854596,0.0446215,0.859741,77,1,1,0,0,1,0,1
46799,7092494105,19937094,CodeQL,chrjohn-maven-libs,7f4d9a423377c6c4e0435084dee53f4158a9df93,.github/workflows/codeql-analysis.yml,success,3605584,chrjohn,117,5,0.0,1.0,{'chore'},pull_request,21,0,712.0,1,success,1,c07b4ba347b1fe9a8fc586ec10b1e05dfc2ed79f,1,4,3,0,1,1,7,1,0,0,0,0,0,0,0,0,0,0,0,0,0,0,0,0,0,0,0,0,48,0,0,0,0,0,0,0,0,0,60,0,['junit'],java-maven,149781,59887,399.83,0,0,0,0,1,0.038247,0.84875,0.0310757,0.855357,50,1,1,0,0,0,0,0
46800,7056589449,19937094,Java CI,dependabot/github_actions/actions/checkout-4,65da1734854f33f49c47701e62be858bbdea6887,.github/workflows/maven.yml,success,3071532,dependabot[bot],115,3,0.0,1.0,,pull_request,951,0,692.0,1,success,1,fe6fd1c9b6ab7bd2250525c9966b18839504f049,1,1,1,0,1,0,0,1,0,0,0,0,0,0,0,0,0,0,0,0,0,0,0,0,0,0,0,0,45,0,0,0,0,0,1,0,0,0,56,0,['junit'],java-maven,149767,59597,397.931,31176,0,0,31176,1,0.0175299,0.826067,0.0103586,0.810881,0,1,9,0,0,0,0,0
46801,7112834463,19937094,Java CI,dependabot/maven/maven-surefire-plugin-version-3.2.2,da46c741815aef1be4469689fdb80a0d5b444150,.github/workflows/maven.yml,success,3071532,chrjohn,117,5,0.0,22.0,"{'ci', 'fix'}",push,1105,0,724.0,1,success,22,693335d793785ed95cbd8c010bdb698fe43dc611,9,58,55,0,1,2,10,4,101,2,1,0,0,5,5,0,0,0,30,0,0,0,5,2,7,0,1,0,48,0,0,52,49,0,1,2,0,0,56,0,['junit'],java-maven,149784,59890,399.842,31230,0,0,31230,1,0.0517928,0.85724,0.0446215,0.862558,80,1,9,0,0,0,0,0
46802,6778758101,19937094,CodeQL,dependabot/maven/org.apache.maven.plugins-maven-plugin-plugin-3.10.2,463a2eed3b6f43e84ca80e2d4744f4b71c9f71c2,.github/workflows/codeql-analysis.yml,success,3605584,dependabot[bot],110,0,,,,pull_request,0,0,,1,success,0,,0,0,0,0,0,0,0,0,0,0,0,0,0,0,0,0,0,0,0,0,0,0,0,0,0,0,0,0,11,0,0,0,0,0,0,0,0,0,58,0,['junit'],java-maven,131653,43230,328.363,0,0,0,0,0,0.00318725,0.881415,0.00239044,0.856289,0,1,1,0,0,0,0,0
46803,7082500561,19937094,Java CI,master,3a3d810174c0962222c926b5496eb5a0618cce44,.github/workflows/maven.yml,success,3071532,chrjohn,117,5,0.0,1.0,{'build'},schedule,4,0,697.0,0,success,1,163968c07f772fd26cc3842a6fe47160776a8bea,1,1,1,0,1,1,2,1,0,0,0,0,0,0,0,0,0,0,0,0,0,0,0,0,0,0,0,0,48,0,0,0,0,0,0,0,0,0,56,0,['junit'],java-maven,149778,59887,399.838,31230,0,0,31230,1,0.0318725,0.849004,0.0247012,0.858344,39,1,9,0,0,0,0,1
46804,7049285356,19937094,pages build and deployment,master,8d231471e2f8c79934b4766fc71dc650af58193a,dynamic/pages/pages-build-deployment,success,22589472,chrjohn,115,2,0.0,0.0,,push,610,0,460.0,1,success,236,e612ee6858673e6d4e1e21999fbda105e9c283bc,120,22626,3153,16,1,96,4133,12,19980,2,1,81,0,24,105,7,106,113,252,3,0,3,450,33,483,1,1,0,45,137,0,17937,2043,16,2,31,0,0,60,0,['junit'],java-maven,149767,59597,397.931,0,0,0,0,1,0.0103586,0.853088,0.00159363,0.908729,6,1,1,0,0,0,0,1
46805,7049321055,19937094,CodeQL,dependabot/maven/org.apache.maven.plugins-maven-plugin-plugin-3.10.2,d827693049dadaf43a2f2e8cebf9101eafdd89f9,.github/workflows/codeql-analysis.yml,success,3605584,dependabot[bot],115,2,0.0,1.0,,pull_request,647,0,686.0,1,success,1,8d231471e2f8c79934b4766fc71dc650af58193a,2,2,2,0,1,2,4,1,0,0,1,0,0,0,0,0,0,0,0,0,0,0,0,0,0,0,0,0,45,0,0,0,0,0,0,0,0,0,60,0,['junit'],java-maven,149767,59597,397.931,0,0,0,0,1,0.0103586,0.879306,0.00159363,0.999004,0,1,1,0,0,0,0,0
46806,7318084480,19937094,CodeQL,dependabot/maven/org.apache.maven.plugins-maven-compiler-plugin-3.12.1,c945f2915b30155a85c6c571d0b93df6a0a4e737,.github/workflows/codeql-analysis.yml,success,3605584,dependabot[bot],117,6,0.0,1.0,,pull_request,431,0,742.0,1,failure,1,714523c3598afe6b764f44a6222059d806c44b00,1,1,1,0,0,1,2,1,0,0,0,0,0,0,0,0,0,0,0,0,0,0,0,0,0,0,0,0,48,0,0,0,0,0,0,0,0,0,58,0,['junit'],java-maven,150355,60030,399.255,0,0,0,0,1,0.0629482,0.823391,0.00796813,0.81456,0,1,1,0,0,0,0,0
46807,7112858007,19937094,pages build and deployment,master,898a29f15c8e79bbaf6768cdf40ef3dca13c6340,dynamic/pages/pages-build-deployment,success,22589472,chrjohn,117,5,0.0,2.0,,push,14,0,721.0,1,success,2,b37e6b4522471dbe5e601f2a1ae7e968b89e0a66,1,1,0,0,1,0,0,1,0,0,0,0,0,0,0,0,0,0,0,0,0,0,0,0,0,0,0,0,48,0,0,0,0,0,1,0,0,0,60,0,['junit'],java-maven,149785,59890,399.84,0,0,0,0,1,0.0525896,0.857728,0.0454183,0.86293,82,1,1,0,0,1,0,1
46808,6839156073,19937094,CodeQL,master,e612ee6858673e6d4e1e21999fbda105e9c283bc,.github/workflows/codeql-analysis.yml,success,3605584,chrjohn,114,0,0.0,0.0,,schedule,61,0,654.0,1,success,1,5db9c8ff229fd210fdedf150a2c228234a08789c,2,24,1,0,0,1,16,1,9,0,0,0,0,2,2,1,0,1,5,0,0,0,2,0,2,1,1,0,11,0,0,9,0,0,0,0,0,0,58,0,['junit'],java-maven,131653,43230,328.363,0,0,0,0,0,0.00239044,0.97265,0.000796813,0.928287,0,1,1,0,0,1,0,1
46809,7070827343,19937094,Java CI,snyk-upgrade-4e84708f4844cfa65b29f212cc06b8cb,64f89b2beea5a0c4eff1de42ec94848c980e0a68,.github/workflows/maven.yml,success,3071532,chrjohn,115,4,0.0,1.0,{'fix'},push,195,0,694.0,1,failure,1,7e05e3ccae58d066c64297d8428af4e1b5d03bc6,1,1,1,0,1,1,2,1,0,0,0,0,0,0,0,0,0,0,0,0,0,0,0,0,0,0,0,0,48,0,0,0,0,0,0,0,0,0,56,0,['junit'],java-maven,149778,59887,399.838,31230,0,0,31230,1,0.025498,0.836362,0.0175299,0.854766,30,1,9,0,0,0,0,0
46810,7059869809,19937094,Java CI,master,10276315aa40211345fe2539bfc6d39c6e0ca2c0,.github/workflows/maven.yml,success,3071532,chrjohn,115,3,0.0,1.0,,push,768,0,684.0,0,failure,1,a2e6e4a2c0f35e12d728ab4458447377864a4152,1,1,1,0,1,1,2,1,0,0,0,0,0,0,0,0,0,0,0,0,0,0,0,0,0,0,0,0,45,0,0,0,0,0,0,0,0,0,56,0,['junit'],java-maven,149767,59597,397.931,31176,0,0,31176,1,0.0223108,0.8286,0.0151394,0.837122,21,1,9,0,0,0,0,1
46811,7051896709,19937094,Java CI,chrjohn-socketinitiator-simplify,8d9da026eeb3fa7e806ae8dacee986f48435da35,.github/workflows/maven.yml,success,3071532,chrjohn,115,3,0.0,1.0,,pull_request,12,0,625.0,1,failure,1,6010a3449b6095a4a649b1ba36299706fb452ed6,1,0,3,0,0,1,3,1,0,0,0,0,0,1,1,0,0,0,1,0,0,0,0,0,0,1,0,0,45,0,0,0,0,0,0,1,0,0,56,0,['junit'],java-maven,149764,59597,397.939,31176,0,0,31176,1,0.0159363,0.832227,0.00717131,0.847047,14,1,9,0,0,0,0,0
46812,7086666784,19937094,Java CI,dependabot/maven/com.google.guava-guava-32.1.3-jre,ce22bf9405c10c05d8af4ab6dc98e61c3192d2d4,.github/workflows/maven.yml,success,3071532,dependabot[bot],117,5,,,,pull_request,0,0,,1,success,0,,0,0,0,0,0,0,0,0,0,0,0,0,0,0,0,0,0,0,0,0,0,0,0,0,0,0,0,0,48,0,0,0,0,0,0,0,0,0,56,0,['junit'],java-maven,149780,59887,399.833,31230,0,0,31230,1,0.0318725,0.793909,0.0247012,0.783509,0,1,9,0,0,0,0,0
46813,7321876565,19937094,Java CI,Branch_Fail_Over_Retry_Attempt,9fded7be2f8803749ac2d4b825ef85e93230271e,.github/workflows/maven.yml,success,3071532,chrjohn,118,6,,,,pull_request,0,0,,1,success,0,,0,0,0,0,0,0,0,0,0,0,0,0,0,0,0,0,0,0,0,0,0,0,0,0,0,0,0,0,48,0,0,0,0,0,0,0,0,0,53,0,['junit'],java-maven,150371,60030,399.213,31698,0,0,31698,1,0.0629482,0.865668,0.0063745,0.901117,119,1,9,0,0,0,0,0
46814,7102024142,19937094,Java CI,master,262ae3e4867e9ab4f413204c6d267ae8d7bad6eb,.github/workflows/maven.yml,success,3071532,chrjohn,117,5,0.0,1.0,,push,418,0,717.0,1,success,1,ae2bd2dfe19ab9d64e87253c5924fc6400c6207f,2,2,2,0,1,2,4,1,0,0,0,0,0,0,0,0,0,0,0,0,0,0,0,0,0,0,0,0,48,0,0,0,0,0,0,0,0,0,56,0,['junit'],java-maven,149785,59887,399.82,31230,0,0,31230,1,0.047012,0.855,0.0398406,0.860833,68,1,9,0,0,1,0,1
46815,7104619124,19937094,Java CI,acceptancetest-cleanup,5a8c1d438ae9a463e1b4a77bd8f0011e680655bc,.github/workflows/maven.yml,success,3071532,chrjohn,117,5,0.0,1.0,,push,37,0,423.0,1,success,1,2df7d7df52171a25be7f38d811a1cfe4ceeae08b,1,0,2,0,1,0,0,1,2,0,0,0,0,1,1,0,0,0,8,0,0,0,0,0,0,0,1,0,48,0,0,0,2,0,0,0,0,0,56,0,['junit'],java-maven,149785,59892,399.853,31230,0,0,31230,1,0.047012,0.857348,0.0398406,0.863352,70,1,9,0,0,1,0,0
46816,7109181454,19937094,Java CI,dependabot/maven/commons-io-commons-io-2.15.1,123571d69e3145680da500c422896a3cd86993e9,.github/workflows/maven.yml,success,3071532,dependabot[bot],117,5,0.0,0.0,,push,328,0,722.0,0,success,1,262ae3e4867e9ab4f413204c6d267ae8d7bad6eb,1,1,1,0,1,1,2,1,0,0,0,0,0,0,0,0,0,0,0,0,0,0,0,0,0,0,0,0,48,0,0,0,0,0,0,0,0,0,56,0,['junit'],java-maven,149785,59887,399.82,31230,0,0,31230,1,0.0486056,0.807209,0.0414343,0.807551,0,1,9,0,0,0,0,0
46817,7070022869,19937094,Java CI,publicMessageQueue,bcac9fcf4dc4ea00d86a10d6e7058d8f9763d7bb,.github/workflows/maven.yml,success,3071532,chrjohn,116,4,0.0,1.0,,pull_request,44,0,645.0,1,success,1,7e05e3ccae58d066c64297d8428af4e1b5d03bc6,1,1,1,0,0,1,2,1,0,0,0,0,0,1,1,0,0,0,3,0,0,0,0,0,0,1,0,0,48,0,0,0,0,0,0,0,0,0,56,0,['junit'],java-maven,149778,59887,399.838,31230,0,0,31230,1,0.0247012,0.839298,0.0167331,0.859315,29,1,9,0,0,0,0,0
46818,7070022871,19937094,CodeQL,publicMessageQueue,bcac9fcf4dc4ea00d86a10d6e7058d8f9763d7bb,.github/workflows/codeql-analysis.yml,success,3605584,chrjohn,116,4,0.0,1.0,,pull_request,44,0,645.0,1,success,1,7e05e3ccae58d066c64297d8428af4e1b5d03bc6,1,1,1,0,0,1,2,1,0,0,0,0,0,1,1,0,0,0,3,0,0,0,0,0,0,1,0,0,48,0,0,0,0,0,0,0,0,0,60,0,['junit'],java-maven,149778,59887,399.838,0,0,0,0,1,0.0247012,0.839298,0.0167331,0.859315,29,1,1,0,0,0,0,0
46819,7206642025,19937094,pages build and deployment,master,d2eb1500682aa12d567ee349338f1381922723ab,dynamic/pages/pages-build-deployment,cancelled,22589472,chrjohn,117,6,0.0,1.0,,push,682,0,736.0,1,cancelled,1,270f823a32d735dbbbcc94cc4674f452da5a7761,1,2,2,0,0,0,0,1,0,0,0,0,0,0,0,0,0,0,0,0,0,0,0,0,0,0,0,0,48,0,0,0,0,0,1,0,0,0,57,0,['junit'],java-maven,150051,60136,400.77,31770,0,0,31770,1,0.0557769,0.865003,0.00717131,0.828394,100,1,9,0,0,1,0,1
46820,7102024226,19937094,pages build and deployment,master,262ae3e4867e9ab4f413204c6d267ae8d7bad6eb,dynamic/pages/pages-build-deployment,success,22589472,chrjohn,117,5,0.0,1.0,,push,418,0,717.0,1,success,1,ae2bd2dfe19ab9d64e87253c5924fc6400c6207f,2,2,2,0,1,2,4,1,0,0,0,0,0,0,0,0,0,0,0,0,0,0,0,0,0,0,0,0,48,0,0,0,0,0,0,0,0,0,56,0,['junit'],java-maven,149785,59887,399.82,31230,0,0,31230,1,0.047012,0.855,0.0398406,0.860833,68,1,9,0,0,1,0,1
46821,7129392146,19937094,Java CI,650/truncated_filestore_messages,ddeb9bbde98951d353c808de2c4cdffce2834e87,.github/workflows/maven.yml,success,3071532,the-thing,117,5,0.0,3.0,,pull_request,60,0,651.0,1,failure,3,8cf71f9059dd758dfe66320f84ae430346ea4974,10,289,48,0,1,3,39,1,298,0,1,0,0,10,10,18,0,18,42,0,2,2,17,2,19,1,1,0,48,0,0,268,30,0,0,7,0,0,57,0,['junit'],java-maven,150052,60136,400.768,31770,0,0,31770,1,0.0565737,0.746348,0.0486056,0.750775,3,0,9,0,1,0,0,0
46822,7060228511,19937094,pages build and deployment,master,f5447cff93bc261c8f4f87fdccbf591790acba08,dynamic/pages/pages-build-deployment,success,22589472,chrjohn,115,4,0.0,7.0,{'build'},push,189,0,635.0,1,success,7,0b05c464f694874e4641d42890bb81c533b42daf,8,205,204,0,1,8,255,5,154,2,1,0,1,6,7,6,3,9,42,2,3,5,9,12,21,1,1,0,45,6,1,146,8,0,0,1,0,0,60,0,['junit'],java-maven,149777,59887,399.841,0,0,0,0,1,0.0231076,0.83383,0.0159363,0.843121,24,1,1,0,0,0,0,1
46823,7072294992,19937094,pages build and deployment,master,4c2c517895f3a565dfe958861e2df18c7f8804d3,dynamic/pages/pages-build-deployment,success,22589472,chrjohn,116,4,0.0,1.0,{'fix'},push,195,0,695.0,1,success,1,53338f581e3e8e696e620c85a077ff7ccd4d4385,1,1,1,0,1,1,2,1,0,0,0,0,0,0,0,0,0,0,0,0,0,0,0,0,0,0,0,0,48,0,0,0,0,0,0,0,0,0,60,0,['junit'],java-maven,149778,59887,399.838,0,0,0,0,1,0.0278884,0.852172,0.0199203,0.870944,35,1,1,0,0,0,0,1
46824,7070827491,19937094,CodeQL,snyk-upgrade-4e84708f4844cfa65b29f212cc06b8cb,64f89b2beea5a0c4eff1de42ec94848c980e0a68,.github/workflows/codeql-analysis.yml,success,3605584,chrjohn,115,4,0.0,1.0,{'fix'},pull_request,195,0,694.0,1,success,1,7e05e3ccae58d066c64297d8428af4e1b5d03bc6,1,1,1,0,1,1,2,1,0,0,0,0,0,0,0,0,0,0,0,0,0,0,0,0,0,0,0,0,48,0,0,0,0,0,0,0,0,0,60,0,['junit'],java-maven,149778,59887,399.838,0,0,0,0,1,0.025498,0.83898,0.0175299,0.857701,30,1,1,0,0,0,0,0
46825,7115311032,19937094,Java CI,dependabot/maven/maven-surefire-plugin-version-3.2.2,624e8ead379a45c73ff5baee24c36f70f8712851,.github/workflows/maven.yml,success,3071532,chrjohn,117,5,0.0,1.0,,pull_request,1105,0,724.0,1,success,1,e4ecafd6c32c945d9d5dca013dddb9683b6f3629,1,1,1,0,1,1,2,1,0,0,0,0,0,0,0,0,0,0,0,0,0,0,0,0,0,0,0,0,48,0,0,0,0,0,0,0,0,0,57,0,['junit'],java-maven,149785,59890,399.84,31230,0,0,31230,1,0.0525896,0.861639,0.0454183,0.867068,85,1,9,0,0,0,0,0
46826,7290691979,19937094,CodeQL,maven-wrapper,64f8a33f14ffa8d5aac182e88930350110d02c4a,.github/workflows/codeql-analysis.yml,success,3605584,chrjohn,117,6,0.0,9.0,{'chore'},pull_request,53,0,741.0,1,cancelled,9,ff0f6e074818528ccec0274aa3ebdb301093863f,5,544,20,5,1,1,8,7,0,3,1,0,0,0,0,0,0,0,0,0,0,0,0,0,0,0,0,0,48,4,0,0,0,1,2,0,0,0,58,0,['junit'],java-maven,150355,60030,399.255,0,0,0,0,1,0.0621514,0.85862,0.00717131,0.826234,116,1,1,0,0,0,0,0
46827,7113383462,19937094,CodeQL,614/replace_proxool_with_hikari_cp,980929be648b656f0af6e40860e770f7b071832d,.github/workflows/codeql-analysis.yml,success,3605584,chrjohn,117,5,0.0,5.0,{'chore'},pull_request,74,0,618.0,1,failure,5,898a29f15c8e79bbaf6768cdf40ef3dca13c6340,14,279,211,0,1,8,406,3,84,1,1,0,0,10,10,9,1,10,67,10,2,12,8,9,17,1,1,0,48,0,0,46,38,0,0,3,0,0,60,0,['junit'],java-maven,149805,59898,399.84,0,0,0,0,1,0.0525896,0.858727,0.0454183,0.863988,83,1,1,0,0,0,0,0
46828,7323909777,19937094,CodeQL,master,14c9c66fab7f729cb90ecaf096c8db15861b5052,.github/workflows/codeql-analysis.yml,success,3605584,chrjohn,118,6,0.0,2.0,{'fix'},push,48,0,658.0,1,success,2,0b8e1db3cfc1ff361c87b2cc0d4618dd069dbd79,1,4,1,0,0,1,5,1,0,0,0,0,0,1,1,0,0,0,11,0,0,0,0,0,0,1,0,0,48,0,0,0,0,0,0,0,0,0,58,0,['junit'],java-maven,150358,60030,399.247,0,0,0,0,1,0.0629482,0.866715,0.0063745,0.901117,120,1,1,0,0,1,0,1
46829,6778758105,19937094,Java CI,dependabot/maven/org.apache.maven.plugins-maven-plugin-plugin-3.10.2,463a2eed3b6f43e84ca80e2d4744f4b71c9f71c2,.github/workflows/maven.yml,success,3071532,dependabot[bot],110,0,,,,pull_request,0,0,,1,success,0,,0,0,0,0,0,0,0,0,0,0,0,0,0,0,0,0,0,0,0,0,0,0,0,0,0,0,0,0,11,0,0,0,0,0,0,0,0,0,29,0,['junit'],java-maven,131653,43230,328.363,28242,0,0,28242,1,0.00318725,0.881415,0.00239044,0.856289,0,1,9,0,0,0,0,0
46830,7102024138,19937094,CodeQL,master,262ae3e4867e9ab4f413204c6d267ae8d7bad6eb,.github/workflows/codeql-analysis.yml,success,3605584,chrjohn,117,5,0.0,1.0,,push,418,0,717.0,1,success,1,ae2bd2dfe19ab9d64e87253c5924fc6400c6207f,2,2,2,0,1,2,4,1,0,0,0,0,0,0,0,0,0,0,0,0,0,0,0,0,0,0,0,0,48,0,0,0,0,0,0,0,0,0,60,0,['junit'],java-maven,149785,59887,399.82,0,0,0,0,1,0.047012,0.855,0.0398406,0.860833,68,1,1,0,0,1,0,1
46831,7086676446,19937094,Java CI,dependabot/maven/org.apache.felix-maven-bundle-plugin-5.1.9,a1de002df8afbbd74e89430d1445428653523d4e,.github/workflows/maven.yml,success,3071532,dependabot[bot],117,5,0.0,1.0,,pull_request,328,0,707.0,1,success,1,b4aa264aa82546eae7ae164eb63ccded63c1826a,1,1,1,0,1,1,2,1,0,0,0,0,0,0,0,0,0,0,0,0,0,0,0,0,0,0,0,0,48,0,0,0,0,0,0,0,0,0,56,0,['junit'],java-maven,149780,59887,399.833,31230,0,0,31230,1,0.0342629,0.794982,0.0270916,0.786825,0,1,9,0,0,0,0,0
46832,7104619611,19937094,CodeQL,acceptancetest-cleanup,5a8c1d438ae9a463e1b4a77bd8f0011e680655bc,.github/workflows/codeql-analysis.yml,success,3605584,chrjohn,117,5,0.0,15.0,"{'ci', 'fix'}",pull_request,37,0,423.0,1,success,15,262ae3e4867e9ab4f413204c6d267ae8d7bad6eb,7,56,51,0,1,0,0,3,105,1,1,0,0,5,5,0,0,0,30,0,0,0,5,2,7,0,1,0,48,0,0,55,50,0,1,2,0,0,60,0,['junit'],java-maven,149785,59892,399.853,0,0,0,0,1,0.047012,0.858494,0.0398406,0.864578,70,1,1,0,0,1,0,0
